ND,SD,NE,KS,OK,MN,IA,MO,AR,LA,MS,WI,IL,MI,IN,OH,KY,TN,AL,FL,GA,SC,NC,WV,MD,DE,PA,NJ,NY,NH,CT,RI,MA,VT,ME
1.79225,1.8619999999999999,1.1897,1.3757857142857142,1.6909999999999998,2.052363636363636,1.532941176470588,1.5724074074074073,2.0046842105263156,8.223833333333335,2.516,1.9642857142857142,1.5424,2.0060000000000002,2.348409090909091,2.30925,1.7923181818181826,1.9224285714285718,2.4500000000000006,2.4939166666666663,2.6039999999999996,2.99688,2.513933333333333,2.317783783783784,3.25,3.25,3.25,3.25,3.25,3.25,3.25,3.25,3.25,3.25,3.25
1.79225,1.8619999999999999,1.1897,1.3757857142857142,1.6909999999999998,2.052363636363636,1.532941176470588,1.5724074074074073,2.0046842105263156,8.223833333333335,2.516,1.9642857142857142,1.5424,2.0060000000000002,2.348409090909091,2.30925,1.7923181818181826,1.9224285714285718,2.4500000000000006,2.4939166666666663,2.6039999999999996,2.99688,2.513933333333333,2.317783783783784,3.25,3.25,3.25,3.25,3.25,3.25,3.25,3.25,3.25,3.25,3.25
1.79225,1.8619999999999999,1.1897,1.3757857142857142,1.6909999999999998,2.052363636363636,1.532941176470588,1.5724074074074073,2.0046842105263156,8.223833333333335,2.516,1.9642857142857142,1.5424,2.0060000000000002,2.348409090909091,2.30925,1.7923181818181826,1.9224285714285718,2.4500000000000006,2.4939166666666663,2.6039999999999996,2.99688,2.513933333333333,2.317783783783784,3.25,3.25,3.25,3.25,3.25,3.25,3.25,3.25,3.25,3.25,3.25
1.79225,1.8619999999999999,1.1897,1.3757857142857142,1.6909999999999998,2.052363636363636,1.532941176470588,1.5724074074074073,2.0046842105263156,8.223833333333335,2.516,1.9642857142857142,1.5424,2.0060000000000002,2.348409090909091,2.30925,1.7923181818181826,1.9224285714285718,2.4500000000000006,2.4939166666666663,2.6039999999999996,2.99688,2.513933333333333,2.317783783783784,3.25,3.25,3.25,3.25,3.25,3.25,3.25,3.25,3.25,3.25,3.25
1.79225,1.8619999999999999,1.1897,1.3757857142857142,1.6909999999999998,2.052363636363636,1.532941176470588,1.5724074074074073,2.0046842105263156,8.223833333333335,2.516,1.9642857142857142,1.5424,2.0060000000000002,2.348409090909091,2.30925,1.7923181818181826,1.9224285714285718,2.4500000000000006,2.4939166666666663,2.6039999999999996,2.99688,2.513933333333333,2.317783783783784,3.25,3.25,3.25,3.25,3.25,3.25,3.25,3.25,3.25,3.25,3.25
1.79225,1.8619999999999999,1.1897,1.3757857142857142,1.6909999999999998,2.052363636363636,1.532941176470588,1.5724074074074073,2.0046842105263156,8.223833333333335,2.516,1.9642857142857142,1.5424,2.0060000000000002,2.348409090909091,2.30925,1.7923181818181826,1.9224285714285718,2.4500000000000006,2.4939166666666663,2.6039999999999996,2.99688,2.513933333333333,2.317783783783784,3.25,3.25,3.25,3.25,3.25,3.25,3.25,3.25,3.25,3.25,3.25
1.79225,1.8619999999999999,1.1897,1.3757857142857142,1.6909999999999998,2.052363636363636,1.532941176470588,1.5724074074074073,2.0046842105263156,8.223833333333335,2.516,1.9642857142857142,1.5424,2.0060000000000002,2.348409090909091,2.30925,1.7923181818181826,1.9224285714285718,2.4500000000000006,2.4939166666666663,2.6039999999999996,2.99688,2.513933333333333,2.317783783783784,3.25,3.25,3.25,3.25,3.25,3.25,3.25,3.25,3.25,3.25,3.25
1.79225,1.8619999999999999,1.1897,1.3757857142857142,1.6909999999999998,2.052363636363636,1.532941176470588,1.5724074074074073,2.0046842105263156,8.223833333333335,2.516,1.9642857142857142,1.5424,2.0060000000000002,2.348409090909091,2.30925,1.7923181818181826,1.9224285714285718,2.4500000000000006,2.4939166666666663,2.6039999999999996,2.99688,2.513933333333333,2.317783783783784,3.25,3.25,3.25,3.25,3.25,3.25,3.25,3.25,3.25,3.25,3.25
1.79225,1.8619999999999999,1.1897,1.3757857142857142,1.6909999999999998,2.052363636363636,1.532941176470588,1.5724074074074073,2.0046842105263156,8.223833333333335,2.516,1.9642857142857142,1.5424,2.0060000000000002,2.348409090909091,2.30925,1.7923181818181826,1.9224285714285718,2.4500000000000006,2.4939166666666663,2.6039999999999996,2.99688,2.513933333333333,2.317783783783784,3.25,3.25,3.25,3.25,3.25,3.25,3.25,3.25,3.25,3.25,3.25
1.79225,1.8619999999999999,1.1897,1.3757857142857142,1.6909999999999998,2.052363636363636,1.532941176470588,1.5724074074074073,2.0046842105263156,8.223833333333335,2.516,1.9642857142857142,1.5424,2.0060000000000002,2.348409090909091,2.30925,1.7923181818181826,1.9224285714285718,2.4500000000000006,2.4939166666666663,2.6039999999999996,2.99688,2.513933333333333,2.317783783783784,3.25,3.25,3.25,3.25,3.25,3.25,3.25,3.25,3.25,3.25,3.25
1.79225,1.8619999999999999,1.1897,1.3757857142857142,1.6909999999999998,2.052363636363636,1.532941176470588,1.5724074074074073,2.0046842105263156,8.223833333333335,2.516,1.9642857142857142,1.5424,2.0060000000000002,2.348409090909091,2.30925,1.7923181818181826,1.9224285714285718,2.4500000000000006,2.4939166666666663,2.6039999999999996,2.99688,2.513933333333333,2.317783783783784,3.25,3.25,3.25,3.25,3.25,3.25,3.25,3.25,3.25,3.25,3.25
1.79225,1.8619999999999999,1.1897,1.3757857142857142,1.6909999999999998,2.052363636363636,1.532941176470588,1.5724074074074073,2.0046842105263156,8.223833333333335,2.516,1.9642857142857142,1.5424,2.0060000000000002,2.348409090909091,2.30925,1.7923181818181826,1.9224285714285718,2.4500000000000006,2.4939166666666663,2.6039999999999996,2.99688,2.513933333333333,2.317783783783784,3.25,3.25,3.25,3.25,3.25,3.25,3.25,3.25,3.25,3.25,3.25
1.79225,1.8619999999999999,1.1897,1.3757857142857142,1.6909999999999998,2.052363636363636,1.532941176470588,1.5724074074074073,2.0046842105263156,8.223833333333335,2.516,1.9642857142857142,1.5424,2.0060000000000002,2.348409090909091,2.30925,1.7923181818181826,1.9224285714285718,2.4500000000000006,2.4939166666666663,2.6039999999999996,2.99688,2.513933333333333,2.317783783783784,3.25,3.25,3.25,3.25,3.25,3.25,3.25,3.25,3.25,3.25,3.25
1.79225,1.8619999999999999,1.1897,1.3757857142857142,1.6909999999999998,2.052363636363636,1.532941176470588,1.5724074074074073,2.0046842105263156,8.223833333333335,2.516,1.9642857142857142,1.5424,2.0060000000000002,2.348409090909091,2.30925,1.7923181818181826,1.9224285714285718,2.4500000000000006,2.4939166666666663,2.6039999999999996,2.99688,2.513933333333333,2.317783783783784,3.25,3.25,3.25,3.25,3.25,3.25,3.25,3.25,3.25,3.25,3.25
1.79225,1.8619999999999999,1.1897,1.3757857142857142,1.6909999999999998,2.052363636363636,1.532941176470588,1.5724074074074073,2.0046842105263156,8.223833333333335,2.516,1.9642857142857142,1.5424,2.0060000000000002,2.348409090909091,2.30925,1.7923181818181826,1.9224285714285718,2.4500000000000006,2.4939166666666663,2.6039999999999996,2.99688,2.513933333333333,2.317783783783784,3.25,3.25,3.25,3.25,3.25,3.25,3.25,3.25,3.25,3.25,3.25
1.79225,1.8619999999999999,1.1897,1.3757857142857142,1.6909999999999998,2.052363636363636,1.532941176470588,1.5724074074074073,2.0046842105263156,8.223833333333335,2.516,1.9642857142857142,1.5424,2.0060000000000002,2.348409090909091,2.30925,1.7923181818181826,1.9224285714285718,2.4500000000000006,2.4939166666666663,2.6039999999999996,2.99688,2.513933333333333,2.317783783783784,3.25,3.25,3.25,3.25,3.25,3.25,3.25,3.25,3.25,3.25,3.25
1.79225,1.8619999999999999,1.1897,1.3757857142857142,1.6909999999999998,2.052363636363636,1.532941176470588,1.5724074074074073,2.0046842105263156,8.223833333333335,2.516,1.9642857142857142,1.5424,2.0060000000000002,2.348409090909091,2.30925,1.7923181818181826,1.9224285714285718,2.4500000000000006,2.4939166666666663,2.6039999999999996,2.99688,2.513933333333333,2.317783783783784,3.25,3.25,3.25,3.25,3.25,3.25,3.25,3.25,3.25,3.25,3.25
1.79225,1.8619999999999999,1.1897,1.3757857142857142,1.6909999999999998,2.052363636363636,1.532941176470588,1.5724074074074073,2.0046842105263156,8.223833333333335,2.516,1.9642857142857142,1.5424,2.0060000000000002,2.348409090909091,2.30925,1.7923181818181826,1.9224285714285718,2.4500000000000006,2.4939166666666663,2.6039999999999996,2.99688,2.513933333333333,2.317783783783784,3.25,3.25,3.25,3.25,3.25,3.25,3.25,3.25,3.25,3.25,3.25
1.79225,1.8619999999999999,1.1897,1.3757857142857142,1.6909999999999998,2.052363636363636,1.532941176470588,1.5724074074074073,2.0046842105263156,8.223833333333335,2.516,1.9642857142857142,1.5424,2.0060000000000002,2.348409090909091,2.30925,1.7923181818181826,1.9224285714285718,2.4500000000000006,2.4939166666666663,2.6039999999999996,2.99688,2.513933333333333,2.317783783783784,3.25,3.25,3.25,3.25,3.25,3.25,3.25,3.25,3.25,3.25,3.25
1.79225,1.8619999999999999,1.1897,1.3757857142857142,1.6909999999999998,2.052363636363636,1.532941176470588,1.5724074074074073,2.0046842105263156,8.223833333333335,2.516,1.9642857142857142,1.5424,2.0060000000000002,2.348409090909091,2.30925,1.7923181818181826,1.9224285714285718,2.4500000000000006,2.4939166666666663,2.6039999999999996,2.99688,2.513933333333333,2.317783783783784,3.25,3.25,3.25,3.25,3.25,3.25,3.25,3.25,3.25,3.25,3.25
1.79225,1.8619999999999999,1.1897,1.3757857142857142,1.6909999999999998,2.052363636363636,1.532941176470588,1.5724074074074073,2.0046842105263156,8.223833333333335,2.516,1.9642857142857142,1.5424,2.0060000000000002,2.348409090909091,2.30925,1.7923181818181826,1.9224285714285718,2.4500000000000006,2.4939166666666663,2.6039999999999996,2.99688,2.513933333333333,2.317783783783784,3.25,3.25,3.25,3.25,3.25,3.25,3.25,3.25,3.25,3.25,3.25
1.79225,1.8619999999999999,1.1897,1.3757857142857142,1.6909999999999998,2.052363636363636,1.532941176470588,1.5724074074074073,2.0046842105263156,8.223833333333335,2.516,1.9642857142857142,1.5424,2.0060000000000002,2.348409090909091,2.30925,1.7923181818181826,1.9224285714285718,2.4500000000000006,2.4939166666666663,2.6039999999999996,2.99688,2.513933333333333,2.317783783783784,3.25,3.25,3.25,3.25,3.25,3.25,3.25,3.25,3.25,3.25,3.25
1.79225,1.8619999999999999,1.1897,1.3757857142857142,1.6909999999999998,2.052363636363636,1.532941176470588,1.5724074074074073,2.0046842105263156,8.223833333333335,2.516,1.9642857142857142,1.5424,2.0060000000000002,2.348409090909091,2.30925,1.7923181818181826,1.9224285714285718,2.4500000000000006,2.4939166666666663,2.6039999999999996,2.99688,2.513933333333333,2.317783783783784,3.25,3.25,3.25,3.25,3.25,3.25,3.25,3.25,3.25,3.25,3.25
1.79225,1.8619999999999999,1.1897,1.3757857142857142,1.6909999999999998,2.052363636363636,1.532941176470588,1.5724074074074073,2.0046842105263156,8.223833333333335,2.516,1.9642857142857142,1.5424,2.0060000000000002,2.348409090909091,2.30925,1.7923181818181826,1.9224285714285718,2.4500000000000006,2.4939166666666663,2.6039999999999996,2.99688,2.513933333333333,2.317783783783784,3.25,3.25,3.25,3.25,3.25,3.25,3.25,3.25,3.25,3.25,3.25
1.79225,1.8619999999999999,1.1897,1.3757857142857142,1.6909999999999998,2.052363636363636,1.532941176470588,1.5724074074074073,2.0046842105263156,8.223833333333335,2.516,1.9642857142857142,1.5424,2.0060000000000002,2.348409090909091,2.30925,1.7923181818181826,1.9224285714285718,2.4500000000000006,2.4939166666666663,2.6039999999999996,2.99688,2.513933333333333,2.317783783783784,3.25,3.25,3.25,3.25,3.25,3.25,3.25,3.25,3.25,3.25,3.25
1.79225,1.8619999999999999,1.1897,1.3757857142857142,1.6909999999999998,2.052363636363636,1.532941176470588,1.5724074074074073,2.0046842105263156,8.223833333333335,2.516,1.9642857142857142,1.5424,2.0060000000000002,2.348409090909091,2.30925,1.7923181818181826,1.9224285714285718,2.4500000000000006,2.4939166666666663,2.6039999999999996,2.99688,2.513933333333333,2.317783783783784,3.25,3.25,3.25,3.25,3.25,3.25,3.25,3.25,3.25,3.25,3.25
1.79225,1.8619999999999999,1.1897,1.3757857142857142,1.6909999999999998,2.052363636363636,1.532941176470588,1.5724074074074073,2.0046842105263156,8.223833333333335,2.516,1.9642857142857142,1.5424,2.0060000000000002,2.348409090909091,2.30925,1.7923181818181826,1.9224285714285718,2.4500000000000006,2.4939166666666663,2.6039999999999996,2.99688,2.513933333333333,2.317783783783784,3.25,3.25,3.25,3.25,3.25,3.25,3.25,3.25,3.25,3.25,3.25
1.79225,1.8619999999999999,1.1897,1.3757857142857142,1.6909999999999998,2.052363636363636,1.532941176470588,1.5724074074074073,2.0046842105263156,8.223833333333335,2.516,1.9642857142857142,1.5424,2.0060000000000002,2.348409090909091,2.30925,1.7923181818181826,1.9224285714285718,2.4500000000000006,2.4939166666666663,2.6039999999999996,2.99688,2.513933333333333,2.317783783783784,3.25,3.25,3.25,3.25,3.25,3.25,3.25,3.25,3.25,3.25,3.25
1.79225,1.8619999999999999,1.1897,1.3757857142857142,1.6909999999999998,2.052363636363636,1.532941176470588,1.5724074074074073,2.0046842105263156,8.223833333333335,2.516,1.9642857142857142,1.5424,2.0060000000000002,2.348409090909091,2.30925,1.7923181818181826,1.9224285714285718,2.4500000000000006,2.4939166666666663,2.6039999999999996,2.99688,2.513933333333333,2.317783783783784,3.25,3.25,3.25,3.25,3.25,3.25,3.25,3.25,3.25,3.25,3.25
1.79225,1.8619999999999999,1.1897,1.3757857142857142,1.6909999999999998,2.052363636363636,1.532941176470588,1.5724074074074073,2.0046842105263156,8.223833333333335,2.516,1.9642857142857142,1.5424,2.0060000000000002,2.348409090909091,2.30925,1.7923181818181826,1.9224285714285718,2.4500000000000006,2.4939166666666663,2.6039999999999996,2.99688,2.513933333333333,2.317783783783784,3.25,3.25,3.25,3.25,3.25,3.25,3.25,3.25,3.25,3.25,3.25
1.79225,1.8619999999999999,1.1897,1.3757857142857142,1.6909999999999998,2.052363636363636,1.532941176470588,1.5724074074074073,2.0046842105263156,8.223833333333335,2.516,1.9642857142857142,1.5424,2.0060000000000002,2.348409090909091,2.30925,1.7923181818181826,1.9224285714285718,2.4500000000000006,2.4939166666666663,2.6039999999999996,2.99688,2.513933333333333,2.317783783783784,3.25,3.25,3.25,3.25,3.25,3.25,3.25,3.25,3.25,3.25,3.25
1.884875,1.96,1.2159285714285715,1.4346,1.7758333333333334,2.1085555555555553,1.5916,1.5856800000000004,1.904888888888889,6.537375,3.25,2.0019375,1.6989999999999998,2.091133333333333,2.3629090909090906,2.3085000000000004,1.7469016393442625,1.8283333333333334,2.288,2.324444444444444,2.7527,3.064222222222222,2.38576,2.2359310344827583,3.25,3.25,3.25,3.25,3.25,3.25,3.25,3.25,3.25,3.25,3.25
1.884875,1.96,1.2159285714285715,1.4346,1.7758333333333334,2.1085555555555553,1.5916,1.5856800000000004,1.904888888888889,6.537375,3.25,2.0019375,1.6989999999999998,2.091133333333333,2.3629090909090906,2.3085000000000004,1.7469016393442625,1.8283333333333334,2.288,2.324444444444444,2.7527,3.064222222222222,2.38576,2.2359310344827583,3.25,3.25,3.25,3.25,3.25,3.25,3.25,3.25,3.25,3.25,3.25
1.884875,1.96,1.2159285714285715,1.4346,1.7758333333333334,2.1085555555555553,1.5916,1.5856800000000004,1.904888888888889,6.537375,3.25,2.0019375,1.6989999999999998,2.091133333333333,2.3629090909090906,2.3085000000000004,1.7469016393442625,1.8283333333333334,2.288,2.324444444444444,2.7527,3.064222222222222,2.38576,2.2359310344827583,3.25,3.25,3.25,3.25,3.25,3.25,3.25,3.25,3.25,3.25,3.25
1.884875,1.96,1.2159285714285715,1.4346,1.7758333333333334,2.1085555555555553,1.5916,1.5856800000000004,1.904888888888889,6.537375,3.25,2.0019375,1.6989999999999998,2.091133333333333,2.3629090909090906,2.3085000000000004,1.7469016393442625,1.8283333333333334,2.288,2.324444444444444,2.7527,3.064222222222222,2.38576,2.2359310344827583,3.25,3.25,3.25,3.25,3.25,3.25,3.25,3.25,3.25,3.25,3.25
1.884875,1.96,1.2159285714285715,1.4346,1.7758333333333334,2.1085555555555553,1.5916,1.5856800000000004,1.904888888888889,6.537375,3.25,2.0019375,1.6989999999999998,2.091133333333333,2.3629090909090906,2.3085000000000004,1.7469016393442625,1.8283333333333334,2.288,2.324444444444444,2.7527,3.064222222222222,2.38576,2.2359310344827583,3.25,3.25,3.25,3.25,3.25,3.25,3.25,3.25,3.25,3.25,3.25
1.884875,1.96,1.2159285714285715,1.4346,1.7758333333333334,2.1085555555555553,1.5916,1.5856800000000004,1.904888888888889,6.537375,3.25,2.0019375,1.6989999999999998,2.091133333333333,2.3629090909090906,2.3085000000000004,1.7469016393442625,1.8283333333333334,2.288,2.324444444444444,2.7527,3.064222222222222,2.38576,2.2359310344827583,3.25,3.25,3.25,3.25,3.25,3.25,3.25,3.25,3.25,3.25,3.25
1.884875,1.96,1.2159285714285715,1.4346,1.7758333333333334,2.1085555555555553,1.5916,1.5856800000000004,1.904888888888889,6.537375,3.25,2.0019375,1.6989999999999998,2.091133333333333,2.3629090909090906,2.3085000000000004,1.7469016393442625,1.8283333333333334,2.288,2.324444444444444,2.7527,3.064222222222222,2.38576,2.2359310344827583,3.25,3.25,3.25,3.25,3.25,3.25,3.25,3.25,3.25,3.25,3.25
1.884875,1.96,1.2159285714285715,1.4346,1.7758333333333334,2.1085555555555553,1.5916,1.5856800000000004,1.904888888888889,6.537375,3.25,2.0019375,1.6989999999999998,2.091133333333333,2.3629090909090906,2.3085000000000004,1.7469016393442625,1.8283333333333334,2.288,2.324444444444444,2.7527,3.064222222222222,2.38576,2.2359310344827583,3.25,3.25,3.25,3.25,3.25,3.25,3.25,3.25,3.25,3.25,3.25
1.884875,1.96,1.2159285714285715,1.4346,1.7758333333333334,2.1085555555555553,1.5916,1.5856800000000004,1.904888888888889,6.537375,3.25,2.0019375,1.6989999999999998,2.091133333333333,2.3629090909090906,2.3085000000000004,1.7469016393442625,1.8283333333333334,2.288,2.324444444444444,2.7527,3.064222222222222,2.38576,2.2359310344827583,3.25,3.25,3.25,3.25,3.25,3.25,3.25,3.25,3.25,3.25,3.25
1.884875,1.96,1.2159285714285715,1.4346,1.7758333333333334,2.1085555555555553,1.5916,1.5856800000000004,1.904888888888889,6.537375,3.25,2.0019375,1.6989999999999998,2.091133333333333,2.3629090909090906,2.3085000000000004,1.7469016393442625,1.8283333333333334,2.288,2.324444444444444,2.7527,3.064222222222222,2.38576,2.2359310344827583,3.25,3.25,3.25,3.25,3.25,3.25,3.25,3.25,3.25,3.25,3.25
1.884875,1.96,1.2159285714285715,1.4346,1.7758333333333334,2.1085555555555553,1.5916,1.5856800000000004,1.904888888888889,6.537375,3.25,2.0019375,1.6989999999999998,2.091133333333333,2.3629090909090906,2.3085000000000004,1.7469016393442625,1.8283333333333334,2.288,2.324444444444444,2.7527,3.064222222222222,2.38576,2.2359310344827583,3.25,3.25,3.25,3.25,3.25,3.25,3.25,3.25,3.25,3.25,3.25
1.884875,1.96,1.2159285714285715,1.4346,1.7758333333333334,2.1085555555555553,1.5916,1.5856800000000004,1.904888888888889,6.537375,3.25,2.0019375,1.6989999999999998,2.091133333333333,2.3629090909090906,2.3085000000000004,1.7469016393442625,1.8283333333333334,2.288,2.324444444444444,2.7527,3.064222222222222,2.38576,2.2359310344827583,3.25,3.25,3.25,3.25,3.25,3.25,3.25,3.25,3.25,3.25,3.25
1.884875,1.96,1.2159285714285715,1.4346,1.7758333333333334,2.1085555555555553,1.5916,1.5856800000000004,1.904888888888889,6.537375,3.25,2.0019375,1.6989999999999998,2.091133333333333,2.3629090909090906,2.3085000000000004,1.7469016393442625,1.8283333333333334,2.288,2.324444444444444,2.7527,3.064222222222222,2.38576,2.2359310344827583,3.25,3.25,3.25,3.25,3.25,3.25,3.25,3.25,3.25,3.25,3.25
1.884875,1.96,1.2159285714285715,1.4346,1.7758333333333334,2.1085555555555553,1.5916,1.5856800000000004,1.904888888888889,6.537375,3.25,2.0019375,1.6989999999999998,2.091133333333333,2.3629090909090906,2.3085000000000004,1.7469016393442625,1.8283333333333334,2.288,2.324444444444444,2.7527,3.064222222222222,2.38576,2.2359310344827583,3.25,3.25,3.25,3.25,3.25,3.25,3.25,3.25,3.25,3.25,3.25
1.884875,1.96,1.2159285714285715,1.4346,1.7758333333333334,2.1085555555555553,1.5916,1.5856800000000004,1.904888888888889,6.537375,3.25,2.0019375,1.6989999999999998,2.091133333333333,2.3629090909090906,2.3085000000000004,1.7469016393442625,1.8283333333333334,2.288,2.324444444444444,2.7527,3.064222222222222,2.38576,2.2359310344827583,3.25,3.25,3.25,3.25,3.25,3.25,3.25,3.25,3.25,3.25,3.25
1.884875,1.96,1.2159285714285715,1.4346,1.7758333333333334,2.1085555555555553,1.5916,1.5856800000000004,1.904888888888889,6.537375,3.25,2.0019375,1.6989999999999998,2.091133333333333,2.3629090909090906,2.3085000000000004,1.7469016393442625,1.8283333333333334,2.288,2.324444444444444,2.7527,3.064222222222222,2.38576,2.2359310344827583,3.25,3.25,3.25,3.25,3.25,3.25,3.25,3.25,3.25,3.25,3.25
1.884875,1.96,1.2159285714285715,1.4346,1.7758333333333334,2.1085555555555553,1.5916,1.5856800000000004,1.904888888888889,6.537375,3.25,2.0019375,1.6989999999999998,2.091133333333333,2.3629090909090906,2.3085000000000004,1.7469016393442625,1.8283333333333334,2.288,2.324444444444444,2.7527,3.064222222222222,2.38576,2.2359310344827583,3.25,3.25,3.25,3.25,3.25,3.25,3.25,3.25,3.25,3.25,3.25
1.884875,1.96,1.2159285714285715,1.4346,1.7758333333333334,2.1085555555555553,1.5916,1.5856800000000004,1.904888888888889,6.537375,3.25,2.0019375,1.6989999999999998,2.091133333333333,2.3629090909090906,2.3085000000000004,1.7469016393442625,1.8283333333333334,2.288,2.324444444444444,2.7527,3.064222222222222,2.38576,2.2359310344827583,3.25,3.25,3.25,3.25,3.25,3.25,3.25,3.25,3.25,3.25,3.25
1.884875,1.96,1.2159285714285715,1.4346,1.7758333333333334,2.1085555555555553,1.5916,1.5856800000000004,1.904888888888889,6.537375,3.25,2.0019375,1.6989999999999998,2.091133333333333,2.3629090909090906,2.3085000000000004,1.7469016393442625,1.8283333333333334,2.288,2.324444444444444,2.7527,3.064222222222222,2.38576,2.2359310344827583,3.25,3.25,3.25,3.25,3.25,3.25,3.25,3.25,3.25,3.25,3.25
1.884875,1.96,1.2159285714285715,1.4346,1.7758333333333334,2.1085555555555553,1.5916,1.5856800000000004,1.904888888888889,6.537375,3.25,2.0019375,1.6989999999999998,2.091133333333333,2.3629090909090906,2.3085000000000004,1.7469016393442625,1.8283333333333334,2.288,2.324444444444444,2.7527,3.064222222222222,2.38576,2.2359310344827583,3.25,3.25,3.25,3.25,3.25,3.25,3.25,3.25,3.25,3.25,3.25
1.884875,1.96,1.2159285714285715,1.4346,1.7758333333333334,2.1085555555555553,1.5916,1.5856800000000004,1.904888888888889,6.537375,3.25,2.0019375,1.6989999999999998,2.091133333333333,2.3629090909090906,2.3085000000000004,1.7469016393442625,1.8283333333333334,2.288,2.324444444444444,2.7527,3.064222222222222,2.38576,2.2359310344827583,3.25,3.25,3.25,3.25,3.25,3.25,3.25,3.25,3.25,3.25,3.25
1.884875,1.96,1.2159285714285715,1.4346,1.7758333333333334,2.1085555555555553,1.5916,1.5856800000000004,1.904888888888889,6.537375,3.25,2.0019375,1.6989999999999998,2.091133333333333,2.3629090909090906,2.3085000000000004,1.7469016393442625,1.8283333333333334,2.288,2.324444444444444,2.7527,3.064222222222222,2.38576,2.2359310344827583,3.25,3.25,3.25,3.25,3.25,3.25,3.25,3.25,3.25,3.25,3.25
1.884875,1.96,1.2159285714285715,1.4346,1.7758333333333334,2.1085555555555553,1.5916,1.5856800000000004,1.904888888888889,6.537375,3.25,2.0019375,1.6989999999999998,2.091133333333333,2.3629090909090906,2.3085000000000004,1.7469016393442625,1.8283333333333334,2.288,2.324444444444444,2.7527,3.064222222222222,2.38576,2.2359310344827583,3.25,3.25,3.25,3.25,3.25,3.25,3.25,3.25,3.25,3.25,3.25
1.884875,1.96,1.2159285714285715,1.4346,1.7758333333333334,2.1085555555555553,1.5916,1.5856800000000004,1.904888888888889,6.537375,3.25,2.0019375,1.6989999999999998,2.091133333333333,2.3629090909090906,2.3085000000000004,1.7469016393442625,1.8283333333333334,2.288,2.324444444444444,2.7527,3.064222222222222,2.38576,2.2359310344827583,3.25,3.25,3.25,3.25,3.25,3.25,3.25,3.25,3.25,3.25,3.25
1.884875,1.96,1.2159285714285715,1.4346,1.7758333333333334,2.1085555555555553,1.5916,1.5856800000000004,1.904888888888889,6.537375,3.25,2.0019375,1.6989999999999998,2.091133333333333,2.3629090909090906,2.3085000000000004,1.7469016393442625,1.8283333333333334,2.288,2.324444444444444,2.7527,3.064222222222222,2.38576,2.2359310344827583,3.25,3.25,3.25,3.25,3.25,3.25,3.25,3.25,3.25,3.25,3.25
1.884875,1.96,1.2159285714285715,1.4346,1.7758333333333334,2.1085555555555553,1.5916,1.5856800000000004,1.904888888888889,6.537375,3.25,2.0019375,1.6989999999999998,2.091133333333333,2.3629090909090906,2.3085000000000004,1.7469016393442625,1.8283333333333334,2.288,2.324444444444444,2.7527,3.064222222222222,2.38576,2.2359310344827583,3.25,3.25,3.25,3.25,3.25,3.25,3.25,3.25,3.25,3.25,3.25
1.884875,1.96,1.2159285714285715,1.4346,1.7758333333333334,2.1085555555555553,1.5916,1.5856800000000004,1.904888888888889,6.537375,3.25,2.0019375,1.6989999999999998,2.091133333333333,2.3629090909090906,2.3085000000000004,1.7469016393442625,1.8283333333333334,2.288,2.324444444444444,2.7527,3.064222222222222,2.38576,2.2359310344827583,3.25,3.25,3.25,3.25,3.25,3.25,3.25,3.25,3.25,3.25,3.25
1.884875,1.96,1.2159285714285715,1.4346,1.7758333333333334,2.1085555555555553,1.5916,1.5856800000000004,1.904888888888889,6.537375,3.25,2.0019375,1.6989999999999998,2.091133333333333,2.3629090909090906,2.3085000000000004,1.7469016393442625,1.8283333333333334,2.288,2.324444444444444,2.7527,3.064222222222222,2.38576,2.2359310344827583,3.25,3.25,3.25,3.25,3.25,3.25,3.25,3.25,3.25,3.25,3.25
1.8234285714285716,1.837,1.2699333333333334,1.3844166666666664,1.623333333333333,2.036307692307692,1.563904761904762,1.5821999999999996,2.1412727272727268,5.489000000000001,2.3819999999999997,2.01548,1.597,2.045333333333333,2.1650500000000004,2.3275,1.7940526315789478,1.9260000000000002,2.2002499999999996,2.427166666666667,2.6705833333333335,2.9345600000000003,2.2738260869565217,2.2381379310344824,3.25,3.25,3.25,3.25,3.25,3.25,3.25,3.25,3.25,3.25,3.25
1.8234285714285716,1.837,1.2699333333333334,1.3844166666666664,1.623333333333333,2.036307692307692,1.563904761904762,1.5821999999999996,2.1412727272727268,5.489000000000001,2.3819999999999997,2.01548,1.597,2.045333333333333,2.1650500000000004,2.3275,1.7940526315789478,1.9260000000000002,2.2002499999999996,2.427166666666667,2.6705833333333335,2.9345600000000003,2.2738260869565217,2.2381379310344824,3.25,3.25,3.25,3.25,3.25,3.25,3.25,3.25,3.25,3.25,3.25
1.8234285714285716,1.837,1.2699333333333334,1.3844166666666664,1.623333333333333,2.036307692307692,1.563904761904762,1.5821999999999996,2.1412727272727268,5.489000000000001,2.3819999999999997,2.01548,1.597,2.045333333333333,2.1650500000000004,2.3275,1.7940526315789478,1.9260000000000002,2.2002499999999996,2.427166666666667,2.6705833333333335,2.9345600000000003,2.2738260869565217,2.2381379310344824,3.25,3.25,3.25,3.25,3.25,3.25,3.25,3.25,3.25,3.25,3.25
1.8234285714285716,1.837,1.2699333333333334,1.3844166666666664,1.623333333333333,2.036307692307692,1.563904761904762,1.5821999999999996,2.1412727272727268,5.489000000000001,2.3819999999999997,2.01548,1.597,2.045333333333333,2.1650500000000004,2.3275,1.7940526315789478,1.9260000000000002,2.2002499999999996,2.427166666666667,2.6705833333333335,2.9345600000000003,2.2738260869565217,2.2381379310344824,3.25,3.25,3.25,3.25,3.25,3.25,3.25,3.25,3.25,3.25,3.25
1.8234285714285716,1.837,1.2699333333333334,1.3844166666666664,1.623333333333333,2.036307692307692,1.563904761904762,1.5821999999999996,2.1412727272727268,5.489000000000001,2.3819999999999997,2.01548,1.597,2.045333333333333,2.1650500000000004,2.3275,1.7940526315789478,1.9260000000000002,2.2002499999999996,2.427166666666667,2.6705833333333335,2.9345600000000003,2.2738260869565217,2.2381379310344824,3.25,3.25,3.25,3.25,3.25,3.25,3.25,3.25,3.25,3.25,3.25
1.8234285714285716,1.837,1.2699333333333334,1.3844166666666664,1.623333333333333,2.036307692307692,1.563904761904762,1.5821999999999996,2.1412727272727268,5.489000000000001,2.3819999999999997,2.01548,1.597,2.045333333333333,2.1650500000000004,2.3275,1.7940526315789478,1.9260000000000002,2.2002499999999996,2.427166666666667,2.6705833333333335,2.9345600000000003,2.2738260869565217,2.2381379310344824,3.25,3.25,3.25,3.25,3.25,3.25,3.25,3.25,3.25,3.25,3.25
1.8234285714285716,1.837,1.2699333333333334,1.3844166666666664,1.623333333333333,2.036307692307692,1.563904761904762,1.5821999999999996,2.1412727272727268,5.489000000000001,2.3819999999999997,2.01548,1.597,2.045333333333333,2.1650500000000004,2.3275,1.7940526315789478,1.9260000000000002,2.2002499999999996,2.427166666666667,2.6705833333333335,2.9345600000000003,2.2738260869565217,2.2381379310344824,3.25,3.25,3.25,3.25,3.25,3.25,3.25,3.25,3.25,3.25,3.25
1.8234285714285716,1.837,1.2699333333333334,1.3844166666666664,1.623333333333333,2.036307692307692,1.563904761904762,1.5821999999999996,2.1412727272727268,5.489000000000001,2.3819999999999997,2.01548,1.597,2.045333333333333,2.1650500000000004,2.3275,1.7940526315789478,1.9260000000000002,2.2002499999999996,2.427166666666667,2.6705833333333335,2.9345600000000003,2.2738260869565217,2.2381379310344824,3.25,3.25,3.25,3.25,3.25,3.25,3.25,3.25,3.25,3.25,3.25
1.8234285714285716,1.837,1.2699333333333334,1.3844166666666664,1.623333333333333,2.036307692307692,1.563904761904762,1.5821999999999996,2.1412727272727268,5.489000000000001,2.3819999999999997,2.01548,1.597,2.045333333333333,2.1650500000000004,2.3275,1.7940526315789478,1.9260000000000002,2.2002499999999996,2.427166666666667,2.6705833333333335,2.9345600000000003,2.2738260869565217,2.2381379310344824,3.25,3.25,3.25,3.25,3.25,3.25,3.25,3.25,3.25,3.25,3.25
1.8234285714285716,1.837,1.2699333333333334,1.3844166666666664,1.623333333333333,2.036307692307692,1.563904761904762,1.5821999999999996,2.1412727272727268,5.489000000000001,2.3819999999999997,2.01548,1.597,2.045333333333333,2.1650500000000004,2.3275,1.7940526315789478,1.9260000000000002,2.2002499999999996,2.427166666666667,2.6705833333333335,2.9345600000000003,2.2738260869565217,2.2381379310344824,3.25,3.25,3.25,3.25,3.25,3.25,3.25,3.25,3.25,3.25,3.25
1.8234285714285716,1.837,1.2699333333333334,1.3844166666666664,1.623333333333333,2.036307692307692,1.563904761904762,1.5821999999999996,2.1412727272727268,5.489000000000001,2.3819999999999997,2.01548,1.597,2.045333333333333,2.1650500000000004,2.3275,1.7940526315789478,1.9260000000000002,2.2002499999999996,2.427166666666667,2.6705833333333335,2.9345600000000003,2.2738260869565217,2.2381379310344824,3.25,3.25,3.25,3.25,3.25,3.25,3.25,3.25,3.25,3.25,3.25
1.8234285714285716,1.837,1.2699333333333334,1.3844166666666664,1.623333333333333,2.036307692307692,1.563904761904762,1.5821999999999996,2.1412727272727268,5.489000000000001,2.3819999999999997,2.01548,1.597,2.045333333333333,2.1650500000000004,2.3275,1.7940526315789478,1.9260000000000002,2.2002499999999996,2.427166666666667,2.6705833333333335,2.9345600000000003,2.2738260869565217,2.2381379310344824,3.25,3.25,3.25,3.25,3.25,3.25,3.25,3.25,3.25,3.25,3.25
1.8234285714285716,1.837,1.2699333333333334,1.3844166666666664,1.623333333333333,2.036307692307692,1.563904761904762,1.5821999999999996,2.1412727272727268,5.489000000000001,2.3819999999999997,2.01548,1.597,2.045333333333333,2.1650500000000004,2.3275,1.7940526315789478,1.9260000000000002,2.2002499999999996,2.427166666666667,2.6705833333333335,2.9345600000000003,2.2738260869565217,2.2381379310344824,3.25,3.25,3.25,3.25,3.25,3.25,3.25,3.25,3.25,3.25,3.25
1.8234285714285716,1.837,1.2699333333333334,1.3844166666666664,1.623333333333333,2.036307692307692,1.563904761904762,1.5821999999999996,2.1412727272727268,5.489000000000001,2.3819999999999997,2.01548,1.597,2.045333333333333,2.1650500000000004,2.3275,1.7940526315789478,1.9260000000000002,2.2002499999999996,2.427166666666667,2.6705833333333335,2.9345600000000003,2.2738260869565217,2.2381379310344824,3.25,3.25,3.25,3.25,3.25,3.25,3.25,3.25,3.25,3.25,3.25
1.8234285714285716,1.837,1.2699333333333334,1.3844166666666664,1.623333333333333,2.036307692307692,1.563904761904762,1.5821999999999996,2.1412727272727268,5.489000000000001,2.3819999999999997,2.01548,1.597,2.045333333333333,2.1650500000000004,2.3275,1.7940526315789478,1.9260000000000002,2.2002499999999996,2.427166666666667,2.6705833333333335,2.9345600000000003,2.2738260869565217,2.2381379310344824,3.25,3.25,3.25,3.25,3.25,3.25,3.25,3.25,3.25,3.25,3.25
1.8234285714285716,1.837,1.2699333333333334,1.3844166666666664,1.623333333333333,2.036307692307692,1.563904761904762,1.5821999999999996,2.1412727272727268,5.489000000000001,2.3819999999999997,2.01548,1.597,2.045333333333333,2.1650500000000004,2.3275,1.7940526315789478,1.9260000000000002,2.2002499999999996,2.427166666666667,2.6705833333333335,2.9345600000000003,2.2738260869565217,2.2381379310344824,3.25,3.25,3.25,3.25,3.25,3.25,3.25,3.25,3.25,3.25,3.25
1.8234285714285716,1.837,1.2699333333333334,1.3844166666666664,1.623333333333333,2.036307692307692,1.563904761904762,1.5821999999999996,2.1412727272727268,5.489000000000001,2.3819999999999997,2.01548,1.597,2.045333333333333,2.1650500000000004,2.3275,1.7940526315789478,1.9260000000000002,2.2002499999999996,2.427166666666667,2.6705833333333335,2.9345600000000003,2.2738260869565217,2.2381379310344824,3.25,3.25,3.25,3.25,3.25,3.25,3.25,3.25,3.25,3.25,3.25
1.8234285714285716,1.837,1.2699333333333334,1.3844166666666664,1.623333333333333,2.036307692307692,1.563904761904762,1.5821999999999996,2.1412727272727268,5.489000000000001,2.3819999999999997,2.01548,1.597,2.045333333333333,2.1650500000000004,2.3275,1.7940526315789478,1.9260000000000002,2.2002499999999996,2.427166666666667,2.6705833333333335,2.9345600000000003,2.2738260869565217,2.2381379310344824,3.25,3.25,3.25,3.25,3.25,3.25,3.25,3.25,3.25,3.25,3.25
1.8234285714285716,1.837,1.2699333333333334,1.3844166666666664,1.623333333333333,2.036307692307692,1.563904761904762,1.5821999999999996,2.1412727272727268,5.489000000000001,2.3819999999999997,2.01548,1.597,2.045333333333333,2.1650500000000004,2.3275,1.7940526315789478,1.9260000000000002,2.2002499999999996,2.427166666666667,2.6705833333333335,2.9345600000000003,2.2738260869565217,2.2381379310344824,3.25,3.25,3.25,3.25,3.25,3.25,3.25,3.25,3.25,3.25,3.25
1.8234285714285716,1.837,1.2699333333333334,1.3844166666666664,1.623333333333333,2.036307692307692,1.563904761904762,1.5821999999999996,2.1412727272727268,5.489000000000001,2.3819999999999997,2.01548,1.597,2.045333333333333,2.1650500000000004,2.3275,1.7940526315789478,1.9260000000000002,2.2002499999999996,2.427166666666667,2.6705833333333335,2.9345600000000003,2.2738260869565217,2.2381379310344824,3.25,3.25,3.25,3.25,3.25,3.25,3.25,3.25,3.25,3.25,3.25
1.8234285714285716,1.837,1.2699333333333334,1.3844166666666664,1.623333333333333,2.036307692307692,1.563904761904762,1.5821999999999996,2.1412727272727268,5.489000000000001,2.3819999999999997,2.01548,1.597,2.045333333333333,2.1650500000000004,2.3275,1.7940526315789478,1.9260000000000002,2.2002499999999996,2.427166666666667,2.6705833333333335,2.9345600000000003,2.2738260869565217,2.2381379310344824,3.25,3.25,3.25,3.25,3.25,3.25,3.25,3.25,3.25,3.25,3.25
1.8234285714285716,1.837,1.2699333333333334,1.3844166666666664,1.623333333333333,2.036307692307692,1.563904761904762,1.5821999999999996,2.1412727272727268,5.489000000000001,2.3819999999999997,2.01548,1.597,2.045333333333333,2.1650500000000004,2.3275,1.7940526315789478,1.9260000000000002,2.2002499999999996,2.427166666666667,2.6705833333333335,2.9345600000000003,2.2738260869565217,2.2381379310344824,3.25,3.25,3.25,3.25,3.25,3.25,3.25,3.25,3.25,3.25,3.25
1.8234285714285716,1.837,1.2699333333333334,1.3844166666666664,1.623333333333333,2.036307692307692,1.563904761904762,1.5821999999999996,2.1412727272727268,5.489000000000001,2.3819999999999997,2.01548,1.597,2.045333333333333,2.1650500000000004,2.3275,1.7940526315789478,1.9260000000000002,2.2002499999999996,2.427166666666667,2.6705833333333335,2.9345600000000003,2.2738260869565217,2.2381379310344824,3.25,3.25,3.25,3.25,3.25,3.25,3.25,3.25,3.25,3.25,3.25
1.8234285714285716,1.837,1.2699333333333334,1.3844166666666664,1.623333333333333,2.036307692307692,1.563904761904762,1.5821999999999996,2.1412727272727268,5.489000000000001,2.3819999999999997,2.01548,1.597,2.045333333333333,2.1650500000000004,2.3275,1.7940526315789478,1.9260000000000002,2.2002499999999996,2.427166666666667,2.6705833333333335,2.9345600000000003,2.2738260869565217,2.2381379310344824,3.25,3.25,3.25,3.25,3.25,3.25,3.25,3.25,3.25,3.25,3.25
1.8234285714285716,1.837,1.2699333333333334,1.3844166666666664,1.623333333333333,2.036307692307692,1.563904761904762,1.5821999999999996,2.1412727272727268,5.489000000000001,2.3819999999999997,2.01548,1.597,2.045333333333333,2.1650500000000004,2.3275,1.7940526315789478,1.9260000000000002,2.2002499999999996,2.427166666666667,2.6705833333333335,2.9345600000000003,2.2738260869565217,2.2381379310344824,3.25,3.25,3.25,3.25,3.25,3.25,3.25,3.25,3.25,3.25,3.25
1.8234285714285716,1.837,1.2699333333333334,1.3844166666666664,1.623333333333333,2.036307692307692,1.563904761904762,1.5821999999999996,2.1412727272727268,5.489000000000001,2.3819999999999997,2.01548,1.597,2.045333333333333,2.1650500000000004,2.3275,1.7940526315789478,1.9260000000000002,2.2002499999999996,2.427166666666667,2.6705833333333335,2.9345600000000003,2.2738260869565217,2.2381379310344824,3.25,3.25,3.25,3.25,3.25,3.25,3.25,3.25,3.25,3.25,3.25
1.8234285714285716,1.837,1.2699333333333334,1.3844166666666664,1.623333333333333,2.036307692307692,1.563904761904762,1.5821999999999996,2.1412727272727268,5.489000000000001,2.3819999999999997,2.01548,1.597,2.045333333333333,2.1650500000000004,2.3275,1.7940526315789478,1.9260000000000002,2.2002499999999996,2.427166666666667,2.6705833333333335,2.9345600000000003,2.2738260869565217,2.2381379310344824,3.25,3.25,3.25,3.25,3.25,3.25,3.25,3.25,3.25,3.25,3.25
1.8234285714285716,1.837,1.2699333333333334,1.3844166666666664,1.623333333333333,2.036307692307692,1.563904761904762,1.5821999999999996,2.1412727272727268,5.489000000000001,2.3819999999999997,2.01548,1.597,2.045333333333333,2.1650500000000004,2.3275,1.7940526315789478,1.9260000000000002,2.2002499999999996,2.427166666666667,2.6705833333333335,2.9345600000000003,2.2738260869565217,2.2381379310344824,3.25,3.25,3.25,3.25,3.25,3.25,3.25,3.25,3.25,3.25,3.25
1.8234285714285716,1.837,1.2699333333333334,1.3844166666666664,1.623333333333333,2.036307692307692,1.563904761904762,1.5821999999999996,2.1412727272727268,5.489000000000001,2.3819999999999997,2.01548,1.597,2.045333333333333,2.1650500000000004,2.3275,1.7940526315789478,1.9260000000000002,2.2002499999999996,2.427166666666667,2.6705833333333335,2.9345600000000003,2.2738260869565217,2.2381379310344824,3.25,3.25,3.25,3.25,3.25,3.25,3.25,3.25,3.25,3.25,3.25
1.8234285714285716,1.837,1.2699333333333334,1.3844166666666664,1.623333333333333,2.036307692307692,1.563904761904762,1.5821999999999996,2.1412727272727268,5.489000000000001,2.3819999999999997,2.01548,1.597,2.045333333333333,2.1650500000000004,2.3275,1.7940526315789478,1.9260000000000002,2.2002499999999996,2.427166666666667,2.6705833333333335,2.9345600000000003,2.2738260869565217,2.2381379310344824,3.25,3.25,3.25,3.25,3.25,3.25,3.25,3.25,3.25,3.25,3.25
1.8234285714285716,1.837,1.2699333333333334,1.3844166666666664,1.623333333333333,2.036307692307692,1.563904761904762,1.5821999999999996,2.1412727272727268,5.489000000000001,2.3819999999999997,2.01548,1.597,2.045333333333333,2.1650500000000004,2.3275,1.7940526315789478,1.9260000000000002,2.2002499999999996,2.427166666666667,2.6705833333333335,2.9345600000000003,2.2738260869565217,2.2381379310344824,3.25,3.25,3.25,3.25,3.25,3.25,3.25,3.25,3.25,3.25,3.25
2.013125,1.911,1.2778333333333332,1.4126666666666665,1.712428571428571,2.0509999999999997,1.5440588235294117,1.5733333333333333,1.9026249999999998,5.508499999999999,2.407,2.0147894736842105,1.55825,2.107125,2.3138888888888887,2.0147999999999997,1.789376811594203,2.0826666666666664,2.202555555555556,2.4193999999999996,2.638,3.032076923076923,2.2910625,2.2055555555555557,3.25,3.25,3.25,3.25,3.25,3.25,3.25,3.25,3.25,3.25,3.25
2.013125,1.911,1.2778333333333332,1.4126666666666665,1.712428571428571,2.0509999999999997,1.5440588235294117,1.5733333333333333,1.9026249999999998,5.508499999999999,2.407,2.0147894736842105,1.55825,2.107125,2.3138888888888887,2.0147999999999997,1.789376811594203,2.0826666666666664,2.202555555555556,2.4193999999999996,2.638,3.032076923076923,2.2910625,2.2055555555555557,3.25,3.25,3.25,3.25,3.25,3.25,3.25,3.25,3.25,3.25,3.25
2.013125,1.911,1.2778333333333332,1.4126666666666665,1.712428571428571,2.0509999999999997,1.5440588235294117,1.5733333333333333,1.9026249999999998,5.508499999999999,2.407,2.0147894736842105,1.55825,2.107125,2.3138888888888887,2.0147999999999997,1.789376811594203,2.0826666666666664,2.202555555555556,2.4193999999999996,2.638,3.032076923076923,2.2910625,2.2055555555555557,3.25,3.25,3.25,3.25,3.25,3.25,3.25,3.25,3.25,3.25,3.25
2.013125,1.911,1.2778333333333332,1.4126666666666665,1.712428571428571,2.0509999999999997,1.5440588235294117,1.5733333333333333,1.9026249999999998,5.508499999999999,2.407,2.0147894736842105,1.55825,2.107125,2.3138888888888887,2.0147999999999997,1.789376811594203,2.0826666666666664,2.202555555555556,2.4193999999999996,2.638,3.032076923076923,2.2910625,2.2055555555555557,3.25,3.25,3.25,3.25,3.25,3.25,3.25,3.25,3.25,3.25,3.25
2.013125,1.911,1.2778333333333332,1.4126666666666665,1.712428571428571,2.0509999999999997,1.5440588235294117,1.5733333333333333,1.9026249999999998,5.508499999999999,2.407,2.0147894736842105,1.55825,2.107125,2.3138888888888887,2.0147999999999997,1.789376811594203,2.0826666666666664,2.202555555555556,2.4193999999999996,2.638,3.032076923076923,2.2910625,2.2055555555555557,3.25,3.25,3.25,3.25,3.25,3.25,3.25,3.25,3.25,3.25,3.25
2.013125,1.911,1.2778333333333332,1.4126666666666665,1.712428571428571,2.0509999999999997,1.5440588235294117,1.5733333333333333,1.9026249999999998,5.508499999999999,2.407,2.0147894736842105,1.55825,2.107125,2.3138888888888887,2.0147999999999997,1.789376811594203,2.0826666666666664,2.202555555555556,2.4193999999999996,2.638,3.032076923076923,2.2910625,2.2055555555555557,3.25,3.25,3.25,3.25,3.25,3.25,3.25,3.25,3.25,3.25,3.25
2.013125,1.911,1.2778333333333332,1.4126666666666665,1.712428571428571,2.0509999999999997,1.5440588235294117,1.5733333333333333,1.9026249999999998,5.508499999999999,2.407,2.0147894736842105,1.55825,2.107125,2.3138888888888887,2.0147999999999997,1.789376811594203,2.0826666666666664,2.202555555555556,2.4193999999999996,2.638,3.032076923076923,2.2910625,2.2055555555555557,3.25,3.25,3.25,3.25,3.25,3.25,3.25,3.25,3.25,3.25,3.25
2.013125,1.911,1.2778333333333332,1.4126666666666665,1.712428571428571,2.0509999999999997,1.5440588235294117,1.5733333333333333,1.9026249999999998,5.508499999999999,2.407,2.0147894736842105,1.55825,2.107125,2.3138888888888887,2.0147999999999997,1.789376811594203,2.0826666666666664,2.202555555555556,2.4193999999999996,2.638,3.032076923076923,2.2910625,2.2055555555555557,3.25,3.25,3.25,3.25,3.25,3.25,3.25,3.25,3.25,3.25,3.25
2.013125,1.911,1.2778333333333332,1.4126666666666665,1.712428571428571,2.0509999999999997,1.5440588235294117,1.5733333333333333,1.9026249999999998,5.508499999999999,2.407,2.0147894736842105,1.55825,2.107125,2.3138888888888887,2.0147999999999997,1.789376811594203,2.0826666666666664,2.202555555555556,2.4193999999999996,2.638,3.032076923076923,2.2910625,2.2055555555555557,3.25,3.25,3.25,3.25,3.25,3.25,3.25,3.25,3.25,3.25,3.25
2.013125,1.911,1.2778333333333332,1.4126666666666665,1.712428571428571,2.0509999999999997,1.5440588235294117,1.5733333333333333,1.9026249999999998,5.508499999999999,2.407,2.0147894736842105,1.55825,2.107125,2.3138888888888887,2.0147999999999997,1.789376811594203,2.0826666666666664,2.202555555555556,2.4193999999999996,2.638,3.032076923076923,2.2910625,2.2055555555555557,3.25,3.25,3.25,3.25,3.25,3.25,3.25,3.25,3.25,3.25,3.25
2.013125,1.911,1.2778333333333332,1.4126666666666665,1.712428571428571,2.0509999999999997,1.5440588235294117,1.5733333333333333,1.9026249999999998,5.508499999999999,2.407,2.0147894736842105,1.55825,2.107125,2.3138888888888887,2.0147999999999997,1.789376811594203,2.0826666666666664,2.202555555555556,2.4193999999999996,2.638,3.032076923076923,2.2910625,2.2055555555555557,3.25,3.25,3.25,3.25,3.25,3.25,3.25,3.25,3.25,3.25,3.25
2.013125,1.911,1.2778333333333332,1.4126666666666665,1.712428571428571,2.0509999999999997,1.5440588235294117,1.5733333333333333,1.9026249999999998,5.508499999999999,2.407,2.0147894736842105,1.55825,2.107125,2.3138888888888887,2.0147999999999997,1.789376811594203,2.0826666666666664,2.202555555555556,2.4193999999999996,2.638,3.032076923076923,2.2910625,2.2055555555555557,3.25,3.25,3.25,3.25,3.25,3.25,3.25,3.25,3.25,3.25,3.25
2.013125,1.911,1.2778333333333332,1.4126666666666665,1.712428571428571,2.0509999999999997,1.5440588235294117,1.5733333333333333,1.9026249999999998,5.508499999999999,2.407,2.0147894736842105,1.55825,2.107125,2.3138888888888887,2.0147999999999997,1.789376811594203,2.0826666666666664,2.202555555555556,2.4193999999999996,2.638,3.032076923076923,2.2910625,2.2055555555555557,3.25,3.25,3.25,3.25,3.25,3.25,3.25,3.25,3.25,3.25,3.25
2.013125,1.911,1.2778333333333332,1.4126666666666665,1.712428571428571,2.0509999999999997,1.5440588235294117,1.5733333333333333,1.9026249999999998,5.508499999999999,2.407,2.0147894736842105,1.55825,2.107125,2.3138888888888887,2.0147999999999997,1.789376811594203,2.0826666666666664,2.202555555555556,2.4193999999999996,2.638,3.032076923076923,2.2910625,2.2055555555555557,3.25,3.25,3.25,3.25,3.25,3.25,3.25,3.25,3.25,3.25,3.25
2.013125,1.911,1.2778333333333332,1.4126666666666665,1.712428571428571,2.0509999999999997,1.5440588235294117,1.5733333333333333,1.9026249999999998,5.508499999999999,2.407,2.0147894736842105,1.55825,2.107125,2.3138888888888887,2.0147999999999997,1.789376811594203,2.0826666666666664,2.202555555555556,2.4193999999999996,2.638,3.032076923076923,2.2910625,2.2055555555555557,3.25,3.25,3.25,3.25,3.25,3.25,3.25,3.25,3.25,3.25,3.25
2.013125,1.911,1.2778333333333332,1.4126666666666665,1.712428571428571,2.0509999999999997,1.5440588235294117,1.5733333333333333,1.9026249999999998,5.508499999999999,2.407,2.0147894736842105,1.55825,2.107125,2.3138888888888887,2.0147999999999997,1.789376811594203,2.0826666666666664,2.202555555555556,2.4193999999999996,2.638,3.032076923076923,2.2910625,2.2055555555555557,3.25,3.25,3.25,3.25,3.25,3.25,3.25,3.25,3.25,3.25,3.25
2.013125,1.911,1.2778333333333332,1.4126666666666665,1.712428571428571,2.0509999999999997,1.5440588235294117,1.5733333333333333,1.9026249999999998,5.508499999999999,2.407,2.0147894736842105,1.55825,2.107125,2.3138888888888887,2.0147999999999997,1.789376811594203,2.0826666666666664,2.202555555555556,2.4193999999999996,2.638,3.032076923076923,2.2910625,2.2055555555555557,3.25,3.25,3.25,3.25,3.25,3.25,3.25,3.25,3.25,3.25,3.25
2.013125,1.911,1.2778333333333332,1.4126666666666665,1.712428571428571,2.0509999999999997,1.5440588235294117,1.5733333333333333,1.9026249999999998,5.508499999999999,2.407,2.0147894736842105,1.55825,2.107125,2.3138888888888887,2.0147999999999997,1.789376811594203,2.0826666666666664,2.202555555555556,2.4193999999999996,2.638,3.032076923076923,2.2910625,2.2055555555555557,3.25,3.25,3.25,3.25,3.25,3.25,3.25,3.25,3.25,3.25,3.25
2.013125,1.911,1.2778333333333332,1.4126666666666665,1.712428571428571,2.0509999999999997,1.5440588235294117,1.5733333333333333,1.9026249999999998,5.508499999999999,2.407,2.0147894736842105,1.55825,2.107125,2.3138888888888887,2.0147999999999997,1.789376811594203,2.0826666666666664,2.202555555555556,2.4193999999999996,2.638,3.032076923076923,2.2910625,2.2055555555555557,3.25,3.25,3.25,3.25,3.25,3.25,3.25,3.25,3.25,3.25,3.25
2.013125,1.911,1.2778333333333332,1.4126666666666665,1.712428571428571,2.0509999999999997,1.5440588235294117,1.5733333333333333,1.9026249999999998,5.508499999999999,2.407,2.0147894736842105,1.55825,2.107125,2.3138888888888887,2.0147999999999997,1.789376811594203,2.0826666666666664,2.202555555555556,2.4193999999999996,2.638,3.032076923076923,2.2910625,2.2055555555555557,3.25,3.25,3.25,3.25,3.25,3.25,3.25,3.25,3.25,3.25,3.25
2.013125,1.911,1.2778333333333332,1.4126666666666665,1.712428571428571,2.0509999999999997,1.5440588235294117,1.5733333333333333,1.9026249999999998,5.508499999999999,2.407,2.0147894736842105,1.55825,2.107125,2.3138888888888887,2.0147999999999997,1.789376811594203,2.0826666666666664,2.202555555555556,2.4193999999999996,2.638,3.032076923076923,2.2910625,2.2055555555555557,3.25,3.25,3.25,3.25,3.25,3.25,3.25,3.25,3.25,3.25,3.25
2.013125,1.911,1.2778333333333332,1.4126666666666665,1.712428571428571,2.0509999999999997,1.5440588235294117,1.5733333333333333,1.9026249999999998,5.508499999999999,2.407,2.0147894736842105,1.55825,2.107125,2.3138888888888887,2.0147999999999997,1.789376811594203,2.0826666666666664,2.202555555555556,2.4193999999999996,2.638,3.032076923076923,2.2910625,2.2055555555555557,3.25,3.25,3.25,3.25,3.25,3.25,3.25,3.25,3.25,3.25,3.25
2.013125,1.911,1.2778333333333332,1.4126666666666665,1.712428571428571,2.0509999999999997,1.5440588235294117,1.5733333333333333,1.9026249999999998,5.508499999999999,2.407,2.0147894736842105,1.55825,2.107125,2.3138888888888887,2.0147999999999997,1.789376811594203,2.0826666666666664,2.202555555555556,2.4193999999999996,2.638,3.032076923076923,2.2910625,2.2055555555555557,3.25,3.25,3.25,3.25,3.25,3.25,3.25,3.25,3.25,3.25,3.25
2.013125,1.911,1.2778333333333332,1.4126666666666665,1.712428571428571,2.0509999999999997,1.5440588235294117,1.5733333333333333,1.9026249999999998,5.508499999999999,2.407,2.0147894736842105,1.55825,2.107125,2.3138888888888887,2.0147999999999997,1.789376811594203,2.0826666666666664,2.202555555555556,2.4193999999999996,2.638,3.032076923076923,2.2910625,2.2055555555555557,3.25,3.25,3.25,3.25,3.25,3.25,3.25,3.25,3.25,3.25,3.25
2.013125,1.911,1.2778333333333332,1.4126666666666665,1.712428571428571,2.0509999999999997,1.5440588235294117,1.5733333333333333,1.9026249999999998,5.508499999999999,2.407,2.0147894736842105,1.55825,2.107125,2.3138888888888887,2.0147999999999997,1.789376811594203,2.0826666666666664,2.202555555555556,2.4193999999999996,2.638,3.032076923076923,2.2910625,2.2055555555555557,3.25,3.25,3.25,3.25,3.25,3.25,3.25,3.25,3.25,3.25,3.25
2.013125,1.911,1.2778333333333332,1.4126666666666665,1.712428571428571,2.0509999999999997,1.5440588235294117,1.5733333333333333,1.9026249999999998,5.508499999999999,2.407,2.0147894736842105,1.55825,2.107125,2.3138888888888887,2.0147999999999997,1.789376811594203,2.0826666666666664,2.202555555555556,2.4193999999999996,2.638,3.032076923076923,2.2910625,2.2055555555555557,3.25,3.25,3.25,3.25,3.25,3.25,3.25,3.25,3.25,3.25,3.25
2.013125,1.911,1.2778333333333332,1.4126666666666665,1.712428571428571,2.0509999999999997,1.5440588235294117,1.5733333333333333,1.9026249999999998,5.508499999999999,2.407,2.0147894736842105,1.55825,2.107125,2.3138888888888887,2.0147999999999997,1.789376811594203,2.0826666666666664,2.202555555555556,2.4193999999999996,2.638,3.032076923076923,2.2910625,2.2055555555555557,3.25,3.25,3.25,3.25,3.25,3.25,3.25,3.25,3.25,3.25,3.25
2.013125,1.911,1.2778333333333332,1.4126666666666665,1.712428571428571,2.0509999999999997,1.5440588235294117,1.5733333333333333,1.9026249999999998,5.508499999999999,2.407,2.0147894736842105,1.55825,2.107125,2.3138888888888887,2.0147999999999997,1.789376811594203,2.0826666666666664,2.202555555555556,2.4193999999999996,2.638,3.032076923076923,2.2910625,2.2055555555555557,3.25,3.25,3.25,3.25,3.25,3.25,3.25,3.25,3.25,3.25,3.25
2.013125,1.911,1.2778333333333332,1.4126666666666665,1.712428571428571,2.0509999999999997,1.5440588235294117,1.5733333333333333,1.9026249999999998,5.508499999999999,2.407,2.0147894736842105,1.55825,2.107125,2.3138888888888887,2.0147999999999997,1.789376811594203,2.0826666666666664,2.202555555555556,2.4193999999999996,2.638,3.032076923076923,2.2910625,2.2055555555555557,3.25,3.25,3.25,3.25,3.25,3.25,3.25,3.25,3.25,3.25,3.25
2.013125,1.911,1.2778333333333332,1.4126666666666665,1.712428571428571,2.0509999999999997,1.5440588235294117,1.5733333333333333,1.9026249999999998,5.508499999999999,2.407,2.0147894736842105,1.55825,2.107125,2.3138888888888887,2.0147999999999997,1.789376811594203,2.0826666666666664,2.202555555555556,2.4193999999999996,2.638,3.032076923076923,2.2910625,2.2055555555555557,3.25,3.25,3.25,3.25,3.25,3.25,3.25,3.25,3.25,3.25,3.25
1.9618750000000003,2.187,1.2588000000000001,1.427357142857143,1.678375,2.043714285714286,1.6078125,1.6291250000000002,2.015941176470588,5.527399999999999,2.425,2.011904761904762,1.6082000000000003,2.0795925925925927,2.312631578947368,2.21525,1.8086376811594198,2.130571428571429,2.2218888888888895,2.4212999999999996,2.7275833333333335,3.048307692307692,2.4143846153846154,2.2318787878787876,3.25,3.25,3.25,3.25,3.25,3.25,3.25,3.25,3.25,3.25,3.25
1.9618750000000003,2.187,1.2588000000000001,1.427357142857143,1.678375,2.043714285714286,1.6078125,1.6291250000000002,2.015941176470588,5.527399999999999,2.425,2.011904761904762,1.6082000000000003,2.0795925925925927,2.312631578947368,2.21525,1.8086376811594198,2.130571428571429,2.2218888888888895,2.4212999999999996,2.7275833333333335,3.048307692307692,2.4143846153846154,2.2318787878787876,3.25,3.25,3.25,3.25,3.25,3.25,3.25,3.25,3.25,3.25,3.25
1.9618750000000003,2.187,1.2588000000000001,1.427357142857143,1.678375,2.043714285714286,1.6078125,1.6291250000000002,2.015941176470588,5.527399999999999,2.425,2.011904761904762,1.6082000000000003,2.0795925925925927,2.312631578947368,2.21525,1.8086376811594198,2.130571428571429,2.2218888888888895,2.4212999999999996,2.7275833333333335,3.048307692307692,2.4143846153846154,2.2318787878787876,3.25,3.25,3.25,3.25,3.25,3.25,3.25,3.25,3.25,3.25,3.25
1.9618750000000003,2.187,1.2588000000000001,1.427357142857143,1.678375,2.043714285714286,1.6078125,1.6291250000000002,2.015941176470588,5.527399999999999,2.425,2.011904761904762,1.6082000000000003,2.0795925925925927,2.312631578947368,2.21525,1.8086376811594198,2.130571428571429,2.2218888888888895,2.4212999999999996,2.7275833333333335,3.048307692307692,2.4143846153846154,2.2318787878787876,3.25,3.25,3.25,3.25,3.25,3.25,3.25,3.25,3.25,3.25,3.25
1.9618750000000003,2.187,1.2588000000000001,1.427357142857143,1.678375,2.043714285714286,1.6078125,1.6291250000000002,2.015941176470588,5.527399999999999,2.425,2.011904761904762,1.6082000000000003,2.0795925925925927,2.312631578947368,2.21525,1.8086376811594198,2.130571428571429,2.2218888888888895,2.4212999999999996,2.7275833333333335,3.048307692307692,2.4143846153846154,2.2318787878787876,3.25,3.25,3.25,3.25,3.25,3.25,3.25,3.25,3.25,3.25,3.25
1.9618750000000003,2.187,1.2588000000000001,1.427357142857143,1.678375,2.043714285714286,1.6078125,1.6291250000000002,2.015941176470588,5.527399999999999,2.425,2.011904761904762,1.6082000000000003,2.0795925925925927,2.312631578947368,2.21525,1.8086376811594198,2.130571428571429,2.2218888888888895,2.4212999999999996,2.7275833333333335,3.048307692307692,2.4143846153846154,2.2318787878787876,3.25,3.25,3.25,3.25,3.25,3.25,3.25,3.25,3.25,3.25,3.25
1.9618750000000003,2.187,1.2588000000000001,1.427357142857143,1.678375,2.043714285714286,1.6078125,1.6291250000000002,2.015941176470588,5.527399999999999,2.425,2.011904761904762,1.6082000000000003,2.0795925925925927,2.312631578947368,2.21525,1.8086376811594198,2.130571428571429,2.2218888888888895,2.4212999999999996,2.7275833333333335,3.048307692307692,2.4143846153846154,2.2318787878787876,3.25,3.25,3.25,3.25,3.25,3.25,3.25,3.25,3.25,3.25,3.25
1.9618750000000003,2.187,1.2588000000000001,1.427357142857143,1.678375,2.043714285714286,1.6078125,1.6291250000000002,2.015941176470588,5.527399999999999,2.425,2.011904761904762,1.6082000000000003,2.0795925925925927,2.312631578947368,2.21525,1.8086376811594198,2.130571428571429,2.2218888888888895,2.4212999999999996,2.7275833333333335,3.048307692307692,2.4143846153846154,2.2318787878787876,3.25,3.25,3.25,3.25,3.25,3.25,3.25,3.25,3.25,3.25,3.25
1.9618750000000003,2.187,1.2588000000000001,1.427357142857143,1.678375,2.043714285714286,1.6078125,1.6291250000000002,2.015941176470588,5.527399999999999,2.425,2.011904761904762,1.6082000000000003,2.0795925925925927,2.312631578947368,2.21525,1.8086376811594198,2.130571428571429,2.2218888888888895,2.4212999999999996,2.7275833333333335,3.048307692307692,2.4143846153846154,2.2318787878787876,3.25,3.25,3.25,3.25,3.25,3.25,3.25,3.25,3.25,3.25,3.25
1.9618750000000003,2.187,1.2588000000000001,1.427357142857143,1.678375,2.043714285714286,1.6078125,1.6291250000000002,2.015941176470588,5.527399999999999,2.425,2.011904761904762,1.6082000000000003,2.0795925925925927,2.312631578947368,2.21525,1.8086376811594198,2.130571428571429,2.2218888888888895,2.4212999999999996,2.7275833333333335,3.048307692307692,2.4143846153846154,2.2318787878787876,3.25,3.25,3.25,3.25,3.25,3.25,3.25,3.25,3.25,3.25,3.25
1.9618750000000003,2.187,1.2588000000000001,1.427357142857143,1.678375,2.043714285714286,1.6078125,1.6291250000000002,2.015941176470588,5.527399999999999,2.425,2.011904761904762,1.6082000000000003,2.0795925925925927,2.312631578947368,2.21525,1.8086376811594198,2.130571428571429,2.2218888888888895,2.4212999999999996,2.7275833333333335,3.048307692307692,2.4143846153846154,2.2318787878787876,3.25,3.25,3.25,3.25,3.25,3.25,3.25,3.25,3.25,3.25,3.25
1.9618750000000003,2.187,1.2588000000000001,1.427357142857143,1.678375,2.043714285714286,1.6078125,1.6291250000000002,2.015941176470588,5.527399999999999,2.425,2.011904761904762,1.6082000000000003,2.0795925925925927,2.312631578947368,2.21525,1.8086376811594198,2.130571428571429,2.2218888888888895,2.4212999999999996,2.7275833333333335,3.048307692307692,2.4143846153846154,2.2318787878787876,3.25,3.25,3.25,3.25,3.25,3.25,3.25,3.25,3.25,3.25,3.25
1.9618750000000003,2.187,1.2588000000000001,1.427357142857143,1.678375,2.043714285714286,1.6078125,1.6291250000000002,2.015941176470588,5.527399999999999,2.425,2.011904761904762,1.6082000000000003,2.0795925925925927,2.312631578947368,2.21525,1.8086376811594198,2.130571428571429,2.2218888888888895,2.4212999999999996,2.7275833333333335,3.048307692307692,2.4143846153846154,2.2318787878787876,3.25,3.25,3.25,3.25,3.25,3.25,3.25,3.25,3.25,3.25,3.25
1.9618750000000003,2.187,1.2588000000000001,1.427357142857143,1.678375,2.043714285714286,1.6078125,1.6291250000000002,2.015941176470588,5.527399999999999,2.425,2.011904761904762,1.6082000000000003,2.0795925925925927,2.312631578947368,2.21525,1.8086376811594198,2.130571428571429,2.2218888888888895,2.4212999999999996,2.7275833333333335,3.048307692307692,2.4143846153846154,2.2318787878787876,3.25,3.25,3.25,3.25,3.25,3.25,3.25,3.25,3.25,3.25,3.25
1.9618750000000003,2.187,1.2588000000000001,1.427357142857143,1.678375,2.043714285714286,1.6078125,1.6291250000000002,2.015941176470588,5.527399999999999,2.425,2.011904761904762,1.6082000000000003,2.0795925925925927,2.312631578947368,2.21525,1.8086376811594198,2.130571428571429,2.2218888888888895,2.4212999999999996,2.7275833333333335,3.048307692307692,2.4143846153846154,2.2318787878787876,3.25,3.25,3.25,3.25,3.25,3.25,3.25,3.25,3.25,3.25,3.25
1.9618750000000003,2.187,1.2588000000000001,1.427357142857143,1.678375,2.043714285714286,1.6078125,1.6291250000000002,2.015941176470588,5.527399999999999,2.425,2.011904761904762,1.6082000000000003,2.0795925925925927,2.312631578947368,2.21525,1.8086376811594198,2.130571428571429,2.2218888888888895,2.4212999999999996,2.7275833333333335,3.048307692307692,2.4143846153846154,2.2318787878787876,3.25,3.25,3.25,3.25,3.25,3.25,3.25,3.25,3.25,3.25,3.25
1.9618750000000003,2.187,1.2588000000000001,1.427357142857143,1.678375,2.043714285714286,1.6078125,1.6291250000000002,2.015941176470588,5.527399999999999,2.425,2.011904761904762,1.6082000000000003,2.0795925925925927,2.312631578947368,2.21525,1.8086376811594198,2.130571428571429,2.2218888888888895,2.4212999999999996,2.7275833333333335,3.048307692307692,2.4143846153846154,2.2318787878787876,3.25,3.25,3.25,3.25,3.25,3.25,3.25,3.25,3.25,3.25,3.25
1.9618750000000003,2.187,1.2588000000000001,1.427357142857143,1.678375,2.043714285714286,1.6078125,1.6291250000000002,2.015941176470588,5.527399999999999,2.425,2.011904761904762,1.6082000000000003,2.0795925925925927,2.312631578947368,2.21525,1.8086376811594198,2.130571428571429,2.2218888888888895,2.4212999999999996,2.7275833333333335,3.048307692307692,2.4143846153846154,2.2318787878787876,3.25,3.25,3.25,3.25,3.25,3.25,3.25,3.25,3.25,3.25,3.25
1.9618750000000003,2.187,1.2588000000000001,1.427357142857143,1.678375,2.043714285714286,1.6078125,1.6291250000000002,2.015941176470588,5.527399999999999,2.425,2.011904761904762,1.6082000000000003,2.0795925925925927,2.312631578947368,2.21525,1.8086376811594198,2.130571428571429,2.2218888888888895,2.4212999999999996,2.7275833333333335,3.048307692307692,2.4143846153846154,2.2318787878787876,3.25,3.25,3.25,3.25,3.25,3.25,3.25,3.25,3.25,3.25,3.25
1.9618750000000003,2.187,1.2588000000000001,1.427357142857143,1.678375,2.043714285714286,1.6078125,1.6291250000000002,2.015941176470588,5.527399999999999,2.425,2.011904761904762,1.6082000000000003,2.0795925925925927,2.312631578947368,2.21525,1.8086376811594198,2.130571428571429,2.2218888888888895,2.4212999999999996,2.7275833333333335,3.048307692307692,2.4143846153846154,2.2318787878787876,3.25,3.25,3.25,3.25,3.25,3.25,3.25,3.25,3.25,3.25,3.25
1.9618750000000003,2.187,1.2588000000000001,1.427357142857143,1.678375,2.043714285714286,1.6078125,1.6291250000000002,2.015941176470588,5.527399999999999,2.425,2.011904761904762,1.6082000000000003,2.0795925925925927,2.312631578947368,2.21525,1.8086376811594198,2.130571428571429,2.2218888888888895,2.4212999999999996,2.7275833333333335,3.048307692307692,2.4143846153846154,2.2318787878787876,3.25,3.25,3.25,3.25,3.25,3.25,3.25,3.25,3.25,3.25,3.25
1.9618750000000003,2.187,1.2588000000000001,1.427357142857143,1.678375,2.043714285714286,1.6078125,1.6291250000000002,2.015941176470588,5.527399999999999,2.425,2.011904761904762,1.6082000000000003,2.0795925925925927,2.312631578947368,2.21525,1.8086376811594198,2.130571428571429,2.2218888888888895,2.4212999999999996,2.7275833333333335,3.048307692307692,2.4143846153846154,2.2318787878787876,3.25,3.25,3.25,3.25,3.25,3.25,3.25,3.25,3.25,3.25,3.25
1.9618750000000003,2.187,1.2588000000000001,1.427357142857143,1.678375,2.043714285714286,1.6078125,1.6291250000000002,2.015941176470588,5.527399999999999,2.425,2.011904761904762,1.6082000000000003,2.0795925925925927,2.312631578947368,2.21525,1.8086376811594198,2.130571428571429,2.2218888888888895,2.4212999999999996,2.7275833333333335,3.048307692307692,2.4143846153846154,2.2318787878787876,3.25,3.25,3.25,3.25,3.25,3.25,3.25,3.25,3.25,3.25,3.25
1.9618750000000003,2.187,1.2588000000000001,1.427357142857143,1.678375,2.043714285714286,1.6078125,1.6291250000000002,2.015941176470588,5.527399999999999,2.425,2.011904761904762,1.6082000000000003,2.0795925925925927,2.312631578947368,2.21525,1.8086376811594198,2.130571428571429,2.2218888888888895,2.4212999999999996,2.7275833333333335,3.048307692307692,2.4143846153846154,2.2318787878787876,3.25,3.25,3.25,3.25,3.25,3.25,3.25,3.25,3.25,3.25,3.25
1.9618750000000003,2.187,1.2588000000000001,1.427357142857143,1.678375,2.043714285714286,1.6078125,1.6291250000000002,2.015941176470588,5.527399999999999,2.425,2.011904761904762,1.6082000000000003,2.0795925925925927,2.312631578947368,2.21525,1.8086376811594198,2.130571428571429,2.2218888888888895,2.4212999999999996,2.7275833333333335,3.048307692307692,2.4143846153846154,2.2318787878787876,3.25,3.25,3.25,3.25,3.25,3.25,3.25,3.25,3.25,3.25,3.25
1.9618750000000003,2.187,1.2588000000000001,1.427357142857143,1.678375,2.043714285714286,1.6078125,1.6291250000000002,2.015941176470588,5.527399999999999,2.425,2.011904761904762,1.6082000000000003,2.0795925925925927,2.312631578947368,2.21525,1.8086376811594198,2.130571428571429,2.2218888888888895,2.4212999999999996,2.7275833333333335,3.048307692307692,2.4143846153846154,2.2318787878787876,3.25,3.25,3.25,3.25,3.25,3.25,3.25,3.25,3.25,3.25,3.25
1.9618750000000003,2.187,1.2588000000000001,1.427357142857143,1.678375,2.043714285714286,1.6078125,1.6291250000000002,2.015941176470588,5.527399999999999,2.425,2.011904761904762,1.6082000000000003,2.0795925925925927,2.312631578947368,2.21525,1.8086376811594198,2.130571428571429,2.2218888888888895,2.4212999999999996,2.7275833333333335,3.048307692307692,2.4143846153846154,2.2318787878787876,3.25,3.25,3.25,3.25,3.25,3.25,3.25,3.25,3.25,3.25,3.25
1.9618750000000003,2.187,1.2588000000000001,1.427357142857143,1.678375,2.043714285714286,1.6078125,1.6291250000000002,2.015941176470588,5.527399999999999,2.425,2.011904761904762,1.6082000000000003,2.0795925925925927,2.312631578947368,2.21525,1.8086376811594198,2.130571428571429,2.2218888888888895,2.4212999999999996,2.7275833333333335,3.048307692307692,2.4143846153846154,2.2318787878787876,3.25,3.25,3.25,3.25,3.25,3.25,3.25,3.25,3.25,3.25,3.25
1.9618750000000003,2.187,1.2588000000000001,1.427357142857143,1.678375,2.043714285714286,1.6078125,1.6291250000000002,2.015941176470588,5.527399999999999,2.425,2.011904761904762,1.6082000000000003,2.0795925925925927,2.312631578947368,2.21525,1.8086376811594198,2.130571428571429,2.2218888888888895,2.4212999999999996,2.7275833333333335,3.048307692307692,2.4143846153846154,2.2318787878787876,3.25,3.25,3.25,3.25,3.25,3.25,3.25,3.25,3.25,3.25,3.25
1.9618750000000003,2.187,1.2588000000000001,1.427357142857143,1.678375,2.043714285714286,1.6078125,1.6291250000000002,2.015941176470588,5.527399999999999,2.425,2.011904761904762,1.6082000000000003,2.0795925925925927,2.312631578947368,2.21525,1.8086376811594198,2.130571428571429,2.2218888888888895,2.4212999999999996,2.7275833333333335,3.048307692307692,2.4143846153846154,2.2318787878787876,3.25,3.25,3.25,3.25,3.25,3.25,3.25,3.25,3.25,3.25,3.25
1.9618750000000003,2.187,1.2588000000000001,1.427357142857143,1.678375,2.043714285714286,1.6078125,1.6291250000000002,2.015941176470588,5.527399999999999,2.425,2.011904761904762,1.6082000000000003,2.0795925925925927,2.312631578947368,2.21525,1.8086376811594198,2.130571428571429,2.2218888888888895,2.4212999999999996,2.7275833333333335,3.048307692307692,2.4143846153846154,2.2318787878787876,3.25,3.25,3.25,3.25,3.25,3.25,3.25,3.25,3.25,3.25,3.25
1.9907499999999998,1.825,1.2865333333333333,1.4873333333333334,1.9189999999999998,2.043166666666666,1.62815,1.615703703703704,2.026,5.841111111111111,1.9923333333333335,2.0841499999999997,1.6107999999999998,2.077095238095238,2.2591666666666663,2.364666666666667,1.8280307692307696,2.0952499999999996,2.2547777777777775,2.406,2.8188,3.0009333333333337,2.385863636363636,2.2043333333333335,3.25,3.25,3.25,3.25,3.25,3.25,3.25,3.25,3.25,3.25,3.25
1.9907499999999998,1.825,1.2865333333333333,1.4873333333333334,1.9189999999999998,2.043166666666666,1.62815,1.615703703703704,2.026,5.841111111111111,1.9923333333333335,2.0841499999999997,1.6107999999999998,2.077095238095238,2.2591666666666663,2.364666666666667,1.8280307692307696,2.0952499999999996,2.2547777777777775,2.406,2.8188,3.0009333333333337,2.385863636363636,2.2043333333333335,3.25,3.25,3.25,3.25,3.25,3.25,3.25,3.25,3.25,3.25,3.25
1.9907499999999998,1.825,1.2865333333333333,1.4873333333333334,1.9189999999999998,2.043166666666666,1.62815,1.615703703703704,2.026,5.841111111111111,1.9923333333333335,2.0841499999999997,1.6107999999999998,2.077095238095238,2.2591666666666663,2.364666666666667,1.8280307692307696,2.0952499999999996,2.2547777777777775,2.406,2.8188,3.0009333333333337,2.385863636363636,2.2043333333333335,3.25,3.25,3.25,3.25,3.25,3.25,3.25,3.25,3.25,3.25,3.25
1.9907499999999998,1.825,1.2865333333333333,1.4873333333333334,1.9189999999999998,2.043166666666666,1.62815,1.615703703703704,2.026,5.841111111111111,1.9923333333333335,2.0841499999999997,1.6107999999999998,2.077095238095238,2.2591666666666663,2.364666666666667,1.8280307692307696,2.0952499999999996,2.2547777777777775,2.406,2.8188,3.0009333333333337,2.385863636363636,2.2043333333333335,3.25,3.25,3.25,3.25,3.25,3.25,3.25,3.25,3.25,3.25,3.25
1.9907499999999998,1.825,1.2865333333333333,1.4873333333333334,1.9189999999999998,2.043166666666666,1.62815,1.615703703703704,2.026,5.841111111111111,1.9923333333333335,2.0841499999999997,1.6107999999999998,2.077095238095238,2.2591666666666663,2.364666666666667,1.8280307692307696,2.0952499999999996,2.2547777777777775,2.406,2.8188,3.0009333333333337,2.385863636363636,2.2043333333333335,3.25,3.25,3.25,3.25,3.25,3.25,3.25,3.25,3.25,3.25,3.25
1.9907499999999998,1.825,1.2865333333333333,1.4873333333333334,1.9189999999999998,2.043166666666666,1.62815,1.615703703703704,2.026,5.841111111111111,1.9923333333333335,2.0841499999999997,1.6107999999999998,2.077095238095238,2.2591666666666663,2.364666666666667,1.8280307692307696,2.0952499999999996,2.2547777777777775,2.406,2.8188,3.0009333333333337,2.385863636363636,2.2043333333333335,3.25,3.25,3.25,3.25,3.25,3.25,3.25,3.25,3.25,3.25,3.25
1.9907499999999998,1.825,1.2865333333333333,1.4873333333333334,1.9189999999999998,2.043166666666666,1.62815,1.615703703703704,2.026,5.841111111111111,1.9923333333333335,2.0841499999999997,1.6107999999999998,2.077095238095238,2.2591666666666663,2.364666666666667,1.8280307692307696,2.0952499999999996,2.2547777777777775,2.406,2.8188,3.0009333333333337,2.385863636363636,2.2043333333333335,3.25,3.25,3.25,3.25,3.25,3.25,3.25,3.25,3.25,3.25,3.25
1.9907499999999998,1.825,1.2865333333333333,1.4873333333333334,1.9189999999999998,2.043166666666666,1.62815,1.615703703703704,2.026,5.841111111111111,1.9923333333333335,2.0841499999999997,1.6107999999999998,2.077095238095238,2.2591666666666663,2.364666666666667,1.8280307692307696,2.0952499999999996,2.2547777777777775,2.406,2.8188,3.0009333333333337,2.385863636363636,2.2043333333333335,3.25,3.25,3.25,3.25,3.25,3.25,3.25,3.25,3.25,3.25,3.25
1.9907499999999998,1.825,1.2865333333333333,1.4873333333333334,1.9189999999999998,2.043166666666666,1.62815,1.615703703703704,2.026,5.841111111111111,1.9923333333333335,2.0841499999999997,1.6107999999999998,2.077095238095238,2.2591666666666663,2.364666666666667,1.8280307692307696,2.0952499999999996,2.2547777777777775,2.406,2.8188,3.0009333333333337,2.385863636363636,2.2043333333333335,3.25,3.25,3.25,3.25,3.25,3.25,3.25,3.25,3.25,3.25,3.25
1.9907499999999998,1.825,1.2865333333333333,1.4873333333333334,1.9189999999999998,2.043166666666666,1.62815,1.615703703703704,2.026,5.841111111111111,1.9923333333333335,2.0841499999999997,1.6107999999999998,2.077095238095238,2.2591666666666663,2.364666666666667,1.8280307692307696,2.0952499999999996,2.2547777777777775,2.406,2.8188,3.0009333333333337,2.385863636363636,2.2043333333333335,3.25,3.25,3.25,3.25,3.25,3.25,3.25,3.25,3.25,3.25,3.25
1.9907499999999998,1.825,1.2865333333333333,1.4873333333333334,1.9189999999999998,2.043166666666666,1.62815,1.615703703703704,2.026,5.841111111111111,1.9923333333333335,2.0841499999999997,1.6107999999999998,2.077095238095238,2.2591666666666663,2.364666666666667,1.8280307692307696,2.0952499999999996,2.2547777777777775,2.406,2.8188,3.0009333333333337,2.385863636363636,2.2043333333333335,3.25,3.25,3.25,3.25,3.25,3.25,3.25,3.25,3.25,3.25,3.25
1.9907499999999998,1.825,1.2865333333333333,1.4873333333333334,1.9189999999999998,2.043166666666666,1.62815,1.615703703703704,2.026,5.841111111111111,1.9923333333333335,2.0841499999999997,1.6107999999999998,2.077095238095238,2.2591666666666663,2.364666666666667,1.8280307692307696,2.0952499999999996,2.2547777777777775,2.406,2.8188,3.0009333333333337,2.385863636363636,2.2043333333333335,3.25,3.25,3.25,3.25,3.25,3.25,3.25,3.25,3.25,3.25,3.25
1.9907499999999998,1.825,1.2865333333333333,1.4873333333333334,1.9189999999999998,2.043166666666666,1.62815,1.615703703703704,2.026,5.841111111111111,1.9923333333333335,2.0841499999999997,1.6107999999999998,2.077095238095238,2.2591666666666663,2.364666666666667,1.8280307692307696,2.0952499999999996,2.2547777777777775,2.406,2.8188,3.0009333333333337,2.385863636363636,2.2043333333333335,3.25,3.25,3.25,3.25,3.25,3.25,3.25,3.25,3.25,3.25,3.25
1.9907499999999998,1.825,1.2865333333333333,1.4873333333333334,1.9189999999999998,2.043166666666666,1.62815,1.615703703703704,2.026,5.841111111111111,1.9923333333333335,2.0841499999999997,1.6107999999999998,2.077095238095238,2.2591666666666663,2.364666666666667,1.8280307692307696,2.0952499999999996,2.2547777777777775,2.406,2.8188,3.0009333333333337,2.385863636363636,2.2043333333333335,3.25,3.25,3.25,3.25,3.25,3.25,3.25,3.25,3.25,3.25,3.25
1.9907499999999998,1.825,1.2865333333333333,1.4873333333333334,1.9189999999999998,2.043166666666666,1.62815,1.615703703703704,2.026,5.841111111111111,1.9923333333333335,2.0841499999999997,1.6107999999999998,2.077095238095238,2.2591666666666663,2.364666666666667,1.8280307692307696,2.0952499999999996,2.2547777777777775,2.406,2.8188,3.0009333333333337,2.385863636363636,2.2043333333333335,3.25,3.25,3.25,3.25,3.25,3.25,3.25,3.25,3.25,3.25,3.25
1.9907499999999998,1.825,1.2865333333333333,1.4873333333333334,1.9189999999999998,2.043166666666666,1.62815,1.615703703703704,2.026,5.841111111111111,1.9923333333333335,2.0841499999999997,1.6107999999999998,2.077095238095238,2.2591666666666663,2.364666666666667,1.8280307692307696,2.0952499999999996,2.2547777777777775,2.406,2.8188,3.0009333333333337,2.385863636363636,2.2043333333333335,3.25,3.25,3.25,3.25,3.25,3.25,3.25,3.25,3.25,3.25,3.25
1.9907499999999998,1.825,1.2865333333333333,1.4873333333333334,1.9189999999999998,2.043166666666666,1.62815,1.615703703703704,2.026,5.841111111111111,1.9923333333333335,2.0841499999999997,1.6107999999999998,2.077095238095238,2.2591666666666663,2.364666666666667,1.8280307692307696,2.0952499999999996,2.2547777777777775,2.406,2.8188,3.0009333333333337,2.385863636363636,2.2043333333333335,3.25,3.25,3.25,3.25,3.25,3.25,3.25,3.25,3.25,3.25,3.25
1.9907499999999998,1.825,1.2865333333333333,1.4873333333333334,1.9189999999999998,2.043166666666666,1.62815,1.615703703703704,2.026,5.841111111111111,1.9923333333333335,2.0841499999999997,1.6107999999999998,2.077095238095238,2.2591666666666663,2.364666666666667,1.8280307692307696,2.0952499999999996,2.2547777777777775,2.406,2.8188,3.0009333333333337,2.385863636363636,2.2043333333333335,3.25,3.25,3.25,3.25,3.25,3.25,3.25,3.25,3.25,3.25,3.25
1.9907499999999998,1.825,1.2865333333333333,1.4873333333333334,1.9189999999999998,2.043166666666666,1.62815,1.615703703703704,2.026,5.841111111111111,1.9923333333333335,2.0841499999999997,1.6107999999999998,2.077095238095238,2.2591666666666663,2.364666666666667,1.8280307692307696,2.0952499999999996,2.2547777777777775,2.406,2.8188,3.0009333333333337,2.385863636363636,2.2043333333333335,3.25,3.25,3.25,3.25,3.25,3.25,3.25,3.25,3.25,3.25,3.25
1.9907499999999998,1.825,1.2865333333333333,1.4873333333333334,1.9189999999999998,2.043166666666666,1.62815,1.615703703703704,2.026,5.841111111111111,1.9923333333333335,2.0841499999999997,1.6107999999999998,2.077095238095238,2.2591666666666663,2.364666666666667,1.8280307692307696,2.0952499999999996,2.2547777777777775,2.406,2.8188,3.0009333333333337,2.385863636363636,2.2043333333333335,3.25,3.25,3.25,3.25,3.25,3.25,3.25,3.25,3.25,3.25,3.25
1.9907499999999998,1.825,1.2865333333333333,1.4873333333333334,1.9189999999999998,2.043166666666666,1.62815,1.615703703703704,2.026,5.841111111111111,1.9923333333333335,2.0841499999999997,1.6107999999999998,2.077095238095238,2.2591666666666663,2.364666666666667,1.8280307692307696,2.0952499999999996,2.2547777777777775,2.406,2.8188,3.0009333333333337,2.385863636363636,2.2043333333333335,3.25,3.25,3.25,3.25,3.25,3.25,3.25,3.25,3.25,3.25,3.25
1.9907499999999998,1.825,1.2865333333333333,1.4873333333333334,1.9189999999999998,2.043166666666666,1.62815,1.615703703703704,2.026,5.841111111111111,1.9923333333333335,2.0841499999999997,1.6107999999999998,2.077095238095238,2.2591666666666663,2.364666666666667,1.8280307692307696,2.0952499999999996,2.2547777777777775,2.406,2.8188,3.0009333333333337,2.385863636363636,2.2043333333333335,3.25,3.25,3.25,3.25,3.25,3.25,3.25,3.25,3.25,3.25,3.25
1.9907499999999998,1.825,1.2865333333333333,1.4873333333333334,1.9189999999999998,2.043166666666666,1.62815,1.615703703703704,2.026,5.841111111111111,1.9923333333333335,2.0841499999999997,1.6107999999999998,2.077095238095238,2.2591666666666663,2.364666666666667,1.8280307692307696,2.0952499999999996,2.2547777777777775,2.406,2.8188,3.0009333333333337,2.385863636363636,2.2043333333333335,3.25,3.25,3.25,3.25,3.25,3.25,3.25,3.25,3.25,3.25,3.25
1.9907499999999998,1.825,1.2865333333333333,1.4873333333333334,1.9189999999999998,2.043166666666666,1.62815,1.615703703703704,2.026,5.841111111111111,1.9923333333333335,2.0841499999999997,1.6107999999999998,2.077095238095238,2.2591666666666663,2.364666666666667,1.8280307692307696,2.0952499999999996,2.2547777777777775,2.406,2.8188,3.0009333333333337,2.385863636363636,2.2043333333333335,3.25,3.25,3.25,3.25,3.25,3.25,3.25,3.25,3.25,3.25,3.25
1.9907499999999998,1.825,1.2865333333333333,1.4873333333333334,1.9189999999999998,2.043166666666666,1.62815,1.615703703703704,2.026,5.841111111111111,1.9923333333333335,2.0841499999999997,1.6107999999999998,2.077095238095238,2.2591666666666663,2.364666666666667,1.8280307692307696,2.0952499999999996,2.2547777777777775,2.406,2.8188,3.0009333333333337,2.385863636363636,2.2043333333333335,3.25,3.25,3.25,3.25,3.25,3.25,3.25,3.25,3.25,3.25,3.25
1.9907499999999998,1.825,1.2865333333333333,1.4873333333333334,1.9189999999999998,2.043166666666666,1.62815,1.615703703703704,2.026,5.841111111111111,1.9923333333333335,2.0841499999999997,1.6107999999999998,2.077095238095238,2.2591666666666663,2.364666666666667,1.8280307692307696,2.0952499999999996,2.2547777777777775,2.406,2.8188,3.0009333333333337,2.385863636363636,2.2043333333333335,3.25,3.25,3.25,3.25,3.25,3.25,3.25,3.25,3.25,3.25,3.25
1.9907499999999998,1.825,1.2865333333333333,1.4873333333333334,1.9189999999999998,2.043166666666666,1.62815,1.615703703703704,2.026,5.841111111111111,1.9923333333333335,2.0841499999999997,1.6107999999999998,2.077095238095238,2.2591666666666663,2.364666666666667,1.8280307692307696,2.0952499999999996,2.2547777777777775,2.406,2.8188,3.0009333333333337,2.385863636363636,2.2043333333333335,3.25,3.25,3.25,3.25,3.25,3.25,3.25,3.25,3.25,3.25,3.25
1.9907499999999998,1.825,1.2865333333333333,1.4873333333333334,1.9189999999999998,2.043166666666666,1.62815,1.615703703703704,2.026,5.841111111111111,1.9923333333333335,2.0841499999999997,1.6107999999999998,2.077095238095238,2.2591666666666663,2.364666666666667,1.8280307692307696,2.0952499999999996,2.2547777777777775,2.406,2.8188,3.0009333333333337,2.385863636363636,2.2043333333333335,3.25,3.25,3.25,3.25,3.25,3.25,3.25,3.25,3.25,3.25,3.25
1.9907499999999998,1.825,1.2865333333333333,1.4873333333333334,1.9189999999999998,2.043166666666666,1.62815,1.615703703703704,2.026,5.841111111111111,1.9923333333333335,2.0841499999999997,1.6107999999999998,2.077095238095238,2.2591666666666663,2.364666666666667,1.8280307692307696,2.0952499999999996,2.2547777777777775,2.406,2.8188,3.0009333333333337,2.385863636363636,2.2043333333333335,3.25,3.25,3.25,3.25,3.25,3.25,3.25,3.25,3.25,3.25,3.25
1.9907499999999998,1.825,1.2865333333333333,1.4873333333333334,1.9189999999999998,2.043166666666666,1.62815,1.615703703703704,2.026,5.841111111111111,1.9923333333333335,2.0841499999999997,1.6107999999999998,2.077095238095238,2.2591666666666663,2.364666666666667,1.8280307692307696,2.0952499999999996,2.2547777777777775,2.406,2.8188,3.0009333333333337,2.385863636363636,2.2043333333333335,3.25,3.25,3.25,3.25,3.25,3.25,3.25,3.25,3.25,3.25,3.25
1.8825,1.775,1.3033571428571429,1.4875625000000006,1.6721666666666666,2.05,1.6588125000000002,1.643741935483871,2.079055555555555,7.786428571428572,3.0915,2.10735,1.6413333333333333,2.0884583333333335,2.3756538461538463,2.343,1.9146142857142856,2.290307692307692,2.2358,2.8445454545454543,2.749133333333333,2.9853125,2.759799999999999,2.166074074074074,3.25,3.25,3.25,3.25,3.25,3.25,3.25,3.25,3.25,3.25,3.25
1.8825,1.775,1.3033571428571429,1.4875625000000006,1.6721666666666666,2.05,1.6588125000000002,1.643741935483871,2.079055555555555,7.786428571428572,3.0915,2.10735,1.6413333333333333,2.0884583333333335,2.3756538461538463,2.343,1.9146142857142856,2.290307692307692,2.2358,2.8445454545454543,2.749133333333333,2.9853125,2.759799999999999,2.166074074074074,3.25,3.25,3.25,3.25,3.25,3.25,3.25,3.25,3.25,3.25,3.25
1.8825,1.775,1.3033571428571429,1.4875625000000006,1.6721666666666666,2.05,1.6588125000000002,1.643741935483871,2.079055555555555,7.786428571428572,3.0915,2.10735,1.6413333333333333,2.0884583333333335,2.3756538461538463,2.343,1.9146142857142856,2.290307692307692,2.2358,2.8445454545454543,2.749133333333333,2.9853125,2.759799999999999,2.166074074074074,3.25,3.25,3.25,3.25,3.25,3.25,3.25,3.25,3.25,3.25,3.25
1.8825,1.775,1.3033571428571429,1.4875625000000006,1.6721666666666666,2.05,1.6588125000000002,1.643741935483871,2.079055555555555,7.786428571428572,3.0915,2.10735,1.6413333333333333,2.0884583333333335,2.3756538461538463,2.343,1.9146142857142856,2.290307692307692,2.2358,2.8445454545454543,2.749133333333333,2.9853125,2.759799999999999,2.166074074074074,3.25,3.25,3.25,3.25,3.25,3.25,3.25,3.25,3.25,3.25,3.25
1.8825,1.775,1.3033571428571429,1.4875625000000006,1.6721666666666666,2.05,1.6588125000000002,1.643741935483871,2.079055555555555,7.786428571428572,3.0915,2.10735,1.6413333333333333,2.0884583333333335,2.3756538461538463,2.343,1.9146142857142856,2.290307692307692,2.2358,2.8445454545454543,2.749133333333333,2.9853125,2.759799999999999,2.166074074074074,3.25,3.25,3.25,3.25,3.25,3.25,3.25,3.25,3.25,3.25,3.25
1.8825,1.775,1.3033571428571429,1.4875625000000006,1.6721666666666666,2.05,1.6588125000000002,1.643741935483871,2.079055555555555,7.786428571428572,3.0915,2.10735,1.6413333333333333,2.0884583333333335,2.3756538461538463,2.343,1.9146142857142856,2.290307692307692,2.2358,2.8445454545454543,2.749133333333333,2.9853125,2.759799999999999,2.166074074074074,3.25,3.25,3.25,3.25,3.25,3.25,3.25,3.25,3.25,3.25,3.25
1.8825,1.775,1.3033571428571429,1.4875625000000006,1.6721666666666666,2.05,1.6588125000000002,1.643741935483871,2.079055555555555,7.786428571428572,3.0915,2.10735,1.6413333333333333,2.0884583333333335,2.3756538461538463,2.343,1.9146142857142856,2.290307692307692,2.2358,2.8445454545454543,2.749133333333333,2.9853125,2.759799999999999,2.166074074074074,3.25,3.25,3.25,3.25,3.25,3.25,3.25,3.25,3.25,3.25,3.25
1.8825,1.775,1.3033571428571429,1.4875625000000006,1.6721666666666666,2.05,1.6588125000000002,1.643741935483871,2.079055555555555,7.786428571428572,3.0915,2.10735,1.6413333333333333,2.0884583333333335,2.3756538461538463,2.343,1.9146142857142856,2.290307692307692,2.2358,2.8445454545454543,2.749133333333333,2.9853125,2.759799999999999,2.166074074074074,3.25,3.25,3.25,3.25,3.25,3.25,3.25,3.25,3.25,3.25,3.25
1.8825,1.775,1.3033571428571429,1.4875625000000006,1.6721666666666666,2.05,1.6588125000000002,1.643741935483871,2.079055555555555,7.786428571428572,3.0915,2.10735,1.6413333333333333,2.0884583333333335,2.3756538461538463,2.343,1.9146142857142856,2.290307692307692,2.2358,2.8445454545454543,2.749133333333333,2.9853125,2.759799999999999,2.166074074074074,3.25,3.25,3.25,3.25,3.25,3.25,3.25,3.25,3.25,3.25,3.25
1.8825,1.775,1.3033571428571429,1.4875625000000006,1.6721666666666666,2.05,1.6588125000000002,1.643741935483871,2.079055555555555,7.786428571428572,3.0915,2.10735,1.6413333333333333,2.0884583333333335,2.3756538461538463,2.343,1.9146142857142856,2.290307692307692,2.2358,2.8445454545454543,2.749133333333333,2.9853125,2.759799999999999,2.166074074074074,3.25,3.25,3.25,3.25,3.25,3.25,3.25,3.25,3.25,3.25,3.25
1.8825,1.775,1.3033571428571429,1.4875625000000006,1.6721666666666666,2.05,1.6588125000000002,1.643741935483871,2.079055555555555,7.786428571428572,3.0915,2.10735,1.6413333333333333,2.0884583333333335,2.3756538461538463,2.343,1.9146142857142856,2.290307692307692,2.2358,2.8445454545454543,2.749133333333333,2.9853125,2.759799999999999,2.166074074074074,3.25,3.25,3.25,3.25,3.25,3.25,3.25,3.25,3.25,3.25,3.25
1.8825,1.775,1.3033571428571429,1.4875625000000006,1.6721666666666666,2.05,1.6588125000000002,1.643741935483871,2.079055555555555,7.786428571428572,3.0915,2.10735,1.6413333333333333,2.0884583333333335,2.3756538461538463,2.343,1.9146142857142856,2.290307692307692,2.2358,2.8445454545454543,2.749133333333333,2.9853125,2.759799999999999,2.166074074074074,3.25,3.25,3.25,3.25,3.25,3.25,3.25,3.25,3.25,3.25,3.25
1.8825,1.775,1.3033571428571429,1.4875625000000006,1.6721666666666666,2.05,1.6588125000000002,1.643741935483871,2.079055555555555,7.786428571428572,3.0915,2.10735,1.6413333333333333,2.0884583333333335,2.3756538461538463,2.343,1.9146142857142856,2.290307692307692,2.2358,2.8445454545454543,2.749133333333333,2.9853125,2.759799999999999,2.166074074074074,3.25,3.25,3.25,3.25,3.25,3.25,3.25,3.25,3.25,3.25,3.25
1.8825,1.775,1.3033571428571429,1.4875625000000006,1.6721666666666666,2.05,1.6588125000000002,1.643741935483871,2.079055555555555,7.786428571428572,3.0915,2.10735,1.6413333333333333,2.0884583333333335,2.3756538461538463,2.343,1.9146142857142856,2.290307692307692,2.2358,2.8445454545454543,2.749133333333333,2.9853125,2.759799999999999,2.166074074074074,3.25,3.25,3.25,3.25,3.25,3.25,3.25,3.25,3.25,3.25,3.25
1.8825,1.775,1.3033571428571429,1.4875625000000006,1.6721666666666666,2.05,1.6588125000000002,1.643741935483871,2.079055555555555,7.786428571428572,3.0915,2.10735,1.6413333333333333,2.0884583333333335,2.3756538461538463,2.343,1.9146142857142856,2.290307692307692,2.2358,2.8445454545454543,2.749133333333333,2.9853125,2.759799999999999,2.166074074074074,3.25,3.25,3.25,3.25,3.25,3.25,3.25,3.25,3.25,3.25,3.25
1.8825,1.775,1.3033571428571429,1.4875625000000006,1.6721666666666666,2.05,1.6588125000000002,1.643741935483871,2.079055555555555,7.786428571428572,3.0915,2.10735,1.6413333333333333,2.0884583333333335,2.3756538461538463,2.343,1.9146142857142856,2.290307692307692,2.2358,2.8445454545454543,2.749133333333333,2.9853125,2.759799999999999,2.166074074074074,3.25,3.25,3.25,3.25,3.25,3.25,3.25,3.25,3.25,3.25,3.25
1.8825,1.775,1.3033571428571429,1.4875625000000006,1.6721666666666666,2.05,1.6588125000000002,1.643741935483871,2.079055555555555,7.786428571428572,3.0915,2.10735,1.6413333333333333,2.0884583333333335,2.3756538461538463,2.343,1.9146142857142856,2.290307692307692,2.2358,2.8445454545454543,2.749133333333333,2.9853125,2.759799999999999,2.166074074074074,3.25,3.25,3.25,3.25,3.25,3.25,3.25,3.25,3.25,3.25,3.25
1.8825,1.775,1.3033571428571429,1.4875625000000006,1.6721666666666666,2.05,1.6588125000000002,1.643741935483871,2.079055555555555,7.786428571428572,3.0915,2.10735,1.6413333333333333,2.0884583333333335,2.3756538461538463,2.343,1.9146142857142856,2.290307692307692,2.2358,2.8445454545454543,2.749133333333333,2.9853125,2.759799999999999,2.166074074074074,3.25,3.25,3.25,3.25,3.25,3.25,3.25,3.25,3.25,3.25,3.25
1.8825,1.775,1.3033571428571429,1.4875625000000006,1.6721666666666666,2.05,1.6588125000000002,1.643741935483871,2.079055555555555,7.786428571428572,3.0915,2.10735,1.6413333333333333,2.0884583333333335,2.3756538461538463,2.343,1.9146142857142856,2.290307692307692,2.2358,2.8445454545454543,2.749133333333333,2.9853125,2.759799999999999,2.166074074074074,3.25,3.25,3.25,3.25,3.25,3.25,3.25,3.25,3.25,3.25,3.25
1.8825,1.775,1.3033571428571429,1.4875625000000006,1.6721666666666666,2.05,1.6588125000000002,1.643741935483871,2.079055555555555,7.786428571428572,3.0915,2.10735,1.6413333333333333,2.0884583333333335,2.3756538461538463,2.343,1.9146142857142856,2.290307692307692,2.2358,2.8445454545454543,2.749133333333333,2.9853125,2.759799999999999,2.166074074074074,3.25,3.25,3.25,3.25,3.25,3.25,3.25,3.25,3.25,3.25,3.25
1.8825,1.775,1.3033571428571429,1.4875625000000006,1.6721666666666666,2.05,1.6588125000000002,1.643741935483871,2.079055555555555,7.786428571428572,3.0915,2.10735,1.6413333333333333,2.0884583333333335,2.3756538461538463,2.343,1.9146142857142856,2.290307692307692,2.2358,2.8445454545454543,2.749133333333333,2.9853125,2.759799999999999,2.166074074074074,3.25,3.25,3.25,3.25,3.25,3.25,3.25,3.25,3.25,3.25,3.25
1.8825,1.775,1.3033571428571429,1.4875625000000006,1.6721666666666666,2.05,1.6588125000000002,1.643741935483871,2.079055555555555,7.786428571428572,3.0915,2.10735,1.6413333333333333,2.0884583333333335,2.3756538461538463,2.343,1.9146142857142856,2.290307692307692,2.2358,2.8445454545454543,2.749133333333333,2.9853125,2.759799999999999,2.166074074074074,3.25,3.25,3.25,3.25,3.25,3.25,3.25,3.25,3.25,3.25,3.25
1.8825,1.775,1.3033571428571429,1.4875625000000006,1.6721666666666666,2.05,1.6588125000000002,1.643741935483871,2.079055555555555,7.786428571428572,3.0915,2.10735,1.6413333333333333,2.0884583333333335,2.3756538461538463,2.343,1.9146142857142856,2.290307692307692,2.2358,2.8445454545454543,2.749133333333333,2.9853125,2.759799999999999,2.166074074074074,3.25,3.25,3.25,3.25,3.25,3.25,3.25,3.25,3.25,3.25,3.25
1.8825,1.775,1.3033571428571429,1.4875625000000006,1.6721666666666666,2.05,1.6588125000000002,1.643741935483871,2.079055555555555,7.786428571428572,3.0915,2.10735,1.6413333333333333,2.0884583333333335,2.3756538461538463,2.343,1.9146142857142856,2.290307692307692,2.2358,2.8445454545454543,2.749133333333333,2.9853125,2.759799999999999,2.166074074074074,3.25,3.25,3.25,3.25,3.25,3.25,3.25,3.25,3.25,3.25,3.25
1.8825,1.775,1.3033571428571429,1.4875625000000006,1.6721666666666666,2.05,1.6588125000000002,1.643741935483871,2.079055555555555,7.786428571428572,3.0915,2.10735,1.6413333333333333,2.0884583333333335,2.3756538461538463,2.343,1.9146142857142856,2.290307692307692,2.2358,2.8445454545454543,2.749133333333333,2.9853125,2.759799999999999,2.166074074074074,3.25,3.25,3.25,3.25,3.25,3.25,3.25,3.25,3.25,3.25,3.25
1.8825,1.775,1.3033571428571429,1.4875625000000006,1.6721666666666666,2.05,1.6588125000000002,1.643741935483871,2.079055555555555,7.786428571428572,3.0915,2.10735,1.6413333333333333,2.0884583333333335,2.3756538461538463,2.343,1.9146142857142856,2.290307692307692,2.2358,2.8445454545454543,2.749133333333333,2.9853125,2.759799999999999,2.166074074074074,3.25,3.25,3.25,3.25,3.25,3.25,3.25,3.25,3.25,3.25,3.25
1.8825,1.775,1.3033571428571429,1.4875625000000006,1.6721666666666666,2.05,1.6588125000000002,1.643741935483871,2.079055555555555,7.786428571428572,3.0915,2.10735,1.6413333333333333,2.0884583333333335,2.3756538461538463,2.343,1.9146142857142856,2.290307692307692,2.2358,2.8445454545454543,2.749133333333333,2.9853125,2.759799999999999,2.166074074074074,3.25,3.25,3.25,3.25,3.25,3.25,3.25,3.25,3.25,3.25,3.25
1.8825,1.775,1.3033571428571429,1.4875625000000006,1.6721666666666666,2.05,1.6588125000000002,1.643741935483871,2.079055555555555,7.786428571428572,3.0915,2.10735,1.6413333333333333,2.0884583333333335,2.3756538461538463,2.343,1.9146142857142856,2.290307692307692,2.2358,2.8445454545454543,2.749133333333333,2.9853125,2.759799999999999,2.166074074074074,3.25,3.25,3.25,3.25,3.25,3.25,3.25,3.25,3.25,3.25,3.25
1.8825,1.775,1.3033571428571429,1.4875625000000006,1.6721666666666666,2.05,1.6588125000000002,1.643741935483871,2.079055555555555,7.786428571428572,3.0915,2.10735,1.6413333333333333,2.0884583333333335,2.3756538461538463,2.343,1.9146142857142856,2.290307692307692,2.2358,2.8445454545454543,2.749133333333333,2.9853125,2.759799999999999,2.166074074074074,3.25,3.25,3.25,3.25,3.25,3.25,3.25,3.25,3.25,3.25,3.25
1.8825,1.775,1.3033571428571429,1.4875625000000006,1.6721666666666666,2.05,1.6588125000000002,1.643741935483871,2.079055555555555,7.786428571428572,3.0915,2.10735,1.6413333333333333,2.0884583333333335,2.3756538461538463,2.343,1.9146142857142856,2.290307692307692,2.2358,2.8445454545454543,2.749133333333333,2.9853125,2.759799999999999,2.166074074074074,3.25,3.25,3.25,3.25,3.25,3.25,3.25,3.25,3.25,3.25,3.25
1.8825,1.775,1.3033571428571429,1.4875625000000006,1.6721666666666666,2.05,1.6588125000000002,1.643741935483871,2.079055555555555,7.786428571428572,3.0915,2.10735,1.6413333333333333,2.0884583333333335,2.3756538461538463,2.343,1.9146142857142856,2.290307692307692,2.2358,2.8445454545454543,2.749133333333333,2.9853125,2.759799999999999,2.166074074074074,3.25,3.25,3.25,3.25,3.25,3.25,3.25,3.25,3.25,3.25,3.25
1.9326666666666665,1.766,1.3022666666666667,1.49,1.742875,2.1028000000000002,1.6689545454545454,1.6620000000000001,2.188277777777778,8.6795,3.0985,2.12736,1.6512857142857142,2.1031153846153847,2.3417826086956524,2.0765,1.9789375,2.0495714285714284,2.4913,2.8723076923076922,2.705923076923077,2.946,3.180807692307693,2.2763437500000006,3.25,3.25,3.25,3.25,3.25,3.25,3.25,3.25,3.25,3.25,3.25
1.9326666666666665,1.766,1.3022666666666667,1.49,1.742875,2.1028000000000002,1.6689545454545454,1.6620000000000001,2.188277777777778,8.6795,3.0985,2.12736,1.6512857142857142,2.1031153846153847,2.3417826086956524,2.0765,1.9789375,2.0495714285714284,2.4913,2.8723076923076922,2.705923076923077,2.946,3.180807692307693,2.2763437500000006,3.25,3.25,3.25,3.25,3.25,3.25,3.25,3.25,3.25,3.25,3.25
1.9326666666666665,1.766,1.3022666666666667,1.49,1.742875,2.1028000000000002,1.6689545454545454,1.6620000000000001,2.188277777777778,8.6795,3.0985,2.12736,1.6512857142857142,2.1031153846153847,2.3417826086956524,2.0765,1.9789375,2.0495714285714284,2.4913,2.8723076923076922,2.705923076923077,2.946,3.180807692307693,2.2763437500000006,3.25,3.25,3.25,3.25,3.25,3.25,3.25,3.25,3.25,3.25,3.25
1.9326666666666665,1.766,1.3022666666666667,1.49,1.742875,2.1028000000000002,1.6689545454545454,1.6620000000000001,2.188277777777778,8.6795,3.0985,2.12736,1.6512857142857142,2.1031153846153847,2.3417826086956524,2.0765,1.9789375,2.0495714285714284,2.4913,2.8723076923076922,2.705923076923077,2.946,3.180807692307693,2.2763437500000006,3.25,3.25,3.25,3.25,3.25,3.25,3.25,3.25,3.25,3.25,3.25
1.9326666666666665,1.766,1.3022666666666667,1.49,1.742875,2.1028000000000002,1.6689545454545454,1.6620000000000001,2.188277777777778,8.6795,3.0985,2.12736,1.6512857142857142,2.1031153846153847,2.3417826086956524,2.0765,1.9789375,2.0495714285714284,2.4913,2.8723076923076922,2.705923076923077,2.946,3.180807692307693,2.2763437500000006,3.25,3.25,3.25,3.25,3.25,3.25,3.25,3.25,3.25,3.25,3.25
1.9326666666666665,1.766,1.3022666666666667,1.49,1.742875,2.1028000000000002,1.6689545454545454,1.6620000000000001,2.188277777777778,8.6795,3.0985,2.12736,1.6512857142857142,2.1031153846153847,2.3417826086956524,2.0765,1.9789375,2.0495714285714284,2.4913,2.8723076923076922,2.705923076923077,2.946,3.180807692307693,2.2763437500000006,3.25,3.25,3.25,3.25,3.25,3.25,3.25,3.25,3.25,3.25,3.25
1.9326666666666665,1.766,1.3022666666666667,1.49,1.742875,2.1028000000000002,1.6689545454545454,1.6620000000000001,2.188277777777778,8.6795,3.0985,2.12736,1.6512857142857142,2.1031153846153847,2.3417826086956524,2.0765,1.9789375,2.0495714285714284,2.4913,2.8723076923076922,2.705923076923077,2.946,3.180807692307693,2.2763437500000006,3.25,3.25,3.25,3.25,3.25,3.25,3.25,3.25,3.25,3.25,3.25
1.9326666666666665,1.766,1.3022666666666667,1.49,1.742875,2.1028000000000002,1.6689545454545454,1.6620000000000001,2.188277777777778,8.6795,3.0985,2.12736,1.6512857142857142,2.1031153846153847,2.3417826086956524,2.0765,1.9789375,2.0495714285714284,2.4913,2.8723076923076922,2.705923076923077,2.946,3.180807692307693,2.2763437500000006,3.25,3.25,3.25,3.25,3.25,3.25,3.25,3.25,3.25,3.25,3.25
1.9326666666666665,1.766,1.3022666666666667,1.49,1.742875,2.1028000000000002,1.6689545454545454,1.6620000000000001,2.188277777777778,8.6795,3.0985,2.12736,1.6512857142857142,2.1031153846153847,2.3417826086956524,2.0765,1.9789375,2.0495714285714284,2.4913,2.8723076923076922,2.705923076923077,2.946,3.180807692307693,2.2763437500000006,3.25,3.25,3.25,3.25,3.25,3.25,3.25,3.25,3.25,3.25,3.25
1.9326666666666665,1.766,1.3022666666666667,1.49,1.742875,2.1028000000000002,1.6689545454545454,1.6620000000000001,2.188277777777778,8.6795,3.0985,2.12736,1.6512857142857142,2.1031153846153847,2.3417826086956524,2.0765,1.9789375,2.0495714285714284,2.4913,2.8723076923076922,2.705923076923077,2.946,3.180807692307693,2.2763437500000006,3.25,3.25,3.25,3.25,3.25,3.25,3.25,3.25,3.25,3.25,3.25
1.9326666666666665,1.766,1.3022666666666667,1.49,1.742875,2.1028000000000002,1.6689545454545454,1.6620000000000001,2.188277777777778,8.6795,3.0985,2.12736,1.6512857142857142,2.1031153846153847,2.3417826086956524,2.0765,1.9789375,2.0495714285714284,2.4913,2.8723076923076922,2.705923076923077,2.946,3.180807692307693,2.2763437500000006,3.25,3.25,3.25,3.25,3.25,3.25,3.25,3.25,3.25,3.25,3.25
1.9326666666666665,1.766,1.3022666666666667,1.49,1.742875,2.1028000000000002,1.6689545454545454,1.6620000000000001,2.188277777777778,8.6795,3.0985,2.12736,1.6512857142857142,2.1031153846153847,2.3417826086956524,2.0765,1.9789375,2.0495714285714284,2.4913,2.8723076923076922,2.705923076923077,2.946,3.180807692307693,2.2763437500000006,3.25,3.25,3.25,3.25,3.25,3.25,3.25,3.25,3.25,3.25,3.25
1.9326666666666665,1.766,1.3022666666666667,1.49,1.742875,2.1028000000000002,1.6689545454545454,1.6620000000000001,2.188277777777778,8.6795,3.0985,2.12736,1.6512857142857142,2.1031153846153847,2.3417826086956524,2.0765,1.9789375,2.0495714285714284,2.4913,2.8723076923076922,2.705923076923077,2.946,3.180807692307693,2.2763437500000006,3.25,3.25,3.25,3.25,3.25,3.25,3.25,3.25,3.25,3.25,3.25
1.9326666666666665,1.766,1.3022666666666667,1.49,1.742875,2.1028000000000002,1.6689545454545454,1.6620000000000001,2.188277777777778,8.6795,3.0985,2.12736,1.6512857142857142,2.1031153846153847,2.3417826086956524,2.0765,1.9789375,2.0495714285714284,2.4913,2.8723076923076922,2.705923076923077,2.946,3.180807692307693,2.2763437500000006,3.25,3.25,3.25,3.25,3.25,3.25,3.25,3.25,3.25,3.25,3.25
1.9326666666666665,1.766,1.3022666666666667,1.49,1.742875,2.1028000000000002,1.6689545454545454,1.6620000000000001,2.188277777777778,8.6795,3.0985,2.12736,1.6512857142857142,2.1031153846153847,2.3417826086956524,2.0765,1.9789375,2.0495714285714284,2.4913,2.8723076923076922,2.705923076923077,2.946,3.180807692307693,2.2763437500000006,3.25,3.25,3.25,3.25,3.25,3.25,3.25,3.25,3.25,3.25,3.25
1.9326666666666665,1.766,1.3022666666666667,1.49,1.742875,2.1028000000000002,1.6689545454545454,1.6620000000000001,2.188277777777778,8.6795,3.0985,2.12736,1.6512857142857142,2.1031153846153847,2.3417826086956524,2.0765,1.9789375,2.0495714285714284,2.4913,2.8723076923076922,2.705923076923077,2.946,3.180807692307693,2.2763437500000006,3.25,3.25,3.25,3.25,3.25,3.25,3.25,3.25,3.25,3.25,3.25
1.9326666666666665,1.766,1.3022666666666667,1.49,1.742875,2.1028000000000002,1.6689545454545454,1.6620000000000001,2.188277777777778,8.6795,3.0985,2.12736,1.6512857142857142,2.1031153846153847,2.3417826086956524,2.0765,1.9789375,2.0495714285714284,2.4913,2.8723076923076922,2.705923076923077,2.946,3.180807692307693,2.2763437500000006,3.25,3.25,3.25,3.25,3.25,3.25,3.25,3.25,3.25,3.25,3.25
1.9326666666666665,1.766,1.3022666666666667,1.49,1.742875,2.1028000000000002,1.6689545454545454,1.6620000000000001,2.188277777777778,8.6795,3.0985,2.12736,1.6512857142857142,2.1031153846153847,2.3417826086956524,2.0765,1.9789375,2.0495714285714284,2.4913,2.8723076923076922,2.705923076923077,2.946,3.180807692307693,2.2763437500000006,3.25,3.25,3.25,3.25,3.25,3.25,3.25,3.25,3.25,3.25,3.25
1.9326666666666665,1.766,1.3022666666666667,1.49,1.742875,2.1028000000000002,1.6689545454545454,1.6620000000000001,2.188277777777778,8.6795,3.0985,2.12736,1.6512857142857142,2.1031153846153847,2.3417826086956524,2.0765,1.9789375,2.0495714285714284,2.4913,2.8723076923076922,2.705923076923077,2.946,3.180807692307693,2.2763437500000006,3.25,3.25,3.25,3.25,3.25,3.25,3.25,3.25,3.25,3.25,3.25
1.9326666666666665,1.766,1.3022666666666667,1.49,1.742875,2.1028000000000002,1.6689545454545454,1.6620000000000001,2.188277777777778,8.6795,3.0985,2.12736,1.6512857142857142,2.1031153846153847,2.3417826086956524,2.0765,1.9789375,2.0495714285714284,2.4913,2.8723076923076922,2.705923076923077,2.946,3.180807692307693,2.2763437500000006,3.25,3.25,3.25,3.25,3.25,3.25,3.25,3.25,3.25,3.25,3.25
1.9326666666666665,1.766,1.3022666666666667,1.49,1.742875,2.1028000000000002,1.6689545454545454,1.6620000000000001,2.188277777777778,8.6795,3.0985,2.12736,1.6512857142857142,2.1031153846153847,2.3417826086956524,2.0765,1.9789375,2.0495714285714284,2.4913,2.8723076923076922,2.705923076923077,2.946,3.180807692307693,2.2763437500000006,3.25,3.25,3.25,3.25,3.25,3.25,3.25,3.25,3.25,3.25,3.25
1.9326666666666665,1.766,1.3022666666666667,1.49,1.742875,2.1028000000000002,1.6689545454545454,1.6620000000000001,2.188277777777778,8.6795,3.0985,2.12736,1.6512857142857142,2.1031153846153847,2.3417826086956524,2.0765,1.9789375,2.0495714285714284,2.4913,2.8723076923076922,2.705923076923077,2.946,3.180807692307693,2.2763437500000006,3.25,3.25,3.25,3.25,3.25,3.25,3.25,3.25,3.25,3.25,3.25
1.9326666666666665,1.766,1.3022666666666667,1.49,1.742875,2.1028000000000002,1.6689545454545454,1.6620000000000001,2.188277777777778,8.6795,3.0985,2.12736,1.6512857142857142,2.1031153846153847,2.3417826086956524,2.0765,1.9789375,2.0495714285714284,2.4913,2.8723076923076922,2.705923076923077,2.946,3.180807692307693,2.2763437500000006,3.25,3.25,3.25,3.25,3.25,3.25,3.25,3.25,3.25,3.25,3.25
1.9326666666666665,1.766,1.3022666666666667,1.49,1.742875,2.1028000000000002,1.6689545454545454,1.6620000000000001,2.188277777777778,8.6795,3.0985,2.12736,1.6512857142857142,2.1031153846153847,2.3417826086956524,2.0765,1.9789375,2.0495714285714284,2.4913,2.8723076923076922,2.705923076923077,2.946,3.180807692307693,2.2763437500000006,3.25,3.25,3.25,3.25,3.25,3.25,3.25,3.25,3.25,3.25,3.25
1.9326666666666665,1.766,1.3022666666666667,1.49,1.742875,2.1028000000000002,1.6689545454545454,1.6620000000000001,2.188277777777778,8.6795,3.0985,2.12736,1.6512857142857142,2.1031153846153847,2.3417826086956524,2.0765,1.9789375,2.0495714285714284,2.4913,2.8723076923076922,2.705923076923077,2.946,3.180807692307693,2.2763437500000006,3.25,3.25,3.25,3.25,3.25,3.25,3.25,3.25,3.25,3.25,3.25
1.9326666666666665,1.766,1.3022666666666667,1.49,1.742875,2.1028000000000002,1.6689545454545454,1.6620000000000001,2.188277777777778,8.6795,3.0985,2.12736,1.6512857142857142,2.1031153846153847,2.3417826086956524,2.0765,1.9789375,2.0495714285714284,2.4913,2.8723076923076922,2.705923076923077,2.946,3.180807692307693,2.2763437500000006,3.25,3.25,3.25,3.25,3.25,3.25,3.25,3.25,3.25,3.25,3.25
1.9326666666666665,1.766,1.3022666666666667,1.49,1.742875,2.1028000000000002,1.6689545454545454,1.6620000000000001,2.188277777777778,8.6795,3.0985,2.12736,1.6512857142857142,2.1031153846153847,2.3417826086956524,2.0765,1.9789375,2.0495714285714284,2.4913,2.8723076923076922,2.705923076923077,2.946,3.180807692307693,2.2763437500000006,3.25,3.25,3.25,3.25,3.25,3.25,3.25,3.25,3.25,3.25,3.25
1.9326666666666665,1.766,1.3022666666666667,1.49,1.742875,2.1028000000000002,1.6689545454545454,1.6620000000000001,2.188277777777778,8.6795,3.0985,2.12736,1.6512857142857142,2.1031153846153847,2.3417826086956524,2.0765,1.9789375,2.0495714285714284,2.4913,2.8723076923076922,2.705923076923077,2.946,3.180807692307693,2.2763437500000006,3.25,3.25,3.25,3.25,3.25,3.25,3.25,3.25,3.25,3.25,3.25
1.9326666666666665,1.766,1.3022666666666667,1.49,1.742875,2.1028000000000002,1.6689545454545454,1.6620000000000001,2.188277777777778,8.6795,3.0985,2.12736,1.6512857142857142,2.1031153846153847,2.3417826086956524,2.0765,1.9789375,2.0495714285714284,2.4913,2.8723076923076922,2.705923076923077,2.946,3.180807692307693,2.2763437500000006,3.25,3.25,3.25,3.25,3.25,3.25,3.25,3.25,3.25,3.25,3.25
1.9326666666666665,1.766,1.3022666666666667,1.49,1.742875,2.1028000000000002,1.6689545454545454,1.6620000000000001,2.188277777777778,8.6795,3.0985,2.12736,1.6512857142857142,2.1031153846153847,2.3417826086956524,2.0765,1.9789375,2.0495714285714284,2.4913,2.8723076923076922,2.705923076923077,2.946,3.180807692307693,2.2763437500000006,3.25,3.25,3.25,3.25,3.25,3.25,3.25,3.25,3.25,3.25,3.25
1.9326666666666665,1.766,1.3022666666666667,1.49,1.742875,2.1028000000000002,1.6689545454545454,1.6620000000000001,2.188277777777778,8.6795,3.0985,2.12736,1.6512857142857142,2.1031153846153847,2.3417826086956524,2.0765,1.9789375,2.0495714285714284,2.4913,2.8723076923076922,2.705923076923077,2.946,3.180807692307693,2.2763437500000006,3.25,3.25,3.25,3.25,3.25,3.25,3.25,3.25,3.25,3.25,3.25
1.861875,1.775,1.3235384615384618,1.503125,1.7903000000000002,2.130333333333333,1.6506250000000002,1.6419310344827585,2.079470588235294,3.064428571428571,2.550625,2.1330000000000005,1.7009999999999996,2.0936538461538463,2.3606666666666665,2.266,1.9593975903614471,2.065625,2.210727272727272,3.2928749999999996,2.7358571428571428,3.15495,3.1187391304347822,2.2670799999999995,3.25,3.25,3.25,3.25,3.25,3.25,3.25,3.25,3.25,3.25,3.25
1.861875,1.775,1.3235384615384618,1.503125,1.7903000000000002,2.130333333333333,1.6506250000000002,1.6419310344827585,2.079470588235294,3.064428571428571,2.550625,2.1330000000000005,1.7009999999999996,2.0936538461538463,2.3606666666666665,2.266,1.9593975903614471,2.065625,2.210727272727272,3.2928749999999996,2.7358571428571428,3.15495,3.1187391304347822,2.2670799999999995,3.25,3.25,3.25,3.25,3.25,3.25,3.25,3.25,3.25,3.25,3.25
1.861875,1.775,1.3235384615384618,1.503125,1.7903000000000002,2.130333333333333,1.6506250000000002,1.6419310344827585,2.079470588235294,3.064428571428571,2.550625,2.1330000000000005,1.7009999999999996,2.0936538461538463,2.3606666666666665,2.266,1.9593975903614471,2.065625,2.210727272727272,3.2928749999999996,2.7358571428571428,3.15495,3.1187391304347822,2.2670799999999995,3.25,3.25,3.25,3.25,3.25,3.25,3.25,3.25,3.25,3.25,3.25
1.861875,1.775,1.3235384615384618,1.503125,1.7903000000000002,2.130333333333333,1.6506250000000002,1.6419310344827585,2.079470588235294,3.064428571428571,2.550625,2.1330000000000005,1.7009999999999996,2.0936538461538463,2.3606666666666665,2.266,1.9593975903614471,2.065625,2.210727272727272,3.2928749999999996,2.7358571428571428,3.15495,3.1187391304347822,2.2670799999999995,3.25,3.25,3.25,3.25,3.25,3.25,3.25,3.25,3.25,3.25,3.25
1.861875,1.775,1.3235384615384618,1.503125,1.7903000000000002,2.130333333333333,1.6506250000000002,1.6419310344827585,2.079470588235294,3.064428571428571,2.550625,2.1330000000000005,1.7009999999999996,2.0936538461538463,2.3606666666666665,2.266,1.9593975903614471,2.065625,2.210727272727272,3.2928749999999996,2.7358571428571428,3.15495,3.1187391304347822,2.2670799999999995,3.25,3.25,3.25,3.25,3.25,3.25,3.25,3.25,3.25,3.25,3.25
1.861875,1.775,1.3235384615384618,1.503125,1.7903000000000002,2.130333333333333,1.6506250000000002,1.6419310344827585,2.079470588235294,3.064428571428571,2.550625,2.1330000000000005,1.7009999999999996,2.0936538461538463,2.3606666666666665,2.266,1.9593975903614471,2.065625,2.210727272727272,3.2928749999999996,2.7358571428571428,3.15495,3.1187391304347822,2.2670799999999995,3.25,3.25,3.25,3.25,3.25,3.25,3.25,3.25,3.25,3.25,3.25
1.861875,1.775,1.3235384615384618,1.503125,1.7903000000000002,2.130333333333333,1.6506250000000002,1.6419310344827585,2.079470588235294,3.064428571428571,2.550625,2.1330000000000005,1.7009999999999996,2.0936538461538463,2.3606666666666665,2.266,1.9593975903614471,2.065625,2.210727272727272,3.2928749999999996,2.7358571428571428,3.15495,3.1187391304347822,2.2670799999999995,3.25,3.25,3.25,3.25,3.25,3.25,3.25,3.25,3.25,3.25,3.25
1.861875,1.775,1.3235384615384618,1.503125,1.7903000000000002,2.130333333333333,1.6506250000000002,1.6419310344827585,2.079470588235294,3.064428571428571,2.550625,2.1330000000000005,1.7009999999999996,2.0936538461538463,2.3606666666666665,2.266,1.9593975903614471,2.065625,2.210727272727272,3.2928749999999996,2.7358571428571428,3.15495,3.1187391304347822,2.2670799999999995,3.25,3.25,3.25,3.25,3.25,3.25,3.25,3.25,3.25,3.25,3.25
1.861875,1.775,1.3235384615384618,1.503125,1.7903000000000002,2.130333333333333,1.6506250000000002,1.6419310344827585,2.079470588235294,3.064428571428571,2.550625,2.1330000000000005,1.7009999999999996,2.0936538461538463,2.3606666666666665,2.266,1.9593975903614471,2.065625,2.210727272727272,3.2928749999999996,2.7358571428571428,3.15495,3.1187391304347822,2.2670799999999995,3.25,3.25,3.25,3.25,3.25,3.25,3.25,3.25,3.25,3.25,3.25
1.861875,1.775,1.3235384615384618,1.503125,1.7903000000000002,2.130333333333333,1.6506250000000002,1.6419310344827585,2.079470588235294,3.064428571428571,2.550625,2.1330000000000005,1.7009999999999996,2.0936538461538463,2.3606666666666665,2.266,1.9593975903614471,2.065625,2.210727272727272,3.2928749999999996,2.7358571428571428,3.15495,3.1187391304347822,2.2670799999999995,3.25,3.25,3.25,3.25,3.25,3.25,3.25,3.25,3.25,3.25,3.25
1.861875,1.775,1.3235384615384618,1.503125,1.7903000000000002,2.130333333333333,1.6506250000000002,1.6419310344827585,2.079470588235294,3.064428571428571,2.550625,2.1330000000000005,1.7009999999999996,2.0936538461538463,2.3606666666666665,2.266,1.9593975903614471,2.065625,2.210727272727272,3.2928749999999996,2.7358571428571428,3.15495,3.1187391304347822,2.2670799999999995,3.25,3.25,3.25,3.25,3.25,3.25,3.25,3.25,3.25,3.25,3.25
1.861875,1.775,1.3235384615384618,1.503125,1.7903000000000002,2.130333333333333,1.6506250000000002,1.6419310344827585,2.079470588235294,3.064428571428571,2.550625,2.1330000000000005,1.7009999999999996,2.0936538461538463,2.3606666666666665,2.266,1.9593975903614471,2.065625,2.210727272727272,3.2928749999999996,2.7358571428571428,3.15495,3.1187391304347822,2.2670799999999995,3.25,3.25,3.25,3.25,3.25,3.25,3.25,3.25,3.25,3.25,3.25
1.861875,1.775,1.3235384615384618,1.503125,1.7903000000000002,2.130333333333333,1.6506250000000002,1.6419310344827585,2.079470588235294,3.064428571428571,2.550625,2.1330000000000005,1.7009999999999996,2.0936538461538463,2.3606666666666665,2.266,1.9593975903614471,2.065625,2.210727272727272,3.2928749999999996,2.7358571428571428,3.15495,3.1187391304347822,2.2670799999999995,3.25,3.25,3.25,3.25,3.25,3.25,3.25,3.25,3.25,3.25,3.25
1.861875,1.775,1.3235384615384618,1.503125,1.7903000000000002,2.130333333333333,1.6506250000000002,1.6419310344827585,2.079470588235294,3.064428571428571,2.550625,2.1330000000000005,1.7009999999999996,2.0936538461538463,2.3606666666666665,2.266,1.9593975903614471,2.065625,2.210727272727272,3.2928749999999996,2.7358571428571428,3.15495,3.1187391304347822,2.2670799999999995,3.25,3.25,3.25,3.25,3.25,3.25,3.25,3.25,3.25,3.25,3.25
1.861875,1.775,1.3235384615384618,1.503125,1.7903000000000002,2.130333333333333,1.6506250000000002,1.6419310344827585,2.079470588235294,3.064428571428571,2.550625,2.1330000000000005,1.7009999999999996,2.0936538461538463,2.3606666666666665,2.266,1.9593975903614471,2.065625,2.210727272727272,3.2928749999999996,2.7358571428571428,3.15495,3.1187391304347822,2.2670799999999995,3.25,3.25,3.25,3.25,3.25,3.25,3.25,3.25,3.25,3.25,3.25
1.861875,1.775,1.3235384615384618,1.503125,1.7903000000000002,2.130333333333333,1.6506250000000002,1.6419310344827585,2.079470588235294,3.064428571428571,2.550625,2.1330000000000005,1.7009999999999996,2.0936538461538463,2.3606666666666665,2.266,1.9593975903614471,2.065625,2.210727272727272,3.2928749999999996,2.7358571428571428,3.15495,3.1187391304347822,2.2670799999999995,3.25,3.25,3.25,3.25,3.25,3.25,3.25,3.25,3.25,3.25,3.25
1.861875,1.775,1.3235384615384618,1.503125,1.7903000000000002,2.130333333333333,1.6506250000000002,1.6419310344827585,2.079470588235294,3.064428571428571,2.550625,2.1330000000000005,1.7009999999999996,2.0936538461538463,2.3606666666666665,2.266,1.9593975903614471,2.065625,2.210727272727272,3.2928749999999996,2.7358571428571428,3.15495,3.1187391304347822,2.2670799999999995,3.25,3.25,3.25,3.25,3.25,3.25,3.25,3.25,3.25,3.25,3.25
1.861875,1.775,1.3235384615384618,1.503125,1.7903000000000002,2.130333333333333,1.6506250000000002,1.6419310344827585,2.079470588235294,3.064428571428571,2.550625,2.1330000000000005,1.7009999999999996,2.0936538461538463,2.3606666666666665,2.266,1.9593975903614471,2.065625,2.210727272727272,3.2928749999999996,2.7358571428571428,3.15495,3.1187391304347822,2.2670799999999995,3.25,3.25,3.25,3.25,3.25,3.25,3.25,3.25,3.25,3.25,3.25
1.861875,1.775,1.3235384615384618,1.503125,1.7903000000000002,2.130333333333333,1.6506250000000002,1.6419310344827585,2.079470588235294,3.064428571428571,2.550625,2.1330000000000005,1.7009999999999996,2.0936538461538463,2.3606666666666665,2.266,1.9593975903614471,2.065625,2.210727272727272,3.2928749999999996,2.7358571428571428,3.15495,3.1187391304347822,2.2670799999999995,3.25,3.25,3.25,3.25,3.25,3.25,3.25,3.25,3.25,3.25,3.25
1.861875,1.775,1.3235384615384618,1.503125,1.7903000000000002,2.130333333333333,1.6506250000000002,1.6419310344827585,2.079470588235294,3.064428571428571,2.550625,2.1330000000000005,1.7009999999999996,2.0936538461538463,2.3606666666666665,2.266,1.9593975903614471,2.065625,2.210727272727272,3.2928749999999996,2.7358571428571428,3.15495,3.1187391304347822,2.2670799999999995,3.25,3.25,3.25,3.25,3.25,3.25,3.25,3.25,3.25,3.25,3.25
1.861875,1.775,1.3235384615384618,1.503125,1.7903000000000002,2.130333333333333,1.6506250000000002,1.6419310344827585,2.079470588235294,3.064428571428571,2.550625,2.1330000000000005,1.7009999999999996,2.0936538461538463,2.3606666666666665,2.266,1.9593975903614471,2.065625,2.210727272727272,3.2928749999999996,2.7358571428571428,3.15495,3.1187391304347822,2.2670799999999995,3.25,3.25,3.25,3.25,3.25,3.25,3.25,3.25,3.25,3.25,3.25
1.861875,1.775,1.3235384615384618,1.503125,1.7903000000000002,2.130333333333333,1.6506250000000002,1.6419310344827585,2.079470588235294,3.064428571428571,2.550625,2.1330000000000005,1.7009999999999996,2.0936538461538463,2.3606666666666665,2.266,1.9593975903614471,2.065625,2.210727272727272,3.2928749999999996,2.7358571428571428,3.15495,3.1187391304347822,2.2670799999999995,3.25,3.25,3.25,3.25,3.25,3.25,3.25,3.25,3.25,3.25,3.25
1.861875,1.775,1.3235384615384618,1.503125,1.7903000000000002,2.130333333333333,1.6506250000000002,1.6419310344827585,2.079470588235294,3.064428571428571,2.550625,2.1330000000000005,1.7009999999999996,2.0936538461538463,2.3606666666666665,2.266,1.9593975903614471,2.065625,2.210727272727272,3.2928749999999996,2.7358571428571428,3.15495,3.1187391304347822,2.2670799999999995,3.25,3.25,3.25,3.25,3.25,3.25,3.25,3.25,3.25,3.25,3.25
1.861875,1.775,1.3235384615384618,1.503125,1.7903000000000002,2.130333333333333,1.6506250000000002,1.6419310344827585,2.079470588235294,3.064428571428571,2.550625,2.1330000000000005,1.7009999999999996,2.0936538461538463,2.3606666666666665,2.266,1.9593975903614471,2.065625,2.210727272727272,3.2928749999999996,2.7358571428571428,3.15495,3.1187391304347822,2.2670799999999995,3.25,3.25,3.25,3.25,3.25,3.25,3.25,3.25,3.25,3.25,3.25
1.861875,1.775,1.3235384615384618,1.503125,1.7903000000000002,2.130333333333333,1.6506250000000002,1.6419310344827585,2.079470588235294,3.064428571428571,2.550625,2.1330000000000005,1.7009999999999996,2.0936538461538463,2.3606666666666665,2.266,1.9593975903614471,2.065625,2.210727272727272,3.2928749999999996,2.7358571428571428,3.15495,3.1187391304347822,2.2670799999999995,3.25,3.25,3.25,3.25,3.25,3.25,3.25,3.25,3.25,3.25,3.25
1.861875,1.775,1.3235384615384618,1.503125,1.7903000000000002,2.130333333333333,1.6506250000000002,1.6419310344827585,2.079470588235294,3.064428571428571,2.550625,2.1330000000000005,1.7009999999999996,2.0936538461538463,2.3606666666666665,2.266,1.9593975903614471,2.065625,2.210727272727272,3.2928749999999996,2.7358571428571428,3.15495,3.1187391304347822,2.2670799999999995,3.25,3.25,3.25,3.25,3.25,3.25,3.25,3.25,3.25,3.25,3.25
1.861875,1.775,1.3235384615384618,1.503125,1.7903000000000002,2.130333333333333,1.6506250000000002,1.6419310344827585,2.079470588235294,3.064428571428571,2.550625,2.1330000000000005,1.7009999999999996,2.0936538461538463,2.3606666666666665,2.266,1.9593975903614471,2.065625,2.210727272727272,3.2928749999999996,2.7358571428571428,3.15495,3.1187391304347822,2.2670799999999995,3.25,3.25,3.25,3.25,3.25,3.25,3.25,3.25,3.25,3.25,3.25
1.861875,1.775,1.3235384615384618,1.503125,1.7903000000000002,2.130333333333333,1.6506250000000002,1.6419310344827585,2.079470588235294,3.064428571428571,2.550625,2.1330000000000005,1.7009999999999996,2.0936538461538463,2.3606666666666665,2.266,1.9593975903614471,2.065625,2.210727272727272,3.2928749999999996,2.7358571428571428,3.15495,3.1187391304347822,2.2670799999999995,3.25,3.25,3.25,3.25,3.25,3.25,3.25,3.25,3.25,3.25,3.25
1.861875,1.775,1.3235384615384618,1.503125,1.7903000000000002,2.130333333333333,1.6506250000000002,1.6419310344827585,2.079470588235294,3.064428571428571,2.550625,2.1330000000000005,1.7009999999999996,2.0936538461538463,2.3606666666666665,2.266,1.9593975903614471,2.065625,2.210727272727272,3.2928749999999996,2.7358571428571428,3.15495,3.1187391304347822,2.2670799999999995,3.25,3.25,3.25,3.25,3.25,3.25,3.25,3.25,3.25,3.25,3.25
1.861875,1.775,1.3235384615384618,1.503125,1.7903000000000002,2.130333333333333,1.6506250000000002,1.6419310344827585,2.079470588235294,3.064428571428571,2.550625,2.1330000000000005,1.7009999999999996,2.0936538461538463,2.3606666666666665,2.266,1.9593975903614471,2.065625,2.210727272727272,3.2928749999999996,2.7358571428571428,3.15495,3.1187391304347822,2.2670799999999995,3.25,3.25,3.25,3.25,3.25,3.25,3.25,3.25,3.25,3.25,3.25
2.04525,1.857,1.2729285714285714,1.5567142857142855,1.7040000000000004,2.3187857142857142,1.6227500000000001,1.6716071428571428,2.206266666666666,2.3114444444444446,2.9558000000000004,2.0653793103448272,1.7458,2.1015217391304346,2.377777777777778,2.288,2.1059873417721513,2.2663333333333333,2.310222222222222,3.533941176470588,2.859916666666667,3.2559444444444443,3.2335200000000004,2.384761904761904,3.25,3.25,3.25,3.25,3.25,3.25,3.25,3.25,3.25,3.25,3.25
2.04525,1.857,1.2729285714285714,1.5567142857142855,1.7040000000000004,2.3187857142857142,1.6227500000000001,1.6716071428571428,2.206266666666666,2.3114444444444446,2.9558000000000004,2.0653793103448272,1.7458,2.1015217391304346,2.377777777777778,2.288,2.1059873417721513,2.2663333333333333,2.310222222222222,3.533941176470588,2.859916666666667,3.2559444444444443,3.2335200000000004,2.384761904761904,3.25,3.25,3.25,3.25,3.25,3.25,3.25,3.25,3.25,3.25,3.25
2.04525,1.857,1.2729285714285714,1.5567142857142855,1.7040000000000004,2.3187857142857142,1.6227500000000001,1.6716071428571428,2.206266666666666,2.3114444444444446,2.9558000000000004,2.0653793103448272,1.7458,2.1015217391304346,2.377777777777778,2.288,2.1059873417721513,2.2663333333333333,2.310222222222222,3.533941176470588,2.859916666666667,3.2559444444444443,3.2335200000000004,2.384761904761904,3.25,3.25,3.25,3.25,3.25,3.25,3.25,3.25,3.25,3.25,3.25
2.04525,1.857,1.2729285714285714,1.5567142857142855,1.7040000000000004,2.3187857142857142,1.6227500000000001,1.6716071428571428,2.206266666666666,2.3114444444444446,2.9558000000000004,2.0653793103448272,1.7458,2.1015217391304346,2.377777777777778,2.288,2.1059873417721513,2.2663333333333333,2.310222222222222,3.533941176470588,2.859916666666667,3.2559444444444443,3.2335200000000004,2.384761904761904,3.25,3.25,3.25,3.25,3.25,3.25,3.25,3.25,3.25,3.25,3.25
2.04525,1.857,1.2729285714285714,1.5567142857142855,1.7040000000000004,2.3187857142857142,1.6227500000000001,1.6716071428571428,2.206266666666666,2.3114444444444446,2.9558000000000004,2.0653793103448272,1.7458,2.1015217391304346,2.377777777777778,2.288,2.1059873417721513,2.2663333333333333,2.310222222222222,3.533941176470588,2.859916666666667,3.2559444444444443,3.2335200000000004,2.384761904761904,3.25,3.25,3.25,3.25,3.25,3.25,3.25,3.25,3.25,3.25,3.25
2.04525,1.857,1.2729285714285714,1.5567142857142855,1.7040000000000004,2.3187857142857142,1.6227500000000001,1.6716071428571428,2.206266666666666,2.3114444444444446,2.9558000000000004,2.0653793103448272,1.7458,2.1015217391304346,2.377777777777778,2.288,2.1059873417721513,2.2663333333333333,2.310222222222222,3.533941176470588,2.859916666666667,3.2559444444444443,3.2335200000000004,2.384761904761904,3.25,3.25,3.25,3.25,3.25,3.25,3.25,3.25,3.25,3.25,3.25
2.04525,1.857,1.2729285714285714,1.5567142857142855,1.7040000000000004,2.3187857142857142,1.6227500000000001,1.6716071428571428,2.206266666666666,2.3114444444444446,2.9558000000000004,2.0653793103448272,1.7458,2.1015217391304346,2.377777777777778,2.288,2.1059873417721513,2.2663333333333333,2.310222222222222,3.533941176470588,2.859916666666667,3.2559444444444443,3.2335200000000004,2.384761904761904,3.25,3.25,3.25,3.25,3.25,3.25,3.25,3.25,3.25,3.25,3.25
2.04525,1.857,1.2729285714285714,1.5567142857142855,1.7040000000000004,2.3187857142857142,1.6227500000000001,1.6716071428571428,2.206266666666666,2.3114444444444446,2.9558000000000004,2.0653793103448272,1.7458,2.1015217391304346,2.377777777777778,2.288,2.1059873417721513,2.2663333333333333,2.310222222222222,3.533941176470588,2.859916666666667,3.2559444444444443,3.2335200000000004,2.384761904761904,3.25,3.25,3.25,3.25,3.25,3.25,3.25,3.25,3.25,3.25,3.25
2.04525,1.857,1.2729285714285714,1.5567142857142855,1.7040000000000004,2.3187857142857142,1.6227500000000001,1.6716071428571428,2.206266666666666,2.3114444444444446,2.9558000000000004,2.0653793103448272,1.7458,2.1015217391304346,2.377777777777778,2.288,2.1059873417721513,2.2663333333333333,2.310222222222222,3.533941176470588,2.859916666666667,3.2559444444444443,3.2335200000000004,2.384761904761904,3.25,3.25,3.25,3.25,3.25,3.25,3.25,3.25,3.25,3.25,3.25
2.04525,1.857,1.2729285714285714,1.5567142857142855,1.7040000000000004,2.3187857142857142,1.6227500000000001,1.6716071428571428,2.206266666666666,2.3114444444444446,2.9558000000000004,2.0653793103448272,1.7458,2.1015217391304346,2.377777777777778,2.288,2.1059873417721513,2.2663333333333333,2.310222222222222,3.533941176470588,2.859916666666667,3.2559444444444443,3.2335200000000004,2.384761904761904,3.25,3.25,3.25,3.25,3.25,3.25,3.25,3.25,3.25,3.25,3.25
2.04525,1.857,1.2729285714285714,1.5567142857142855,1.7040000000000004,2.3187857142857142,1.6227500000000001,1.6716071428571428,2.206266666666666,2.3114444444444446,2.9558000000000004,2.0653793103448272,1.7458,2.1015217391304346,2.377777777777778,2.288,2.1059873417721513,2.2663333333333333,2.310222222222222,3.533941176470588,2.859916666666667,3.2559444444444443,3.2335200000000004,2.384761904761904,3.25,3.25,3.25,3.25,3.25,3.25,3.25,3.25,3.25,3.25,3.25
2.04525,1.857,1.2729285714285714,1.5567142857142855,1.7040000000000004,2.3187857142857142,1.6227500000000001,1.6716071428571428,2.206266666666666,2.3114444444444446,2.9558000000000004,2.0653793103448272,1.7458,2.1015217391304346,2.377777777777778,2.288,2.1059873417721513,2.2663333333333333,2.310222222222222,3.533941176470588,2.859916666666667,3.2559444444444443,3.2335200000000004,2.384761904761904,3.25,3.25,3.25,3.25,3.25,3.25,3.25,3.25,3.25,3.25,3.25
2.04525,1.857,1.2729285714285714,1.5567142857142855,1.7040000000000004,2.3187857142857142,1.6227500000000001,1.6716071428571428,2.206266666666666,2.3114444444444446,2.9558000000000004,2.0653793103448272,1.7458,2.1015217391304346,2.377777777777778,2.288,2.1059873417721513,2.2663333333333333,2.310222222222222,3.533941176470588,2.859916666666667,3.2559444444444443,3.2335200000000004,2.384761904761904,3.25,3.25,3.25,3.25,3.25,3.25,3.25,3.25,3.25,3.25,3.25
2.04525,1.857,1.2729285714285714,1.5567142857142855,1.7040000000000004,2.3187857142857142,1.6227500000000001,1.6716071428571428,2.206266666666666,2.3114444444444446,2.9558000000000004,2.0653793103448272,1.7458,2.1015217391304346,2.377777777777778,2.288,2.1059873417721513,2.2663333333333333,2.310222222222222,3.533941176470588,2.859916666666667,3.2559444444444443,3.2335200000000004,2.384761904761904,3.25,3.25,3.25,3.25,3.25,3.25,3.25,3.25,3.25,3.25,3.25
2.04525,1.857,1.2729285714285714,1.5567142857142855,1.7040000000000004,2.3187857142857142,1.6227500000000001,1.6716071428571428,2.206266666666666,2.3114444444444446,2.9558000000000004,2.0653793103448272,1.7458,2.1015217391304346,2.377777777777778,2.288,2.1059873417721513,2.2663333333333333,2.310222222222222,3.533941176470588,2.859916666666667,3.2559444444444443,3.2335200000000004,2.384761904761904,3.25,3.25,3.25,3.25,3.25,3.25,3.25,3.25,3.25,3.25,3.25
2.04525,1.857,1.2729285714285714,1.5567142857142855,1.7040000000000004,2.3187857142857142,1.6227500000000001,1.6716071428571428,2.206266666666666,2.3114444444444446,2.9558000000000004,2.0653793103448272,1.7458,2.1015217391304346,2.377777777777778,2.288,2.1059873417721513,2.2663333333333333,2.310222222222222,3.533941176470588,2.859916666666667,3.2559444444444443,3.2335200000000004,2.384761904761904,3.25,3.25,3.25,3.25,3.25,3.25,3.25,3.25,3.25,3.25,3.25
2.04525,1.857,1.2729285714285714,1.5567142857142855,1.7040000000000004,2.3187857142857142,1.6227500000000001,1.6716071428571428,2.206266666666666,2.3114444444444446,2.9558000000000004,2.0653793103448272,1.7458,2.1015217391304346,2.377777777777778,2.288,2.1059873417721513,2.2663333333333333,2.310222222222222,3.533941176470588,2.859916666666667,3.2559444444444443,3.2335200000000004,2.384761904761904,3.25,3.25,3.25,3.25,3.25,3.25,3.25,3.25,3.25,3.25,3.25
2.04525,1.857,1.2729285714285714,1.5567142857142855,1.7040000000000004,2.3187857142857142,1.6227500000000001,1.6716071428571428,2.206266666666666,2.3114444444444446,2.9558000000000004,2.0653793103448272,1.7458,2.1015217391304346,2.377777777777778,2.288,2.1059873417721513,2.2663333333333333,2.310222222222222,3.533941176470588,2.859916666666667,3.2559444444444443,3.2335200000000004,2.384761904761904,3.25,3.25,3.25,3.25,3.25,3.25,3.25,3.25,3.25,3.25,3.25
2.04525,1.857,1.2729285714285714,1.5567142857142855,1.7040000000000004,2.3187857142857142,1.6227500000000001,1.6716071428571428,2.206266666666666,2.3114444444444446,2.9558000000000004,2.0653793103448272,1.7458,2.1015217391304346,2.377777777777778,2.288,2.1059873417721513,2.2663333333333333,2.310222222222222,3.533941176470588,2.859916666666667,3.2559444444444443,3.2335200000000004,2.384761904761904,3.25,3.25,3.25,3.25,3.25,3.25,3.25,3.25,3.25,3.25,3.25
2.04525,1.857,1.2729285714285714,1.5567142857142855,1.7040000000000004,2.3187857142857142,1.6227500000000001,1.6716071428571428,2.206266666666666,2.3114444444444446,2.9558000000000004,2.0653793103448272,1.7458,2.1015217391304346,2.377777777777778,2.288,2.1059873417721513,2.2663333333333333,2.310222222222222,3.533941176470588,2.859916666666667,3.2559444444444443,3.2335200000000004,2.384761904761904,3.25,3.25,3.25,3.25,3.25,3.25,3.25,3.25,3.25,3.25,3.25
2.04525,1.857,1.2729285714285714,1.5567142857142855,1.7040000000000004,2.3187857142857142,1.6227500000000001,1.6716071428571428,2.206266666666666,2.3114444444444446,2.9558000000000004,2.0653793103448272,1.7458,2.1015217391304346,2.377777777777778,2.288,2.1059873417721513,2.2663333333333333,2.310222222222222,3.533941176470588,2.859916666666667,3.2559444444444443,3.2335200000000004,2.384761904761904,3.25,3.25,3.25,3.25,3.25,3.25,3.25,3.25,3.25,3.25,3.25
2.04525,1.857,1.2729285714285714,1.5567142857142855,1.7040000000000004,2.3187857142857142,1.6227500000000001,1.6716071428571428,2.206266666666666,2.3114444444444446,2.9558000000000004,2.0653793103448272,1.7458,2.1015217391304346,2.377777777777778,2.288,2.1059873417721513,2.2663333333333333,2.310222222222222,3.533941176470588,2.859916666666667,3.2559444444444443,3.2335200000000004,2.384761904761904,3.25,3.25,3.25,3.25,3.25,3.25,3.25,3.25,3.25,3.25,3.25
2.04525,1.857,1.2729285714285714,1.5567142857142855,1.7040000000000004,2.3187857142857142,1.6227500000000001,1.6716071428571428,2.206266666666666,2.3114444444444446,2.9558000000000004,2.0653793103448272,1.7458,2.1015217391304346,2.377777777777778,2.288,2.1059873417721513,2.2663333333333333,2.310222222222222,3.533941176470588,2.859916666666667,3.2559444444444443,3.2335200000000004,2.384761904761904,3.25,3.25,3.25,3.25,3.25,3.25,3.25,3.25,3.25,3.25,3.25
2.04525,1.857,1.2729285714285714,1.5567142857142855,1.7040000000000004,2.3187857142857142,1.6227500000000001,1.6716071428571428,2.206266666666666,2.3114444444444446,2.9558000000000004,2.0653793103448272,1.7458,2.1015217391304346,2.377777777777778,2.288,2.1059873417721513,2.2663333333333333,2.310222222222222,3.533941176470588,2.859916666666667,3.2559444444444443,3.2335200000000004,2.384761904761904,3.25,3.25,3.25,3.25,3.25,3.25,3.25,3.25,3.25,3.25,3.25
2.04525,1.857,1.2729285714285714,1.5567142857142855,1.7040000000000004,2.3187857142857142,1.6227500000000001,1.6716071428571428,2.206266666666666,2.3114444444444446,2.9558000000000004,2.0653793103448272,1.7458,2.1015217391304346,2.377777777777778,2.288,2.1059873417721513,2.2663333333333333,2.310222222222222,3.533941176470588,2.859916666666667,3.2559444444444443,3.2335200000000004,2.384761904761904,3.25,3.25,3.25,3.25,3.25,3.25,3.25,3.25,3.25,3.25,3.25
2.04525,1.857,1.2729285714285714,1.5567142857142855,1.7040000000000004,2.3187857142857142,1.6227500000000001,1.6716071428571428,2.206266666666666,2.3114444444444446,2.9558000000000004,2.0653793103448272,1.7458,2.1015217391304346,2.377777777777778,2.288,2.1059873417721513,2.2663333333333333,2.310222222222222,3.533941176470588,2.859916666666667,3.2559444444444443,3.2335200000000004,2.384761904761904,3.25,3.25,3.25,3.25,3.25,3.25,3.25,3.25,3.25,3.25,3.25
2.04525,1.857,1.2729285714285714,1.5567142857142855,1.7040000000000004,2.3187857142857142,1.6227500000000001,1.6716071428571428,2.206266666666666,2.3114444444444446,2.9558000000000004,2.0653793103448272,1.7458,2.1015217391304346,2.377777777777778,2.288,2.1059873417721513,2.2663333333333333,2.310222222222222,3.533941176470588,2.859916666666667,3.2559444444444443,3.2335200000000004,2.384761904761904,3.25,3.25,3.25,3.25,3.25,3.25,3.25,3.25,3.25,3.25,3.25
2.04525,1.857,1.2729285714285714,1.5567142857142855,1.7040000000000004,2.3187857142857142,1.6227500000000001,1.6716071428571428,2.206266666666666,2.3114444444444446,2.9558000000000004,2.0653793103448272,1.7458,2.1015217391304346,2.377777777777778,2.288,2.1059873417721513,2.2663333333333333,2.310222222222222,3.533941176470588,2.859916666666667,3.2559444444444443,3.2335200000000004,2.384761904761904,3.25,3.25,3.25,3.25,3.25,3.25,3.25,3.25,3.25,3.25,3.25
2.04525,1.857,1.2729285714285714,1.5567142857142855,1.7040000000000004,2.3187857142857142,1.6227500000000001,1.6716071428571428,2.206266666666666,2.3114444444444446,2.9558000000000004,2.0653793103448272,1.7458,2.1015217391304346,2.377777777777778,2.288,2.1059873417721513,2.2663333333333333,2.310222222222222,3.533941176470588,2.859916666666667,3.2559444444444443,3.2335200000000004,2.384761904761904,3.25,3.25,3.25,3.25,3.25,3.25,3.25,3.25,3.25,3.25,3.25
2.04525,1.857,1.2729285714285714,1.5567142857142855,1.7040000000000004,2.3187857142857142,1.6227500000000001,1.6716071428571428,2.206266666666666,2.3114444444444446,2.9558000000000004,2.0653793103448272,1.7458,2.1015217391304346,2.377777777777778,2.288,2.1059873417721513,2.2663333333333333,2.310222222222222,3.533941176470588,2.859916666666667,3.2559444444444443,3.2335200000000004,2.384761904761904,3.25,3.25,3.25,3.25,3.25,3.25,3.25,3.25,3.25,3.25,3.25
2.04525,1.857,1.2729285714285714,1.5567142857142855,1.7040000000000004,2.3187857142857142,1.6227500000000001,1.6716071428571428,2.206266666666666,2.3114444444444446,2.9558000000000004,2.0653793103448272,1.7458,2.1015217391304346,2.377777777777778,2.288,2.1059873417721513,2.2663333333333333,2.310222222222222,3.533941176470588,2.859916666666667,3.2559444444444443,3.2335200000000004,2.384761904761904,3.25,3.25,3.25,3.25,3.25,3.25,3.25,3.25,3.25,3.25,3.25
1.9814999999999998,3.338,1.2512666666666665,1.5163529411764705,1.7627499999999998,2.3002499999999997,1.8232000000000002,1.6515599999999997,2.2489473684210526,2.2870000000000004,3.3695,2.074086956521739,1.7382,2.1639565217391303,2.7127999999999997,2.3973333333333335,2.232376811594203,2.62825,2.2411,3.1765714285714277,2.8464615384615386,3.1271874999999993,3.3806875,2.35588,3.25,3.25,2.88,3.25,3.25,3.25,3.25,3.25,3.25,3.25,3.25
1.9814999999999998,3.338,1.2512666666666665,1.5163529411764705,1.7627499999999998,2.3002499999999997,1.8232000000000002,1.6515599999999997,2.2489473684210526,2.2870000000000004,3.3695,2.074086956521739,1.7382,2.1639565217391303,2.7127999999999997,2.3973333333333335,2.232376811594203,2.62825,2.2411,3.1765714285714277,2.8464615384615386,3.1271874999999993,3.3806875,2.35588,3.25,3.25,2.88,3.25,3.25,3.25,3.25,3.25,3.25,3.25,3.25
1.9814999999999998,3.338,1.2512666666666665,1.5163529411764705,1.7627499999999998,2.3002499999999997,1.8232000000000002,1.6515599999999997,2.2489473684210526,2.2870000000000004,3.3695,2.074086956521739,1.7382,2.1639565217391303,2.7127999999999997,2.3973333333333335,2.232376811594203,2.62825,2.2411,3.1765714285714277,2.8464615384615386,3.1271874999999993,3.3806875,2.35588,3.25,3.25,2.88,3.25,3.25,3.25,3.25,3.25,3.25,3.25,3.25
1.9814999999999998,3.338,1.2512666666666665,1.5163529411764705,1.7627499999999998,2.3002499999999997,1.8232000000000002,1.6515599999999997,2.2489473684210526,2.2870000000000004,3.3695,2.074086956521739,1.7382,2.1639565217391303,2.7127999999999997,2.3973333333333335,2.232376811594203,2.62825,2.2411,3.1765714285714277,2.8464615384615386,3.1271874999999993,3.3806875,2.35588,3.25,3.25,2.88,3.25,3.25,3.25,3.25,3.25,3.25,3.25,3.25
1.9814999999999998,3.338,1.2512666666666665,1.5163529411764705,1.7627499999999998,2.3002499999999997,1.8232000000000002,1.6515599999999997,2.2489473684210526,2.2870000000000004,3.3695,2.074086956521739,1.7382,2.1639565217391303,2.7127999999999997,2.3973333333333335,2.232376811594203,2.62825,2.2411,3.1765714285714277,2.8464615384615386,3.1271874999999993,3.3806875,2.35588,3.25,3.25,2.88,3.25,3.25,3.25,3.25,3.25,3.25,3.25,3.25
1.9814999999999998,3.338,1.2512666666666665,1.5163529411764705,1.7627499999999998,2.3002499999999997,1.8232000000000002,1.6515599999999997,2.2489473684210526,2.2870000000000004,3.3695,2.074086956521739,1.7382,2.1639565217391303,2.7127999999999997,2.3973333333333335,2.232376811594203,2.62825,2.2411,3.1765714285714277,2.8464615384615386,3.1271874999999993,3.3806875,2.35588,3.25,3.25,2.88,3.25,3.25,3.25,3.25,3.25,3.25,3.25,3.25
1.9814999999999998,3.338,1.2512666666666665,1.5163529411764705,1.7627499999999998,2.3002499999999997,1.8232000000000002,1.6515599999999997,2.2489473684210526,2.2870000000000004,3.3695,2.074086956521739,1.7382,2.1639565217391303,2.7127999999999997,2.3973333333333335,2.232376811594203,2.62825,2.2411,3.1765714285714277,2.8464615384615386,3.1271874999999993,3.3806875,2.35588,3.25,3.25,2.88,3.25,3.25,3.25,3.25,3.25,3.25,3.25,3.25
1.9814999999999998,3.338,1.2512666666666665,1.5163529411764705,1.7627499999999998,2.3002499999999997,1.8232000000000002,1.6515599999999997,2.2489473684210526,2.2870000000000004,3.3695,2.074086956521739,1.7382,2.1639565217391303,2.7127999999999997,2.3973333333333335,2.232376811594203,2.62825,2.2411,3.1765714285714277,2.8464615384615386,3.1271874999999993,3.3806875,2.35588,3.25,3.25,2.88,3.25,3.25,3.25,3.25,3.25,3.25,3.25,3.25
1.9814999999999998,3.338,1.2512666666666665,1.5163529411764705,1.7627499999999998,2.3002499999999997,1.8232000000000002,1.6515599999999997,2.2489473684210526,2.2870000000000004,3.3695,2.074086956521739,1.7382,2.1639565217391303,2.7127999999999997,2.3973333333333335,2.232376811594203,2.62825,2.2411,3.1765714285714277,2.8464615384615386,3.1271874999999993,3.3806875,2.35588,3.25,3.25,2.88,3.25,3.25,3.25,3.25,3.25,3.25,3.25,3.25
1.9814999999999998,3.338,1.2512666666666665,1.5163529411764705,1.7627499999999998,2.3002499999999997,1.8232000000000002,1.6515599999999997,2.2489473684210526,2.2870000000000004,3.3695,2.074086956521739,1.7382,2.1639565217391303,2.7127999999999997,2.3973333333333335,2.232376811594203,2.62825,2.2411,3.1765714285714277,2.8464615384615386,3.1271874999999993,3.3806875,2.35588,3.25,3.25,2.88,3.25,3.25,3.25,3.25,3.25,3.25,3.25,3.25
1.9814999999999998,3.338,1.2512666666666665,1.5163529411764705,1.7627499999999998,2.3002499999999997,1.8232000000000002,1.6515599999999997,2.2489473684210526,2.2870000000000004,3.3695,2.074086956521739,1.7382,2.1639565217391303,2.7127999999999997,2.3973333333333335,2.232376811594203,2.62825,2.2411,3.1765714285714277,2.8464615384615386,3.1271874999999993,3.3806875,2.35588,3.25,3.25,2.88,3.25,3.25,3.25,3.25,3.25,3.25,3.25,3.25
1.9814999999999998,3.338,1.2512666666666665,1.5163529411764705,1.7627499999999998,2.3002499999999997,1.8232000000000002,1.6515599999999997,2.2489473684210526,2.2870000000000004,3.3695,2.074086956521739,1.7382,2.1639565217391303,2.7127999999999997,2.3973333333333335,2.232376811594203,2.62825,2.2411,3.1765714285714277,2.8464615384615386,3.1271874999999993,3.3806875,2.35588,3.25,3.25,2.88,3.25,3.25,3.25,3.25,3.25,3.25,3.25,3.25
1.9814999999999998,3.338,1.2512666666666665,1.5163529411764705,1.7627499999999998,2.3002499999999997,1.8232000000000002,1.6515599999999997,2.2489473684210526,2.2870000000000004,3.3695,2.074086956521739,1.7382,2.1639565217391303,2.7127999999999997,2.3973333333333335,2.232376811594203,2.62825,2.2411,3.1765714285714277,2.8464615384615386,3.1271874999999993,3.3806875,2.35588,3.25,3.25,2.88,3.25,3.25,3.25,3.25,3.25,3.25,3.25,3.25
1.9814999999999998,3.338,1.2512666666666665,1.5163529411764705,1.7627499999999998,2.3002499999999997,1.8232000000000002,1.6515599999999997,2.2489473684210526,2.2870000000000004,3.3695,2.074086956521739,1.7382,2.1639565217391303,2.7127999999999997,2.3973333333333335,2.232376811594203,2.62825,2.2411,3.1765714285714277,2.8464615384615386,3.1271874999999993,3.3806875,2.35588,3.25,3.25,2.88,3.25,3.25,3.25,3.25,3.25,3.25,3.25,3.25
1.9814999999999998,3.338,1.2512666666666665,1.5163529411764705,1.7627499999999998,2.3002499999999997,1.8232000000000002,1.6515599999999997,2.2489473684210526,2.2870000000000004,3.3695,2.074086956521739,1.7382,2.1639565217391303,2.7127999999999997,2.3973333333333335,2.232376811594203,2.62825,2.2411,3.1765714285714277,2.8464615384615386,3.1271874999999993,3.3806875,2.35588,3.25,3.25,2.88,3.25,3.25,3.25,3.25,3.25,3.25,3.25,3.25
1.9814999999999998,3.338,1.2512666666666665,1.5163529411764705,1.7627499999999998,2.3002499999999997,1.8232000000000002,1.6515599999999997,2.2489473684210526,2.2870000000000004,3.3695,2.074086956521739,1.7382,2.1639565217391303,2.7127999999999997,2.3973333333333335,2.232376811594203,2.62825,2.2411,3.1765714285714277,2.8464615384615386,3.1271874999999993,3.3806875,2.35588,3.25,3.25,2.88,3.25,3.25,3.25,3.25,3.25,3.25,3.25,3.25
1.9814999999999998,3.338,1.2512666666666665,1.5163529411764705,1.7627499999999998,2.3002499999999997,1.8232000000000002,1.6515599999999997,2.2489473684210526,2.2870000000000004,3.3695,2.074086956521739,1.7382,2.1639565217391303,2.7127999999999997,2.3973333333333335,2.232376811594203,2.62825,2.2411,3.1765714285714277,2.8464615384615386,3.1271874999999993,3.3806875,2.35588,3.25,3.25,2.88,3.25,3.25,3.25,3.25,3.25,3.25,3.25,3.25
1.9814999999999998,3.338,1.2512666666666665,1.5163529411764705,1.7627499999999998,2.3002499999999997,1.8232000000000002,1.6515599999999997,2.2489473684210526,2.2870000000000004,3.3695,2.074086956521739,1.7382,2.1639565217391303,2.7127999999999997,2.3973333333333335,2.232376811594203,2.62825,2.2411,3.1765714285714277,2.8464615384615386,3.1271874999999993,3.3806875,2.35588,3.25,3.25,2.88,3.25,3.25,3.25,3.25,3.25,3.25,3.25,3.25
1.9814999999999998,3.338,1.2512666666666665,1.5163529411764705,1.7627499999999998,2.3002499999999997,1.8232000000000002,1.6515599999999997,2.2489473684210526,2.2870000000000004,3.3695,2.074086956521739,1.7382,2.1639565217391303,2.7127999999999997,2.3973333333333335,2.232376811594203,2.62825,2.2411,3.1765714285714277,2.8464615384615386,3.1271874999999993,3.3806875,2.35588,3.25,3.25,2.88,3.25,3.25,3.25,3.25,3.25,3.25,3.25,3.25
1.9814999999999998,3.338,1.2512666666666665,1.5163529411764705,1.7627499999999998,2.3002499999999997,1.8232000000000002,1.6515599999999997,2.2489473684210526,2.2870000000000004,3.3695,2.074086956521739,1.7382,2.1639565217391303,2.7127999999999997,2.3973333333333335,2.232376811594203,2.62825,2.2411,3.1765714285714277,2.8464615384615386,3.1271874999999993,3.3806875,2.35588,3.25,3.25,2.88,3.25,3.25,3.25,3.25,3.25,3.25,3.25,3.25
1.9814999999999998,3.338,1.2512666666666665,1.5163529411764705,1.7627499999999998,2.3002499999999997,1.8232000000000002,1.6515599999999997,2.2489473684210526,2.2870000000000004,3.3695,2.074086956521739,1.7382,2.1639565217391303,2.7127999999999997,2.3973333333333335,2.232376811594203,2.62825,2.2411,3.1765714285714277,2.8464615384615386,3.1271874999999993,3.3806875,2.35588,3.25,3.25,2.88,3.25,3.25,3.25,3.25,3.25,3.25,3.25,3.25
1.9814999999999998,3.338,1.2512666666666665,1.5163529411764705,1.7627499999999998,2.3002499999999997,1.8232000000000002,1.6515599999999997,2.2489473684210526,2.2870000000000004,3.3695,2.074086956521739,1.7382,2.1639565217391303,2.7127999999999997,2.3973333333333335,2.232376811594203,2.62825,2.2411,3.1765714285714277,2.8464615384615386,3.1271874999999993,3.3806875,2.35588,3.25,3.25,2.88,3.25,3.25,3.25,3.25,3.25,3.25,3.25,3.25
1.9814999999999998,3.338,1.2512666666666665,1.5163529411764705,1.7627499999999998,2.3002499999999997,1.8232000000000002,1.6515599999999997,2.2489473684210526,2.2870000000000004,3.3695,2.074086956521739,1.7382,2.1639565217391303,2.7127999999999997,2.3973333333333335,2.232376811594203,2.62825,2.2411,3.1765714285714277,2.8464615384615386,3.1271874999999993,3.3806875,2.35588,3.25,3.25,2.88,3.25,3.25,3.25,3.25,3.25,3.25,3.25,3.25
1.9814999999999998,3.338,1.2512666666666665,1.5163529411764705,1.7627499999999998,2.3002499999999997,1.8232000000000002,1.6515599999999997,2.2489473684210526,2.2870000000000004,3.3695,2.074086956521739,1.7382,2.1639565217391303,2.7127999999999997,2.3973333333333335,2.232376811594203,2.62825,2.2411,3.1765714285714277,2.8464615384615386,3.1271874999999993,3.3806875,2.35588,3.25,3.25,2.88,3.25,3.25,3.25,3.25,3.25,3.25,3.25,3.25
1.9814999999999998,3.338,1.2512666666666665,1.5163529411764705,1.7627499999999998,2.3002499999999997,1.8232000000000002,1.6515599999999997,2.2489473684210526,2.2870000000000004,3.3695,2.074086956521739,1.7382,2.1639565217391303,2.7127999999999997,2.3973333333333335,2.232376811594203,2.62825,2.2411,3.1765714285714277,2.8464615384615386,3.1271874999999993,3.3806875,2.35588,3.25,3.25,2.88,3.25,3.25,3.25,3.25,3.25,3.25,3.25,3.25
1.9814999999999998,3.338,1.2512666666666665,1.5163529411764705,1.7627499999999998,2.3002499999999997,1.8232000000000002,1.6515599999999997,2.2489473684210526,2.2870000000000004,3.3695,2.074086956521739,1.7382,2.1639565217391303,2.7127999999999997,2.3973333333333335,2.232376811594203,2.62825,2.2411,3.1765714285714277,2.8464615384615386,3.1271874999999993,3.3806875,2.35588,3.25,3.25,2.88,3.25,3.25,3.25,3.25,3.25,3.25,3.25,3.25
1.9814999999999998,3.338,1.2512666666666665,1.5163529411764705,1.7627499999999998,2.3002499999999997,1.8232000000000002,1.6515599999999997,2.2489473684210526,2.2870000000000004,3.3695,2.074086956521739,1.7382,2.1639565217391303,2.7127999999999997,2.3973333333333335,2.232376811594203,2.62825,2.2411,3.1765714285714277,2.8464615384615386,3.1271874999999993,3.3806875,2.35588,3.25,3.25,2.88,3.25,3.25,3.25,3.25,3.25,3.25,3.25,3.25
1.9814999999999998,3.338,1.2512666666666665,1.5163529411764705,1.7627499999999998,2.3002499999999997,1.8232000000000002,1.6515599999999997,2.2489473684210526,2.2870000000000004,3.3695,2.074086956521739,1.7382,2.1639565217391303,2.7127999999999997,2.3973333333333335,2.232376811594203,2.62825,2.2411,3.1765714285714277,2.8464615384615386,3.1271874999999993,3.3806875,2.35588,3.25,3.25,2.88,3.25,3.25,3.25,3.25,3.25,3.25,3.25,3.25
1.9814999999999998,3.338,1.2512666666666665,1.5163529411764705,1.7627499999999998,2.3002499999999997,1.8232000000000002,1.6515599999999997,2.2489473684210526,2.2870000000000004,3.3695,2.074086956521739,1.7382,2.1639565217391303,2.7127999999999997,2.3973333333333335,2.232376811594203,2.62825,2.2411,3.1765714285714277,2.8464615384615386,3.1271874999999993,3.3806875,2.35588,3.25,3.25,2.88,3.25,3.25,3.25,3.25,3.25,3.25,3.25,3.25
1.9814999999999998,3.338,1.2512666666666665,1.5163529411764705,1.7627499999999998,2.3002499999999997,1.8232000000000002,1.6515599999999997,2.2489473684210526,2.2870000000000004,3.3695,2.074086956521739,1.7382,2.1639565217391303,2.7127999999999997,2.3973333333333335,2.232376811594203,2.62825,2.2411,3.1765714285714277,2.8464615384615386,3.1271874999999993,3.3806875,2.35588,3.25,3.25,2.88,3.25,3.25,3.25,3.25,3.25,3.25,3.25,3.25
1.9961250000000001,1.656,1.276875,1.5522666666666667,1.7113000000000003,2.3996428571428563,1.8672499999999999,1.698708333333333,2.2731666666666666,2.6031666666666666,3.435,2.1523157894736844,1.7158333333333329,2.138296296296296,2.94628125,2.6180000000000003,2.4163815789473695,2.478,2.408666666666667,3.442636363636364,2.8662,3.5797368421052638,3.3254999999999995,2.467590909090909,3.25,3.25,2.9,3.25,3.25,3.25,3.25,3.25,3.25,3.25,3.25
1.9961250000000001,1.656,1.276875,1.5522666666666667,1.7113000000000003,2.3996428571428563,1.8672499999999999,1.698708333333333,2.2731666666666666,2.6031666666666666,3.435,2.1523157894736844,1.7158333333333329,2.138296296296296,2.94628125,2.6180000000000003,2.4163815789473695,2.478,2.408666666666667,3.442636363636364,2.8662,3.5797368421052638,3.3254999999999995,2.467590909090909,3.25,3.25,2.9,3.25,3.25,3.25,3.25,3.25,3.25,3.25,3.25
1.9961250000000001,1.656,1.276875,1.5522666666666667,1.7113000000000003,2.3996428571428563,1.8672499999999999,1.698708333333333,2.2731666666666666,2.6031666666666666,3.435,2.1523157894736844,1.7158333333333329,2.138296296296296,2.94628125,2.6180000000000003,2.4163815789473695,2.478,2.408666666666667,3.442636363636364,2.8662,3.5797368421052638,3.3254999999999995,2.467590909090909,3.25,3.25,2.9,3.25,3.25,3.25,3.25,3.25,3.25,3.25,3.25
1.9961250000000001,1.656,1.276875,1.5522666666666667,1.7113000000000003,2.3996428571428563,1.8672499999999999,1.698708333333333,2.2731666666666666,2.6031666666666666,3.435,2.1523157894736844,1.7158333333333329,2.138296296296296,2.94628125,2.6180000000000003,2.4163815789473695,2.478,2.408666666666667,3.442636363636364,2.8662,3.5797368421052638,3.3254999999999995,2.467590909090909,3.25,3.25,2.9,3.25,3.25,3.25,3.25,3.25,3.25,3.25,3.25
1.9961250000000001,1.656,1.276875,1.5522666666666667,1.7113000000000003,2.3996428571428563,1.8672499999999999,1.698708333333333,2.2731666666666666,2.6031666666666666,3.435,2.1523157894736844,1.7158333333333329,2.138296296296296,2.94628125,2.6180000000000003,2.4163815789473695,2.478,2.408666666666667,3.442636363636364,2.8662,3.5797368421052638,3.3254999999999995,2.467590909090909,3.25,3.25,2.9,3.25,3.25,3.25,3.25,3.25,3.25,3.25,3.25
1.9961250000000001,1.656,1.276875,1.5522666666666667,1.7113000000000003,2.3996428571428563,1.8672499999999999,1.698708333333333,2.2731666666666666,2.6031666666666666,3.435,2.1523157894736844,1.7158333333333329,2.138296296296296,2.94628125,2.6180000000000003,2.4163815789473695,2.478,2.408666666666667,3.442636363636364,2.8662,3.5797368421052638,3.3254999999999995,2.467590909090909,3.25,3.25,2.9,3.25,3.25,3.25,3.25,3.25,3.25,3.25,3.25
1.9961250000000001,1.656,1.276875,1.5522666666666667,1.7113000000000003,2.3996428571428563,1.8672499999999999,1.698708333333333,2.2731666666666666,2.6031666666666666,3.435,2.1523157894736844,1.7158333333333329,2.138296296296296,2.94628125,2.6180000000000003,2.4163815789473695,2.478,2.408666666666667,3.442636363636364,2.8662,3.5797368421052638,3.3254999999999995,2.467590909090909,3.25,3.25,2.9,3.25,3.25,3.25,3.25,3.25,3.25,3.25,3.25
1.9961250000000001,1.656,1.276875,1.5522666666666667,1.7113000000000003,2.3996428571428563,1.8672499999999999,1.698708333333333,2.2731666666666666,2.6031666666666666,3.435,2.1523157894736844,1.7158333333333329,2.138296296296296,2.94628125,2.6180000000000003,2.4163815789473695,2.478,2.408666666666667,3.442636363636364,2.8662,3.5797368421052638,3.3254999999999995,2.467590909090909,3.25,3.25,2.9,3.25,3.25,3.25,3.25,3.25,3.25,3.25,3.25
1.9961250000000001,1.656,1.276875,1.5522666666666667,1.7113000000000003,2.3996428571428563,1.8672499999999999,1.698708333333333,2.2731666666666666,2.6031666666666666,3.435,2.1523157894736844,1.7158333333333329,2.138296296296296,2.94628125,2.6180000000000003,2.4163815789473695,2.478,2.408666666666667,3.442636363636364,2.8662,3.5797368421052638,3.3254999999999995,2.467590909090909,3.25,3.25,2.9,3.25,3.25,3.25,3.25,3.25,3.25,3.25,3.25
1.9961250000000001,1.656,1.276875,1.5522666666666667,1.7113000000000003,2.3996428571428563,1.8672499999999999,1.698708333333333,2.2731666666666666,2.6031666666666666,3.435,2.1523157894736844,1.7158333333333329,2.138296296296296,2.94628125,2.6180000000000003,2.4163815789473695,2.478,2.408666666666667,3.442636363636364,2.8662,3.5797368421052638,3.3254999999999995,2.467590909090909,3.25,3.25,2.9,3.25,3.25,3.25,3.25,3.25,3.25,3.25,3.25
1.9961250000000001,1.656,1.276875,1.5522666666666667,1.7113000000000003,2.3996428571428563,1.8672499999999999,1.698708333333333,2.2731666666666666,2.6031666666666666,3.435,2.1523157894736844,1.7158333333333329,2.138296296296296,2.94628125,2.6180000000000003,2.4163815789473695,2.478,2.408666666666667,3.442636363636364,2.8662,3.5797368421052638,3.3254999999999995,2.467590909090909,3.25,3.25,2.9,3.25,3.25,3.25,3.25,3.25,3.25,3.25,3.25
1.9961250000000001,1.656,1.276875,1.5522666666666667,1.7113000000000003,2.3996428571428563,1.8672499999999999,1.698708333333333,2.2731666666666666,2.6031666666666666,3.435,2.1523157894736844,1.7158333333333329,2.138296296296296,2.94628125,2.6180000000000003,2.4163815789473695,2.478,2.408666666666667,3.442636363636364,2.8662,3.5797368421052638,3.3254999999999995,2.467590909090909,3.25,3.25,2.9,3.25,3.25,3.25,3.25,3.25,3.25,3.25,3.25
1.9961250000000001,1.656,1.276875,1.5522666666666667,1.7113000000000003,2.3996428571428563,1.8672499999999999,1.698708333333333,2.2731666666666666,2.6031666666666666,3.435,2.1523157894736844,1.7158333333333329,2.138296296296296,2.94628125,2.6180000000000003,2.4163815789473695,2.478,2.408666666666667,3.442636363636364,2.8662,3.5797368421052638,3.3254999999999995,2.467590909090909,3.25,3.25,2.9,3.25,3.25,3.25,3.25,3.25,3.25,3.25,3.25
1.9961250000000001,1.656,1.276875,1.5522666666666667,1.7113000000000003,2.3996428571428563,1.8672499999999999,1.698708333333333,2.2731666666666666,2.6031666666666666,3.435,2.1523157894736844,1.7158333333333329,2.138296296296296,2.94628125,2.6180000000000003,2.4163815789473695,2.478,2.408666666666667,3.442636363636364,2.8662,3.5797368421052638,3.3254999999999995,2.467590909090909,3.25,3.25,2.9,3.25,3.25,3.25,3.25,3.25,3.25,3.25,3.25
1.9961250000000001,1.656,1.276875,1.5522666666666667,1.7113000000000003,2.3996428571428563,1.8672499999999999,1.698708333333333,2.2731666666666666,2.6031666666666666,3.435,2.1523157894736844,1.7158333333333329,2.138296296296296,2.94628125,2.6180000000000003,2.4163815789473695,2.478,2.408666666666667,3.442636363636364,2.8662,3.5797368421052638,3.3254999999999995,2.467590909090909,3.25,3.25,2.9,3.25,3.25,3.25,3.25,3.25,3.25,3.25,3.25
1.9961250000000001,1.656,1.276875,1.5522666666666667,1.7113000000000003,2.3996428571428563,1.8672499999999999,1.698708333333333,2.2731666666666666,2.6031666666666666,3.435,2.1523157894736844,1.7158333333333329,2.138296296296296,2.94628125,2.6180000000000003,2.4163815789473695,2.478,2.408666666666667,3.442636363636364,2.8662,3.5797368421052638,3.3254999999999995,2.467590909090909,3.25,3.25,2.9,3.25,3.25,3.25,3.25,3.25,3.25,3.25,3.25
1.9961250000000001,1.656,1.276875,1.5522666666666667,1.7113000000000003,2.3996428571428563,1.8672499999999999,1.698708333333333,2.2731666666666666,2.6031666666666666,3.435,2.1523157894736844,1.7158333333333329,2.138296296296296,2.94628125,2.6180000000000003,2.4163815789473695,2.478,2.408666666666667,3.442636363636364,2.8662,3.5797368421052638,3.3254999999999995,2.467590909090909,3.25,3.25,2.9,3.25,3.25,3.25,3.25,3.25,3.25,3.25,3.25
1.9961250000000001,1.656,1.276875,1.5522666666666667,1.7113000000000003,2.3996428571428563,1.8672499999999999,1.698708333333333,2.2731666666666666,2.6031666666666666,3.435,2.1523157894736844,1.7158333333333329,2.138296296296296,2.94628125,2.6180000000000003,2.4163815789473695,2.478,2.408666666666667,3.442636363636364,2.8662,3.5797368421052638,3.3254999999999995,2.467590909090909,3.25,3.25,2.9,3.25,3.25,3.25,3.25,3.25,3.25,3.25,3.25
1.9961250000000001,1.656,1.276875,1.5522666666666667,1.7113000000000003,2.3996428571428563,1.8672499999999999,1.698708333333333,2.2731666666666666,2.6031666666666666,3.435,2.1523157894736844,1.7158333333333329,2.138296296296296,2.94628125,2.6180000000000003,2.4163815789473695,2.478,2.408666666666667,3.442636363636364,2.8662,3.5797368421052638,3.3254999999999995,2.467590909090909,3.25,3.25,2.9,3.25,3.25,3.25,3.25,3.25,3.25,3.25,3.25
1.9961250000000001,1.656,1.276875,1.5522666666666667,1.7113000000000003,2.3996428571428563,1.8672499999999999,1.698708333333333,2.2731666666666666,2.6031666666666666,3.435,2.1523157894736844,1.7158333333333329,2.138296296296296,2.94628125,2.6180000000000003,2.4163815789473695,2.478,2.408666666666667,3.442636363636364,2.8662,3.5797368421052638,3.3254999999999995,2.467590909090909,3.25,3.25,2.9,3.25,3.25,3.25,3.25,3.25,3.25,3.25,3.25
1.9961250000000001,1.656,1.276875,1.5522666666666667,1.7113000000000003,2.3996428571428563,1.8672499999999999,1.698708333333333,2.2731666666666666,2.6031666666666666,3.435,2.1523157894736844,1.7158333333333329,2.138296296296296,2.94628125,2.6180000000000003,2.4163815789473695,2.478,2.408666666666667,3.442636363636364,2.8662,3.5797368421052638,3.3254999999999995,2.467590909090909,3.25,3.25,2.9,3.25,3.25,3.25,3.25,3.25,3.25,3.25,3.25
1.9961250000000001,1.656,1.276875,1.5522666666666667,1.7113000000000003,2.3996428571428563,1.8672499999999999,1.698708333333333,2.2731666666666666,2.6031666666666666,3.435,2.1523157894736844,1.7158333333333329,2.138296296296296,2.94628125,2.6180000000000003,2.4163815789473695,2.478,2.408666666666667,3.442636363636364,2.8662,3.5797368421052638,3.3254999999999995,2.467590909090909,3.25,3.25,2.9,3.25,3.25,3.25,3.25,3.25,3.25,3.25,3.25
1.9961250000000001,1.656,1.276875,1.5522666666666667,1.7113000000000003,2.3996428571428563,1.8672499999999999,1.698708333333333,2.2731666666666666,2.6031666666666666,3.435,2.1523157894736844,1.7158333333333329,2.138296296296296,2.94628125,2.6180000000000003,2.4163815789473695,2.478,2.408666666666667,3.442636363636364,2.8662,3.5797368421052638,3.3254999999999995,2.467590909090909,3.25,3.25,2.9,3.25,3.25,3.25,3.25,3.25,3.25,3.25,3.25
1.9961250000000001,1.656,1.276875,1.5522666666666667,1.7113000000000003,2.3996428571428563,1.8672499999999999,1.698708333333333,2.2731666666666666,2.6031666666666666,3.435,2.1523157894736844,1.7158333333333329,2.138296296296296,2.94628125,2.6180000000000003,2.4163815789473695,2.478,2.408666666666667,3.442636363636364,2.8662,3.5797368421052638,3.3254999999999995,2.467590909090909,3.25,3.25,2.9,3.25,3.25,3.25,3.25,3.25,3.25,3.25,3.25
1.9961250000000001,1.656,1.276875,1.5522666666666667,1.7113000000000003,2.3996428571428563,1.8672499999999999,1.698708333333333,2.2731666666666666,2.6031666666666666,3.435,2.1523157894736844,1.7158333333333329,2.138296296296296,2.94628125,2.6180000000000003,2.4163815789473695,2.478,2.408666666666667,3.442636363636364,2.8662,3.5797368421052638,3.3254999999999995,2.467590909090909,3.25,3.25,2.9,3.25,3.25,3.25,3.25,3.25,3.25,3.25,3.25
1.9961250000000001,1.656,1.276875,1.5522666666666667,1.7113000000000003,2.3996428571428563,1.8672499999999999,1.698708333333333,2.2731666666666666,2.6031666666666666,3.435,2.1523157894736844,1.7158333333333329,2.138296296296296,2.94628125,2.6180000000000003,2.4163815789473695,2.478,2.408666666666667,3.442636363636364,2.8662,3.5797368421052638,3.3254999999999995,2.467590909090909,3.25,3.25,2.9,3.25,3.25,3.25,3.25,3.25,3.25,3.25,3.25
1.9961250000000001,1.656,1.276875,1.5522666666666667,1.7113000000000003,2.3996428571428563,1.8672499999999999,1.698708333333333,2.2731666666666666,2.6031666666666666,3.435,2.1523157894736844,1.7158333333333329,2.138296296296296,2.94628125,2.6180000000000003,2.4163815789473695,2.478,2.408666666666667,3.442636363636364,2.8662,3.5797368421052638,3.3254999999999995,2.467590909090909,3.25,3.25,2.9,3.25,3.25,3.25,3.25,3.25,3.25,3.25,3.25
1.9961250000000001,1.656,1.276875,1.5522666666666667,1.7113000000000003,2.3996428571428563,1.8672499999999999,1.698708333333333,2.2731666666666666,2.6031666666666666,3.435,2.1523157894736844,1.7158333333333329,2.138296296296296,2.94628125,2.6180000000000003,2.4163815789473695,2.478,2.408666666666667,3.442636363636364,2.8662,3.5797368421052638,3.3254999999999995,2.467590909090909,3.25,3.25,2.9,3.25,3.25,3.25,3.25,3.25,3.25,3.25,3.25
1.9961250000000001,1.656,1.276875,1.5522666666666667,1.7113000000000003,2.3996428571428563,1.8672499999999999,1.698708333333333,2.2731666666666666,2.6031666666666666,3.435,2.1523157894736844,1.7158333333333329,2.138296296296296,2.94628125,2.6180000000000003,2.4163815789473695,2.478,2.408666666666667,3.442636363636364,2.8662,3.5797368421052638,3.3254999999999995,2.467590909090909,3.25,3.25,2.9,3.25,3.25,3.25,3.25,3.25,3.25,3.25,3.25
1.9961250000000001,1.656,1.276875,1.5522666666666667,1.7113000000000003,2.3996428571428563,1.8672499999999999,1.698708333333333,2.2731666666666666,2.6031666666666666,3.435,2.1523157894736844,1.7158333333333329,2.138296296296296,2.94628125,2.6180000000000003,2.4163815789473695,2.478,2.408666666666667,3.442636363636364,2.8662,3.5797368421052638,3.3254999999999995,2.467590909090909,3.25,3.25,2.9,3.25,3.25,3.25,3.25,3.25,3.25,3.25,3.25
1.9961250000000001,1.656,1.276875,1.5522666666666667,1.7113000000000003,2.3996428571428563,1.8672499999999999,1.698708333333333,2.2731666666666666,2.6031666666666666,3.435,2.1523157894736844,1.7158333333333329,2.138296296296296,2.94628125,2.6180000000000003,2.4163815789473695,2.478,2.408666666666667,3.442636363636364,2.8662,3.5797368421052638,3.3254999999999995,2.467590909090909,3.25,3.25,2.9,3.25,3.25,3.25,3.25,3.25,3.25,3.25,3.25
