ND,SD,NE,KS,OK,MN,IA,MO,AR,LA,MS,WI,IL,MI,IN,OH,KY,TN,AL,FL,GA,SC,NC,WV,MD,DE,PA,NJ,NY,NH,CT,RI,MA,VT,ME
1.8969999999999996,2.2883333333333336,1.4083846153846153,1.7378125,1.7675,2.136363636363636,1.7200857142857147,1.8126562500000005,2.0233571428571433,2.3917,2.9226666666666663,2.375483870967742,1.7009166666666666,2.3383142857142856,2.3024999999999998,1.9037916666666663,2.004168224299065,2.3657999999999997,2.1270714285714285,3.0550000000000006,2.623000000000001,3.2713636363636356,3.00052380952381,2.309095890410958,3.25,3.25,3.25,3.25,3.25,4.342,3.25,3.25,3.25,3.25,3.25
1.8969999999999996,2.2883333333333336,1.4083846153846153,1.7378125,1.7675,2.136363636363636,1.7200857142857147,1.8126562500000005,2.0233571428571433,2.3917,2.9226666666666663,2.375483870967742,1.7009166666666666,2.3383142857142856,2.3024999999999998,1.9037916666666663,2.004168224299065,2.3657999999999997,2.1270714285714285,3.0550000000000006,2.623000000000001,3.2713636363636356,3.00052380952381,2.309095890410958,3.25,3.25,3.25,3.25,3.25,4.342,3.25,3.25,3.25,3.25,3.25
1.8969999999999996,2.2883333333333336,1.4083846153846153,1.7378125,1.7675,2.136363636363636,1.7200857142857147,1.8126562500000005,2.0233571428571433,2.3917,2.9226666666666663,2.375483870967742,1.7009166666666666,2.3383142857142856,2.3024999999999998,1.9037916666666663,2.004168224299065,2.3657999999999997,2.1270714285714285,3.0550000000000006,2.623000000000001,3.2713636363636356,3.00052380952381,2.309095890410958,3.25,3.25,3.25,3.25,3.25,4.342,3.25,3.25,3.25,3.25,3.25
1.8969999999999996,2.2883333333333336,1.4083846153846153,1.7378125,1.7675,2.136363636363636,1.7200857142857147,1.8126562500000005,2.0233571428571433,2.3917,2.9226666666666663,2.375483870967742,1.7009166666666666,2.3383142857142856,2.3024999999999998,1.9037916666666663,2.004168224299065,2.3657999999999997,2.1270714285714285,3.0550000000000006,2.623000000000001,3.2713636363636356,3.00052380952381,2.309095890410958,3.25,3.25,3.25,3.25,3.25,4.342,3.25,3.25,3.25,3.25,3.25
1.8969999999999996,2.2883333333333336,1.4083846153846153,1.7378125,1.7675,2.136363636363636,1.7200857142857147,1.8126562500000005,2.0233571428571433,2.3917,2.9226666666666663,2.375483870967742,1.7009166666666666,2.3383142857142856,2.3024999999999998,1.9037916666666663,2.004168224299065,2.3657999999999997,2.1270714285714285,3.0550000000000006,2.623000000000001,3.2713636363636356,3.00052380952381,2.309095890410958,3.25,3.25,3.25,3.25,3.25,4.342,3.25,3.25,3.25,3.25,3.25
1.8969999999999996,2.2883333333333336,1.4083846153846153,1.7378125,1.7675,2.136363636363636,1.7200857142857147,1.8126562500000005,2.0233571428571433,2.3917,2.9226666666666663,2.375483870967742,1.7009166666666666,2.3383142857142856,2.3024999999999998,1.9037916666666663,2.004168224299065,2.3657999999999997,2.1270714285714285,3.0550000000000006,2.623000000000001,3.2713636363636356,3.00052380952381,2.309095890410958,3.25,3.25,3.25,3.25,3.25,4.342,3.25,3.25,3.25,3.25,3.25
1.8969999999999996,2.2883333333333336,1.4083846153846153,1.7378125,1.7675,2.136363636363636,1.7200857142857147,1.8126562500000005,2.0233571428571433,2.3917,2.9226666666666663,2.375483870967742,1.7009166666666666,2.3383142857142856,2.3024999999999998,1.9037916666666663,2.004168224299065,2.3657999999999997,2.1270714285714285,3.0550000000000006,2.623000000000001,3.2713636363636356,3.00052380952381,2.309095890410958,3.25,3.25,3.25,3.25,3.25,4.342,3.25,3.25,3.25,3.25,3.25
1.8969999999999996,2.2883333333333336,1.4083846153846153,1.7378125,1.7675,2.136363636363636,1.7200857142857147,1.8126562500000005,2.0233571428571433,2.3917,2.9226666666666663,2.375483870967742,1.7009166666666666,2.3383142857142856,2.3024999999999998,1.9037916666666663,2.004168224299065,2.3657999999999997,2.1270714285714285,3.0550000000000006,2.623000000000001,3.2713636363636356,3.00052380952381,2.309095890410958,3.25,3.25,3.25,3.25,3.25,4.342,3.25,3.25,3.25,3.25,3.25
1.8969999999999996,2.2883333333333336,1.4083846153846153,1.7378125,1.7675,2.136363636363636,1.7200857142857147,1.8126562500000005,2.0233571428571433,2.3917,2.9226666666666663,2.375483870967742,1.7009166666666666,2.3383142857142856,2.3024999999999998,1.9037916666666663,2.004168224299065,2.3657999999999997,2.1270714285714285,3.0550000000000006,2.623000000000001,3.2713636363636356,3.00052380952381,2.309095890410958,3.25,3.25,3.25,3.25,3.25,4.342,3.25,3.25,3.25,3.25,3.25
1.8969999999999996,2.2883333333333336,1.4083846153846153,1.7378125,1.7675,2.136363636363636,1.7200857142857147,1.8126562500000005,2.0233571428571433,2.3917,2.9226666666666663,2.375483870967742,1.7009166666666666,2.3383142857142856,2.3024999999999998,1.9037916666666663,2.004168224299065,2.3657999999999997,2.1270714285714285,3.0550000000000006,2.623000000000001,3.2713636363636356,3.00052380952381,2.309095890410958,3.25,3.25,3.25,3.25,3.25,4.342,3.25,3.25,3.25,3.25,3.25
1.8969999999999996,2.2883333333333336,1.4083846153846153,1.7378125,1.7675,2.136363636363636,1.7200857142857147,1.8126562500000005,2.0233571428571433,2.3917,2.9226666666666663,2.375483870967742,1.7009166666666666,2.3383142857142856,2.3024999999999998,1.9037916666666663,2.004168224299065,2.3657999999999997,2.1270714285714285,3.0550000000000006,2.623000000000001,3.2713636363636356,3.00052380952381,2.309095890410958,3.25,3.25,3.25,3.25,3.25,4.342,3.25,3.25,3.25,3.25,3.25
1.8969999999999996,2.2883333333333336,1.4083846153846153,1.7378125,1.7675,2.136363636363636,1.7200857142857147,1.8126562500000005,2.0233571428571433,2.3917,2.9226666666666663,2.375483870967742,1.7009166666666666,2.3383142857142856,2.3024999999999998,1.9037916666666663,2.004168224299065,2.3657999999999997,2.1270714285714285,3.0550000000000006,2.623000000000001,3.2713636363636356,3.00052380952381,2.309095890410958,3.25,3.25,3.25,3.25,3.25,4.342,3.25,3.25,3.25,3.25,3.25
1.8969999999999996,2.2883333333333336,1.4083846153846153,1.7378125,1.7675,2.136363636363636,1.7200857142857147,1.8126562500000005,2.0233571428571433,2.3917,2.9226666666666663,2.375483870967742,1.7009166666666666,2.3383142857142856,2.3024999999999998,1.9037916666666663,2.004168224299065,2.3657999999999997,2.1270714285714285,3.0550000000000006,2.623000000000001,3.2713636363636356,3.00052380952381,2.309095890410958,3.25,3.25,3.25,3.25,3.25,4.342,3.25,3.25,3.25,3.25,3.25
1.8969999999999996,2.2883333333333336,1.4083846153846153,1.7378125,1.7675,2.136363636363636,1.7200857142857147,1.8126562500000005,2.0233571428571433,2.3917,2.9226666666666663,2.375483870967742,1.7009166666666666,2.3383142857142856,2.3024999999999998,1.9037916666666663,2.004168224299065,2.3657999999999997,2.1270714285714285,3.0550000000000006,2.623000000000001,3.2713636363636356,3.00052380952381,2.309095890410958,3.25,3.25,3.25,3.25,3.25,4.342,3.25,3.25,3.25,3.25,3.25
1.8969999999999996,2.2883333333333336,1.4083846153846153,1.7378125,1.7675,2.136363636363636,1.7200857142857147,1.8126562500000005,2.0233571428571433,2.3917,2.9226666666666663,2.375483870967742,1.7009166666666666,2.3383142857142856,2.3024999999999998,1.9037916666666663,2.004168224299065,2.3657999999999997,2.1270714285714285,3.0550000000000006,2.623000000000001,3.2713636363636356,3.00052380952381,2.309095890410958,3.25,3.25,3.25,3.25,3.25,4.342,3.25,3.25,3.25,3.25,3.25
1.8969999999999996,2.2883333333333336,1.4083846153846153,1.7378125,1.7675,2.136363636363636,1.7200857142857147,1.8126562500000005,2.0233571428571433,2.3917,2.9226666666666663,2.375483870967742,1.7009166666666666,2.3383142857142856,2.3024999999999998,1.9037916666666663,2.004168224299065,2.3657999999999997,2.1270714285714285,3.0550000000000006,2.623000000000001,3.2713636363636356,3.00052380952381,2.309095890410958,3.25,3.25,3.25,3.25,3.25,4.342,3.25,3.25,3.25,3.25,3.25
1.8969999999999996,2.2883333333333336,1.4083846153846153,1.7378125,1.7675,2.136363636363636,1.7200857142857147,1.8126562500000005,2.0233571428571433,2.3917,2.9226666666666663,2.375483870967742,1.7009166666666666,2.3383142857142856,2.3024999999999998,1.9037916666666663,2.004168224299065,2.3657999999999997,2.1270714285714285,3.0550000000000006,2.623000000000001,3.2713636363636356,3.00052380952381,2.309095890410958,3.25,3.25,3.25,3.25,3.25,4.342,3.25,3.25,3.25,3.25,3.25
1.8969999999999996,2.2883333333333336,1.4083846153846153,1.7378125,1.7675,2.136363636363636,1.7200857142857147,1.8126562500000005,2.0233571428571433,2.3917,2.9226666666666663,2.375483870967742,1.7009166666666666,2.3383142857142856,2.3024999999999998,1.9037916666666663,2.004168224299065,2.3657999999999997,2.1270714285714285,3.0550000000000006,2.623000000000001,3.2713636363636356,3.00052380952381,2.309095890410958,3.25,3.25,3.25,3.25,3.25,4.342,3.25,3.25,3.25,3.25,3.25
1.8969999999999996,2.2883333333333336,1.4083846153846153,1.7378125,1.7675,2.136363636363636,1.7200857142857147,1.8126562500000005,2.0233571428571433,2.3917,2.9226666666666663,2.375483870967742,1.7009166666666666,2.3383142857142856,2.3024999999999998,1.9037916666666663,2.004168224299065,2.3657999999999997,2.1270714285714285,3.0550000000000006,2.623000000000001,3.2713636363636356,3.00052380952381,2.309095890410958,3.25,3.25,3.25,3.25,3.25,4.342,3.25,3.25,3.25,3.25,3.25
1.8969999999999996,2.2883333333333336,1.4083846153846153,1.7378125,1.7675,2.136363636363636,1.7200857142857147,1.8126562500000005,2.0233571428571433,2.3917,2.9226666666666663,2.375483870967742,1.7009166666666666,2.3383142857142856,2.3024999999999998,1.9037916666666663,2.004168224299065,2.3657999999999997,2.1270714285714285,3.0550000000000006,2.623000000000001,3.2713636363636356,3.00052380952381,2.309095890410958,3.25,3.25,3.25,3.25,3.25,4.342,3.25,3.25,3.25,3.25,3.25
1.8969999999999996,2.2883333333333336,1.4083846153846153,1.7378125,1.7675,2.136363636363636,1.7200857142857147,1.8126562500000005,2.0233571428571433,2.3917,2.9226666666666663,2.375483870967742,1.7009166666666666,2.3383142857142856,2.3024999999999998,1.9037916666666663,2.004168224299065,2.3657999999999997,2.1270714285714285,3.0550000000000006,2.623000000000001,3.2713636363636356,3.00052380952381,2.309095890410958,3.25,3.25,3.25,3.25,3.25,4.342,3.25,3.25,3.25,3.25,3.25
1.8969999999999996,2.2883333333333336,1.4083846153846153,1.7378125,1.7675,2.136363636363636,1.7200857142857147,1.8126562500000005,2.0233571428571433,2.3917,2.9226666666666663,2.375483870967742,1.7009166666666666,2.3383142857142856,2.3024999999999998,1.9037916666666663,2.004168224299065,2.3657999999999997,2.1270714285714285,3.0550000000000006,2.623000000000001,3.2713636363636356,3.00052380952381,2.309095890410958,3.25,3.25,3.25,3.25,3.25,4.342,3.25,3.25,3.25,3.25,3.25
1.8969999999999996,2.2883333333333336,1.4083846153846153,1.7378125,1.7675,2.136363636363636,1.7200857142857147,1.8126562500000005,2.0233571428571433,2.3917,2.9226666666666663,2.375483870967742,1.7009166666666666,2.3383142857142856,2.3024999999999998,1.9037916666666663,2.004168224299065,2.3657999999999997,2.1270714285714285,3.0550000000000006,2.623000000000001,3.2713636363636356,3.00052380952381,2.309095890410958,3.25,3.25,3.25,3.25,3.25,4.342,3.25,3.25,3.25,3.25,3.25
1.8969999999999996,2.2883333333333336,1.4083846153846153,1.7378125,1.7675,2.136363636363636,1.7200857142857147,1.8126562500000005,2.0233571428571433,2.3917,2.9226666666666663,2.375483870967742,1.7009166666666666,2.3383142857142856,2.3024999999999998,1.9037916666666663,2.004168224299065,2.3657999999999997,2.1270714285714285,3.0550000000000006,2.623000000000001,3.2713636363636356,3.00052380952381,2.309095890410958,3.25,3.25,3.25,3.25,3.25,4.342,3.25,3.25,3.25,3.25,3.25
1.8969999999999996,2.2883333333333336,1.4083846153846153,1.7378125,1.7675,2.136363636363636,1.7200857142857147,1.8126562500000005,2.0233571428571433,2.3917,2.9226666666666663,2.375483870967742,1.7009166666666666,2.3383142857142856,2.3024999999999998,1.9037916666666663,2.004168224299065,2.3657999999999997,2.1270714285714285,3.0550000000000006,2.623000000000001,3.2713636363636356,3.00052380952381,2.309095890410958,3.25,3.25,3.25,3.25,3.25,4.342,3.25,3.25,3.25,3.25,3.25
1.8969999999999996,2.2883333333333336,1.4083846153846153,1.7378125,1.7675,2.136363636363636,1.7200857142857147,1.8126562500000005,2.0233571428571433,2.3917,2.9226666666666663,2.375483870967742,1.7009166666666666,2.3383142857142856,2.3024999999999998,1.9037916666666663,2.004168224299065,2.3657999999999997,2.1270714285714285,3.0550000000000006,2.623000000000001,3.2713636363636356,3.00052380952381,2.309095890410958,3.25,3.25,3.25,3.25,3.25,4.342,3.25,3.25,3.25,3.25,3.25
1.8969999999999996,2.2883333333333336,1.4083846153846153,1.7378125,1.7675,2.136363636363636,1.7200857142857147,1.8126562500000005,2.0233571428571433,2.3917,2.9226666666666663,2.375483870967742,1.7009166666666666,2.3383142857142856,2.3024999999999998,1.9037916666666663,2.004168224299065,2.3657999999999997,2.1270714285714285,3.0550000000000006,2.623000000000001,3.2713636363636356,3.00052380952381,2.309095890410958,3.25,3.25,3.25,3.25,3.25,4.342,3.25,3.25,3.25,3.25,3.25
1.8969999999999996,2.2883333333333336,1.4083846153846153,1.7378125,1.7675,2.136363636363636,1.7200857142857147,1.8126562500000005,2.0233571428571433,2.3917,2.9226666666666663,2.375483870967742,1.7009166666666666,2.3383142857142856,2.3024999999999998,1.9037916666666663,2.004168224299065,2.3657999999999997,2.1270714285714285,3.0550000000000006,2.623000000000001,3.2713636363636356,3.00052380952381,2.309095890410958,3.25,3.25,3.25,3.25,3.25,4.342,3.25,3.25,3.25,3.25,3.25
1.8969999999999996,2.2883333333333336,1.4083846153846153,1.7378125,1.7675,2.136363636363636,1.7200857142857147,1.8126562500000005,2.0233571428571433,2.3917,2.9226666666666663,2.375483870967742,1.7009166666666666,2.3383142857142856,2.3024999999999998,1.9037916666666663,2.004168224299065,2.3657999999999997,2.1270714285714285,3.0550000000000006,2.623000000000001,3.2713636363636356,3.00052380952381,2.309095890410958,3.25,3.25,3.25,3.25,3.25,4.342,3.25,3.25,3.25,3.25,3.25
1.8969999999999996,2.2883333333333336,1.4083846153846153,1.7378125,1.7675,2.136363636363636,1.7200857142857147,1.8126562500000005,2.0233571428571433,2.3917,2.9226666666666663,2.375483870967742,1.7009166666666666,2.3383142857142856,2.3024999999999998,1.9037916666666663,2.004168224299065,2.3657999999999997,2.1270714285714285,3.0550000000000006,2.623000000000001,3.2713636363636356,3.00052380952381,2.309095890410958,3.25,3.25,3.25,3.25,3.25,4.342,3.25,3.25,3.25,3.25,3.25
1.8969999999999996,2.2883333333333336,1.4083846153846153,1.7378125,1.7675,2.136363636363636,1.7200857142857147,1.8126562500000005,2.0233571428571433,2.3917,2.9226666666666663,2.375483870967742,1.7009166666666666,2.3383142857142856,2.3024999999999998,1.9037916666666663,2.004168224299065,2.3657999999999997,2.1270714285714285,3.0550000000000006,2.623000000000001,3.2713636363636356,3.00052380952381,2.309095890410958,3.25,3.25,3.25,3.25,3.25,4.342,3.25,3.25,3.25,3.25,3.25
1.751777777777778,2.301,1.4343846153846156,1.707470588235294,1.840285714285714,2.1559,1.7328387096774196,1.7819166666666673,2.1651666666666665,2.193,2.67375,2.2741111111111114,1.7512666666666667,2.328645161290323,2.3220857142857145,1.8937391304347826,1.9856344086021502,2.3375833333333333,2.168642857142857,2.8423,2.705333333333333,3.3499000000000008,2.975384615384615,2.2834935064935054,3.25,3.25,3.25,3.25,3.25,3.25,3.25,3.25,3.25,3.25,3.25
1.751777777777778,2.301,1.4343846153846156,1.707470588235294,1.840285714285714,2.1559,1.7328387096774196,1.7819166666666673,2.1651666666666665,2.193,2.67375,2.2741111111111114,1.7512666666666667,2.328645161290323,2.3220857142857145,1.8937391304347826,1.9856344086021502,2.3375833333333333,2.168642857142857,2.8423,2.705333333333333,3.3499000000000008,2.975384615384615,2.2834935064935054,3.25,3.25,3.25,3.25,3.25,3.25,3.25,3.25,3.25,3.25,3.25
1.751777777777778,2.301,1.4343846153846156,1.707470588235294,1.840285714285714,2.1559,1.7328387096774196,1.7819166666666673,2.1651666666666665,2.193,2.67375,2.2741111111111114,1.7512666666666667,2.328645161290323,2.3220857142857145,1.8937391304347826,1.9856344086021502,2.3375833333333333,2.168642857142857,2.8423,2.705333333333333,3.3499000000000008,2.975384615384615,2.2834935064935054,3.25,3.25,3.25,3.25,3.25,3.25,3.25,3.25,3.25,3.25,3.25
1.751777777777778,2.301,1.4343846153846156,1.707470588235294,1.840285714285714,2.1559,1.7328387096774196,1.7819166666666673,2.1651666666666665,2.193,2.67375,2.2741111111111114,1.7512666666666667,2.328645161290323,2.3220857142857145,1.8937391304347826,1.9856344086021502,2.3375833333333333,2.168642857142857,2.8423,2.705333333333333,3.3499000000000008,2.975384615384615,2.2834935064935054,3.25,3.25,3.25,3.25,3.25,3.25,3.25,3.25,3.25,3.25,3.25
1.751777777777778,2.301,1.4343846153846156,1.707470588235294,1.840285714285714,2.1559,1.7328387096774196,1.7819166666666673,2.1651666666666665,2.193,2.67375,2.2741111111111114,1.7512666666666667,2.328645161290323,2.3220857142857145,1.8937391304347826,1.9856344086021502,2.3375833333333333,2.168642857142857,2.8423,2.705333333333333,3.3499000000000008,2.975384615384615,2.2834935064935054,3.25,3.25,3.25,3.25,3.25,3.25,3.25,3.25,3.25,3.25,3.25
1.751777777777778,2.301,1.4343846153846156,1.707470588235294,1.840285714285714,2.1559,1.7328387096774196,1.7819166666666673,2.1651666666666665,2.193,2.67375,2.2741111111111114,1.7512666666666667,2.328645161290323,2.3220857142857145,1.8937391304347826,1.9856344086021502,2.3375833333333333,2.168642857142857,2.8423,2.705333333333333,3.3499000000000008,2.975384615384615,2.2834935064935054,3.25,3.25,3.25,3.25,3.25,3.25,3.25,3.25,3.25,3.25,3.25
1.751777777777778,2.301,1.4343846153846156,1.707470588235294,1.840285714285714,2.1559,1.7328387096774196,1.7819166666666673,2.1651666666666665,2.193,2.67375,2.2741111111111114,1.7512666666666667,2.328645161290323,2.3220857142857145,1.8937391304347826,1.9856344086021502,2.3375833333333333,2.168642857142857,2.8423,2.705333333333333,3.3499000000000008,2.975384615384615,2.2834935064935054,3.25,3.25,3.25,3.25,3.25,3.25,3.25,3.25,3.25,3.25,3.25
1.751777777777778,2.301,1.4343846153846156,1.707470588235294,1.840285714285714,2.1559,1.7328387096774196,1.7819166666666673,2.1651666666666665,2.193,2.67375,2.2741111111111114,1.7512666666666667,2.328645161290323,2.3220857142857145,1.8937391304347826,1.9856344086021502,2.3375833333333333,2.168642857142857,2.8423,2.705333333333333,3.3499000000000008,2.975384615384615,2.2834935064935054,3.25,3.25,3.25,3.25,3.25,3.25,3.25,3.25,3.25,3.25,3.25
1.751777777777778,2.301,1.4343846153846156,1.707470588235294,1.840285714285714,2.1559,1.7328387096774196,1.7819166666666673,2.1651666666666665,2.193,2.67375,2.2741111111111114,1.7512666666666667,2.328645161290323,2.3220857142857145,1.8937391304347826,1.9856344086021502,2.3375833333333333,2.168642857142857,2.8423,2.705333333333333,3.3499000000000008,2.975384615384615,2.2834935064935054,3.25,3.25,3.25,3.25,3.25,3.25,3.25,3.25,3.25,3.25,3.25
1.751777777777778,2.301,1.4343846153846156,1.707470588235294,1.840285714285714,2.1559,1.7328387096774196,1.7819166666666673,2.1651666666666665,2.193,2.67375,2.2741111111111114,1.7512666666666667,2.328645161290323,2.3220857142857145,1.8937391304347826,1.9856344086021502,2.3375833333333333,2.168642857142857,2.8423,2.705333333333333,3.3499000000000008,2.975384615384615,2.2834935064935054,3.25,3.25,3.25,3.25,3.25,3.25,3.25,3.25,3.25,3.25,3.25
1.751777777777778,2.301,1.4343846153846156,1.707470588235294,1.840285714285714,2.1559,1.7328387096774196,1.7819166666666673,2.1651666666666665,2.193,2.67375,2.2741111111111114,1.7512666666666667,2.328645161290323,2.3220857142857145,1.8937391304347826,1.9856344086021502,2.3375833333333333,2.168642857142857,2.8423,2.705333333333333,3.3499000000000008,2.975384615384615,2.2834935064935054,3.25,3.25,3.25,3.25,3.25,3.25,3.25,3.25,3.25,3.25,3.25
1.751777777777778,2.301,1.4343846153846156,1.707470588235294,1.840285714285714,2.1559,1.7328387096774196,1.7819166666666673,2.1651666666666665,2.193,2.67375,2.2741111111111114,1.7512666666666667,2.328645161290323,2.3220857142857145,1.8937391304347826,1.9856344086021502,2.3375833333333333,2.168642857142857,2.8423,2.705333333333333,3.3499000000000008,2.975384615384615,2.2834935064935054,3.25,3.25,3.25,3.25,3.25,3.25,3.25,3.25,3.25,3.25,3.25
1.751777777777778,2.301,1.4343846153846156,1.707470588235294,1.840285714285714,2.1559,1.7328387096774196,1.7819166666666673,2.1651666666666665,2.193,2.67375,2.2741111111111114,1.7512666666666667,2.328645161290323,2.3220857142857145,1.8937391304347826,1.9856344086021502,2.3375833333333333,2.168642857142857,2.8423,2.705333333333333,3.3499000000000008,2.975384615384615,2.2834935064935054,3.25,3.25,3.25,3.25,3.25,3.25,3.25,3.25,3.25,3.25,3.25
1.751777777777778,2.301,1.4343846153846156,1.707470588235294,1.840285714285714,2.1559,1.7328387096774196,1.7819166666666673,2.1651666666666665,2.193,2.67375,2.2741111111111114,1.7512666666666667,2.328645161290323,2.3220857142857145,1.8937391304347826,1.9856344086021502,2.3375833333333333,2.168642857142857,2.8423,2.705333333333333,3.3499000000000008,2.975384615384615,2.2834935064935054,3.25,3.25,3.25,3.25,3.25,3.25,3.25,3.25,3.25,3.25,3.25
1.751777777777778,2.301,1.4343846153846156,1.707470588235294,1.840285714285714,2.1559,1.7328387096774196,1.7819166666666673,2.1651666666666665,2.193,2.67375,2.2741111111111114,1.7512666666666667,2.328645161290323,2.3220857142857145,1.8937391304347826,1.9856344086021502,2.3375833333333333,2.168642857142857,2.8423,2.705333333333333,3.3499000000000008,2.975384615384615,2.2834935064935054,3.25,3.25,3.25,3.25,3.25,3.25,3.25,3.25,3.25,3.25,3.25
1.751777777777778,2.301,1.4343846153846156,1.707470588235294,1.840285714285714,2.1559,1.7328387096774196,1.7819166666666673,2.1651666666666665,2.193,2.67375,2.2741111111111114,1.7512666666666667,2.328645161290323,2.3220857142857145,1.8937391304347826,1.9856344086021502,2.3375833333333333,2.168642857142857,2.8423,2.705333333333333,3.3499000000000008,2.975384615384615,2.2834935064935054,3.25,3.25,3.25,3.25,3.25,3.25,3.25,3.25,3.25,3.25,3.25
1.751777777777778,2.301,1.4343846153846156,1.707470588235294,1.840285714285714,2.1559,1.7328387096774196,1.7819166666666673,2.1651666666666665,2.193,2.67375,2.2741111111111114,1.7512666666666667,2.328645161290323,2.3220857142857145,1.8937391304347826,1.9856344086021502,2.3375833333333333,2.168642857142857,2.8423,2.705333333333333,3.3499000000000008,2.975384615384615,2.2834935064935054,3.25,3.25,3.25,3.25,3.25,3.25,3.25,3.25,3.25,3.25,3.25
1.751777777777778,2.301,1.4343846153846156,1.707470588235294,1.840285714285714,2.1559,1.7328387096774196,1.7819166666666673,2.1651666666666665,2.193,2.67375,2.2741111111111114,1.7512666666666667,2.328645161290323,2.3220857142857145,1.8937391304347826,1.9856344086021502,2.3375833333333333,2.168642857142857,2.8423,2.705333333333333,3.3499000000000008,2.975384615384615,2.2834935064935054,3.25,3.25,3.25,3.25,3.25,3.25,3.25,3.25,3.25,3.25,3.25
1.751777777777778,2.301,1.4343846153846156,1.707470588235294,1.840285714285714,2.1559,1.7328387096774196,1.7819166666666673,2.1651666666666665,2.193,2.67375,2.2741111111111114,1.7512666666666667,2.328645161290323,2.3220857142857145,1.8937391304347826,1.9856344086021502,2.3375833333333333,2.168642857142857,2.8423,2.705333333333333,3.3499000000000008,2.975384615384615,2.2834935064935054,3.25,3.25,3.25,3.25,3.25,3.25,3.25,3.25,3.25,3.25,3.25
1.751777777777778,2.301,1.4343846153846156,1.707470588235294,1.840285714285714,2.1559,1.7328387096774196,1.7819166666666673,2.1651666666666665,2.193,2.67375,2.2741111111111114,1.7512666666666667,2.328645161290323,2.3220857142857145,1.8937391304347826,1.9856344086021502,2.3375833333333333,2.168642857142857,2.8423,2.705333333333333,3.3499000000000008,2.975384615384615,2.2834935064935054,3.25,3.25,3.25,3.25,3.25,3.25,3.25,3.25,3.25,3.25,3.25
1.751777777777778,2.301,1.4343846153846156,1.707470588235294,1.840285714285714,2.1559,1.7328387096774196,1.7819166666666673,2.1651666666666665,2.193,2.67375,2.2741111111111114,1.7512666666666667,2.328645161290323,2.3220857142857145,1.8937391304347826,1.9856344086021502,2.3375833333333333,2.168642857142857,2.8423,2.705333333333333,3.3499000000000008,2.975384615384615,2.2834935064935054,3.25,3.25,3.25,3.25,3.25,3.25,3.25,3.25,3.25,3.25,3.25
1.751777777777778,2.301,1.4343846153846156,1.707470588235294,1.840285714285714,2.1559,1.7328387096774196,1.7819166666666673,2.1651666666666665,2.193,2.67375,2.2741111111111114,1.7512666666666667,2.328645161290323,2.3220857142857145,1.8937391304347826,1.9856344086021502,2.3375833333333333,2.168642857142857,2.8423,2.705333333333333,3.3499000000000008,2.975384615384615,2.2834935064935054,3.25,3.25,3.25,3.25,3.25,3.25,3.25,3.25,3.25,3.25,3.25
1.751777777777778,2.301,1.4343846153846156,1.707470588235294,1.840285714285714,2.1559,1.7328387096774196,1.7819166666666673,2.1651666666666665,2.193,2.67375,2.2741111111111114,1.7512666666666667,2.328645161290323,2.3220857142857145,1.8937391304347826,1.9856344086021502,2.3375833333333333,2.168642857142857,2.8423,2.705333333333333,3.3499000000000008,2.975384615384615,2.2834935064935054,3.25,3.25,3.25,3.25,3.25,3.25,3.25,3.25,3.25,3.25,3.25
1.751777777777778,2.301,1.4343846153846156,1.707470588235294,1.840285714285714,2.1559,1.7328387096774196,1.7819166666666673,2.1651666666666665,2.193,2.67375,2.2741111111111114,1.7512666666666667,2.328645161290323,2.3220857142857145,1.8937391304347826,1.9856344086021502,2.3375833333333333,2.168642857142857,2.8423,2.705333333333333,3.3499000000000008,2.975384615384615,2.2834935064935054,3.25,3.25,3.25,3.25,3.25,3.25,3.25,3.25,3.25,3.25,3.25
1.751777777777778,2.301,1.4343846153846156,1.707470588235294,1.840285714285714,2.1559,1.7328387096774196,1.7819166666666673,2.1651666666666665,2.193,2.67375,2.2741111111111114,1.7512666666666667,2.328645161290323,2.3220857142857145,1.8937391304347826,1.9856344086021502,2.3375833333333333,2.168642857142857,2.8423,2.705333333333333,3.3499000000000008,2.975384615384615,2.2834935064935054,3.25,3.25,3.25,3.25,3.25,3.25,3.25,3.25,3.25,3.25,3.25
1.751777777777778,2.301,1.4343846153846156,1.707470588235294,1.840285714285714,2.1559,1.7328387096774196,1.7819166666666673,2.1651666666666665,2.193,2.67375,2.2741111111111114,1.7512666666666667,2.328645161290323,2.3220857142857145,1.8937391304347826,1.9856344086021502,2.3375833333333333,2.168642857142857,2.8423,2.705333333333333,3.3499000000000008,2.975384615384615,2.2834935064935054,3.25,3.25,3.25,3.25,3.25,3.25,3.25,3.25,3.25,3.25,3.25
1.751777777777778,2.301,1.4343846153846156,1.707470588235294,1.840285714285714,2.1559,1.7328387096774196,1.7819166666666673,2.1651666666666665,2.193,2.67375,2.2741111111111114,1.7512666666666667,2.328645161290323,2.3220857142857145,1.8937391304347826,1.9856344086021502,2.3375833333333333,2.168642857142857,2.8423,2.705333333333333,3.3499000000000008,2.975384615384615,2.2834935064935054,3.25,3.25,3.25,3.25,3.25,3.25,3.25,3.25,3.25,3.25,3.25
1.751777777777778,2.301,1.4343846153846156,1.707470588235294,1.840285714285714,2.1559,1.7328387096774196,1.7819166666666673,2.1651666666666665,2.193,2.67375,2.2741111111111114,1.7512666666666667,2.328645161290323,2.3220857142857145,1.8937391304347826,1.9856344086021502,2.3375833333333333,2.168642857142857,2.8423,2.705333333333333,3.3499000000000008,2.975384615384615,2.2834935064935054,3.25,3.25,3.25,3.25,3.25,3.25,3.25,3.25,3.25,3.25,3.25
1.8044444444444445,2.2645,1.4555384615384617,1.8072222222222223,1.7278571428571428,2.1944761904761902,1.70448275862069,1.7533888888888884,2.1150833333333336,2.2545,3.497,2.3942941176470582,1.8148749999999998,2.2403000000000004,2.343055555555556,1.9497058823529412,1.9586914893617027,2.365545454545454,1.9922857142857147,2.915047619047619,2.6614761904761908,3.292555555555556,2.9363548387096774,2.2943333333333342,3.25,3.25,3.25,3.25,3.25,3.25,3.25,3.25,3.25,3.25,3.25
1.8044444444444445,2.2645,1.4555384615384617,1.8072222222222223,1.7278571428571428,2.1944761904761902,1.70448275862069,1.7533888888888884,2.1150833333333336,2.2545,3.497,2.3942941176470582,1.8148749999999998,2.2403000000000004,2.343055555555556,1.9497058823529412,1.9586914893617027,2.365545454545454,1.9922857142857147,2.915047619047619,2.6614761904761908,3.292555555555556,2.9363548387096774,2.2943333333333342,3.25,3.25,3.25,3.25,3.25,3.25,3.25,3.25,3.25,3.25,3.25
1.8044444444444445,2.2645,1.4555384615384617,1.8072222222222223,1.7278571428571428,2.1944761904761902,1.70448275862069,1.7533888888888884,2.1150833333333336,2.2545,3.497,2.3942941176470582,1.8148749999999998,2.2403000000000004,2.343055555555556,1.9497058823529412,1.9586914893617027,2.365545454545454,1.9922857142857147,2.915047619047619,2.6614761904761908,3.292555555555556,2.9363548387096774,2.2943333333333342,3.25,3.25,3.25,3.25,3.25,3.25,3.25,3.25,3.25,3.25,3.25
1.8044444444444445,2.2645,1.4555384615384617,1.8072222222222223,1.7278571428571428,2.1944761904761902,1.70448275862069,1.7533888888888884,2.1150833333333336,2.2545,3.497,2.3942941176470582,1.8148749999999998,2.2403000000000004,2.343055555555556,1.9497058823529412,1.9586914893617027,2.365545454545454,1.9922857142857147,2.915047619047619,2.6614761904761908,3.292555555555556,2.9363548387096774,2.2943333333333342,3.25,3.25,3.25,3.25,3.25,3.25,3.25,3.25,3.25,3.25,3.25
1.8044444444444445,2.2645,1.4555384615384617,1.8072222222222223,1.7278571428571428,2.1944761904761902,1.70448275862069,1.7533888888888884,2.1150833333333336,2.2545,3.497,2.3942941176470582,1.8148749999999998,2.2403000000000004,2.343055555555556,1.9497058823529412,1.9586914893617027,2.365545454545454,1.9922857142857147,2.915047619047619,2.6614761904761908,3.292555555555556,2.9363548387096774,2.2943333333333342,3.25,3.25,3.25,3.25,3.25,3.25,3.25,3.25,3.25,3.25,3.25
1.8044444444444445,2.2645,1.4555384615384617,1.8072222222222223,1.7278571428571428,2.1944761904761902,1.70448275862069,1.7533888888888884,2.1150833333333336,2.2545,3.497,2.3942941176470582,1.8148749999999998,2.2403000000000004,2.343055555555556,1.9497058823529412,1.9586914893617027,2.365545454545454,1.9922857142857147,2.915047619047619,2.6614761904761908,3.292555555555556,2.9363548387096774,2.2943333333333342,3.25,3.25,3.25,3.25,3.25,3.25,3.25,3.25,3.25,3.25,3.25
1.8044444444444445,2.2645,1.4555384615384617,1.8072222222222223,1.7278571428571428,2.1944761904761902,1.70448275862069,1.7533888888888884,2.1150833333333336,2.2545,3.497,2.3942941176470582,1.8148749999999998,2.2403000000000004,2.343055555555556,1.9497058823529412,1.9586914893617027,2.365545454545454,1.9922857142857147,2.915047619047619,2.6614761904761908,3.292555555555556,2.9363548387096774,2.2943333333333342,3.25,3.25,3.25,3.25,3.25,3.25,3.25,3.25,3.25,3.25,3.25
1.8044444444444445,2.2645,1.4555384615384617,1.8072222222222223,1.7278571428571428,2.1944761904761902,1.70448275862069,1.7533888888888884,2.1150833333333336,2.2545,3.497,2.3942941176470582,1.8148749999999998,2.2403000000000004,2.343055555555556,1.9497058823529412,1.9586914893617027,2.365545454545454,1.9922857142857147,2.915047619047619,2.6614761904761908,3.292555555555556,2.9363548387096774,2.2943333333333342,3.25,3.25,3.25,3.25,3.25,3.25,3.25,3.25,3.25,3.25,3.25
1.8044444444444445,2.2645,1.4555384615384617,1.8072222222222223,1.7278571428571428,2.1944761904761902,1.70448275862069,1.7533888888888884,2.1150833333333336,2.2545,3.497,2.3942941176470582,1.8148749999999998,2.2403000000000004,2.343055555555556,1.9497058823529412,1.9586914893617027,2.365545454545454,1.9922857142857147,2.915047619047619,2.6614761904761908,3.292555555555556,2.9363548387096774,2.2943333333333342,3.25,3.25,3.25,3.25,3.25,3.25,3.25,3.25,3.25,3.25,3.25
1.8044444444444445,2.2645,1.4555384615384617,1.8072222222222223,1.7278571428571428,2.1944761904761902,1.70448275862069,1.7533888888888884,2.1150833333333336,2.2545,3.497,2.3942941176470582,1.8148749999999998,2.2403000000000004,2.343055555555556,1.9497058823529412,1.9586914893617027,2.365545454545454,1.9922857142857147,2.915047619047619,2.6614761904761908,3.292555555555556,2.9363548387096774,2.2943333333333342,3.25,3.25,3.25,3.25,3.25,3.25,3.25,3.25,3.25,3.25,3.25
1.8044444444444445,2.2645,1.4555384615384617,1.8072222222222223,1.7278571428571428,2.1944761904761902,1.70448275862069,1.7533888888888884,2.1150833333333336,2.2545,3.497,2.3942941176470582,1.8148749999999998,2.2403000000000004,2.343055555555556,1.9497058823529412,1.9586914893617027,2.365545454545454,1.9922857142857147,2.915047619047619,2.6614761904761908,3.292555555555556,2.9363548387096774,2.2943333333333342,3.25,3.25,3.25,3.25,3.25,3.25,3.25,3.25,3.25,3.25,3.25
1.8044444444444445,2.2645,1.4555384615384617,1.8072222222222223,1.7278571428571428,2.1944761904761902,1.70448275862069,1.7533888888888884,2.1150833333333336,2.2545,3.497,2.3942941176470582,1.8148749999999998,2.2403000000000004,2.343055555555556,1.9497058823529412,1.9586914893617027,2.365545454545454,1.9922857142857147,2.915047619047619,2.6614761904761908,3.292555555555556,2.9363548387096774,2.2943333333333342,3.25,3.25,3.25,3.25,3.25,3.25,3.25,3.25,3.25,3.25,3.25
1.8044444444444445,2.2645,1.4555384615384617,1.8072222222222223,1.7278571428571428,2.1944761904761902,1.70448275862069,1.7533888888888884,2.1150833333333336,2.2545,3.497,2.3942941176470582,1.8148749999999998,2.2403000000000004,2.343055555555556,1.9497058823529412,1.9586914893617027,2.365545454545454,1.9922857142857147,2.915047619047619,2.6614761904761908,3.292555555555556,2.9363548387096774,2.2943333333333342,3.25,3.25,3.25,3.25,3.25,3.25,3.25,3.25,3.25,3.25,3.25
1.8044444444444445,2.2645,1.4555384615384617,1.8072222222222223,1.7278571428571428,2.1944761904761902,1.70448275862069,1.7533888888888884,2.1150833333333336,2.2545,3.497,2.3942941176470582,1.8148749999999998,2.2403000000000004,2.343055555555556,1.9497058823529412,1.9586914893617027,2.365545454545454,1.9922857142857147,2.915047619047619,2.6614761904761908,3.292555555555556,2.9363548387096774,2.2943333333333342,3.25,3.25,3.25,3.25,3.25,3.25,3.25,3.25,3.25,3.25,3.25
1.8044444444444445,2.2645,1.4555384615384617,1.8072222222222223,1.7278571428571428,2.1944761904761902,1.70448275862069,1.7533888888888884,2.1150833333333336,2.2545,3.497,2.3942941176470582,1.8148749999999998,2.2403000000000004,2.343055555555556,1.9497058823529412,1.9586914893617027,2.365545454545454,1.9922857142857147,2.915047619047619,2.6614761904761908,3.292555555555556,2.9363548387096774,2.2943333333333342,3.25,3.25,3.25,3.25,3.25,3.25,3.25,3.25,3.25,3.25,3.25
1.8044444444444445,2.2645,1.4555384615384617,1.8072222222222223,1.7278571428571428,2.1944761904761902,1.70448275862069,1.7533888888888884,2.1150833333333336,2.2545,3.497,2.3942941176470582,1.8148749999999998,2.2403000000000004,2.343055555555556,1.9497058823529412,1.9586914893617027,2.365545454545454,1.9922857142857147,2.915047619047619,2.6614761904761908,3.292555555555556,2.9363548387096774,2.2943333333333342,3.25,3.25,3.25,3.25,3.25,3.25,3.25,3.25,3.25,3.25,3.25
1.8044444444444445,2.2645,1.4555384615384617,1.8072222222222223,1.7278571428571428,2.1944761904761902,1.70448275862069,1.7533888888888884,2.1150833333333336,2.2545,3.497,2.3942941176470582,1.8148749999999998,2.2403000000000004,2.343055555555556,1.9497058823529412,1.9586914893617027,2.365545454545454,1.9922857142857147,2.915047619047619,2.6614761904761908,3.292555555555556,2.9363548387096774,2.2943333333333342,3.25,3.25,3.25,3.25,3.25,3.25,3.25,3.25,3.25,3.25,3.25
1.8044444444444445,2.2645,1.4555384615384617,1.8072222222222223,1.7278571428571428,2.1944761904761902,1.70448275862069,1.7533888888888884,2.1150833333333336,2.2545,3.497,2.3942941176470582,1.8148749999999998,2.2403000000000004,2.343055555555556,1.9497058823529412,1.9586914893617027,2.365545454545454,1.9922857142857147,2.915047619047619,2.6614761904761908,3.292555555555556,2.9363548387096774,2.2943333333333342,3.25,3.25,3.25,3.25,3.25,3.25,3.25,3.25,3.25,3.25,3.25
1.8044444444444445,2.2645,1.4555384615384617,1.8072222222222223,1.7278571428571428,2.1944761904761902,1.70448275862069,1.7533888888888884,2.1150833333333336,2.2545,3.497,2.3942941176470582,1.8148749999999998,2.2403000000000004,2.343055555555556,1.9497058823529412,1.9586914893617027,2.365545454545454,1.9922857142857147,2.915047619047619,2.6614761904761908,3.292555555555556,2.9363548387096774,2.2943333333333342,3.25,3.25,3.25,3.25,3.25,3.25,3.25,3.25,3.25,3.25,3.25
1.8044444444444445,2.2645,1.4555384615384617,1.8072222222222223,1.7278571428571428,2.1944761904761902,1.70448275862069,1.7533888888888884,2.1150833333333336,2.2545,3.497,2.3942941176470582,1.8148749999999998,2.2403000000000004,2.343055555555556,1.9497058823529412,1.9586914893617027,2.365545454545454,1.9922857142857147,2.915047619047619,2.6614761904761908,3.292555555555556,2.9363548387096774,2.2943333333333342,3.25,3.25,3.25,3.25,3.25,3.25,3.25,3.25,3.25,3.25,3.25
1.8044444444444445,2.2645,1.4555384615384617,1.8072222222222223,1.7278571428571428,2.1944761904761902,1.70448275862069,1.7533888888888884,2.1150833333333336,2.2545,3.497,2.3942941176470582,1.8148749999999998,2.2403000000000004,2.343055555555556,1.9497058823529412,1.9586914893617027,2.365545454545454,1.9922857142857147,2.915047619047619,2.6614761904761908,3.292555555555556,2.9363548387096774,2.2943333333333342,3.25,3.25,3.25,3.25,3.25,3.25,3.25,3.25,3.25,3.25,3.25
1.8044444444444445,2.2645,1.4555384615384617,1.8072222222222223,1.7278571428571428,2.1944761904761902,1.70448275862069,1.7533888888888884,2.1150833333333336,2.2545,3.497,2.3942941176470582,1.8148749999999998,2.2403000000000004,2.343055555555556,1.9497058823529412,1.9586914893617027,2.365545454545454,1.9922857142857147,2.915047619047619,2.6614761904761908,3.292555555555556,2.9363548387096774,2.2943333333333342,3.25,3.25,3.25,3.25,3.25,3.25,3.25,3.25,3.25,3.25,3.25
1.8044444444444445,2.2645,1.4555384615384617,1.8072222222222223,1.7278571428571428,2.1944761904761902,1.70448275862069,1.7533888888888884,2.1150833333333336,2.2545,3.497,2.3942941176470582,1.8148749999999998,2.2403000000000004,2.343055555555556,1.9497058823529412,1.9586914893617027,2.365545454545454,1.9922857142857147,2.915047619047619,2.6614761904761908,3.292555555555556,2.9363548387096774,2.2943333333333342,3.25,3.25,3.25,3.25,3.25,3.25,3.25,3.25,3.25,3.25,3.25
1.8044444444444445,2.2645,1.4555384615384617,1.8072222222222223,1.7278571428571428,2.1944761904761902,1.70448275862069,1.7533888888888884,2.1150833333333336,2.2545,3.497,2.3942941176470582,1.8148749999999998,2.2403000000000004,2.343055555555556,1.9497058823529412,1.9586914893617027,2.365545454545454,1.9922857142857147,2.915047619047619,2.6614761904761908,3.292555555555556,2.9363548387096774,2.2943333333333342,3.25,3.25,3.25,3.25,3.25,3.25,3.25,3.25,3.25,3.25,3.25
1.8044444444444445,2.2645,1.4555384615384617,1.8072222222222223,1.7278571428571428,2.1944761904761902,1.70448275862069,1.7533888888888884,2.1150833333333336,2.2545,3.497,2.3942941176470582,1.8148749999999998,2.2403000000000004,2.343055555555556,1.9497058823529412,1.9586914893617027,2.365545454545454,1.9922857142857147,2.915047619047619,2.6614761904761908,3.292555555555556,2.9363548387096774,2.2943333333333342,3.25,3.25,3.25,3.25,3.25,3.25,3.25,3.25,3.25,3.25,3.25
1.8044444444444445,2.2645,1.4555384615384617,1.8072222222222223,1.7278571428571428,2.1944761904761902,1.70448275862069,1.7533888888888884,2.1150833333333336,2.2545,3.497,2.3942941176470582,1.8148749999999998,2.2403000000000004,2.343055555555556,1.9497058823529412,1.9586914893617027,2.365545454545454,1.9922857142857147,2.915047619047619,2.6614761904761908,3.292555555555556,2.9363548387096774,2.2943333333333342,3.25,3.25,3.25,3.25,3.25,3.25,3.25,3.25,3.25,3.25,3.25
1.8044444444444445,2.2645,1.4555384615384617,1.8072222222222223,1.7278571428571428,2.1944761904761902,1.70448275862069,1.7533888888888884,2.1150833333333336,2.2545,3.497,2.3942941176470582,1.8148749999999998,2.2403000000000004,2.343055555555556,1.9497058823529412,1.9586914893617027,2.365545454545454,1.9922857142857147,2.915047619047619,2.6614761904761908,3.292555555555556,2.9363548387096774,2.2943333333333342,3.25,3.25,3.25,3.25,3.25,3.25,3.25,3.25,3.25,3.25,3.25
1.8044444444444445,2.2645,1.4555384615384617,1.8072222222222223,1.7278571428571428,2.1944761904761902,1.70448275862069,1.7533888888888884,2.1150833333333336,2.2545,3.497,2.3942941176470582,1.8148749999999998,2.2403000000000004,2.343055555555556,1.9497058823529412,1.9586914893617027,2.365545454545454,1.9922857142857147,2.915047619047619,2.6614761904761908,3.292555555555556,2.9363548387096774,2.2943333333333342,3.25,3.25,3.25,3.25,3.25,3.25,3.25,3.25,3.25,3.25,3.25
1.8044444444444445,2.2645,1.4555384615384617,1.8072222222222223,1.7278571428571428,2.1944761904761902,1.70448275862069,1.7533888888888884,2.1150833333333336,2.2545,3.497,2.3942941176470582,1.8148749999999998,2.2403000000000004,2.343055555555556,1.9497058823529412,1.9586914893617027,2.365545454545454,1.9922857142857147,2.915047619047619,2.6614761904761908,3.292555555555556,2.9363548387096774,2.2943333333333342,3.25,3.25,3.25,3.25,3.25,3.25,3.25,3.25,3.25,3.25,3.25
1.8044444444444445,2.2645,1.4555384615384617,1.8072222222222223,1.7278571428571428,2.1944761904761902,1.70448275862069,1.7533888888888884,2.1150833333333336,2.2545,3.497,2.3942941176470582,1.8148749999999998,2.2403000000000004,2.343055555555556,1.9497058823529412,1.9586914893617027,2.365545454545454,1.9922857142857147,2.915047619047619,2.6614761904761908,3.292555555555556,2.9363548387096774,2.2943333333333342,3.25,3.25,3.25,3.25,3.25,3.25,3.25,3.25,3.25,3.25,3.25
1.8044444444444445,2.2645,1.4555384615384617,1.8072222222222223,1.7278571428571428,2.1944761904761902,1.70448275862069,1.7533888888888884,2.1150833333333336,2.2545,3.497,2.3942941176470582,1.8148749999999998,2.2403000000000004,2.343055555555556,1.9497058823529412,1.9586914893617027,2.365545454545454,1.9922857142857147,2.915047619047619,2.6614761904761908,3.292555555555556,2.9363548387096774,2.2943333333333342,3.25,3.25,3.25,3.25,3.25,3.25,3.25,3.25,3.25,3.25,3.25
1.9779999999999998,2.3564999999999996,1.4169166666666666,1.9566666666666666,1.7690000000000001,2.169842105263158,1.738130434782609,1.8065666666666667,1.95275,2.441333333333333,2.4586666666666663,2.2454857142857145,1.7165000000000001,2.273422222222222,2.3180000000000005,1.8965238095238097,1.9795411764705881,2.4412307692307693,2.0082500000000003,2.7252727272727277,2.7517368421052635,3.2618333333333323,3.0532424242424248,2.3050740740740743,3.25,3.25,3.25,3.25,3.25,3.25,3.25,3.25,3.25,3.25,3.25
1.9779999999999998,2.3564999999999996,1.4169166666666666,1.9566666666666666,1.7690000000000001,2.169842105263158,1.738130434782609,1.8065666666666667,1.95275,2.441333333333333,2.4586666666666663,2.2454857142857145,1.7165000000000001,2.273422222222222,2.3180000000000005,1.8965238095238097,1.9795411764705881,2.4412307692307693,2.0082500000000003,2.7252727272727277,2.7517368421052635,3.2618333333333323,3.0532424242424248,2.3050740740740743,3.25,3.25,3.25,3.25,3.25,3.25,3.25,3.25,3.25,3.25,3.25
1.9779999999999998,2.3564999999999996,1.4169166666666666,1.9566666666666666,1.7690000000000001,2.169842105263158,1.738130434782609,1.8065666666666667,1.95275,2.441333333333333,2.4586666666666663,2.2454857142857145,1.7165000000000001,2.273422222222222,2.3180000000000005,1.8965238095238097,1.9795411764705881,2.4412307692307693,2.0082500000000003,2.7252727272727277,2.7517368421052635,3.2618333333333323,3.0532424242424248,2.3050740740740743,3.25,3.25,3.25,3.25,3.25,3.25,3.25,3.25,3.25,3.25,3.25
1.9779999999999998,2.3564999999999996,1.4169166666666666,1.9566666666666666,1.7690000000000001,2.169842105263158,1.738130434782609,1.8065666666666667,1.95275,2.441333333333333,2.4586666666666663,2.2454857142857145,1.7165000000000001,2.273422222222222,2.3180000000000005,1.8965238095238097,1.9795411764705881,2.4412307692307693,2.0082500000000003,2.7252727272727277,2.7517368421052635,3.2618333333333323,3.0532424242424248,2.3050740740740743,3.25,3.25,3.25,3.25,3.25,3.25,3.25,3.25,3.25,3.25,3.25
1.9779999999999998,2.3564999999999996,1.4169166666666666,1.9566666666666666,1.7690000000000001,2.169842105263158,1.738130434782609,1.8065666666666667,1.95275,2.441333333333333,2.4586666666666663,2.2454857142857145,1.7165000000000001,2.273422222222222,2.3180000000000005,1.8965238095238097,1.9795411764705881,2.4412307692307693,2.0082500000000003,2.7252727272727277,2.7517368421052635,3.2618333333333323,3.0532424242424248,2.3050740740740743,3.25,3.25,3.25,3.25,3.25,3.25,3.25,3.25,3.25,3.25,3.25
1.9779999999999998,2.3564999999999996,1.4169166666666666,1.9566666666666666,1.7690000000000001,2.169842105263158,1.738130434782609,1.8065666666666667,1.95275,2.441333333333333,2.4586666666666663,2.2454857142857145,1.7165000000000001,2.273422222222222,2.3180000000000005,1.8965238095238097,1.9795411764705881,2.4412307692307693,2.0082500000000003,2.7252727272727277,2.7517368421052635,3.2618333333333323,3.0532424242424248,2.3050740740740743,3.25,3.25,3.25,3.25,3.25,3.25,3.25,3.25,3.25,3.25,3.25
1.9779999999999998,2.3564999999999996,1.4169166666666666,1.9566666666666666,1.7690000000000001,2.169842105263158,1.738130434782609,1.8065666666666667,1.95275,2.441333333333333,2.4586666666666663,2.2454857142857145,1.7165000000000001,2.273422222222222,2.3180000000000005,1.8965238095238097,1.9795411764705881,2.4412307692307693,2.0082500000000003,2.7252727272727277,2.7517368421052635,3.2618333333333323,3.0532424242424248,2.3050740740740743,3.25,3.25,3.25,3.25,3.25,3.25,3.25,3.25,3.25,3.25,3.25
1.9779999999999998,2.3564999999999996,1.4169166666666666,1.9566666666666666,1.7690000000000001,2.169842105263158,1.738130434782609,1.8065666666666667,1.95275,2.441333333333333,2.4586666666666663,2.2454857142857145,1.7165000000000001,2.273422222222222,2.3180000000000005,1.8965238095238097,1.9795411764705881,2.4412307692307693,2.0082500000000003,2.7252727272727277,2.7517368421052635,3.2618333333333323,3.0532424242424248,2.3050740740740743,3.25,3.25,3.25,3.25,3.25,3.25,3.25,3.25,3.25,3.25,3.25
1.9779999999999998,2.3564999999999996,1.4169166666666666,1.9566666666666666,1.7690000000000001,2.169842105263158,1.738130434782609,1.8065666666666667,1.95275,2.441333333333333,2.4586666666666663,2.2454857142857145,1.7165000000000001,2.273422222222222,2.3180000000000005,1.8965238095238097,1.9795411764705881,2.4412307692307693,2.0082500000000003,2.7252727272727277,2.7517368421052635,3.2618333333333323,3.0532424242424248,2.3050740740740743,3.25,3.25,3.25,3.25,3.25,3.25,3.25,3.25,3.25,3.25,3.25
1.9779999999999998,2.3564999999999996,1.4169166666666666,1.9566666666666666,1.7690000000000001,2.169842105263158,1.738130434782609,1.8065666666666667,1.95275,2.441333333333333,2.4586666666666663,2.2454857142857145,1.7165000000000001,2.273422222222222,2.3180000000000005,1.8965238095238097,1.9795411764705881,2.4412307692307693,2.0082500000000003,2.7252727272727277,2.7517368421052635,3.2618333333333323,3.0532424242424248,2.3050740740740743,3.25,3.25,3.25,3.25,3.25,3.25,3.25,3.25,3.25,3.25,3.25
1.9779999999999998,2.3564999999999996,1.4169166666666666,1.9566666666666666,1.7690000000000001,2.169842105263158,1.738130434782609,1.8065666666666667,1.95275,2.441333333333333,2.4586666666666663,2.2454857142857145,1.7165000000000001,2.273422222222222,2.3180000000000005,1.8965238095238097,1.9795411764705881,2.4412307692307693,2.0082500000000003,2.7252727272727277,2.7517368421052635,3.2618333333333323,3.0532424242424248,2.3050740740740743,3.25,3.25,3.25,3.25,3.25,3.25,3.25,3.25,3.25,3.25,3.25
1.9779999999999998,2.3564999999999996,1.4169166666666666,1.9566666666666666,1.7690000000000001,2.169842105263158,1.738130434782609,1.8065666666666667,1.95275,2.441333333333333,2.4586666666666663,2.2454857142857145,1.7165000000000001,2.273422222222222,2.3180000000000005,1.8965238095238097,1.9795411764705881,2.4412307692307693,2.0082500000000003,2.7252727272727277,2.7517368421052635,3.2618333333333323,3.0532424242424248,2.3050740740740743,3.25,3.25,3.25,3.25,3.25,3.25,3.25,3.25,3.25,3.25,3.25
1.9779999999999998,2.3564999999999996,1.4169166666666666,1.9566666666666666,1.7690000000000001,2.169842105263158,1.738130434782609,1.8065666666666667,1.95275,2.441333333333333,2.4586666666666663,2.2454857142857145,1.7165000000000001,2.273422222222222,2.3180000000000005,1.8965238095238097,1.9795411764705881,2.4412307692307693,2.0082500000000003,2.7252727272727277,2.7517368421052635,3.2618333333333323,3.0532424242424248,2.3050740740740743,3.25,3.25,3.25,3.25,3.25,3.25,3.25,3.25,3.25,3.25,3.25
1.9779999999999998,2.3564999999999996,1.4169166666666666,1.9566666666666666,1.7690000000000001,2.169842105263158,1.738130434782609,1.8065666666666667,1.95275,2.441333333333333,2.4586666666666663,2.2454857142857145,1.7165000000000001,2.273422222222222,2.3180000000000005,1.8965238095238097,1.9795411764705881,2.4412307692307693,2.0082500000000003,2.7252727272727277,2.7517368421052635,3.2618333333333323,3.0532424242424248,2.3050740740740743,3.25,3.25,3.25,3.25,3.25,3.25,3.25,3.25,3.25,3.25,3.25
1.9779999999999998,2.3564999999999996,1.4169166666666666,1.9566666666666666,1.7690000000000001,2.169842105263158,1.738130434782609,1.8065666666666667,1.95275,2.441333333333333,2.4586666666666663,2.2454857142857145,1.7165000000000001,2.273422222222222,2.3180000000000005,1.8965238095238097,1.9795411764705881,2.4412307692307693,2.0082500000000003,2.7252727272727277,2.7517368421052635,3.2618333333333323,3.0532424242424248,2.3050740740740743,3.25,3.25,3.25,3.25,3.25,3.25,3.25,3.25,3.25,3.25,3.25
1.9779999999999998,2.3564999999999996,1.4169166666666666,1.9566666666666666,1.7690000000000001,2.169842105263158,1.738130434782609,1.8065666666666667,1.95275,2.441333333333333,2.4586666666666663,2.2454857142857145,1.7165000000000001,2.273422222222222,2.3180000000000005,1.8965238095238097,1.9795411764705881,2.4412307692307693,2.0082500000000003,2.7252727272727277,2.7517368421052635,3.2618333333333323,3.0532424242424248,2.3050740740740743,3.25,3.25,3.25,3.25,3.25,3.25,3.25,3.25,3.25,3.25,3.25
1.9779999999999998,2.3564999999999996,1.4169166666666666,1.9566666666666666,1.7690000000000001,2.169842105263158,1.738130434782609,1.8065666666666667,1.95275,2.441333333333333,2.4586666666666663,2.2454857142857145,1.7165000000000001,2.273422222222222,2.3180000000000005,1.8965238095238097,1.9795411764705881,2.4412307692307693,2.0082500000000003,2.7252727272727277,2.7517368421052635,3.2618333333333323,3.0532424242424248,2.3050740740740743,3.25,3.25,3.25,3.25,3.25,3.25,3.25,3.25,3.25,3.25,3.25
1.9779999999999998,2.3564999999999996,1.4169166666666666,1.9566666666666666,1.7690000000000001,2.169842105263158,1.738130434782609,1.8065666666666667,1.95275,2.441333333333333,2.4586666666666663,2.2454857142857145,1.7165000000000001,2.273422222222222,2.3180000000000005,1.8965238095238097,1.9795411764705881,2.4412307692307693,2.0082500000000003,2.7252727272727277,2.7517368421052635,3.2618333333333323,3.0532424242424248,2.3050740740740743,3.25,3.25,3.25,3.25,3.25,3.25,3.25,3.25,3.25,3.25,3.25
1.9779999999999998,2.3564999999999996,1.4169166666666666,1.9566666666666666,1.7690000000000001,2.169842105263158,1.738130434782609,1.8065666666666667,1.95275,2.441333333333333,2.4586666666666663,2.2454857142857145,1.7165000000000001,2.273422222222222,2.3180000000000005,1.8965238095238097,1.9795411764705881,2.4412307692307693,2.0082500000000003,2.7252727272727277,2.7517368421052635,3.2618333333333323,3.0532424242424248,2.3050740740740743,3.25,3.25,3.25,3.25,3.25,3.25,3.25,3.25,3.25,3.25,3.25
1.9779999999999998,2.3564999999999996,1.4169166666666666,1.9566666666666666,1.7690000000000001,2.169842105263158,1.738130434782609,1.8065666666666667,1.95275,2.441333333333333,2.4586666666666663,2.2454857142857145,1.7165000000000001,2.273422222222222,2.3180000000000005,1.8965238095238097,1.9795411764705881,2.4412307692307693,2.0082500000000003,2.7252727272727277,2.7517368421052635,3.2618333333333323,3.0532424242424248,2.3050740740740743,3.25,3.25,3.25,3.25,3.25,3.25,3.25,3.25,3.25,3.25,3.25
1.9779999999999998,2.3564999999999996,1.4169166666666666,1.9566666666666666,1.7690000000000001,2.169842105263158,1.738130434782609,1.8065666666666667,1.95275,2.441333333333333,2.4586666666666663,2.2454857142857145,1.7165000000000001,2.273422222222222,2.3180000000000005,1.8965238095238097,1.9795411764705881,2.4412307692307693,2.0082500000000003,2.7252727272727277,2.7517368421052635,3.2618333333333323,3.0532424242424248,2.3050740740740743,3.25,3.25,3.25,3.25,3.25,3.25,3.25,3.25,3.25,3.25,3.25
1.9779999999999998,2.3564999999999996,1.4169166666666666,1.9566666666666666,1.7690000000000001,2.169842105263158,1.738130434782609,1.8065666666666667,1.95275,2.441333333333333,2.4586666666666663,2.2454857142857145,1.7165000000000001,2.273422222222222,2.3180000000000005,1.8965238095238097,1.9795411764705881,2.4412307692307693,2.0082500000000003,2.7252727272727277,2.7517368421052635,3.2618333333333323,3.0532424242424248,2.3050740740740743,3.25,3.25,3.25,3.25,3.25,3.25,3.25,3.25,3.25,3.25,3.25
1.9779999999999998,2.3564999999999996,1.4169166666666666,1.9566666666666666,1.7690000000000001,2.169842105263158,1.738130434782609,1.8065666666666667,1.95275,2.441333333333333,2.4586666666666663,2.2454857142857145,1.7165000000000001,2.273422222222222,2.3180000000000005,1.8965238095238097,1.9795411764705881,2.4412307692307693,2.0082500000000003,2.7252727272727277,2.7517368421052635,3.2618333333333323,3.0532424242424248,2.3050740740740743,3.25,3.25,3.25,3.25,3.25,3.25,3.25,3.25,3.25,3.25,3.25
1.9779999999999998,2.3564999999999996,1.4169166666666666,1.9566666666666666,1.7690000000000001,2.169842105263158,1.738130434782609,1.8065666666666667,1.95275,2.441333333333333,2.4586666666666663,2.2454857142857145,1.7165000000000001,2.273422222222222,2.3180000000000005,1.8965238095238097,1.9795411764705881,2.4412307692307693,2.0082500000000003,2.7252727272727277,2.7517368421052635,3.2618333333333323,3.0532424242424248,2.3050740740740743,3.25,3.25,3.25,3.25,3.25,3.25,3.25,3.25,3.25,3.25,3.25
1.9779999999999998,2.3564999999999996,1.4169166666666666,1.9566666666666666,1.7690000000000001,2.169842105263158,1.738130434782609,1.8065666666666667,1.95275,2.441333333333333,2.4586666666666663,2.2454857142857145,1.7165000000000001,2.273422222222222,2.3180000000000005,1.8965238095238097,1.9795411764705881,2.4412307692307693,2.0082500000000003,2.7252727272727277,2.7517368421052635,3.2618333333333323,3.0532424242424248,2.3050740740740743,3.25,3.25,3.25,3.25,3.25,3.25,3.25,3.25,3.25,3.25,3.25
1.9779999999999998,2.3564999999999996,1.4169166666666666,1.9566666666666666,1.7690000000000001,2.169842105263158,1.738130434782609,1.8065666666666667,1.95275,2.441333333333333,2.4586666666666663,2.2454857142857145,1.7165000000000001,2.273422222222222,2.3180000000000005,1.8965238095238097,1.9795411764705881,2.4412307692307693,2.0082500000000003,2.7252727272727277,2.7517368421052635,3.2618333333333323,3.0532424242424248,2.3050740740740743,3.25,3.25,3.25,3.25,3.25,3.25,3.25,3.25,3.25,3.25,3.25
1.9779999999999998,2.3564999999999996,1.4169166666666666,1.9566666666666666,1.7690000000000001,2.169842105263158,1.738130434782609,1.8065666666666667,1.95275,2.441333333333333,2.4586666666666663,2.2454857142857145,1.7165000000000001,2.273422222222222,2.3180000000000005,1.8965238095238097,1.9795411764705881,2.4412307692307693,2.0082500000000003,2.7252727272727277,2.7517368421052635,3.2618333333333323,3.0532424242424248,2.3050740740740743,3.25,3.25,3.25,3.25,3.25,3.25,3.25,3.25,3.25,3.25,3.25
1.9779999999999998,2.3564999999999996,1.4169166666666666,1.9566666666666666,1.7690000000000001,2.169842105263158,1.738130434782609,1.8065666666666667,1.95275,2.441333333333333,2.4586666666666663,2.2454857142857145,1.7165000000000001,2.273422222222222,2.3180000000000005,1.8965238095238097,1.9795411764705881,2.4412307692307693,2.0082500000000003,2.7252727272727277,2.7517368421052635,3.2618333333333323,3.0532424242424248,2.3050740740740743,3.25,3.25,3.25,3.25,3.25,3.25,3.25,3.25,3.25,3.25,3.25
1.9779999999999998,2.3564999999999996,1.4169166666666666,1.9566666666666666,1.7690000000000001,2.169842105263158,1.738130434782609,1.8065666666666667,1.95275,2.441333333333333,2.4586666666666663,2.2454857142857145,1.7165000000000001,2.273422222222222,2.3180000000000005,1.8965238095238097,1.9795411764705881,2.4412307692307693,2.0082500000000003,2.7252727272727277,2.7517368421052635,3.2618333333333323,3.0532424242424248,2.3050740740740743,3.25,3.25,3.25,3.25,3.25,3.25,3.25,3.25,3.25,3.25,3.25
1.9779999999999998,2.3564999999999996,1.4169166666666666,1.9566666666666666,1.7690000000000001,2.169842105263158,1.738130434782609,1.8065666666666667,1.95275,2.441333333333333,2.4586666666666663,2.2454857142857145,1.7165000000000001,2.273422222222222,2.3180000000000005,1.8965238095238097,1.9795411764705881,2.4412307692307693,2.0082500000000003,2.7252727272727277,2.7517368421052635,3.2618333333333323,3.0532424242424248,2.3050740740740743,3.25,3.25,3.25,3.25,3.25,3.25,3.25,3.25,3.25,3.25,3.25
1.8111111111111111,2.319,1.4340000000000002,1.8104999999999996,1.8612,2.1277368421052634,1.7380799999999998,1.818774193548387,2.1420000000000003,2.282,2.0725,2.3258214285714285,1.7084117647058827,2.211348837209302,2.362735294117647,1.9075625,2.0004096385542174,2.3742142857142854,2.1546875,2.7919230769230774,2.7075000000000005,3.209416666666667,3.0155172413793103,2.3512181818181825,3.25,3.25,3.25,3.25,3.25,3.25,3.25,3.25,3.25,3.25,3.25
1.8111111111111111,2.319,1.4340000000000002,1.8104999999999996,1.8612,2.1277368421052634,1.7380799999999998,1.818774193548387,2.1420000000000003,2.282,2.0725,2.3258214285714285,1.7084117647058827,2.211348837209302,2.362735294117647,1.9075625,2.0004096385542174,2.3742142857142854,2.1546875,2.7919230769230774,2.7075000000000005,3.209416666666667,3.0155172413793103,2.3512181818181825,3.25,3.25,3.25,3.25,3.25,3.25,3.25,3.25,3.25,3.25,3.25
1.8111111111111111,2.319,1.4340000000000002,1.8104999999999996,1.8612,2.1277368421052634,1.7380799999999998,1.818774193548387,2.1420000000000003,2.282,2.0725,2.3258214285714285,1.7084117647058827,2.211348837209302,2.362735294117647,1.9075625,2.0004096385542174,2.3742142857142854,2.1546875,2.7919230769230774,2.7075000000000005,3.209416666666667,3.0155172413793103,2.3512181818181825,3.25,3.25,3.25,3.25,3.25,3.25,3.25,3.25,3.25,3.25,3.25
1.8111111111111111,2.319,1.4340000000000002,1.8104999999999996,1.8612,2.1277368421052634,1.7380799999999998,1.818774193548387,2.1420000000000003,2.282,2.0725,2.3258214285714285,1.7084117647058827,2.211348837209302,2.362735294117647,1.9075625,2.0004096385542174,2.3742142857142854,2.1546875,2.7919230769230774,2.7075000000000005,3.209416666666667,3.0155172413793103,2.3512181818181825,3.25,3.25,3.25,3.25,3.25,3.25,3.25,3.25,3.25,3.25,3.25
1.8111111111111111,2.319,1.4340000000000002,1.8104999999999996,1.8612,2.1277368421052634,1.7380799999999998,1.818774193548387,2.1420000000000003,2.282,2.0725,2.3258214285714285,1.7084117647058827,2.211348837209302,2.362735294117647,1.9075625,2.0004096385542174,2.3742142857142854,2.1546875,2.7919230769230774,2.7075000000000005,3.209416666666667,3.0155172413793103,2.3512181818181825,3.25,3.25,3.25,3.25,3.25,3.25,3.25,3.25,3.25,3.25,3.25
1.8111111111111111,2.319,1.4340000000000002,1.8104999999999996,1.8612,2.1277368421052634,1.7380799999999998,1.818774193548387,2.1420000000000003,2.282,2.0725,2.3258214285714285,1.7084117647058827,2.211348837209302,2.362735294117647,1.9075625,2.0004096385542174,2.3742142857142854,2.1546875,2.7919230769230774,2.7075000000000005,3.209416666666667,3.0155172413793103,2.3512181818181825,3.25,3.25,3.25,3.25,3.25,3.25,3.25,3.25,3.25,3.25,3.25
1.8111111111111111,2.319,1.4340000000000002,1.8104999999999996,1.8612,2.1277368421052634,1.7380799999999998,1.818774193548387,2.1420000000000003,2.282,2.0725,2.3258214285714285,1.7084117647058827,2.211348837209302,2.362735294117647,1.9075625,2.0004096385542174,2.3742142857142854,2.1546875,2.7919230769230774,2.7075000000000005,3.209416666666667,3.0155172413793103,2.3512181818181825,3.25,3.25,3.25,3.25,3.25,3.25,3.25,3.25,3.25,3.25,3.25
1.8111111111111111,2.319,1.4340000000000002,1.8104999999999996,1.8612,2.1277368421052634,1.7380799999999998,1.818774193548387,2.1420000000000003,2.282,2.0725,2.3258214285714285,1.7084117647058827,2.211348837209302,2.362735294117647,1.9075625,2.0004096385542174,2.3742142857142854,2.1546875,2.7919230769230774,2.7075000000000005,3.209416666666667,3.0155172413793103,2.3512181818181825,3.25,3.25,3.25,3.25,3.25,3.25,3.25,3.25,3.25,3.25,3.25
1.8111111111111111,2.319,1.4340000000000002,1.8104999999999996,1.8612,2.1277368421052634,1.7380799999999998,1.818774193548387,2.1420000000000003,2.282,2.0725,2.3258214285714285,1.7084117647058827,2.211348837209302,2.362735294117647,1.9075625,2.0004096385542174,2.3742142857142854,2.1546875,2.7919230769230774,2.7075000000000005,3.209416666666667,3.0155172413793103,2.3512181818181825,3.25,3.25,3.25,3.25,3.25,3.25,3.25,3.25,3.25,3.25,3.25
1.8111111111111111,2.319,1.4340000000000002,1.8104999999999996,1.8612,2.1277368421052634,1.7380799999999998,1.818774193548387,2.1420000000000003,2.282,2.0725,2.3258214285714285,1.7084117647058827,2.211348837209302,2.362735294117647,1.9075625,2.0004096385542174,2.3742142857142854,2.1546875,2.7919230769230774,2.7075000000000005,3.209416666666667,3.0155172413793103,2.3512181818181825,3.25,3.25,3.25,3.25,3.25,3.25,3.25,3.25,3.25,3.25,3.25
1.8111111111111111,2.319,1.4340000000000002,1.8104999999999996,1.8612,2.1277368421052634,1.7380799999999998,1.818774193548387,2.1420000000000003,2.282,2.0725,2.3258214285714285,1.7084117647058827,2.211348837209302,2.362735294117647,1.9075625,2.0004096385542174,2.3742142857142854,2.1546875,2.7919230769230774,2.7075000000000005,3.209416666666667,3.0155172413793103,2.3512181818181825,3.25,3.25,3.25,3.25,3.25,3.25,3.25,3.25,3.25,3.25,3.25
1.8111111111111111,2.319,1.4340000000000002,1.8104999999999996,1.8612,2.1277368421052634,1.7380799999999998,1.818774193548387,2.1420000000000003,2.282,2.0725,2.3258214285714285,1.7084117647058827,2.211348837209302,2.362735294117647,1.9075625,2.0004096385542174,2.3742142857142854,2.1546875,2.7919230769230774,2.7075000000000005,3.209416666666667,3.0155172413793103,2.3512181818181825,3.25,3.25,3.25,3.25,3.25,3.25,3.25,3.25,3.25,3.25,3.25
1.8111111111111111,2.319,1.4340000000000002,1.8104999999999996,1.8612,2.1277368421052634,1.7380799999999998,1.818774193548387,2.1420000000000003,2.282,2.0725,2.3258214285714285,1.7084117647058827,2.211348837209302,2.362735294117647,1.9075625,2.0004096385542174,2.3742142857142854,2.1546875,2.7919230769230774,2.7075000000000005,3.209416666666667,3.0155172413793103,2.3512181818181825,3.25,3.25,3.25,3.25,3.25,3.25,3.25,3.25,3.25,3.25,3.25
1.8111111111111111,2.319,1.4340000000000002,1.8104999999999996,1.8612,2.1277368421052634,1.7380799999999998,1.818774193548387,2.1420000000000003,2.282,2.0725,2.3258214285714285,1.7084117647058827,2.211348837209302,2.362735294117647,1.9075625,2.0004096385542174,2.3742142857142854,2.1546875,2.7919230769230774,2.7075000000000005,3.209416666666667,3.0155172413793103,2.3512181818181825,3.25,3.25,3.25,3.25,3.25,3.25,3.25,3.25,3.25,3.25,3.25
1.8111111111111111,2.319,1.4340000000000002,1.8104999999999996,1.8612,2.1277368421052634,1.7380799999999998,1.818774193548387,2.1420000000000003,2.282,2.0725,2.3258214285714285,1.7084117647058827,2.211348837209302,2.362735294117647,1.9075625,2.0004096385542174,2.3742142857142854,2.1546875,2.7919230769230774,2.7075000000000005,3.209416666666667,3.0155172413793103,2.3512181818181825,3.25,3.25,3.25,3.25,3.25,3.25,3.25,3.25,3.25,3.25,3.25
1.8111111111111111,2.319,1.4340000000000002,1.8104999999999996,1.8612,2.1277368421052634,1.7380799999999998,1.818774193548387,2.1420000000000003,2.282,2.0725,2.3258214285714285,1.7084117647058827,2.211348837209302,2.362735294117647,1.9075625,2.0004096385542174,2.3742142857142854,2.1546875,2.7919230769230774,2.7075000000000005,3.209416666666667,3.0155172413793103,2.3512181818181825,3.25,3.25,3.25,3.25,3.25,3.25,3.25,3.25,3.25,3.25,3.25
1.8111111111111111,2.319,1.4340000000000002,1.8104999999999996,1.8612,2.1277368421052634,1.7380799999999998,1.818774193548387,2.1420000000000003,2.282,2.0725,2.3258214285714285,1.7084117647058827,2.211348837209302,2.362735294117647,1.9075625,2.0004096385542174,2.3742142857142854,2.1546875,2.7919230769230774,2.7075000000000005,3.209416666666667,3.0155172413793103,2.3512181818181825,3.25,3.25,3.25,3.25,3.25,3.25,3.25,3.25,3.25,3.25,3.25
1.8111111111111111,2.319,1.4340000000000002,1.8104999999999996,1.8612,2.1277368421052634,1.7380799999999998,1.818774193548387,2.1420000000000003,2.282,2.0725,2.3258214285714285,1.7084117647058827,2.211348837209302,2.362735294117647,1.9075625,2.0004096385542174,2.3742142857142854,2.1546875,2.7919230769230774,2.7075000000000005,3.209416666666667,3.0155172413793103,2.3512181818181825,3.25,3.25,3.25,3.25,3.25,3.25,3.25,3.25,3.25,3.25,3.25
1.8111111111111111,2.319,1.4340000000000002,1.8104999999999996,1.8612,2.1277368421052634,1.7380799999999998,1.818774193548387,2.1420000000000003,2.282,2.0725,2.3258214285714285,1.7084117647058827,2.211348837209302,2.362735294117647,1.9075625,2.0004096385542174,2.3742142857142854,2.1546875,2.7919230769230774,2.7075000000000005,3.209416666666667,3.0155172413793103,2.3512181818181825,3.25,3.25,3.25,3.25,3.25,3.25,3.25,3.25,3.25,3.25,3.25
1.8111111111111111,2.319,1.4340000000000002,1.8104999999999996,1.8612,2.1277368421052634,1.7380799999999998,1.818774193548387,2.1420000000000003,2.282,2.0725,2.3258214285714285,1.7084117647058827,2.211348837209302,2.362735294117647,1.9075625,2.0004096385542174,2.3742142857142854,2.1546875,2.7919230769230774,2.7075000000000005,3.209416666666667,3.0155172413793103,2.3512181818181825,3.25,3.25,3.25,3.25,3.25,3.25,3.25,3.25,3.25,3.25,3.25
1.8111111111111111,2.319,1.4340000000000002,1.8104999999999996,1.8612,2.1277368421052634,1.7380799999999998,1.818774193548387,2.1420000000000003,2.282,2.0725,2.3258214285714285,1.7084117647058827,2.211348837209302,2.362735294117647,1.9075625,2.0004096385542174,2.3742142857142854,2.1546875,2.7919230769230774,2.7075000000000005,3.209416666666667,3.0155172413793103,2.3512181818181825,3.25,3.25,3.25,3.25,3.25,3.25,3.25,3.25,3.25,3.25,3.25
1.8111111111111111,2.319,1.4340000000000002,1.8104999999999996,1.8612,2.1277368421052634,1.7380799999999998,1.818774193548387,2.1420000000000003,2.282,2.0725,2.3258214285714285,1.7084117647058827,2.211348837209302,2.362735294117647,1.9075625,2.0004096385542174,2.3742142857142854,2.1546875,2.7919230769230774,2.7075000000000005,3.209416666666667,3.0155172413793103,2.3512181818181825,3.25,3.25,3.25,3.25,3.25,3.25,3.25,3.25,3.25,3.25,3.25
1.8111111111111111,2.319,1.4340000000000002,1.8104999999999996,1.8612,2.1277368421052634,1.7380799999999998,1.818774193548387,2.1420000000000003,2.282,2.0725,2.3258214285714285,1.7084117647058827,2.211348837209302,2.362735294117647,1.9075625,2.0004096385542174,2.3742142857142854,2.1546875,2.7919230769230774,2.7075000000000005,3.209416666666667,3.0155172413793103,2.3512181818181825,3.25,3.25,3.25,3.25,3.25,3.25,3.25,3.25,3.25,3.25,3.25
1.8111111111111111,2.319,1.4340000000000002,1.8104999999999996,1.8612,2.1277368421052634,1.7380799999999998,1.818774193548387,2.1420000000000003,2.282,2.0725,2.3258214285714285,1.7084117647058827,2.211348837209302,2.362735294117647,1.9075625,2.0004096385542174,2.3742142857142854,2.1546875,2.7919230769230774,2.7075000000000005,3.209416666666667,3.0155172413793103,2.3512181818181825,3.25,3.25,3.25,3.25,3.25,3.25,3.25,3.25,3.25,3.25,3.25
1.8111111111111111,2.319,1.4340000000000002,1.8104999999999996,1.8612,2.1277368421052634,1.7380799999999998,1.818774193548387,2.1420000000000003,2.282,2.0725,2.3258214285714285,1.7084117647058827,2.211348837209302,2.362735294117647,1.9075625,2.0004096385542174,2.3742142857142854,2.1546875,2.7919230769230774,2.7075000000000005,3.209416666666667,3.0155172413793103,2.3512181818181825,3.25,3.25,3.25,3.25,3.25,3.25,3.25,3.25,3.25,3.25,3.25
1.8111111111111111,2.319,1.4340000000000002,1.8104999999999996,1.8612,2.1277368421052634,1.7380799999999998,1.818774193548387,2.1420000000000003,2.282,2.0725,2.3258214285714285,1.7084117647058827,2.211348837209302,2.362735294117647,1.9075625,2.0004096385542174,2.3742142857142854,2.1546875,2.7919230769230774,2.7075000000000005,3.209416666666667,3.0155172413793103,2.3512181818181825,3.25,3.25,3.25,3.25,3.25,3.25,3.25,3.25,3.25,3.25,3.25
1.8111111111111111,2.319,1.4340000000000002,1.8104999999999996,1.8612,2.1277368421052634,1.7380799999999998,1.818774193548387,2.1420000000000003,2.282,2.0725,2.3258214285714285,1.7084117647058827,2.211348837209302,2.362735294117647,1.9075625,2.0004096385542174,2.3742142857142854,2.1546875,2.7919230769230774,2.7075000000000005,3.209416666666667,3.0155172413793103,2.3512181818181825,3.25,3.25,3.25,3.25,3.25,3.25,3.25,3.25,3.25,3.25,3.25
1.8111111111111111,2.319,1.4340000000000002,1.8104999999999996,1.8612,2.1277368421052634,1.7380799999999998,1.818774193548387,2.1420000000000003,2.282,2.0725,2.3258214285714285,1.7084117647058827,2.211348837209302,2.362735294117647,1.9075625,2.0004096385542174,2.3742142857142854,2.1546875,2.7919230769230774,2.7075000000000005,3.209416666666667,3.0155172413793103,2.3512181818181825,3.25,3.25,3.25,3.25,3.25,3.25,3.25,3.25,3.25,3.25,3.25
1.8111111111111111,2.319,1.4340000000000002,1.8104999999999996,1.8612,2.1277368421052634,1.7380799999999998,1.818774193548387,2.1420000000000003,2.282,2.0725,2.3258214285714285,1.7084117647058827,2.211348837209302,2.362735294117647,1.9075625,2.0004096385542174,2.3742142857142854,2.1546875,2.7919230769230774,2.7075000000000005,3.209416666666667,3.0155172413793103,2.3512181818181825,3.25,3.25,3.25,3.25,3.25,3.25,3.25,3.25,3.25,3.25,3.25
1.8111111111111111,2.319,1.4340000000000002,1.8104999999999996,1.8612,2.1277368421052634,1.7380799999999998,1.818774193548387,2.1420000000000003,2.282,2.0725,2.3258214285714285,1.7084117647058827,2.211348837209302,2.362735294117647,1.9075625,2.0004096385542174,2.3742142857142854,2.1546875,2.7919230769230774,2.7075000000000005,3.209416666666667,3.0155172413793103,2.3512181818181825,3.25,3.25,3.25,3.25,3.25,3.25,3.25,3.25,3.25,3.25,3.25
1.8111111111111111,2.319,1.4340000000000002,1.8104999999999996,1.8612,2.1277368421052634,1.7380799999999998,1.818774193548387,2.1420000000000003,2.282,2.0725,2.3258214285714285,1.7084117647058827,2.211348837209302,2.362735294117647,1.9075625,2.0004096385542174,2.3742142857142854,2.1546875,2.7919230769230774,2.7075000000000005,3.209416666666667,3.0155172413793103,2.3512181818181825,3.25,3.25,3.25,3.25,3.25,3.25,3.25,3.25,3.25,3.25,3.25
1.9185555555555553,2.2165,1.4073333333333335,1.7626666666666666,1.789333333333333,2.1349444444444443,1.7295333333333334,1.8251875000000002,1.9822380952380951,2.185090909090909,3.06,2.3488108108108103,1.7329444444444446,2.2058292682926828,2.3430909090909084,1.9455999999999998,2.001136363636364,2.453210526315789,2.0687142857142855,2.7830937499999995,2.690058823529412,3.185538461538462,2.9897941176470586,2.297169491525423,3.25,3.25,3.25,3.25,3.25,3.25,3.25,3.25,3.25,3.25,3.25
1.9185555555555553,2.2165,1.4073333333333335,1.7626666666666666,1.789333333333333,2.1349444444444443,1.7295333333333334,1.8251875000000002,1.9822380952380951,2.185090909090909,3.06,2.3488108108108103,1.7329444444444446,2.2058292682926828,2.3430909090909084,1.9455999999999998,2.001136363636364,2.453210526315789,2.0687142857142855,2.7830937499999995,2.690058823529412,3.185538461538462,2.9897941176470586,2.297169491525423,3.25,3.25,3.25,3.25,3.25,3.25,3.25,3.25,3.25,3.25,3.25
1.9185555555555553,2.2165,1.4073333333333335,1.7626666666666666,1.789333333333333,2.1349444444444443,1.7295333333333334,1.8251875000000002,1.9822380952380951,2.185090909090909,3.06,2.3488108108108103,1.7329444444444446,2.2058292682926828,2.3430909090909084,1.9455999999999998,2.001136363636364,2.453210526315789,2.0687142857142855,2.7830937499999995,2.690058823529412,3.185538461538462,2.9897941176470586,2.297169491525423,3.25,3.25,3.25,3.25,3.25,3.25,3.25,3.25,3.25,3.25,3.25
1.9185555555555553,2.2165,1.4073333333333335,1.7626666666666666,1.789333333333333,2.1349444444444443,1.7295333333333334,1.8251875000000002,1.9822380952380951,2.185090909090909,3.06,2.3488108108108103,1.7329444444444446,2.2058292682926828,2.3430909090909084,1.9455999999999998,2.001136363636364,2.453210526315789,2.0687142857142855,2.7830937499999995,2.690058823529412,3.185538461538462,2.9897941176470586,2.297169491525423,3.25,3.25,3.25,3.25,3.25,3.25,3.25,3.25,3.25,3.25,3.25
1.9185555555555553,2.2165,1.4073333333333335,1.7626666666666666,1.789333333333333,2.1349444444444443,1.7295333333333334,1.8251875000000002,1.9822380952380951,2.185090909090909,3.06,2.3488108108108103,1.7329444444444446,2.2058292682926828,2.3430909090909084,1.9455999999999998,2.001136363636364,2.453210526315789,2.0687142857142855,2.7830937499999995,2.690058823529412,3.185538461538462,2.9897941176470586,2.297169491525423,3.25,3.25,3.25,3.25,3.25,3.25,3.25,3.25,3.25,3.25,3.25
1.9185555555555553,2.2165,1.4073333333333335,1.7626666666666666,1.789333333333333,2.1349444444444443,1.7295333333333334,1.8251875000000002,1.9822380952380951,2.185090909090909,3.06,2.3488108108108103,1.7329444444444446,2.2058292682926828,2.3430909090909084,1.9455999999999998,2.001136363636364,2.453210526315789,2.0687142857142855,2.7830937499999995,2.690058823529412,3.185538461538462,2.9897941176470586,2.297169491525423,3.25,3.25,3.25,3.25,3.25,3.25,3.25,3.25,3.25,3.25,3.25
1.9185555555555553,2.2165,1.4073333333333335,1.7626666666666666,1.789333333333333,2.1349444444444443,1.7295333333333334,1.8251875000000002,1.9822380952380951,2.185090909090909,3.06,2.3488108108108103,1.7329444444444446,2.2058292682926828,2.3430909090909084,1.9455999999999998,2.001136363636364,2.453210526315789,2.0687142857142855,2.7830937499999995,2.690058823529412,3.185538461538462,2.9897941176470586,2.297169491525423,3.25,3.25,3.25,3.25,3.25,3.25,3.25,3.25,3.25,3.25,3.25
1.9185555555555553,2.2165,1.4073333333333335,1.7626666666666666,1.789333333333333,2.1349444444444443,1.7295333333333334,1.8251875000000002,1.9822380952380951,2.185090909090909,3.06,2.3488108108108103,1.7329444444444446,2.2058292682926828,2.3430909090909084,1.9455999999999998,2.001136363636364,2.453210526315789,2.0687142857142855,2.7830937499999995,2.690058823529412,3.185538461538462,2.9897941176470586,2.297169491525423,3.25,3.25,3.25,3.25,3.25,3.25,3.25,3.25,3.25,3.25,3.25
1.9185555555555553,2.2165,1.4073333333333335,1.7626666666666666,1.789333333333333,2.1349444444444443,1.7295333333333334,1.8251875000000002,1.9822380952380951,2.185090909090909,3.06,2.3488108108108103,1.7329444444444446,2.2058292682926828,2.3430909090909084,1.9455999999999998,2.001136363636364,2.453210526315789,2.0687142857142855,2.7830937499999995,2.690058823529412,3.185538461538462,2.9897941176470586,2.297169491525423,3.25,3.25,3.25,3.25,3.25,3.25,3.25,3.25,3.25,3.25,3.25
1.9185555555555553,2.2165,1.4073333333333335,1.7626666666666666,1.789333333333333,2.1349444444444443,1.7295333333333334,1.8251875000000002,1.9822380952380951,2.185090909090909,3.06,2.3488108108108103,1.7329444444444446,2.2058292682926828,2.3430909090909084,1.9455999999999998,2.001136363636364,2.453210526315789,2.0687142857142855,2.7830937499999995,2.690058823529412,3.185538461538462,2.9897941176470586,2.297169491525423,3.25,3.25,3.25,3.25,3.25,3.25,3.25,3.25,3.25,3.25,3.25
1.9185555555555553,2.2165,1.4073333333333335,1.7626666666666666,1.789333333333333,2.1349444444444443,1.7295333333333334,1.8251875000000002,1.9822380952380951,2.185090909090909,3.06,2.3488108108108103,1.7329444444444446,2.2058292682926828,2.3430909090909084,1.9455999999999998,2.001136363636364,2.453210526315789,2.0687142857142855,2.7830937499999995,2.690058823529412,3.185538461538462,2.9897941176470586,2.297169491525423,3.25,3.25,3.25,3.25,3.25,3.25,3.25,3.25,3.25,3.25,3.25
1.9185555555555553,2.2165,1.4073333333333335,1.7626666666666666,1.789333333333333,2.1349444444444443,1.7295333333333334,1.8251875000000002,1.9822380952380951,2.185090909090909,3.06,2.3488108108108103,1.7329444444444446,2.2058292682926828,2.3430909090909084,1.9455999999999998,2.001136363636364,2.453210526315789,2.0687142857142855,2.7830937499999995,2.690058823529412,3.185538461538462,2.9897941176470586,2.297169491525423,3.25,3.25,3.25,3.25,3.25,3.25,3.25,3.25,3.25,3.25,3.25
1.9185555555555553,2.2165,1.4073333333333335,1.7626666666666666,1.789333333333333,2.1349444444444443,1.7295333333333334,1.8251875000000002,1.9822380952380951,2.185090909090909,3.06,2.3488108108108103,1.7329444444444446,2.2058292682926828,2.3430909090909084,1.9455999999999998,2.001136363636364,2.453210526315789,2.0687142857142855,2.7830937499999995,2.690058823529412,3.185538461538462,2.9897941176470586,2.297169491525423,3.25,3.25,3.25,3.25,3.25,3.25,3.25,3.25,3.25,3.25,3.25
1.9185555555555553,2.2165,1.4073333333333335,1.7626666666666666,1.789333333333333,2.1349444444444443,1.7295333333333334,1.8251875000000002,1.9822380952380951,2.185090909090909,3.06,2.3488108108108103,1.7329444444444446,2.2058292682926828,2.3430909090909084,1.9455999999999998,2.001136363636364,2.453210526315789,2.0687142857142855,2.7830937499999995,2.690058823529412,3.185538461538462,2.9897941176470586,2.297169491525423,3.25,3.25,3.25,3.25,3.25,3.25,3.25,3.25,3.25,3.25,3.25
1.9185555555555553,2.2165,1.4073333333333335,1.7626666666666666,1.789333333333333,2.1349444444444443,1.7295333333333334,1.8251875000000002,1.9822380952380951,2.185090909090909,3.06,2.3488108108108103,1.7329444444444446,2.2058292682926828,2.3430909090909084,1.9455999999999998,2.001136363636364,2.453210526315789,2.0687142857142855,2.7830937499999995,2.690058823529412,3.185538461538462,2.9897941176470586,2.297169491525423,3.25,3.25,3.25,3.25,3.25,3.25,3.25,3.25,3.25,3.25,3.25
1.9185555555555553,2.2165,1.4073333333333335,1.7626666666666666,1.789333333333333,2.1349444444444443,1.7295333333333334,1.8251875000000002,1.9822380952380951,2.185090909090909,3.06,2.3488108108108103,1.7329444444444446,2.2058292682926828,2.3430909090909084,1.9455999999999998,2.001136363636364,2.453210526315789,2.0687142857142855,2.7830937499999995,2.690058823529412,3.185538461538462,2.9897941176470586,2.297169491525423,3.25,3.25,3.25,3.25,3.25,3.25,3.25,3.25,3.25,3.25,3.25
1.9185555555555553,2.2165,1.4073333333333335,1.7626666666666666,1.789333333333333,2.1349444444444443,1.7295333333333334,1.8251875000000002,1.9822380952380951,2.185090909090909,3.06,2.3488108108108103,1.7329444444444446,2.2058292682926828,2.3430909090909084,1.9455999999999998,2.001136363636364,2.453210526315789,2.0687142857142855,2.7830937499999995,2.690058823529412,3.185538461538462,2.9897941176470586,2.297169491525423,3.25,3.25,3.25,3.25,3.25,3.25,3.25,3.25,3.25,3.25,3.25
1.9185555555555553,2.2165,1.4073333333333335,1.7626666666666666,1.789333333333333,2.1349444444444443,1.7295333333333334,1.8251875000000002,1.9822380952380951,2.185090909090909,3.06,2.3488108108108103,1.7329444444444446,2.2058292682926828,2.3430909090909084,1.9455999999999998,2.001136363636364,2.453210526315789,2.0687142857142855,2.7830937499999995,2.690058823529412,3.185538461538462,2.9897941176470586,2.297169491525423,3.25,3.25,3.25,3.25,3.25,3.25,3.25,3.25,3.25,3.25,3.25
1.9185555555555553,2.2165,1.4073333333333335,1.7626666666666666,1.789333333333333,2.1349444444444443,1.7295333333333334,1.8251875000000002,1.9822380952380951,2.185090909090909,3.06,2.3488108108108103,1.7329444444444446,2.2058292682926828,2.3430909090909084,1.9455999999999998,2.001136363636364,2.453210526315789,2.0687142857142855,2.7830937499999995,2.690058823529412,3.185538461538462,2.9897941176470586,2.297169491525423,3.25,3.25,3.25,3.25,3.25,3.25,3.25,3.25,3.25,3.25,3.25
1.9185555555555553,2.2165,1.4073333333333335,1.7626666666666666,1.789333333333333,2.1349444444444443,1.7295333333333334,1.8251875000000002,1.9822380952380951,2.185090909090909,3.06,2.3488108108108103,1.7329444444444446,2.2058292682926828,2.3430909090909084,1.9455999999999998,2.001136363636364,2.453210526315789,2.0687142857142855,2.7830937499999995,2.690058823529412,3.185538461538462,2.9897941176470586,2.297169491525423,3.25,3.25,3.25,3.25,3.25,3.25,3.25,3.25,3.25,3.25,3.25
1.9185555555555553,2.2165,1.4073333333333335,1.7626666666666666,1.789333333333333,2.1349444444444443,1.7295333333333334,1.8251875000000002,1.9822380952380951,2.185090909090909,3.06,2.3488108108108103,1.7329444444444446,2.2058292682926828,2.3430909090909084,1.9455999999999998,2.001136363636364,2.453210526315789,2.0687142857142855,2.7830937499999995,2.690058823529412,3.185538461538462,2.9897941176470586,2.297169491525423,3.25,3.25,3.25,3.25,3.25,3.25,3.25,3.25,3.25,3.25,3.25
1.9185555555555553,2.2165,1.4073333333333335,1.7626666666666666,1.789333333333333,2.1349444444444443,1.7295333333333334,1.8251875000000002,1.9822380952380951,2.185090909090909,3.06,2.3488108108108103,1.7329444444444446,2.2058292682926828,2.3430909090909084,1.9455999999999998,2.001136363636364,2.453210526315789,2.0687142857142855,2.7830937499999995,2.690058823529412,3.185538461538462,2.9897941176470586,2.297169491525423,3.25,3.25,3.25,3.25,3.25,3.25,3.25,3.25,3.25,3.25,3.25
1.9185555555555553,2.2165,1.4073333333333335,1.7626666666666666,1.789333333333333,2.1349444444444443,1.7295333333333334,1.8251875000000002,1.9822380952380951,2.185090909090909,3.06,2.3488108108108103,1.7329444444444446,2.2058292682926828,2.3430909090909084,1.9455999999999998,2.001136363636364,2.453210526315789,2.0687142857142855,2.7830937499999995,2.690058823529412,3.185538461538462,2.9897941176470586,2.297169491525423,3.25,3.25,3.25,3.25,3.25,3.25,3.25,3.25,3.25,3.25,3.25
1.9185555555555553,2.2165,1.4073333333333335,1.7626666666666666,1.789333333333333,2.1349444444444443,1.7295333333333334,1.8251875000000002,1.9822380952380951,2.185090909090909,3.06,2.3488108108108103,1.7329444444444446,2.2058292682926828,2.3430909090909084,1.9455999999999998,2.001136363636364,2.453210526315789,2.0687142857142855,2.7830937499999995,2.690058823529412,3.185538461538462,2.9897941176470586,2.297169491525423,3.25,3.25,3.25,3.25,3.25,3.25,3.25,3.25,3.25,3.25,3.25
1.9185555555555553,2.2165,1.4073333333333335,1.7626666666666666,1.789333333333333,2.1349444444444443,1.7295333333333334,1.8251875000000002,1.9822380952380951,2.185090909090909,3.06,2.3488108108108103,1.7329444444444446,2.2058292682926828,2.3430909090909084,1.9455999999999998,2.001136363636364,2.453210526315789,2.0687142857142855,2.7830937499999995,2.690058823529412,3.185538461538462,2.9897941176470586,2.297169491525423,3.25,3.25,3.25,3.25,3.25,3.25,3.25,3.25,3.25,3.25,3.25
1.9185555555555553,2.2165,1.4073333333333335,1.7626666666666666,1.789333333333333,2.1349444444444443,1.7295333333333334,1.8251875000000002,1.9822380952380951,2.185090909090909,3.06,2.3488108108108103,1.7329444444444446,2.2058292682926828,2.3430909090909084,1.9455999999999998,2.001136363636364,2.453210526315789,2.0687142857142855,2.7830937499999995,2.690058823529412,3.185538461538462,2.9897941176470586,2.297169491525423,3.25,3.25,3.25,3.25,3.25,3.25,3.25,3.25,3.25,3.25,3.25
1.9185555555555553,2.2165,1.4073333333333335,1.7626666666666666,1.789333333333333,2.1349444444444443,1.7295333333333334,1.8251875000000002,1.9822380952380951,2.185090909090909,3.06,2.3488108108108103,1.7329444444444446,2.2058292682926828,2.3430909090909084,1.9455999999999998,2.001136363636364,2.453210526315789,2.0687142857142855,2.7830937499999995,2.690058823529412,3.185538461538462,2.9897941176470586,2.297169491525423,3.25,3.25,3.25,3.25,3.25,3.25,3.25,3.25,3.25,3.25,3.25
1.9185555555555553,2.2165,1.4073333333333335,1.7626666666666666,1.789333333333333,2.1349444444444443,1.7295333333333334,1.8251875000000002,1.9822380952380951,2.185090909090909,3.06,2.3488108108108103,1.7329444444444446,2.2058292682926828,2.3430909090909084,1.9455999999999998,2.001136363636364,2.453210526315789,2.0687142857142855,2.7830937499999995,2.690058823529412,3.185538461538462,2.9897941176470586,2.297169491525423,3.25,3.25,3.25,3.25,3.25,3.25,3.25,3.25,3.25,3.25,3.25
1.9185555555555553,2.2165,1.4073333333333335,1.7626666666666666,1.789333333333333,2.1349444444444443,1.7295333333333334,1.8251875000000002,1.9822380952380951,2.185090909090909,3.06,2.3488108108108103,1.7329444444444446,2.2058292682926828,2.3430909090909084,1.9455999999999998,2.001136363636364,2.453210526315789,2.0687142857142855,2.7830937499999995,2.690058823529412,3.185538461538462,2.9897941176470586,2.297169491525423,3.25,3.25,3.25,3.25,3.25,3.25,3.25,3.25,3.25,3.25,3.25
1.9185555555555553,2.2165,1.4073333333333335,1.7626666666666666,1.789333333333333,2.1349444444444443,1.7295333333333334,1.8251875000000002,1.9822380952380951,2.185090909090909,3.06,2.3488108108108103,1.7329444444444446,2.2058292682926828,2.3430909090909084,1.9455999999999998,2.001136363636364,2.453210526315789,2.0687142857142855,2.7830937499999995,2.690058823529412,3.185538461538462,2.9897941176470586,2.297169491525423,3.25,3.25,3.25,3.25,3.25,3.25,3.25,3.25,3.25,3.25,3.25
1.7125,2.2125,1.4143076923076925,1.7646923076923076,1.734333333333333,2.149888888888889,1.7210322580645157,1.8239428571428575,2.1213913043478256,2.4344000000000006,2.4226666666666663,2.3238918918918916,1.7392222222222222,2.153756097560975,2.3654285714285717,1.9106842105263158,2.02139534883721,2.4206666666666674,2.1070588235294117,2.733240000000001,2.647,3.228666666666667,3.012166666666666,2.340050847457627,3.25,3.25,3.25,3.25,3.25,3.25,3.25,3.25,3.25,3.25,3.25
1.7125,2.2125,1.4143076923076925,1.7646923076923076,1.734333333333333,2.149888888888889,1.7210322580645157,1.8239428571428575,2.1213913043478256,2.4344000000000006,2.4226666666666663,2.3238918918918916,1.7392222222222222,2.153756097560975,2.3654285714285717,1.9106842105263158,2.02139534883721,2.4206666666666674,2.1070588235294117,2.733240000000001,2.647,3.228666666666667,3.012166666666666,2.340050847457627,3.25,3.25,3.25,3.25,3.25,3.25,3.25,3.25,3.25,3.25,3.25
1.7125,2.2125,1.4143076923076925,1.7646923076923076,1.734333333333333,2.149888888888889,1.7210322580645157,1.8239428571428575,2.1213913043478256,2.4344000000000006,2.4226666666666663,2.3238918918918916,1.7392222222222222,2.153756097560975,2.3654285714285717,1.9106842105263158,2.02139534883721,2.4206666666666674,2.1070588235294117,2.733240000000001,2.647,3.228666666666667,3.012166666666666,2.340050847457627,3.25,3.25,3.25,3.25,3.25,3.25,3.25,3.25,3.25,3.25,3.25
1.7125,2.2125,1.4143076923076925,1.7646923076923076,1.734333333333333,2.149888888888889,1.7210322580645157,1.8239428571428575,2.1213913043478256,2.4344000000000006,2.4226666666666663,2.3238918918918916,1.7392222222222222,2.153756097560975,2.3654285714285717,1.9106842105263158,2.02139534883721,2.4206666666666674,2.1070588235294117,2.733240000000001,2.647,3.228666666666667,3.012166666666666,2.340050847457627,3.25,3.25,3.25,3.25,3.25,3.25,3.25,3.25,3.25,3.25,3.25
1.7125,2.2125,1.4143076923076925,1.7646923076923076,1.734333333333333,2.149888888888889,1.7210322580645157,1.8239428571428575,2.1213913043478256,2.4344000000000006,2.4226666666666663,2.3238918918918916,1.7392222222222222,2.153756097560975,2.3654285714285717,1.9106842105263158,2.02139534883721,2.4206666666666674,2.1070588235294117,2.733240000000001,2.647,3.228666666666667,3.012166666666666,2.340050847457627,3.25,3.25,3.25,3.25,3.25,3.25,3.25,3.25,3.25,3.25,3.25
1.7125,2.2125,1.4143076923076925,1.7646923076923076,1.734333333333333,2.149888888888889,1.7210322580645157,1.8239428571428575,2.1213913043478256,2.4344000000000006,2.4226666666666663,2.3238918918918916,1.7392222222222222,2.153756097560975,2.3654285714285717,1.9106842105263158,2.02139534883721,2.4206666666666674,2.1070588235294117,2.733240000000001,2.647,3.228666666666667,3.012166666666666,2.340050847457627,3.25,3.25,3.25,3.25,3.25,3.25,3.25,3.25,3.25,3.25,3.25
1.7125,2.2125,1.4143076923076925,1.7646923076923076,1.734333333333333,2.149888888888889,1.7210322580645157,1.8239428571428575,2.1213913043478256,2.4344000000000006,2.4226666666666663,2.3238918918918916,1.7392222222222222,2.153756097560975,2.3654285714285717,1.9106842105263158,2.02139534883721,2.4206666666666674,2.1070588235294117,2.733240000000001,2.647,3.228666666666667,3.012166666666666,2.340050847457627,3.25,3.25,3.25,3.25,3.25,3.25,3.25,3.25,3.25,3.25,3.25
1.7125,2.2125,1.4143076923076925,1.7646923076923076,1.734333333333333,2.149888888888889,1.7210322580645157,1.8239428571428575,2.1213913043478256,2.4344000000000006,2.4226666666666663,2.3238918918918916,1.7392222222222222,2.153756097560975,2.3654285714285717,1.9106842105263158,2.02139534883721,2.4206666666666674,2.1070588235294117,2.733240000000001,2.647,3.228666666666667,3.012166666666666,2.340050847457627,3.25,3.25,3.25,3.25,3.25,3.25,3.25,3.25,3.25,3.25,3.25
1.7125,2.2125,1.4143076923076925,1.7646923076923076,1.734333333333333,2.149888888888889,1.7210322580645157,1.8239428571428575,2.1213913043478256,2.4344000000000006,2.4226666666666663,2.3238918918918916,1.7392222222222222,2.153756097560975,2.3654285714285717,1.9106842105263158,2.02139534883721,2.4206666666666674,2.1070588235294117,2.733240000000001,2.647,3.228666666666667,3.012166666666666,2.340050847457627,3.25,3.25,3.25,3.25,3.25,3.25,3.25,3.25,3.25,3.25,3.25
1.7125,2.2125,1.4143076923076925,1.7646923076923076,1.734333333333333,2.149888888888889,1.7210322580645157,1.8239428571428575,2.1213913043478256,2.4344000000000006,2.4226666666666663,2.3238918918918916,1.7392222222222222,2.153756097560975,2.3654285714285717,1.9106842105263158,2.02139534883721,2.4206666666666674,2.1070588235294117,2.733240000000001,2.647,3.228666666666667,3.012166666666666,2.340050847457627,3.25,3.25,3.25,3.25,3.25,3.25,3.25,3.25,3.25,3.25,3.25
1.7125,2.2125,1.4143076923076925,1.7646923076923076,1.734333333333333,2.149888888888889,1.7210322580645157,1.8239428571428575,2.1213913043478256,2.4344000000000006,2.4226666666666663,2.3238918918918916,1.7392222222222222,2.153756097560975,2.3654285714285717,1.9106842105263158,2.02139534883721,2.4206666666666674,2.1070588235294117,2.733240000000001,2.647,3.228666666666667,3.012166666666666,2.340050847457627,3.25,3.25,3.25,3.25,3.25,3.25,3.25,3.25,3.25,3.25,3.25
1.7125,2.2125,1.4143076923076925,1.7646923076923076,1.734333333333333,2.149888888888889,1.7210322580645157,1.8239428571428575,2.1213913043478256,2.4344000000000006,2.4226666666666663,2.3238918918918916,1.7392222222222222,2.153756097560975,2.3654285714285717,1.9106842105263158,2.02139534883721,2.4206666666666674,2.1070588235294117,2.733240000000001,2.647,3.228666666666667,3.012166666666666,2.340050847457627,3.25,3.25,3.25,3.25,3.25,3.25,3.25,3.25,3.25,3.25,3.25
1.7125,2.2125,1.4143076923076925,1.7646923076923076,1.734333333333333,2.149888888888889,1.7210322580645157,1.8239428571428575,2.1213913043478256,2.4344000000000006,2.4226666666666663,2.3238918918918916,1.7392222222222222,2.153756097560975,2.3654285714285717,1.9106842105263158,2.02139534883721,2.4206666666666674,2.1070588235294117,2.733240000000001,2.647,3.228666666666667,3.012166666666666,2.340050847457627,3.25,3.25,3.25,3.25,3.25,3.25,3.25,3.25,3.25,3.25,3.25
1.7125,2.2125,1.4143076923076925,1.7646923076923076,1.734333333333333,2.149888888888889,1.7210322580645157,1.8239428571428575,2.1213913043478256,2.4344000000000006,2.4226666666666663,2.3238918918918916,1.7392222222222222,2.153756097560975,2.3654285714285717,1.9106842105263158,2.02139534883721,2.4206666666666674,2.1070588235294117,2.733240000000001,2.647,3.228666666666667,3.012166666666666,2.340050847457627,3.25,3.25,3.25,3.25,3.25,3.25,3.25,3.25,3.25,3.25,3.25
1.7125,2.2125,1.4143076923076925,1.7646923076923076,1.734333333333333,2.149888888888889,1.7210322580645157,1.8239428571428575,2.1213913043478256,2.4344000000000006,2.4226666666666663,2.3238918918918916,1.7392222222222222,2.153756097560975,2.3654285714285717,1.9106842105263158,2.02139534883721,2.4206666666666674,2.1070588235294117,2.733240000000001,2.647,3.228666666666667,3.012166666666666,2.340050847457627,3.25,3.25,3.25,3.25,3.25,3.25,3.25,3.25,3.25,3.25,3.25
1.7125,2.2125,1.4143076923076925,1.7646923076923076,1.734333333333333,2.149888888888889,1.7210322580645157,1.8239428571428575,2.1213913043478256,2.4344000000000006,2.4226666666666663,2.3238918918918916,1.7392222222222222,2.153756097560975,2.3654285714285717,1.9106842105263158,2.02139534883721,2.4206666666666674,2.1070588235294117,2.733240000000001,2.647,3.228666666666667,3.012166666666666,2.340050847457627,3.25,3.25,3.25,3.25,3.25,3.25,3.25,3.25,3.25,3.25,3.25
1.7125,2.2125,1.4143076923076925,1.7646923076923076,1.734333333333333,2.149888888888889,1.7210322580645157,1.8239428571428575,2.1213913043478256,2.4344000000000006,2.4226666666666663,2.3238918918918916,1.7392222222222222,2.153756097560975,2.3654285714285717,1.9106842105263158,2.02139534883721,2.4206666666666674,2.1070588235294117,2.733240000000001,2.647,3.228666666666667,3.012166666666666,2.340050847457627,3.25,3.25,3.25,3.25,3.25,3.25,3.25,3.25,3.25,3.25,3.25
1.7125,2.2125,1.4143076923076925,1.7646923076923076,1.734333333333333,2.149888888888889,1.7210322580645157,1.8239428571428575,2.1213913043478256,2.4344000000000006,2.4226666666666663,2.3238918918918916,1.7392222222222222,2.153756097560975,2.3654285714285717,1.9106842105263158,2.02139534883721,2.4206666666666674,2.1070588235294117,2.733240000000001,2.647,3.228666666666667,3.012166666666666,2.340050847457627,3.25,3.25,3.25,3.25,3.25,3.25,3.25,3.25,3.25,3.25,3.25
1.7125,2.2125,1.4143076923076925,1.7646923076923076,1.734333333333333,2.149888888888889,1.7210322580645157,1.8239428571428575,2.1213913043478256,2.4344000000000006,2.4226666666666663,2.3238918918918916,1.7392222222222222,2.153756097560975,2.3654285714285717,1.9106842105263158,2.02139534883721,2.4206666666666674,2.1070588235294117,2.733240000000001,2.647,3.228666666666667,3.012166666666666,2.340050847457627,3.25,3.25,3.25,3.25,3.25,3.25,3.25,3.25,3.25,3.25,3.25
1.7125,2.2125,1.4143076923076925,1.7646923076923076,1.734333333333333,2.149888888888889,1.7210322580645157,1.8239428571428575,2.1213913043478256,2.4344000000000006,2.4226666666666663,2.3238918918918916,1.7392222222222222,2.153756097560975,2.3654285714285717,1.9106842105263158,2.02139534883721,2.4206666666666674,2.1070588235294117,2.733240000000001,2.647,3.228666666666667,3.012166666666666,2.340050847457627,3.25,3.25,3.25,3.25,3.25,3.25,3.25,3.25,3.25,3.25,3.25
1.7125,2.2125,1.4143076923076925,1.7646923076923076,1.734333333333333,2.149888888888889,1.7210322580645157,1.8239428571428575,2.1213913043478256,2.4344000000000006,2.4226666666666663,2.3238918918918916,1.7392222222222222,2.153756097560975,2.3654285714285717,1.9106842105263158,2.02139534883721,2.4206666666666674,2.1070588235294117,2.733240000000001,2.647,3.228666666666667,3.012166666666666,2.340050847457627,3.25,3.25,3.25,3.25,3.25,3.25,3.25,3.25,3.25,3.25,3.25
1.7125,2.2125,1.4143076923076925,1.7646923076923076,1.734333333333333,2.149888888888889,1.7210322580645157,1.8239428571428575,2.1213913043478256,2.4344000000000006,2.4226666666666663,2.3238918918918916,1.7392222222222222,2.153756097560975,2.3654285714285717,1.9106842105263158,2.02139534883721,2.4206666666666674,2.1070588235294117,2.733240000000001,2.647,3.228666666666667,3.012166666666666,2.340050847457627,3.25,3.25,3.25,3.25,3.25,3.25,3.25,3.25,3.25,3.25,3.25
1.7125,2.2125,1.4143076923076925,1.7646923076923076,1.734333333333333,2.149888888888889,1.7210322580645157,1.8239428571428575,2.1213913043478256,2.4344000000000006,2.4226666666666663,2.3238918918918916,1.7392222222222222,2.153756097560975,2.3654285714285717,1.9106842105263158,2.02139534883721,2.4206666666666674,2.1070588235294117,2.733240000000001,2.647,3.228666666666667,3.012166666666666,2.340050847457627,3.25,3.25,3.25,3.25,3.25,3.25,3.25,3.25,3.25,3.25,3.25
1.7125,2.2125,1.4143076923076925,1.7646923076923076,1.734333333333333,2.149888888888889,1.7210322580645157,1.8239428571428575,2.1213913043478256,2.4344000000000006,2.4226666666666663,2.3238918918918916,1.7392222222222222,2.153756097560975,2.3654285714285717,1.9106842105263158,2.02139534883721,2.4206666666666674,2.1070588235294117,2.733240000000001,2.647,3.228666666666667,3.012166666666666,2.340050847457627,3.25,3.25,3.25,3.25,3.25,3.25,3.25,3.25,3.25,3.25,3.25
1.7125,2.2125,1.4143076923076925,1.7646923076923076,1.734333333333333,2.149888888888889,1.7210322580645157,1.8239428571428575,2.1213913043478256,2.4344000000000006,2.4226666666666663,2.3238918918918916,1.7392222222222222,2.153756097560975,2.3654285714285717,1.9106842105263158,2.02139534883721,2.4206666666666674,2.1070588235294117,2.733240000000001,2.647,3.228666666666667,3.012166666666666,2.340050847457627,3.25,3.25,3.25,3.25,3.25,3.25,3.25,3.25,3.25,3.25,3.25
1.7125,2.2125,1.4143076923076925,1.7646923076923076,1.734333333333333,2.149888888888889,1.7210322580645157,1.8239428571428575,2.1213913043478256,2.4344000000000006,2.4226666666666663,2.3238918918918916,1.7392222222222222,2.153756097560975,2.3654285714285717,1.9106842105263158,2.02139534883721,2.4206666666666674,2.1070588235294117,2.733240000000001,2.647,3.228666666666667,3.012166666666666,2.340050847457627,3.25,3.25,3.25,3.25,3.25,3.25,3.25,3.25,3.25,3.25,3.25
1.7125,2.2125,1.4143076923076925,1.7646923076923076,1.734333333333333,2.149888888888889,1.7210322580645157,1.8239428571428575,2.1213913043478256,2.4344000000000006,2.4226666666666663,2.3238918918918916,1.7392222222222222,2.153756097560975,2.3654285714285717,1.9106842105263158,2.02139534883721,2.4206666666666674,2.1070588235294117,2.733240000000001,2.647,3.228666666666667,3.012166666666666,2.340050847457627,3.25,3.25,3.25,3.25,3.25,3.25,3.25,3.25,3.25,3.25,3.25
1.7125,2.2125,1.4143076923076925,1.7646923076923076,1.734333333333333,2.149888888888889,1.7210322580645157,1.8239428571428575,2.1213913043478256,2.4344000000000006,2.4226666666666663,2.3238918918918916,1.7392222222222222,2.153756097560975,2.3654285714285717,1.9106842105263158,2.02139534883721,2.4206666666666674,2.1070588235294117,2.733240000000001,2.647,3.228666666666667,3.012166666666666,2.340050847457627,3.25,3.25,3.25,3.25,3.25,3.25,3.25,3.25,3.25,3.25,3.25
1.7125,2.2125,1.4143076923076925,1.7646923076923076,1.734333333333333,2.149888888888889,1.7210322580645157,1.8239428571428575,2.1213913043478256,2.4344000000000006,2.4226666666666663,2.3238918918918916,1.7392222222222222,2.153756097560975,2.3654285714285717,1.9106842105263158,2.02139534883721,2.4206666666666674,2.1070588235294117,2.733240000000001,2.647,3.228666666666667,3.012166666666666,2.340050847457627,3.25,3.25,3.25,3.25,3.25,3.25,3.25,3.25,3.25,3.25,3.25
1.7125,2.2125,1.4143076923076925,1.7646923076923076,1.734333333333333,2.149888888888889,1.7210322580645157,1.8239428571428575,2.1213913043478256,2.4344000000000006,2.4226666666666663,2.3238918918918916,1.7392222222222222,2.153756097560975,2.3654285714285717,1.9106842105263158,2.02139534883721,2.4206666666666674,2.1070588235294117,2.733240000000001,2.647,3.228666666666667,3.012166666666666,2.340050847457627,3.25,3.25,3.25,3.25,3.25,3.25,3.25,3.25,3.25,3.25,3.25
1.7125,2.2125,1.4143076923076925,1.7646923076923076,1.734333333333333,2.149888888888889,1.7210322580645157,1.8239428571428575,2.1213913043478256,2.4344000000000006,2.4226666666666663,2.3238918918918916,1.7392222222222222,2.153756097560975,2.3654285714285717,1.9106842105263158,2.02139534883721,2.4206666666666674,2.1070588235294117,2.733240000000001,2.647,3.228666666666667,3.012166666666666,2.340050847457627,3.25,3.25,3.25,3.25,3.25,3.25,3.25,3.25,3.25,3.25,3.25
1.7689999999999997,2.197,1.4073333333333338,1.7422307692307692,1.6852857142857145,2.1114499999999996,1.740166666666667,1.7769736842105264,1.879851851851852,2.641,2.3698,2.3055952380952376,1.7667777777777778,2.1701627906976744,2.3205555555555555,1.9537647058823528,2.013595238095238,2.4245294117647056,2.1111874999999998,2.7984000000000004,2.6404,3.2589500000000005,3.0081764705882357,2.307881355932203,3.25,3.25,1.6605,3.25,3.25,3.25,3.25,3.25,3.25,3.25,3.25
1.7689999999999997,2.197,1.4073333333333338,1.7422307692307692,1.6852857142857145,2.1114499999999996,1.740166666666667,1.7769736842105264,1.879851851851852,2.641,2.3698,2.3055952380952376,1.7667777777777778,2.1701627906976744,2.3205555555555555,1.9537647058823528,2.013595238095238,2.4245294117647056,2.1111874999999998,2.7984000000000004,2.6404,3.2589500000000005,3.0081764705882357,2.307881355932203,3.25,3.25,1.6605,3.25,3.25,3.25,3.25,3.25,3.25,3.25,3.25
1.7689999999999997,2.197,1.4073333333333338,1.7422307692307692,1.6852857142857145,2.1114499999999996,1.740166666666667,1.7769736842105264,1.879851851851852,2.641,2.3698,2.3055952380952376,1.7667777777777778,2.1701627906976744,2.3205555555555555,1.9537647058823528,2.013595238095238,2.4245294117647056,2.1111874999999998,2.7984000000000004,2.6404,3.2589500000000005,3.0081764705882357,2.307881355932203,3.25,3.25,1.6605,3.25,3.25,3.25,3.25,3.25,3.25,3.25,3.25
1.7689999999999997,2.197,1.4073333333333338,1.7422307692307692,1.6852857142857145,2.1114499999999996,1.740166666666667,1.7769736842105264,1.879851851851852,2.641,2.3698,2.3055952380952376,1.7667777777777778,2.1701627906976744,2.3205555555555555,1.9537647058823528,2.013595238095238,2.4245294117647056,2.1111874999999998,2.7984000000000004,2.6404,3.2589500000000005,3.0081764705882357,2.307881355932203,3.25,3.25,1.6605,3.25,3.25,3.25,3.25,3.25,3.25,3.25,3.25
1.7689999999999997,2.197,1.4073333333333338,1.7422307692307692,1.6852857142857145,2.1114499999999996,1.740166666666667,1.7769736842105264,1.879851851851852,2.641,2.3698,2.3055952380952376,1.7667777777777778,2.1701627906976744,2.3205555555555555,1.9537647058823528,2.013595238095238,2.4245294117647056,2.1111874999999998,2.7984000000000004,2.6404,3.2589500000000005,3.0081764705882357,2.307881355932203,3.25,3.25,1.6605,3.25,3.25,3.25,3.25,3.25,3.25,3.25,3.25
1.7689999999999997,2.197,1.4073333333333338,1.7422307692307692,1.6852857142857145,2.1114499999999996,1.740166666666667,1.7769736842105264,1.879851851851852,2.641,2.3698,2.3055952380952376,1.7667777777777778,2.1701627906976744,2.3205555555555555,1.9537647058823528,2.013595238095238,2.4245294117647056,2.1111874999999998,2.7984000000000004,2.6404,3.2589500000000005,3.0081764705882357,2.307881355932203,3.25,3.25,1.6605,3.25,3.25,3.25,3.25,3.25,3.25,3.25,3.25
1.7689999999999997,2.197,1.4073333333333338,1.7422307692307692,1.6852857142857145,2.1114499999999996,1.740166666666667,1.7769736842105264,1.879851851851852,2.641,2.3698,2.3055952380952376,1.7667777777777778,2.1701627906976744,2.3205555555555555,1.9537647058823528,2.013595238095238,2.4245294117647056,2.1111874999999998,2.7984000000000004,2.6404,3.2589500000000005,3.0081764705882357,2.307881355932203,3.25,3.25,1.6605,3.25,3.25,3.25,3.25,3.25,3.25,3.25,3.25
1.7689999999999997,2.197,1.4073333333333338,1.7422307692307692,1.6852857142857145,2.1114499999999996,1.740166666666667,1.7769736842105264,1.879851851851852,2.641,2.3698,2.3055952380952376,1.7667777777777778,2.1701627906976744,2.3205555555555555,1.9537647058823528,2.013595238095238,2.4245294117647056,2.1111874999999998,2.7984000000000004,2.6404,3.2589500000000005,3.0081764705882357,2.307881355932203,3.25,3.25,1.6605,3.25,3.25,3.25,3.25,3.25,3.25,3.25,3.25
1.7689999999999997,2.197,1.4073333333333338,1.7422307692307692,1.6852857142857145,2.1114499999999996,1.740166666666667,1.7769736842105264,1.879851851851852,2.641,2.3698,2.3055952380952376,1.7667777777777778,2.1701627906976744,2.3205555555555555,1.9537647058823528,2.013595238095238,2.4245294117647056,2.1111874999999998,2.7984000000000004,2.6404,3.2589500000000005,3.0081764705882357,2.307881355932203,3.25,3.25,1.6605,3.25,3.25,3.25,3.25,3.25,3.25,3.25,3.25
1.7689999999999997,2.197,1.4073333333333338,1.7422307692307692,1.6852857142857145,2.1114499999999996,1.740166666666667,1.7769736842105264,1.879851851851852,2.641,2.3698,2.3055952380952376,1.7667777777777778,2.1701627906976744,2.3205555555555555,1.9537647058823528,2.013595238095238,2.4245294117647056,2.1111874999999998,2.7984000000000004,2.6404,3.2589500000000005,3.0081764705882357,2.307881355932203,3.25,3.25,1.6605,3.25,3.25,3.25,3.25,3.25,3.25,3.25,3.25
1.7689999999999997,2.197,1.4073333333333338,1.7422307692307692,1.6852857142857145,2.1114499999999996,1.740166666666667,1.7769736842105264,1.879851851851852,2.641,2.3698,2.3055952380952376,1.7667777777777778,2.1701627906976744,2.3205555555555555,1.9537647058823528,2.013595238095238,2.4245294117647056,2.1111874999999998,2.7984000000000004,2.6404,3.2589500000000005,3.0081764705882357,2.307881355932203,3.25,3.25,1.6605,3.25,3.25,3.25,3.25,3.25,3.25,3.25,3.25
1.7689999999999997,2.197,1.4073333333333338,1.7422307692307692,1.6852857142857145,2.1114499999999996,1.740166666666667,1.7769736842105264,1.879851851851852,2.641,2.3698,2.3055952380952376,1.7667777777777778,2.1701627906976744,2.3205555555555555,1.9537647058823528,2.013595238095238,2.4245294117647056,2.1111874999999998,2.7984000000000004,2.6404,3.2589500000000005,3.0081764705882357,2.307881355932203,3.25,3.25,1.6605,3.25,3.25,3.25,3.25,3.25,3.25,3.25,3.25
1.7689999999999997,2.197,1.4073333333333338,1.7422307692307692,1.6852857142857145,2.1114499999999996,1.740166666666667,1.7769736842105264,1.879851851851852,2.641,2.3698,2.3055952380952376,1.7667777777777778,2.1701627906976744,2.3205555555555555,1.9537647058823528,2.013595238095238,2.4245294117647056,2.1111874999999998,2.7984000000000004,2.6404,3.2589500000000005,3.0081764705882357,2.307881355932203,3.25,3.25,1.6605,3.25,3.25,3.25,3.25,3.25,3.25,3.25,3.25
1.7689999999999997,2.197,1.4073333333333338,1.7422307692307692,1.6852857142857145,2.1114499999999996,1.740166666666667,1.7769736842105264,1.879851851851852,2.641,2.3698,2.3055952380952376,1.7667777777777778,2.1701627906976744,2.3205555555555555,1.9537647058823528,2.013595238095238,2.4245294117647056,2.1111874999999998,2.7984000000000004,2.6404,3.2589500000000005,3.0081764705882357,2.307881355932203,3.25,3.25,1.6605,3.25,3.25,3.25,3.25,3.25,3.25,3.25,3.25
1.7689999999999997,2.197,1.4073333333333338,1.7422307692307692,1.6852857142857145,2.1114499999999996,1.740166666666667,1.7769736842105264,1.879851851851852,2.641,2.3698,2.3055952380952376,1.7667777777777778,2.1701627906976744,2.3205555555555555,1.9537647058823528,2.013595238095238,2.4245294117647056,2.1111874999999998,2.7984000000000004,2.6404,3.2589500000000005,3.0081764705882357,2.307881355932203,3.25,3.25,1.6605,3.25,3.25,3.25,3.25,3.25,3.25,3.25,3.25
1.7689999999999997,2.197,1.4073333333333338,1.7422307692307692,1.6852857142857145,2.1114499999999996,1.740166666666667,1.7769736842105264,1.879851851851852,2.641,2.3698,2.3055952380952376,1.7667777777777778,2.1701627906976744,2.3205555555555555,1.9537647058823528,2.013595238095238,2.4245294117647056,2.1111874999999998,2.7984000000000004,2.6404,3.2589500000000005,3.0081764705882357,2.307881355932203,3.25,3.25,1.6605,3.25,3.25,3.25,3.25,3.25,3.25,3.25,3.25
1.7689999999999997,2.197,1.4073333333333338,1.7422307692307692,1.6852857142857145,2.1114499999999996,1.740166666666667,1.7769736842105264,1.879851851851852,2.641,2.3698,2.3055952380952376,1.7667777777777778,2.1701627906976744,2.3205555555555555,1.9537647058823528,2.013595238095238,2.4245294117647056,2.1111874999999998,2.7984000000000004,2.6404,3.2589500000000005,3.0081764705882357,2.307881355932203,3.25,3.25,1.6605,3.25,3.25,3.25,3.25,3.25,3.25,3.25,3.25
1.7689999999999997,2.197,1.4073333333333338,1.7422307692307692,1.6852857142857145,2.1114499999999996,1.740166666666667,1.7769736842105264,1.879851851851852,2.641,2.3698,2.3055952380952376,1.7667777777777778,2.1701627906976744,2.3205555555555555,1.9537647058823528,2.013595238095238,2.4245294117647056,2.1111874999999998,2.7984000000000004,2.6404,3.2589500000000005,3.0081764705882357,2.307881355932203,3.25,3.25,1.6605,3.25,3.25,3.25,3.25,3.25,3.25,3.25,3.25
1.7689999999999997,2.197,1.4073333333333338,1.7422307692307692,1.6852857142857145,2.1114499999999996,1.740166666666667,1.7769736842105264,1.879851851851852,2.641,2.3698,2.3055952380952376,1.7667777777777778,2.1701627906976744,2.3205555555555555,1.9537647058823528,2.013595238095238,2.4245294117647056,2.1111874999999998,2.7984000000000004,2.6404,3.2589500000000005,3.0081764705882357,2.307881355932203,3.25,3.25,1.6605,3.25,3.25,3.25,3.25,3.25,3.25,3.25,3.25
1.7689999999999997,2.197,1.4073333333333338,1.7422307692307692,1.6852857142857145,2.1114499999999996,1.740166666666667,1.7769736842105264,1.879851851851852,2.641,2.3698,2.3055952380952376,1.7667777777777778,2.1701627906976744,2.3205555555555555,1.9537647058823528,2.013595238095238,2.4245294117647056,2.1111874999999998,2.7984000000000004,2.6404,3.2589500000000005,3.0081764705882357,2.307881355932203,3.25,3.25,1.6605,3.25,3.25,3.25,3.25,3.25,3.25,3.25,3.25
1.7689999999999997,2.197,1.4073333333333338,1.7422307692307692,1.6852857142857145,2.1114499999999996,1.740166666666667,1.7769736842105264,1.879851851851852,2.641,2.3698,2.3055952380952376,1.7667777777777778,2.1701627906976744,2.3205555555555555,1.9537647058823528,2.013595238095238,2.4245294117647056,2.1111874999999998,2.7984000000000004,2.6404,3.2589500000000005,3.0081764705882357,2.307881355932203,3.25,3.25,1.6605,3.25,3.25,3.25,3.25,3.25,3.25,3.25,3.25
1.7689999999999997,2.197,1.4073333333333338,1.7422307692307692,1.6852857142857145,2.1114499999999996,1.740166666666667,1.7769736842105264,1.879851851851852,2.641,2.3698,2.3055952380952376,1.7667777777777778,2.1701627906976744,2.3205555555555555,1.9537647058823528,2.013595238095238,2.4245294117647056,2.1111874999999998,2.7984000000000004,2.6404,3.2589500000000005,3.0081764705882357,2.307881355932203,3.25,3.25,1.6605,3.25,3.25,3.25,3.25,3.25,3.25,3.25,3.25
1.7689999999999997,2.197,1.4073333333333338,1.7422307692307692,1.6852857142857145,2.1114499999999996,1.740166666666667,1.7769736842105264,1.879851851851852,2.641,2.3698,2.3055952380952376,1.7667777777777778,2.1701627906976744,2.3205555555555555,1.9537647058823528,2.013595238095238,2.4245294117647056,2.1111874999999998,2.7984000000000004,2.6404,3.2589500000000005,3.0081764705882357,2.307881355932203,3.25,3.25,1.6605,3.25,3.25,3.25,3.25,3.25,3.25,3.25,3.25
1.7689999999999997,2.197,1.4073333333333338,1.7422307692307692,1.6852857142857145,2.1114499999999996,1.740166666666667,1.7769736842105264,1.879851851851852,2.641,2.3698,2.3055952380952376,1.7667777777777778,2.1701627906976744,2.3205555555555555,1.9537647058823528,2.013595238095238,2.4245294117647056,2.1111874999999998,2.7984000000000004,2.6404,3.2589500000000005,3.0081764705882357,2.307881355932203,3.25,3.25,1.6605,3.25,3.25,3.25,3.25,3.25,3.25,3.25,3.25
1.7689999999999997,2.197,1.4073333333333338,1.7422307692307692,1.6852857142857145,2.1114499999999996,1.740166666666667,1.7769736842105264,1.879851851851852,2.641,2.3698,2.3055952380952376,1.7667777777777778,2.1701627906976744,2.3205555555555555,1.9537647058823528,2.013595238095238,2.4245294117647056,2.1111874999999998,2.7984000000000004,2.6404,3.2589500000000005,3.0081764705882357,2.307881355932203,3.25,3.25,1.6605,3.25,3.25,3.25,3.25,3.25,3.25,3.25,3.25
1.7689999999999997,2.197,1.4073333333333338,1.7422307692307692,1.6852857142857145,2.1114499999999996,1.740166666666667,1.7769736842105264,1.879851851851852,2.641,2.3698,2.3055952380952376,1.7667777777777778,2.1701627906976744,2.3205555555555555,1.9537647058823528,2.013595238095238,2.4245294117647056,2.1111874999999998,2.7984000000000004,2.6404,3.2589500000000005,3.0081764705882357,2.307881355932203,3.25,3.25,1.6605,3.25,3.25,3.25,3.25,3.25,3.25,3.25,3.25
1.7689999999999997,2.197,1.4073333333333338,1.7422307692307692,1.6852857142857145,2.1114499999999996,1.740166666666667,1.7769736842105264,1.879851851851852,2.641,2.3698,2.3055952380952376,1.7667777777777778,2.1701627906976744,2.3205555555555555,1.9537647058823528,2.013595238095238,2.4245294117647056,2.1111874999999998,2.7984000000000004,2.6404,3.2589500000000005,3.0081764705882357,2.307881355932203,3.25,3.25,1.6605,3.25,3.25,3.25,3.25,3.25,3.25,3.25,3.25
1.7689999999999997,2.197,1.4073333333333338,1.7422307692307692,1.6852857142857145,2.1114499999999996,1.740166666666667,1.7769736842105264,1.879851851851852,2.641,2.3698,2.3055952380952376,1.7667777777777778,2.1701627906976744,2.3205555555555555,1.9537647058823528,2.013595238095238,2.4245294117647056,2.1111874999999998,2.7984000000000004,2.6404,3.2589500000000005,3.0081764705882357,2.307881355932203,3.25,3.25,1.6605,3.25,3.25,3.25,3.25,3.25,3.25,3.25,3.25
1.7689999999999997,2.197,1.4073333333333338,1.7422307692307692,1.6852857142857145,2.1114499999999996,1.740166666666667,1.7769736842105264,1.879851851851852,2.641,2.3698,2.3055952380952376,1.7667777777777778,2.1701627906976744,2.3205555555555555,1.9537647058823528,2.013595238095238,2.4245294117647056,2.1111874999999998,2.7984000000000004,2.6404,3.2589500000000005,3.0081764705882357,2.307881355932203,3.25,3.25,1.6605,3.25,3.25,3.25,3.25,3.25,3.25,3.25,3.25
1.7689999999999997,2.197,1.4073333333333338,1.7422307692307692,1.6852857142857145,2.1114499999999996,1.740166666666667,1.7769736842105264,1.879851851851852,2.641,2.3698,2.3055952380952376,1.7667777777777778,2.1701627906976744,2.3205555555555555,1.9537647058823528,2.013595238095238,2.4245294117647056,2.1111874999999998,2.7984000000000004,2.6404,3.2589500000000005,3.0081764705882357,2.307881355932203,3.25,3.25,1.6605,3.25,3.25,3.25,3.25,3.25,3.25,3.25,3.25
1.7689999999999997,2.197,1.4073333333333338,1.7422307692307692,1.6852857142857145,2.1114499999999996,1.740166666666667,1.7769736842105264,1.879851851851852,2.641,2.3698,2.3055952380952376,1.7667777777777778,2.1701627906976744,2.3205555555555555,1.9537647058823528,2.013595238095238,2.4245294117647056,2.1111874999999998,2.7984000000000004,2.6404,3.2589500000000005,3.0081764705882357,2.307881355932203,3.25,3.25,1.6605,3.25,3.25,3.25,3.25,3.25,3.25,3.25,3.25
1.762875,2.238,1.4143846153846156,1.7105833333333331,1.705285714285714,2.1245499999999997,1.629,1.7582121212121211,1.919695652173913,2.6602000000000006,2.053,2.263384615384615,1.7268125,2.181853658536586,2.2854000000000005,1.9253157894736845,2.0371162790697674,2.5846,2.0041875000000005,2.680772727272727,2.7033636363636355,3.3740434782608695,3.011823529411765,2.313326530612245,3.25,3.25,1.671,3.25,3.25,3.25,3.25,3.25,3.25,3.25,3.25
1.762875,2.238,1.4143846153846156,1.7105833333333331,1.705285714285714,2.1245499999999997,1.629,1.7582121212121211,1.919695652173913,2.6602000000000006,2.053,2.263384615384615,1.7268125,2.181853658536586,2.2854000000000005,1.9253157894736845,2.0371162790697674,2.5846,2.0041875000000005,2.680772727272727,2.7033636363636355,3.3740434782608695,3.011823529411765,2.313326530612245,3.25,3.25,1.671,3.25,3.25,3.25,3.25,3.25,3.25,3.25,3.25
1.762875,2.238,1.4143846153846156,1.7105833333333331,1.705285714285714,2.1245499999999997,1.629,1.7582121212121211,1.919695652173913,2.6602000000000006,2.053,2.263384615384615,1.7268125,2.181853658536586,2.2854000000000005,1.9253157894736845,2.0371162790697674,2.5846,2.0041875000000005,2.680772727272727,2.7033636363636355,3.3740434782608695,3.011823529411765,2.313326530612245,3.25,3.25,1.671,3.25,3.25,3.25,3.25,3.25,3.25,3.25,3.25
1.762875,2.238,1.4143846153846156,1.7105833333333331,1.705285714285714,2.1245499999999997,1.629,1.7582121212121211,1.919695652173913,2.6602000000000006,2.053,2.263384615384615,1.7268125,2.181853658536586,2.2854000000000005,1.9253157894736845,2.0371162790697674,2.5846,2.0041875000000005,2.680772727272727,2.7033636363636355,3.3740434782608695,3.011823529411765,2.313326530612245,3.25,3.25,1.671,3.25,3.25,3.25,3.25,3.25,3.25,3.25,3.25
1.762875,2.238,1.4143846153846156,1.7105833333333331,1.705285714285714,2.1245499999999997,1.629,1.7582121212121211,1.919695652173913,2.6602000000000006,2.053,2.263384615384615,1.7268125,2.181853658536586,2.2854000000000005,1.9253157894736845,2.0371162790697674,2.5846,2.0041875000000005,2.680772727272727,2.7033636363636355,3.3740434782608695,3.011823529411765,2.313326530612245,3.25,3.25,1.671,3.25,3.25,3.25,3.25,3.25,3.25,3.25,3.25
1.762875,2.238,1.4143846153846156,1.7105833333333331,1.705285714285714,2.1245499999999997,1.629,1.7582121212121211,1.919695652173913,2.6602000000000006,2.053,2.263384615384615,1.7268125,2.181853658536586,2.2854000000000005,1.9253157894736845,2.0371162790697674,2.5846,2.0041875000000005,2.680772727272727,2.7033636363636355,3.3740434782608695,3.011823529411765,2.313326530612245,3.25,3.25,1.671,3.25,3.25,3.25,3.25,3.25,3.25,3.25,3.25
1.762875,2.238,1.4143846153846156,1.7105833333333331,1.705285714285714,2.1245499999999997,1.629,1.7582121212121211,1.919695652173913,2.6602000000000006,2.053,2.263384615384615,1.7268125,2.181853658536586,2.2854000000000005,1.9253157894736845,2.0371162790697674,2.5846,2.0041875000000005,2.680772727272727,2.7033636363636355,3.3740434782608695,3.011823529411765,2.313326530612245,3.25,3.25,1.671,3.25,3.25,3.25,3.25,3.25,3.25,3.25,3.25
1.762875,2.238,1.4143846153846156,1.7105833333333331,1.705285714285714,2.1245499999999997,1.629,1.7582121212121211,1.919695652173913,2.6602000000000006,2.053,2.263384615384615,1.7268125,2.181853658536586,2.2854000000000005,1.9253157894736845,2.0371162790697674,2.5846,2.0041875000000005,2.680772727272727,2.7033636363636355,3.3740434782608695,3.011823529411765,2.313326530612245,3.25,3.25,1.671,3.25,3.25,3.25,3.25,3.25,3.25,3.25,3.25
1.762875,2.238,1.4143846153846156,1.7105833333333331,1.705285714285714,2.1245499999999997,1.629,1.7582121212121211,1.919695652173913,2.6602000000000006,2.053,2.263384615384615,1.7268125,2.181853658536586,2.2854000000000005,1.9253157894736845,2.0371162790697674,2.5846,2.0041875000000005,2.680772727272727,2.7033636363636355,3.3740434782608695,3.011823529411765,2.313326530612245,3.25,3.25,1.671,3.25,3.25,3.25,3.25,3.25,3.25,3.25,3.25
1.762875,2.238,1.4143846153846156,1.7105833333333331,1.705285714285714,2.1245499999999997,1.629,1.7582121212121211,1.919695652173913,2.6602000000000006,2.053,2.263384615384615,1.7268125,2.181853658536586,2.2854000000000005,1.9253157894736845,2.0371162790697674,2.5846,2.0041875000000005,2.680772727272727,2.7033636363636355,3.3740434782608695,3.011823529411765,2.313326530612245,3.25,3.25,1.671,3.25,3.25,3.25,3.25,3.25,3.25,3.25,3.25
1.762875,2.238,1.4143846153846156,1.7105833333333331,1.705285714285714,2.1245499999999997,1.629,1.7582121212121211,1.919695652173913,2.6602000000000006,2.053,2.263384615384615,1.7268125,2.181853658536586,2.2854000000000005,1.9253157894736845,2.0371162790697674,2.5846,2.0041875000000005,2.680772727272727,2.7033636363636355,3.3740434782608695,3.011823529411765,2.313326530612245,3.25,3.25,1.671,3.25,3.25,3.25,3.25,3.25,3.25,3.25,3.25
1.762875,2.238,1.4143846153846156,1.7105833333333331,1.705285714285714,2.1245499999999997,1.629,1.7582121212121211,1.919695652173913,2.6602000000000006,2.053,2.263384615384615,1.7268125,2.181853658536586,2.2854000000000005,1.9253157894736845,2.0371162790697674,2.5846,2.0041875000000005,2.680772727272727,2.7033636363636355,3.3740434782608695,3.011823529411765,2.313326530612245,3.25,3.25,1.671,3.25,3.25,3.25,3.25,3.25,3.25,3.25,3.25
1.762875,2.238,1.4143846153846156,1.7105833333333331,1.705285714285714,2.1245499999999997,1.629,1.7582121212121211,1.919695652173913,2.6602000000000006,2.053,2.263384615384615,1.7268125,2.181853658536586,2.2854000000000005,1.9253157894736845,2.0371162790697674,2.5846,2.0041875000000005,2.680772727272727,2.7033636363636355,3.3740434782608695,3.011823529411765,2.313326530612245,3.25,3.25,1.671,3.25,3.25,3.25,3.25,3.25,3.25,3.25,3.25
1.762875,2.238,1.4143846153846156,1.7105833333333331,1.705285714285714,2.1245499999999997,1.629,1.7582121212121211,1.919695652173913,2.6602000000000006,2.053,2.263384615384615,1.7268125,2.181853658536586,2.2854000000000005,1.9253157894736845,2.0371162790697674,2.5846,2.0041875000000005,2.680772727272727,2.7033636363636355,3.3740434782608695,3.011823529411765,2.313326530612245,3.25,3.25,1.671,3.25,3.25,3.25,3.25,3.25,3.25,3.25,3.25
1.762875,2.238,1.4143846153846156,1.7105833333333331,1.705285714285714,2.1245499999999997,1.629,1.7582121212121211,1.919695652173913,2.6602000000000006,2.053,2.263384615384615,1.7268125,2.181853658536586,2.2854000000000005,1.9253157894736845,2.0371162790697674,2.5846,2.0041875000000005,2.680772727272727,2.7033636363636355,3.3740434782608695,3.011823529411765,2.313326530612245,3.25,3.25,1.671,3.25,3.25,3.25,3.25,3.25,3.25,3.25,3.25
1.762875,2.238,1.4143846153846156,1.7105833333333331,1.705285714285714,2.1245499999999997,1.629,1.7582121212121211,1.919695652173913,2.6602000000000006,2.053,2.263384615384615,1.7268125,2.181853658536586,2.2854000000000005,1.9253157894736845,2.0371162790697674,2.5846,2.0041875000000005,2.680772727272727,2.7033636363636355,3.3740434782608695,3.011823529411765,2.313326530612245,3.25,3.25,1.671,3.25,3.25,3.25,3.25,3.25,3.25,3.25,3.25
1.762875,2.238,1.4143846153846156,1.7105833333333331,1.705285714285714,2.1245499999999997,1.629,1.7582121212121211,1.919695652173913,2.6602000000000006,2.053,2.263384615384615,1.7268125,2.181853658536586,2.2854000000000005,1.9253157894736845,2.0371162790697674,2.5846,2.0041875000000005,2.680772727272727,2.7033636363636355,3.3740434782608695,3.011823529411765,2.313326530612245,3.25,3.25,1.671,3.25,3.25,3.25,3.25,3.25,3.25,3.25,3.25
1.762875,2.238,1.4143846153846156,1.7105833333333331,1.705285714285714,2.1245499999999997,1.629,1.7582121212121211,1.919695652173913,2.6602000000000006,2.053,2.263384615384615,1.7268125,2.181853658536586,2.2854000000000005,1.9253157894736845,2.0371162790697674,2.5846,2.0041875000000005,2.680772727272727,2.7033636363636355,3.3740434782608695,3.011823529411765,2.313326530612245,3.25,3.25,1.671,3.25,3.25,3.25,3.25,3.25,3.25,3.25,3.25
1.762875,2.238,1.4143846153846156,1.7105833333333331,1.705285714285714,2.1245499999999997,1.629,1.7582121212121211,1.919695652173913,2.6602000000000006,2.053,2.263384615384615,1.7268125,2.181853658536586,2.2854000000000005,1.9253157894736845,2.0371162790697674,2.5846,2.0041875000000005,2.680772727272727,2.7033636363636355,3.3740434782608695,3.011823529411765,2.313326530612245,3.25,3.25,1.671,3.25,3.25,3.25,3.25,3.25,3.25,3.25,3.25
1.762875,2.238,1.4143846153846156,1.7105833333333331,1.705285714285714,2.1245499999999997,1.629,1.7582121212121211,1.919695652173913,2.6602000000000006,2.053,2.263384615384615,1.7268125,2.181853658536586,2.2854000000000005,1.9253157894736845,2.0371162790697674,2.5846,2.0041875000000005,2.680772727272727,2.7033636363636355,3.3740434782608695,3.011823529411765,2.313326530612245,3.25,3.25,1.671,3.25,3.25,3.25,3.25,3.25,3.25,3.25,3.25
1.762875,2.238,1.4143846153846156,1.7105833333333331,1.705285714285714,2.1245499999999997,1.629,1.7582121212121211,1.919695652173913,2.6602000000000006,2.053,2.263384615384615,1.7268125,2.181853658536586,2.2854000000000005,1.9253157894736845,2.0371162790697674,2.5846,2.0041875000000005,2.680772727272727,2.7033636363636355,3.3740434782608695,3.011823529411765,2.313326530612245,3.25,3.25,1.671,3.25,3.25,3.25,3.25,3.25,3.25,3.25,3.25
1.762875,2.238,1.4143846153846156,1.7105833333333331,1.705285714285714,2.1245499999999997,1.629,1.7582121212121211,1.919695652173913,2.6602000000000006,2.053,2.263384615384615,1.7268125,2.181853658536586,2.2854000000000005,1.9253157894736845,2.0371162790697674,2.5846,2.0041875000000005,2.680772727272727,2.7033636363636355,3.3740434782608695,3.011823529411765,2.313326530612245,3.25,3.25,1.671,3.25,3.25,3.25,3.25,3.25,3.25,3.25,3.25
1.762875,2.238,1.4143846153846156,1.7105833333333331,1.705285714285714,2.1245499999999997,1.629,1.7582121212121211,1.919695652173913,2.6602000000000006,2.053,2.263384615384615,1.7268125,2.181853658536586,2.2854000000000005,1.9253157894736845,2.0371162790697674,2.5846,2.0041875000000005,2.680772727272727,2.7033636363636355,3.3740434782608695,3.011823529411765,2.313326530612245,3.25,3.25,1.671,3.25,3.25,3.25,3.25,3.25,3.25,3.25,3.25
1.762875,2.238,1.4143846153846156,1.7105833333333331,1.705285714285714,2.1245499999999997,1.629,1.7582121212121211,1.919695652173913,2.6602000000000006,2.053,2.263384615384615,1.7268125,2.181853658536586,2.2854000000000005,1.9253157894736845,2.0371162790697674,2.5846,2.0041875000000005,2.680772727272727,2.7033636363636355,3.3740434782608695,3.011823529411765,2.313326530612245,3.25,3.25,1.671,3.25,3.25,3.25,3.25,3.25,3.25,3.25,3.25
1.762875,2.238,1.4143846153846156,1.7105833333333331,1.705285714285714,2.1245499999999997,1.629,1.7582121212121211,1.919695652173913,2.6602000000000006,2.053,2.263384615384615,1.7268125,2.181853658536586,2.2854000000000005,1.9253157894736845,2.0371162790697674,2.5846,2.0041875000000005,2.680772727272727,2.7033636363636355,3.3740434782608695,3.011823529411765,2.313326530612245,3.25,3.25,1.671,3.25,3.25,3.25,3.25,3.25,3.25,3.25,3.25
1.762875,2.238,1.4143846153846156,1.7105833333333331,1.705285714285714,2.1245499999999997,1.629,1.7582121212121211,1.919695652173913,2.6602000000000006,2.053,2.263384615384615,1.7268125,2.181853658536586,2.2854000000000005,1.9253157894736845,2.0371162790697674,2.5846,2.0041875000000005,2.680772727272727,2.7033636363636355,3.3740434782608695,3.011823529411765,2.313326530612245,3.25,3.25,1.671,3.25,3.25,3.25,3.25,3.25,3.25,3.25,3.25
1.762875,2.238,1.4143846153846156,1.7105833333333331,1.705285714285714,2.1245499999999997,1.629,1.7582121212121211,1.919695652173913,2.6602000000000006,2.053,2.263384615384615,1.7268125,2.181853658536586,2.2854000000000005,1.9253157894736845,2.0371162790697674,2.5846,2.0041875000000005,2.680772727272727,2.7033636363636355,3.3740434782608695,3.011823529411765,2.313326530612245,3.25,3.25,1.671,3.25,3.25,3.25,3.25,3.25,3.25,3.25,3.25
1.762875,2.238,1.4143846153846156,1.7105833333333331,1.705285714285714,2.1245499999999997,1.629,1.7582121212121211,1.919695652173913,2.6602000000000006,2.053,2.263384615384615,1.7268125,2.181853658536586,2.2854000000000005,1.9253157894736845,2.0371162790697674,2.5846,2.0041875000000005,2.680772727272727,2.7033636363636355,3.3740434782608695,3.011823529411765,2.313326530612245,3.25,3.25,1.671,3.25,3.25,3.25,3.25,3.25,3.25,3.25,3.25
1.762875,2.238,1.4143846153846156,1.7105833333333331,1.705285714285714,2.1245499999999997,1.629,1.7582121212121211,1.919695652173913,2.6602000000000006,2.053,2.263384615384615,1.7268125,2.181853658536586,2.2854000000000005,1.9253157894736845,2.0371162790697674,2.5846,2.0041875000000005,2.680772727272727,2.7033636363636355,3.3740434782608695,3.011823529411765,2.313326530612245,3.25,3.25,1.671,3.25,3.25,3.25,3.25,3.25,3.25,3.25,3.25
1.762875,2.238,1.4143846153846156,1.7105833333333331,1.705285714285714,2.1245499999999997,1.629,1.7582121212121211,1.919695652173913,2.6602000000000006,2.053,2.263384615384615,1.7268125,2.181853658536586,2.2854000000000005,1.9253157894736845,2.0371162790697674,2.5846,2.0041875000000005,2.680772727272727,2.7033636363636355,3.3740434782608695,3.011823529411765,2.313326530612245,3.25,3.25,1.671,3.25,3.25,3.25,3.25,3.25,3.25,3.25,3.25
1.6355000000000002,2.0605,1.4066153846153844,1.7135833333333335,1.6680000000000001,2.0424285714285717,1.6327500000000001,1.7702333333333329,1.951307692307692,3.4449,2.1961428571428567,2.2660666666666662,1.7573529411764708,2.2289729729729726,2.3287999999999998,1.8974736842105264,2.029382022471909,2.4417999999999997,1.9784666666666666,2.77552380952381,2.5763888888888893,3.357149999999999,2.9824642857142862,2.2997884615384616,3.25,3.25,1.6669999999999998,3.25,3.25,3.25,3.25,3.25,3.25,3.25,3.25
1.6355000000000002,2.0605,1.4066153846153844,1.7135833333333335,1.6680000000000001,2.0424285714285717,1.6327500000000001,1.7702333333333329,1.951307692307692,3.4449,2.1961428571428567,2.2660666666666662,1.7573529411764708,2.2289729729729726,2.3287999999999998,1.8974736842105264,2.029382022471909,2.4417999999999997,1.9784666666666666,2.77552380952381,2.5763888888888893,3.357149999999999,2.9824642857142862,2.2997884615384616,3.25,3.25,1.6669999999999998,3.25,3.25,3.25,3.25,3.25,3.25,3.25,3.25
1.6355000000000002,2.0605,1.4066153846153844,1.7135833333333335,1.6680000000000001,2.0424285714285717,1.6327500000000001,1.7702333333333329,1.951307692307692,3.4449,2.1961428571428567,2.2660666666666662,1.7573529411764708,2.2289729729729726,2.3287999999999998,1.8974736842105264,2.029382022471909,2.4417999999999997,1.9784666666666666,2.77552380952381,2.5763888888888893,3.357149999999999,2.9824642857142862,2.2997884615384616,3.25,3.25,1.6669999999999998,3.25,3.25,3.25,3.25,3.25,3.25,3.25,3.25
1.6355000000000002,2.0605,1.4066153846153844,1.7135833333333335,1.6680000000000001,2.0424285714285717,1.6327500000000001,1.7702333333333329,1.951307692307692,3.4449,2.1961428571428567,2.2660666666666662,1.7573529411764708,2.2289729729729726,2.3287999999999998,1.8974736842105264,2.029382022471909,2.4417999999999997,1.9784666666666666,2.77552380952381,2.5763888888888893,3.357149999999999,2.9824642857142862,2.2997884615384616,3.25,3.25,1.6669999999999998,3.25,3.25,3.25,3.25,3.25,3.25,3.25,3.25
1.6355000000000002,2.0605,1.4066153846153844,1.7135833333333335,1.6680000000000001,2.0424285714285717,1.6327500000000001,1.7702333333333329,1.951307692307692,3.4449,2.1961428571428567,2.2660666666666662,1.7573529411764708,2.2289729729729726,2.3287999999999998,1.8974736842105264,2.029382022471909,2.4417999999999997,1.9784666666666666,2.77552380952381,2.5763888888888893,3.357149999999999,2.9824642857142862,2.2997884615384616,3.25,3.25,1.6669999999999998,3.25,3.25,3.25,3.25,3.25,3.25,3.25,3.25
1.6355000000000002,2.0605,1.4066153846153844,1.7135833333333335,1.6680000000000001,2.0424285714285717,1.6327500000000001,1.7702333333333329,1.951307692307692,3.4449,2.1961428571428567,2.2660666666666662,1.7573529411764708,2.2289729729729726,2.3287999999999998,1.8974736842105264,2.029382022471909,2.4417999999999997,1.9784666666666666,2.77552380952381,2.5763888888888893,3.357149999999999,2.9824642857142862,2.2997884615384616,3.25,3.25,1.6669999999999998,3.25,3.25,3.25,3.25,3.25,3.25,3.25,3.25
1.6355000000000002,2.0605,1.4066153846153844,1.7135833333333335,1.6680000000000001,2.0424285714285717,1.6327500000000001,1.7702333333333329,1.951307692307692,3.4449,2.1961428571428567,2.2660666666666662,1.7573529411764708,2.2289729729729726,2.3287999999999998,1.8974736842105264,2.029382022471909,2.4417999999999997,1.9784666666666666,2.77552380952381,2.5763888888888893,3.357149999999999,2.9824642857142862,2.2997884615384616,3.25,3.25,1.6669999999999998,3.25,3.25,3.25,3.25,3.25,3.25,3.25,3.25
1.6355000000000002,2.0605,1.4066153846153844,1.7135833333333335,1.6680000000000001,2.0424285714285717,1.6327500000000001,1.7702333333333329,1.951307692307692,3.4449,2.1961428571428567,2.2660666666666662,1.7573529411764708,2.2289729729729726,2.3287999999999998,1.8974736842105264,2.029382022471909,2.4417999999999997,1.9784666666666666,2.77552380952381,2.5763888888888893,3.357149999999999,2.9824642857142862,2.2997884615384616,3.25,3.25,1.6669999999999998,3.25,3.25,3.25,3.25,3.25,3.25,3.25,3.25
1.6355000000000002,2.0605,1.4066153846153844,1.7135833333333335,1.6680000000000001,2.0424285714285717,1.6327500000000001,1.7702333333333329,1.951307692307692,3.4449,2.1961428571428567,2.2660666666666662,1.7573529411764708,2.2289729729729726,2.3287999999999998,1.8974736842105264,2.029382022471909,2.4417999999999997,1.9784666666666666,2.77552380952381,2.5763888888888893,3.357149999999999,2.9824642857142862,2.2997884615384616,3.25,3.25,1.6669999999999998,3.25,3.25,3.25,3.25,3.25,3.25,3.25,3.25
1.6355000000000002,2.0605,1.4066153846153844,1.7135833333333335,1.6680000000000001,2.0424285714285717,1.6327500000000001,1.7702333333333329,1.951307692307692,3.4449,2.1961428571428567,2.2660666666666662,1.7573529411764708,2.2289729729729726,2.3287999999999998,1.8974736842105264,2.029382022471909,2.4417999999999997,1.9784666666666666,2.77552380952381,2.5763888888888893,3.357149999999999,2.9824642857142862,2.2997884615384616,3.25,3.25,1.6669999999999998,3.25,3.25,3.25,3.25,3.25,3.25,3.25,3.25
1.6355000000000002,2.0605,1.4066153846153844,1.7135833333333335,1.6680000000000001,2.0424285714285717,1.6327500000000001,1.7702333333333329,1.951307692307692,3.4449,2.1961428571428567,2.2660666666666662,1.7573529411764708,2.2289729729729726,2.3287999999999998,1.8974736842105264,2.029382022471909,2.4417999999999997,1.9784666666666666,2.77552380952381,2.5763888888888893,3.357149999999999,2.9824642857142862,2.2997884615384616,3.25,3.25,1.6669999999999998,3.25,3.25,3.25,3.25,3.25,3.25,3.25,3.25
1.6355000000000002,2.0605,1.4066153846153844,1.7135833333333335,1.6680000000000001,2.0424285714285717,1.6327500000000001,1.7702333333333329,1.951307692307692,3.4449,2.1961428571428567,2.2660666666666662,1.7573529411764708,2.2289729729729726,2.3287999999999998,1.8974736842105264,2.029382022471909,2.4417999999999997,1.9784666666666666,2.77552380952381,2.5763888888888893,3.357149999999999,2.9824642857142862,2.2997884615384616,3.25,3.25,1.6669999999999998,3.25,3.25,3.25,3.25,3.25,3.25,3.25,3.25
1.6355000000000002,2.0605,1.4066153846153844,1.7135833333333335,1.6680000000000001,2.0424285714285717,1.6327500000000001,1.7702333333333329,1.951307692307692,3.4449,2.1961428571428567,2.2660666666666662,1.7573529411764708,2.2289729729729726,2.3287999999999998,1.8974736842105264,2.029382022471909,2.4417999999999997,1.9784666666666666,2.77552380952381,2.5763888888888893,3.357149999999999,2.9824642857142862,2.2997884615384616,3.25,3.25,1.6669999999999998,3.25,3.25,3.25,3.25,3.25,3.25,3.25,3.25
1.6355000000000002,2.0605,1.4066153846153844,1.7135833333333335,1.6680000000000001,2.0424285714285717,1.6327500000000001,1.7702333333333329,1.951307692307692,3.4449,2.1961428571428567,2.2660666666666662,1.7573529411764708,2.2289729729729726,2.3287999999999998,1.8974736842105264,2.029382022471909,2.4417999999999997,1.9784666666666666,2.77552380952381,2.5763888888888893,3.357149999999999,2.9824642857142862,2.2997884615384616,3.25,3.25,1.6669999999999998,3.25,3.25,3.25,3.25,3.25,3.25,3.25,3.25
1.6355000000000002,2.0605,1.4066153846153844,1.7135833333333335,1.6680000000000001,2.0424285714285717,1.6327500000000001,1.7702333333333329,1.951307692307692,3.4449,2.1961428571428567,2.2660666666666662,1.7573529411764708,2.2289729729729726,2.3287999999999998,1.8974736842105264,2.029382022471909,2.4417999999999997,1.9784666666666666,2.77552380952381,2.5763888888888893,3.357149999999999,2.9824642857142862,2.2997884615384616,3.25,3.25,1.6669999999999998,3.25,3.25,3.25,3.25,3.25,3.25,3.25,3.25
1.6355000000000002,2.0605,1.4066153846153844,1.7135833333333335,1.6680000000000001,2.0424285714285717,1.6327500000000001,1.7702333333333329,1.951307692307692,3.4449,2.1961428571428567,2.2660666666666662,1.7573529411764708,2.2289729729729726,2.3287999999999998,1.8974736842105264,2.029382022471909,2.4417999999999997,1.9784666666666666,2.77552380952381,2.5763888888888893,3.357149999999999,2.9824642857142862,2.2997884615384616,3.25,3.25,1.6669999999999998,3.25,3.25,3.25,3.25,3.25,3.25,3.25,3.25
1.6355000000000002,2.0605,1.4066153846153844,1.7135833333333335,1.6680000000000001,2.0424285714285717,1.6327500000000001,1.7702333333333329,1.951307692307692,3.4449,2.1961428571428567,2.2660666666666662,1.7573529411764708,2.2289729729729726,2.3287999999999998,1.8974736842105264,2.029382022471909,2.4417999999999997,1.9784666666666666,2.77552380952381,2.5763888888888893,3.357149999999999,2.9824642857142862,2.2997884615384616,3.25,3.25,1.6669999999999998,3.25,3.25,3.25,3.25,3.25,3.25,3.25,3.25
1.6355000000000002,2.0605,1.4066153846153844,1.7135833333333335,1.6680000000000001,2.0424285714285717,1.6327500000000001,1.7702333333333329,1.951307692307692,3.4449,2.1961428571428567,2.2660666666666662,1.7573529411764708,2.2289729729729726,2.3287999999999998,1.8974736842105264,2.029382022471909,2.4417999999999997,1.9784666666666666,2.77552380952381,2.5763888888888893,3.357149999999999,2.9824642857142862,2.2997884615384616,3.25,3.25,1.6669999999999998,3.25,3.25,3.25,3.25,3.25,3.25,3.25,3.25
1.6355000000000002,2.0605,1.4066153846153844,1.7135833333333335,1.6680000000000001,2.0424285714285717,1.6327500000000001,1.7702333333333329,1.951307692307692,3.4449,2.1961428571428567,2.2660666666666662,1.7573529411764708,2.2289729729729726,2.3287999999999998,1.8974736842105264,2.029382022471909,2.4417999999999997,1.9784666666666666,2.77552380952381,2.5763888888888893,3.357149999999999,2.9824642857142862,2.2997884615384616,3.25,3.25,1.6669999999999998,3.25,3.25,3.25,3.25,3.25,3.25,3.25,3.25
1.6355000000000002,2.0605,1.4066153846153844,1.7135833333333335,1.6680000000000001,2.0424285714285717,1.6327500000000001,1.7702333333333329,1.951307692307692,3.4449,2.1961428571428567,2.2660666666666662,1.7573529411764708,2.2289729729729726,2.3287999999999998,1.8974736842105264,2.029382022471909,2.4417999999999997,1.9784666666666666,2.77552380952381,2.5763888888888893,3.357149999999999,2.9824642857142862,2.2997884615384616,3.25,3.25,1.6669999999999998,3.25,3.25,3.25,3.25,3.25,3.25,3.25,3.25
1.6355000000000002,2.0605,1.4066153846153844,1.7135833333333335,1.6680000000000001,2.0424285714285717,1.6327500000000001,1.7702333333333329,1.951307692307692,3.4449,2.1961428571428567,2.2660666666666662,1.7573529411764708,2.2289729729729726,2.3287999999999998,1.8974736842105264,2.029382022471909,2.4417999999999997,1.9784666666666666,2.77552380952381,2.5763888888888893,3.357149999999999,2.9824642857142862,2.2997884615384616,3.25,3.25,1.6669999999999998,3.25,3.25,3.25,3.25,3.25,3.25,3.25,3.25
1.6355000000000002,2.0605,1.4066153846153844,1.7135833333333335,1.6680000000000001,2.0424285714285717,1.6327500000000001,1.7702333333333329,1.951307692307692,3.4449,2.1961428571428567,2.2660666666666662,1.7573529411764708,2.2289729729729726,2.3287999999999998,1.8974736842105264,2.029382022471909,2.4417999999999997,1.9784666666666666,2.77552380952381,2.5763888888888893,3.357149999999999,2.9824642857142862,2.2997884615384616,3.25,3.25,1.6669999999999998,3.25,3.25,3.25,3.25,3.25,3.25,3.25,3.25
1.6355000000000002,2.0605,1.4066153846153844,1.7135833333333335,1.6680000000000001,2.0424285714285717,1.6327500000000001,1.7702333333333329,1.951307692307692,3.4449,2.1961428571428567,2.2660666666666662,1.7573529411764708,2.2289729729729726,2.3287999999999998,1.8974736842105264,2.029382022471909,2.4417999999999997,1.9784666666666666,2.77552380952381,2.5763888888888893,3.357149999999999,2.9824642857142862,2.2997884615384616,3.25,3.25,1.6669999999999998,3.25,3.25,3.25,3.25,3.25,3.25,3.25,3.25
1.6355000000000002,2.0605,1.4066153846153844,1.7135833333333335,1.6680000000000001,2.0424285714285717,1.6327500000000001,1.7702333333333329,1.951307692307692,3.4449,2.1961428571428567,2.2660666666666662,1.7573529411764708,2.2289729729729726,2.3287999999999998,1.8974736842105264,2.029382022471909,2.4417999999999997,1.9784666666666666,2.77552380952381,2.5763888888888893,3.357149999999999,2.9824642857142862,2.2997884615384616,3.25,3.25,1.6669999999999998,3.25,3.25,3.25,3.25,3.25,3.25,3.25,3.25
1.6355000000000002,2.0605,1.4066153846153844,1.7135833333333335,1.6680000000000001,2.0424285714285717,1.6327500000000001,1.7702333333333329,1.951307692307692,3.4449,2.1961428571428567,2.2660666666666662,1.7573529411764708,2.2289729729729726,2.3287999999999998,1.8974736842105264,2.029382022471909,2.4417999999999997,1.9784666666666666,2.77552380952381,2.5763888888888893,3.357149999999999,2.9824642857142862,2.2997884615384616,3.25,3.25,1.6669999999999998,3.25,3.25,3.25,3.25,3.25,3.25,3.25,3.25
1.6355000000000002,2.0605,1.4066153846153844,1.7135833333333335,1.6680000000000001,2.0424285714285717,1.6327500000000001,1.7702333333333329,1.951307692307692,3.4449,2.1961428571428567,2.2660666666666662,1.7573529411764708,2.2289729729729726,2.3287999999999998,1.8974736842105264,2.029382022471909,2.4417999999999997,1.9784666666666666,2.77552380952381,2.5763888888888893,3.357149999999999,2.9824642857142862,2.2997884615384616,3.25,3.25,1.6669999999999998,3.25,3.25,3.25,3.25,3.25,3.25,3.25,3.25
1.6355000000000002,2.0605,1.4066153846153844,1.7135833333333335,1.6680000000000001,2.0424285714285717,1.6327500000000001,1.7702333333333329,1.951307692307692,3.4449,2.1961428571428567,2.2660666666666662,1.7573529411764708,2.2289729729729726,2.3287999999999998,1.8974736842105264,2.029382022471909,2.4417999999999997,1.9784666666666666,2.77552380952381,2.5763888888888893,3.357149999999999,2.9824642857142862,2.2997884615384616,3.25,3.25,1.6669999999999998,3.25,3.25,3.25,3.25,3.25,3.25,3.25,3.25
1.6355000000000002,2.0605,1.4066153846153844,1.7135833333333335,1.6680000000000001,2.0424285714285717,1.6327500000000001,1.7702333333333329,1.951307692307692,3.4449,2.1961428571428567,2.2660666666666662,1.7573529411764708,2.2289729729729726,2.3287999999999998,1.8974736842105264,2.029382022471909,2.4417999999999997,1.9784666666666666,2.77552380952381,2.5763888888888893,3.357149999999999,2.9824642857142862,2.2997884615384616,3.25,3.25,1.6669999999999998,3.25,3.25,3.25,3.25,3.25,3.25,3.25,3.25
1.6355000000000002,2.0605,1.4066153846153844,1.7135833333333335,1.6680000000000001,2.0424285714285717,1.6327500000000001,1.7702333333333329,1.951307692307692,3.4449,2.1961428571428567,2.2660666666666662,1.7573529411764708,2.2289729729729726,2.3287999999999998,1.8974736842105264,2.029382022471909,2.4417999999999997,1.9784666666666666,2.77552380952381,2.5763888888888893,3.357149999999999,2.9824642857142862,2.2997884615384616,3.25,3.25,1.6669999999999998,3.25,3.25,3.25,3.25,3.25,3.25,3.25,3.25
1.6355000000000002,2.0605,1.4066153846153844,1.7135833333333335,1.6680000000000001,2.0424285714285717,1.6327500000000001,1.7702333333333329,1.951307692307692,3.4449,2.1961428571428567,2.2660666666666662,1.7573529411764708,2.2289729729729726,2.3287999999999998,1.8974736842105264,2.029382022471909,2.4417999999999997,1.9784666666666666,2.77552380952381,2.5763888888888893,3.357149999999999,2.9824642857142862,2.2997884615384616,3.25,3.25,1.6669999999999998,3.25,3.25,3.25,3.25,3.25,3.25,3.25,3.25
1.6355000000000002,2.0605,1.4066153846153844,1.7135833333333335,1.6680000000000001,2.0424285714285717,1.6327500000000001,1.7702333333333329,1.951307692307692,3.4449,2.1961428571428567,2.2660666666666662,1.7573529411764708,2.2289729729729726,2.3287999999999998,1.8974736842105264,2.029382022471909,2.4417999999999997,1.9784666666666666,2.77552380952381,2.5763888888888893,3.357149999999999,2.9824642857142862,2.2997884615384616,3.25,3.25,1.6669999999999998,3.25,3.25,3.25,3.25,3.25,3.25,3.25,3.25
1.745875,1.9905000000000002,1.4218461538461538,1.7593333333333332,1.7657142857142858,2.075619047619048,1.652310344827586,1.7270322580645163,1.9253846153846148,5.3389999999999995,2.4636666666666667,2.2026944444444445,1.7280000000000002,2.29065,2.3021590909090905,1.9144444444444446,2.01309090909091,2.4345624999999997,2.058529411764706,2.8076086956521737,2.5509,3.4479999999999995,3.051851851851852,2.3093799999999995,3.25,3.25,3.25,3.25,3.25,3.25,3.25,3.25,3.25,3.25,3.25
1.745875,1.9905000000000002,1.4218461538461538,1.7593333333333332,1.7657142857142858,2.075619047619048,1.652310344827586,1.7270322580645163,1.9253846153846148,5.3389999999999995,2.4636666666666667,2.2026944444444445,1.7280000000000002,2.29065,2.3021590909090905,1.9144444444444446,2.01309090909091,2.4345624999999997,2.058529411764706,2.8076086956521737,2.5509,3.4479999999999995,3.051851851851852,2.3093799999999995,3.25,3.25,3.25,3.25,3.25,3.25,3.25,3.25,3.25,3.25,3.25
1.745875,1.9905000000000002,1.4218461538461538,1.7593333333333332,1.7657142857142858,2.075619047619048,1.652310344827586,1.7270322580645163,1.9253846153846148,5.3389999999999995,2.4636666666666667,2.2026944444444445,1.7280000000000002,2.29065,2.3021590909090905,1.9144444444444446,2.01309090909091,2.4345624999999997,2.058529411764706,2.8076086956521737,2.5509,3.4479999999999995,3.051851851851852,2.3093799999999995,3.25,3.25,3.25,3.25,3.25,3.25,3.25,3.25,3.25,3.25,3.25
1.745875,1.9905000000000002,1.4218461538461538,1.7593333333333332,1.7657142857142858,2.075619047619048,1.652310344827586,1.7270322580645163,1.9253846153846148,5.3389999999999995,2.4636666666666667,2.2026944444444445,1.7280000000000002,2.29065,2.3021590909090905,1.9144444444444446,2.01309090909091,2.4345624999999997,2.058529411764706,2.8076086956521737,2.5509,3.4479999999999995,3.051851851851852,2.3093799999999995,3.25,3.25,3.25,3.25,3.25,3.25,3.25,3.25,3.25,3.25,3.25
1.745875,1.9905000000000002,1.4218461538461538,1.7593333333333332,1.7657142857142858,2.075619047619048,1.652310344827586,1.7270322580645163,1.9253846153846148,5.3389999999999995,2.4636666666666667,2.2026944444444445,1.7280000000000002,2.29065,2.3021590909090905,1.9144444444444446,2.01309090909091,2.4345624999999997,2.058529411764706,2.8076086956521737,2.5509,3.4479999999999995,3.051851851851852,2.3093799999999995,3.25,3.25,3.25,3.25,3.25,3.25,3.25,3.25,3.25,3.25,3.25
1.745875,1.9905000000000002,1.4218461538461538,1.7593333333333332,1.7657142857142858,2.075619047619048,1.652310344827586,1.7270322580645163,1.9253846153846148,5.3389999999999995,2.4636666666666667,2.2026944444444445,1.7280000000000002,2.29065,2.3021590909090905,1.9144444444444446,2.01309090909091,2.4345624999999997,2.058529411764706,2.8076086956521737,2.5509,3.4479999999999995,3.051851851851852,2.3093799999999995,3.25,3.25,3.25,3.25,3.25,3.25,3.25,3.25,3.25,3.25,3.25
1.745875,1.9905000000000002,1.4218461538461538,1.7593333333333332,1.7657142857142858,2.075619047619048,1.652310344827586,1.7270322580645163,1.9253846153846148,5.3389999999999995,2.4636666666666667,2.2026944444444445,1.7280000000000002,2.29065,2.3021590909090905,1.9144444444444446,2.01309090909091,2.4345624999999997,2.058529411764706,2.8076086956521737,2.5509,3.4479999999999995,3.051851851851852,2.3093799999999995,3.25,3.25,3.25,3.25,3.25,3.25,3.25,3.25,3.25,3.25,3.25
1.745875,1.9905000000000002,1.4218461538461538,1.7593333333333332,1.7657142857142858,2.075619047619048,1.652310344827586,1.7270322580645163,1.9253846153846148,5.3389999999999995,2.4636666666666667,2.2026944444444445,1.7280000000000002,2.29065,2.3021590909090905,1.9144444444444446,2.01309090909091,2.4345624999999997,2.058529411764706,2.8076086956521737,2.5509,3.4479999999999995,3.051851851851852,2.3093799999999995,3.25,3.25,3.25,3.25,3.25,3.25,3.25,3.25,3.25,3.25,3.25
1.745875,1.9905000000000002,1.4218461538461538,1.7593333333333332,1.7657142857142858,2.075619047619048,1.652310344827586,1.7270322580645163,1.9253846153846148,5.3389999999999995,2.4636666666666667,2.2026944444444445,1.7280000000000002,2.29065,2.3021590909090905,1.9144444444444446,2.01309090909091,2.4345624999999997,2.058529411764706,2.8076086956521737,2.5509,3.4479999999999995,3.051851851851852,2.3093799999999995,3.25,3.25,3.25,3.25,3.25,3.25,3.25,3.25,3.25,3.25,3.25
1.745875,1.9905000000000002,1.4218461538461538,1.7593333333333332,1.7657142857142858,2.075619047619048,1.652310344827586,1.7270322580645163,1.9253846153846148,5.3389999999999995,2.4636666666666667,2.2026944444444445,1.7280000000000002,2.29065,2.3021590909090905,1.9144444444444446,2.01309090909091,2.4345624999999997,2.058529411764706,2.8076086956521737,2.5509,3.4479999999999995,3.051851851851852,2.3093799999999995,3.25,3.25,3.25,3.25,3.25,3.25,3.25,3.25,3.25,3.25,3.25
1.745875,1.9905000000000002,1.4218461538461538,1.7593333333333332,1.7657142857142858,2.075619047619048,1.652310344827586,1.7270322580645163,1.9253846153846148,5.3389999999999995,2.4636666666666667,2.2026944444444445,1.7280000000000002,2.29065,2.3021590909090905,1.9144444444444446,2.01309090909091,2.4345624999999997,2.058529411764706,2.8076086956521737,2.5509,3.4479999999999995,3.051851851851852,2.3093799999999995,3.25,3.25,3.25,3.25,3.25,3.25,3.25,3.25,3.25,3.25,3.25
1.745875,1.9905000000000002,1.4218461538461538,1.7593333333333332,1.7657142857142858,2.075619047619048,1.652310344827586,1.7270322580645163,1.9253846153846148,5.3389999999999995,2.4636666666666667,2.2026944444444445,1.7280000000000002,2.29065,2.3021590909090905,1.9144444444444446,2.01309090909091,2.4345624999999997,2.058529411764706,2.8076086956521737,2.5509,3.4479999999999995,3.051851851851852,2.3093799999999995,3.25,3.25,3.25,3.25,3.25,3.25,3.25,3.25,3.25,3.25,3.25
1.745875,1.9905000000000002,1.4218461538461538,1.7593333333333332,1.7657142857142858,2.075619047619048,1.652310344827586,1.7270322580645163,1.9253846153846148,5.3389999999999995,2.4636666666666667,2.2026944444444445,1.7280000000000002,2.29065,2.3021590909090905,1.9144444444444446,2.01309090909091,2.4345624999999997,2.058529411764706,2.8076086956521737,2.5509,3.4479999999999995,3.051851851851852,2.3093799999999995,3.25,3.25,3.25,3.25,3.25,3.25,3.25,3.25,3.25,3.25,3.25
1.745875,1.9905000000000002,1.4218461538461538,1.7593333333333332,1.7657142857142858,2.075619047619048,1.652310344827586,1.7270322580645163,1.9253846153846148,5.3389999999999995,2.4636666666666667,2.2026944444444445,1.7280000000000002,2.29065,2.3021590909090905,1.9144444444444446,2.01309090909091,2.4345624999999997,2.058529411764706,2.8076086956521737,2.5509,3.4479999999999995,3.051851851851852,2.3093799999999995,3.25,3.25,3.25,3.25,3.25,3.25,3.25,3.25,3.25,3.25,3.25
1.745875,1.9905000000000002,1.4218461538461538,1.7593333333333332,1.7657142857142858,2.075619047619048,1.652310344827586,1.7270322580645163,1.9253846153846148,5.3389999999999995,2.4636666666666667,2.2026944444444445,1.7280000000000002,2.29065,2.3021590909090905,1.9144444444444446,2.01309090909091,2.4345624999999997,2.058529411764706,2.8076086956521737,2.5509,3.4479999999999995,3.051851851851852,2.3093799999999995,3.25,3.25,3.25,3.25,3.25,3.25,3.25,3.25,3.25,3.25,3.25
1.745875,1.9905000000000002,1.4218461538461538,1.7593333333333332,1.7657142857142858,2.075619047619048,1.652310344827586,1.7270322580645163,1.9253846153846148,5.3389999999999995,2.4636666666666667,2.2026944444444445,1.7280000000000002,2.29065,2.3021590909090905,1.9144444444444446,2.01309090909091,2.4345624999999997,2.058529411764706,2.8076086956521737,2.5509,3.4479999999999995,3.051851851851852,2.3093799999999995,3.25,3.25,3.25,3.25,3.25,3.25,3.25,3.25,3.25,3.25,3.25
1.745875,1.9905000000000002,1.4218461538461538,1.7593333333333332,1.7657142857142858,2.075619047619048,1.652310344827586,1.7270322580645163,1.9253846153846148,5.3389999999999995,2.4636666666666667,2.2026944444444445,1.7280000000000002,2.29065,2.3021590909090905,1.9144444444444446,2.01309090909091,2.4345624999999997,2.058529411764706,2.8076086956521737,2.5509,3.4479999999999995,3.051851851851852,2.3093799999999995,3.25,3.25,3.25,3.25,3.25,3.25,3.25,3.25,3.25,3.25,3.25
1.745875,1.9905000000000002,1.4218461538461538,1.7593333333333332,1.7657142857142858,2.075619047619048,1.652310344827586,1.7270322580645163,1.9253846153846148,5.3389999999999995,2.4636666666666667,2.2026944444444445,1.7280000000000002,2.29065,2.3021590909090905,1.9144444444444446,2.01309090909091,2.4345624999999997,2.058529411764706,2.8076086956521737,2.5509,3.4479999999999995,3.051851851851852,2.3093799999999995,3.25,3.25,3.25,3.25,3.25,3.25,3.25,3.25,3.25,3.25,3.25
1.745875,1.9905000000000002,1.4218461538461538,1.7593333333333332,1.7657142857142858,2.075619047619048,1.652310344827586,1.7270322580645163,1.9253846153846148,5.3389999999999995,2.4636666666666667,2.2026944444444445,1.7280000000000002,2.29065,2.3021590909090905,1.9144444444444446,2.01309090909091,2.4345624999999997,2.058529411764706,2.8076086956521737,2.5509,3.4479999999999995,3.051851851851852,2.3093799999999995,3.25,3.25,3.25,3.25,3.25,3.25,3.25,3.25,3.25,3.25,3.25
1.745875,1.9905000000000002,1.4218461538461538,1.7593333333333332,1.7657142857142858,2.075619047619048,1.652310344827586,1.7270322580645163,1.9253846153846148,5.3389999999999995,2.4636666666666667,2.2026944444444445,1.7280000000000002,2.29065,2.3021590909090905,1.9144444444444446,2.01309090909091,2.4345624999999997,2.058529411764706,2.8076086956521737,2.5509,3.4479999999999995,3.051851851851852,2.3093799999999995,3.25,3.25,3.25,3.25,3.25,3.25,3.25,3.25,3.25,3.25,3.25
1.745875,1.9905000000000002,1.4218461538461538,1.7593333333333332,1.7657142857142858,2.075619047619048,1.652310344827586,1.7270322580645163,1.9253846153846148,5.3389999999999995,2.4636666666666667,2.2026944444444445,1.7280000000000002,2.29065,2.3021590909090905,1.9144444444444446,2.01309090909091,2.4345624999999997,2.058529411764706,2.8076086956521737,2.5509,3.4479999999999995,3.051851851851852,2.3093799999999995,3.25,3.25,3.25,3.25,3.25,3.25,3.25,3.25,3.25,3.25,3.25
1.745875,1.9905000000000002,1.4218461538461538,1.7593333333333332,1.7657142857142858,2.075619047619048,1.652310344827586,1.7270322580645163,1.9253846153846148,5.3389999999999995,2.4636666666666667,2.2026944444444445,1.7280000000000002,2.29065,2.3021590909090905,1.9144444444444446,2.01309090909091,2.4345624999999997,2.058529411764706,2.8076086956521737,2.5509,3.4479999999999995,3.051851851851852,2.3093799999999995,3.25,3.25,3.25,3.25,3.25,3.25,3.25,3.25,3.25,3.25,3.25
1.745875,1.9905000000000002,1.4218461538461538,1.7593333333333332,1.7657142857142858,2.075619047619048,1.652310344827586,1.7270322580645163,1.9253846153846148,5.3389999999999995,2.4636666666666667,2.2026944444444445,1.7280000000000002,2.29065,2.3021590909090905,1.9144444444444446,2.01309090909091,2.4345624999999997,2.058529411764706,2.8076086956521737,2.5509,3.4479999999999995,3.051851851851852,2.3093799999999995,3.25,3.25,3.25,3.25,3.25,3.25,3.25,3.25,3.25,3.25,3.25
1.745875,1.9905000000000002,1.4218461538461538,1.7593333333333332,1.7657142857142858,2.075619047619048,1.652310344827586,1.7270322580645163,1.9253846153846148,5.3389999999999995,2.4636666666666667,2.2026944444444445,1.7280000000000002,2.29065,2.3021590909090905,1.9144444444444446,2.01309090909091,2.4345624999999997,2.058529411764706,2.8076086956521737,2.5509,3.4479999999999995,3.051851851851852,2.3093799999999995,3.25,3.25,3.25,3.25,3.25,3.25,3.25,3.25,3.25,3.25,3.25
1.745875,1.9905000000000002,1.4218461538461538,1.7593333333333332,1.7657142857142858,2.075619047619048,1.652310344827586,1.7270322580645163,1.9253846153846148,5.3389999999999995,2.4636666666666667,2.2026944444444445,1.7280000000000002,2.29065,2.3021590909090905,1.9144444444444446,2.01309090909091,2.4345624999999997,2.058529411764706,2.8076086956521737,2.5509,3.4479999999999995,3.051851851851852,2.3093799999999995,3.25,3.25,3.25,3.25,3.25,3.25,3.25,3.25,3.25,3.25,3.25
1.745875,1.9905000000000002,1.4218461538461538,1.7593333333333332,1.7657142857142858,2.075619047619048,1.652310344827586,1.7270322580645163,1.9253846153846148,5.3389999999999995,2.4636666666666667,2.2026944444444445,1.7280000000000002,2.29065,2.3021590909090905,1.9144444444444446,2.01309090909091,2.4345624999999997,2.058529411764706,2.8076086956521737,2.5509,3.4479999999999995,3.051851851851852,2.3093799999999995,3.25,3.25,3.25,3.25,3.25,3.25,3.25,3.25,3.25,3.25,3.25
1.745875,1.9905000000000002,1.4218461538461538,1.7593333333333332,1.7657142857142858,2.075619047619048,1.652310344827586,1.7270322580645163,1.9253846153846148,5.3389999999999995,2.4636666666666667,2.2026944444444445,1.7280000000000002,2.29065,2.3021590909090905,1.9144444444444446,2.01309090909091,2.4345624999999997,2.058529411764706,2.8076086956521737,2.5509,3.4479999999999995,3.051851851851852,2.3093799999999995,3.25,3.25,3.25,3.25,3.25,3.25,3.25,3.25,3.25,3.25,3.25
1.745875,1.9905000000000002,1.4218461538461538,1.7593333333333332,1.7657142857142858,2.075619047619048,1.652310344827586,1.7270322580645163,1.9253846153846148,5.3389999999999995,2.4636666666666667,2.2026944444444445,1.7280000000000002,2.29065,2.3021590909090905,1.9144444444444446,2.01309090909091,2.4345624999999997,2.058529411764706,2.8076086956521737,2.5509,3.4479999999999995,3.051851851851852,2.3093799999999995,3.25,3.25,3.25,3.25,3.25,3.25,3.25,3.25,3.25,3.25,3.25
1.745875,1.9905000000000002,1.4218461538461538,1.7593333333333332,1.7657142857142858,2.075619047619048,1.652310344827586,1.7270322580645163,1.9253846153846148,5.3389999999999995,2.4636666666666667,2.2026944444444445,1.7280000000000002,2.29065,2.3021590909090905,1.9144444444444446,2.01309090909091,2.4345624999999997,2.058529411764706,2.8076086956521737,2.5509,3.4479999999999995,3.051851851851852,2.3093799999999995,3.25,3.25,3.25,3.25,3.25,3.25,3.25,3.25,3.25,3.25,3.25
1.745875,1.9905000000000002,1.4218461538461538,1.7593333333333332,1.7657142857142858,2.075619047619048,1.652310344827586,1.7270322580645163,1.9253846153846148,5.3389999999999995,2.4636666666666667,2.2026944444444445,1.7280000000000002,2.29065,2.3021590909090905,1.9144444444444446,2.01309090909091,2.4345624999999997,2.058529411764706,2.8076086956521737,2.5509,3.4479999999999995,3.051851851851852,2.3093799999999995,3.25,3.25,3.25,3.25,3.25,3.25,3.25,3.25,3.25,3.25,3.25
1.8683749999999997,2.0485,1.4437692307692311,1.693266666666667,1.819333333333333,2.1698095238095236,1.6742499999999998,1.7982500000000001,1.9236666666666673,8.08857142857143,2.5469999999999997,2.1673636363636364,1.7116,2.2645853658536583,2.254066666666666,2.003857142857143,2.03248717948718,2.2508,2.13275,2.8582631578947373,2.5975294117647056,3.4351904761904763,3.0362173913043478,2.277018867924528,3.25,3.25,3.25,3.25,3.25,3.25,3.25,3.25,3.25,3.25,3.25
1.8683749999999997,2.0485,1.4437692307692311,1.693266666666667,1.819333333333333,2.1698095238095236,1.6742499999999998,1.7982500000000001,1.9236666666666673,8.08857142857143,2.5469999999999997,2.1673636363636364,1.7116,2.2645853658536583,2.254066666666666,2.003857142857143,2.03248717948718,2.2508,2.13275,2.8582631578947373,2.5975294117647056,3.4351904761904763,3.0362173913043478,2.277018867924528,3.25,3.25,3.25,3.25,3.25,3.25,3.25,3.25,3.25,3.25,3.25
1.8683749999999997,2.0485,1.4437692307692311,1.693266666666667,1.819333333333333,2.1698095238095236,1.6742499999999998,1.7982500000000001,1.9236666666666673,8.08857142857143,2.5469999999999997,2.1673636363636364,1.7116,2.2645853658536583,2.254066666666666,2.003857142857143,2.03248717948718,2.2508,2.13275,2.8582631578947373,2.5975294117647056,3.4351904761904763,3.0362173913043478,2.277018867924528,3.25,3.25,3.25,3.25,3.25,3.25,3.25,3.25,3.25,3.25,3.25
1.8683749999999997,2.0485,1.4437692307692311,1.693266666666667,1.819333333333333,2.1698095238095236,1.6742499999999998,1.7982500000000001,1.9236666666666673,8.08857142857143,2.5469999999999997,2.1673636363636364,1.7116,2.2645853658536583,2.254066666666666,2.003857142857143,2.03248717948718,2.2508,2.13275,2.8582631578947373,2.5975294117647056,3.4351904761904763,3.0362173913043478,2.277018867924528,3.25,3.25,3.25,3.25,3.25,3.25,3.25,3.25,3.25,3.25,3.25
1.8683749999999997,2.0485,1.4437692307692311,1.693266666666667,1.819333333333333,2.1698095238095236,1.6742499999999998,1.7982500000000001,1.9236666666666673,8.08857142857143,2.5469999999999997,2.1673636363636364,1.7116,2.2645853658536583,2.254066666666666,2.003857142857143,2.03248717948718,2.2508,2.13275,2.8582631578947373,2.5975294117647056,3.4351904761904763,3.0362173913043478,2.277018867924528,3.25,3.25,3.25,3.25,3.25,3.25,3.25,3.25,3.25,3.25,3.25
1.8683749999999997,2.0485,1.4437692307692311,1.693266666666667,1.819333333333333,2.1698095238095236,1.6742499999999998,1.7982500000000001,1.9236666666666673,8.08857142857143,2.5469999999999997,2.1673636363636364,1.7116,2.2645853658536583,2.254066666666666,2.003857142857143,2.03248717948718,2.2508,2.13275,2.8582631578947373,2.5975294117647056,3.4351904761904763,3.0362173913043478,2.277018867924528,3.25,3.25,3.25,3.25,3.25,3.25,3.25,3.25,3.25,3.25,3.25
1.8683749999999997,2.0485,1.4437692307692311,1.693266666666667,1.819333333333333,2.1698095238095236,1.6742499999999998,1.7982500000000001,1.9236666666666673,8.08857142857143,2.5469999999999997,2.1673636363636364,1.7116,2.2645853658536583,2.254066666666666,2.003857142857143,2.03248717948718,2.2508,2.13275,2.8582631578947373,2.5975294117647056,3.4351904761904763,3.0362173913043478,2.277018867924528,3.25,3.25,3.25,3.25,3.25,3.25,3.25,3.25,3.25,3.25,3.25
1.8683749999999997,2.0485,1.4437692307692311,1.693266666666667,1.819333333333333,2.1698095238095236,1.6742499999999998,1.7982500000000001,1.9236666666666673,8.08857142857143,2.5469999999999997,2.1673636363636364,1.7116,2.2645853658536583,2.254066666666666,2.003857142857143,2.03248717948718,2.2508,2.13275,2.8582631578947373,2.5975294117647056,3.4351904761904763,3.0362173913043478,2.277018867924528,3.25,3.25,3.25,3.25,3.25,3.25,3.25,3.25,3.25,3.25,3.25
1.8683749999999997,2.0485,1.4437692307692311,1.693266666666667,1.819333333333333,2.1698095238095236,1.6742499999999998,1.7982500000000001,1.9236666666666673,8.08857142857143,2.5469999999999997,2.1673636363636364,1.7116,2.2645853658536583,2.254066666666666,2.003857142857143,2.03248717948718,2.2508,2.13275,2.8582631578947373,2.5975294117647056,3.4351904761904763,3.0362173913043478,2.277018867924528,3.25,3.25,3.25,3.25,3.25,3.25,3.25,3.25,3.25,3.25,3.25
1.8683749999999997,2.0485,1.4437692307692311,1.693266666666667,1.819333333333333,2.1698095238095236,1.6742499999999998,1.7982500000000001,1.9236666666666673,8.08857142857143,2.5469999999999997,2.1673636363636364,1.7116,2.2645853658536583,2.254066666666666,2.003857142857143,2.03248717948718,2.2508,2.13275,2.8582631578947373,2.5975294117647056,3.4351904761904763,3.0362173913043478,2.277018867924528,3.25,3.25,3.25,3.25,3.25,3.25,3.25,3.25,3.25,3.25,3.25
1.8683749999999997,2.0485,1.4437692307692311,1.693266666666667,1.819333333333333,2.1698095238095236,1.6742499999999998,1.7982500000000001,1.9236666666666673,8.08857142857143,2.5469999999999997,2.1673636363636364,1.7116,2.2645853658536583,2.254066666666666,2.003857142857143,2.03248717948718,2.2508,2.13275,2.8582631578947373,2.5975294117647056,3.4351904761904763,3.0362173913043478,2.277018867924528,3.25,3.25,3.25,3.25,3.25,3.25,3.25,3.25,3.25,3.25,3.25
1.8683749999999997,2.0485,1.4437692307692311,1.693266666666667,1.819333333333333,2.1698095238095236,1.6742499999999998,1.7982500000000001,1.9236666666666673,8.08857142857143,2.5469999999999997,2.1673636363636364,1.7116,2.2645853658536583,2.254066666666666,2.003857142857143,2.03248717948718,2.2508,2.13275,2.8582631578947373,2.5975294117647056,3.4351904761904763,3.0362173913043478,2.277018867924528,3.25,3.25,3.25,3.25,3.25,3.25,3.25,3.25,3.25,3.25,3.25
1.8683749999999997,2.0485,1.4437692307692311,1.693266666666667,1.819333333333333,2.1698095238095236,1.6742499999999998,1.7982500000000001,1.9236666666666673,8.08857142857143,2.5469999999999997,2.1673636363636364,1.7116,2.2645853658536583,2.254066666666666,2.003857142857143,2.03248717948718,2.2508,2.13275,2.8582631578947373,2.5975294117647056,3.4351904761904763,3.0362173913043478,2.277018867924528,3.25,3.25,3.25,3.25,3.25,3.25,3.25,3.25,3.25,3.25,3.25
1.8683749999999997,2.0485,1.4437692307692311,1.693266666666667,1.819333333333333,2.1698095238095236,1.6742499999999998,1.7982500000000001,1.9236666666666673,8.08857142857143,2.5469999999999997,2.1673636363636364,1.7116,2.2645853658536583,2.254066666666666,2.003857142857143,2.03248717948718,2.2508,2.13275,2.8582631578947373,2.5975294117647056,3.4351904761904763,3.0362173913043478,2.277018867924528,3.25,3.25,3.25,3.25,3.25,3.25,3.25,3.25,3.25,3.25,3.25
1.8683749999999997,2.0485,1.4437692307692311,1.693266666666667,1.819333333333333,2.1698095238095236,1.6742499999999998,1.7982500000000001,1.9236666666666673,8.08857142857143,2.5469999999999997,2.1673636363636364,1.7116,2.2645853658536583,2.254066666666666,2.003857142857143,2.03248717948718,2.2508,2.13275,2.8582631578947373,2.5975294117647056,3.4351904761904763,3.0362173913043478,2.277018867924528,3.25,3.25,3.25,3.25,3.25,3.25,3.25,3.25,3.25,3.25,3.25
1.8683749999999997,2.0485,1.4437692307692311,1.693266666666667,1.819333333333333,2.1698095238095236,1.6742499999999998,1.7982500000000001,1.9236666666666673,8.08857142857143,2.5469999999999997,2.1673636363636364,1.7116,2.2645853658536583,2.254066666666666,2.003857142857143,2.03248717948718,2.2508,2.13275,2.8582631578947373,2.5975294117647056,3.4351904761904763,3.0362173913043478,2.277018867924528,3.25,3.25,3.25,3.25,3.25,3.25,3.25,3.25,3.25,3.25,3.25
1.8683749999999997,2.0485,1.4437692307692311,1.693266666666667,1.819333333333333,2.1698095238095236,1.6742499999999998,1.7982500000000001,1.9236666666666673,8.08857142857143,2.5469999999999997,2.1673636363636364,1.7116,2.2645853658536583,2.254066666666666,2.003857142857143,2.03248717948718,2.2508,2.13275,2.8582631578947373,2.5975294117647056,3.4351904761904763,3.0362173913043478,2.277018867924528,3.25,3.25,3.25,3.25,3.25,3.25,3.25,3.25,3.25,3.25,3.25
1.8683749999999997,2.0485,1.4437692307692311,1.693266666666667,1.819333333333333,2.1698095238095236,1.6742499999999998,1.7982500000000001,1.9236666666666673,8.08857142857143,2.5469999999999997,2.1673636363636364,1.7116,2.2645853658536583,2.254066666666666,2.003857142857143,2.03248717948718,2.2508,2.13275,2.8582631578947373,2.5975294117647056,3.4351904761904763,3.0362173913043478,2.277018867924528,3.25,3.25,3.25,3.25,3.25,3.25,3.25,3.25,3.25,3.25,3.25
1.8683749999999997,2.0485,1.4437692307692311,1.693266666666667,1.819333333333333,2.1698095238095236,1.6742499999999998,1.7982500000000001,1.9236666666666673,8.08857142857143,2.5469999999999997,2.1673636363636364,1.7116,2.2645853658536583,2.254066666666666,2.003857142857143,2.03248717948718,2.2508,2.13275,2.8582631578947373,2.5975294117647056,3.4351904761904763,3.0362173913043478,2.277018867924528,3.25,3.25,3.25,3.25,3.25,3.25,3.25,3.25,3.25,3.25,3.25
1.8683749999999997,2.0485,1.4437692307692311,1.693266666666667,1.819333333333333,2.1698095238095236,1.6742499999999998,1.7982500000000001,1.9236666666666673,8.08857142857143,2.5469999999999997,2.1673636363636364,1.7116,2.2645853658536583,2.254066666666666,2.003857142857143,2.03248717948718,2.2508,2.13275,2.8582631578947373,2.5975294117647056,3.4351904761904763,3.0362173913043478,2.277018867924528,3.25,3.25,3.25,3.25,3.25,3.25,3.25,3.25,3.25,3.25,3.25
1.8683749999999997,2.0485,1.4437692307692311,1.693266666666667,1.819333333333333,2.1698095238095236,1.6742499999999998,1.7982500000000001,1.9236666666666673,8.08857142857143,2.5469999999999997,2.1673636363636364,1.7116,2.2645853658536583,2.254066666666666,2.003857142857143,2.03248717948718,2.2508,2.13275,2.8582631578947373,2.5975294117647056,3.4351904761904763,3.0362173913043478,2.277018867924528,3.25,3.25,3.25,3.25,3.25,3.25,3.25,3.25,3.25,3.25,3.25
1.8683749999999997,2.0485,1.4437692307692311,1.693266666666667,1.819333333333333,2.1698095238095236,1.6742499999999998,1.7982500000000001,1.9236666666666673,8.08857142857143,2.5469999999999997,2.1673636363636364,1.7116,2.2645853658536583,2.254066666666666,2.003857142857143,2.03248717948718,2.2508,2.13275,2.8582631578947373,2.5975294117647056,3.4351904761904763,3.0362173913043478,2.277018867924528,3.25,3.25,3.25,3.25,3.25,3.25,3.25,3.25,3.25,3.25,3.25
1.8683749999999997,2.0485,1.4437692307692311,1.693266666666667,1.819333333333333,2.1698095238095236,1.6742499999999998,1.7982500000000001,1.9236666666666673,8.08857142857143,2.5469999999999997,2.1673636363636364,1.7116,2.2645853658536583,2.254066666666666,2.003857142857143,2.03248717948718,2.2508,2.13275,2.8582631578947373,2.5975294117647056,3.4351904761904763,3.0362173913043478,2.277018867924528,3.25,3.25,3.25,3.25,3.25,3.25,3.25,3.25,3.25,3.25,3.25
1.8683749999999997,2.0485,1.4437692307692311,1.693266666666667,1.819333333333333,2.1698095238095236,1.6742499999999998,1.7982500000000001,1.9236666666666673,8.08857142857143,2.5469999999999997,2.1673636363636364,1.7116,2.2645853658536583,2.254066666666666,2.003857142857143,2.03248717948718,2.2508,2.13275,2.8582631578947373,2.5975294117647056,3.4351904761904763,3.0362173913043478,2.277018867924528,3.25,3.25,3.25,3.25,3.25,3.25,3.25,3.25,3.25,3.25,3.25
1.8683749999999997,2.0485,1.4437692307692311,1.693266666666667,1.819333333333333,2.1698095238095236,1.6742499999999998,1.7982500000000001,1.9236666666666673,8.08857142857143,2.5469999999999997,2.1673636363636364,1.7116,2.2645853658536583,2.254066666666666,2.003857142857143,2.03248717948718,2.2508,2.13275,2.8582631578947373,2.5975294117647056,3.4351904761904763,3.0362173913043478,2.277018867924528,3.25,3.25,3.25,3.25,3.25,3.25,3.25,3.25,3.25,3.25,3.25
1.8683749999999997,2.0485,1.4437692307692311,1.693266666666667,1.819333333333333,2.1698095238095236,1.6742499999999998,1.7982500000000001,1.9236666666666673,8.08857142857143,2.5469999999999997,2.1673636363636364,1.7116,2.2645853658536583,2.254066666666666,2.003857142857143,2.03248717948718,2.2508,2.13275,2.8582631578947373,2.5975294117647056,3.4351904761904763,3.0362173913043478,2.277018867924528,3.25,3.25,3.25,3.25,3.25,3.25,3.25,3.25,3.25,3.25,3.25
1.8683749999999997,2.0485,1.4437692307692311,1.693266666666667,1.819333333333333,2.1698095238095236,1.6742499999999998,1.7982500000000001,1.9236666666666673,8.08857142857143,2.5469999999999997,2.1673636363636364,1.7116,2.2645853658536583,2.254066666666666,2.003857142857143,2.03248717948718,2.2508,2.13275,2.8582631578947373,2.5975294117647056,3.4351904761904763,3.0362173913043478,2.277018867924528,3.25,3.25,3.25,3.25,3.25,3.25,3.25,3.25,3.25,3.25,3.25
1.8683749999999997,2.0485,1.4437692307692311,1.693266666666667,1.819333333333333,2.1698095238095236,1.6742499999999998,1.7982500000000001,1.9236666666666673,8.08857142857143,2.5469999999999997,2.1673636363636364,1.7116,2.2645853658536583,2.254066666666666,2.003857142857143,2.03248717948718,2.2508,2.13275,2.8582631578947373,2.5975294117647056,3.4351904761904763,3.0362173913043478,2.277018867924528,3.25,3.25,3.25,3.25,3.25,3.25,3.25,3.25,3.25,3.25,3.25
1.8683749999999997,2.0485,1.4437692307692311,1.693266666666667,1.819333333333333,2.1698095238095236,1.6742499999999998,1.7982500000000001,1.9236666666666673,8.08857142857143,2.5469999999999997,2.1673636363636364,1.7116,2.2645853658536583,2.254066666666666,2.003857142857143,2.03248717948718,2.2508,2.13275,2.8582631578947373,2.5975294117647056,3.4351904761904763,3.0362173913043478,2.277018867924528,3.25,3.25,3.25,3.25,3.25,3.25,3.25,3.25,3.25,3.25,3.25
1.8683749999999997,2.0485,1.4437692307692311,1.693266666666667,1.819333333333333,2.1698095238095236,1.6742499999999998,1.7982500000000001,1.9236666666666673,8.08857142857143,2.5469999999999997,2.1673636363636364,1.7116,2.2645853658536583,2.254066666666666,2.003857142857143,2.03248717948718,2.2508,2.13275,2.8582631578947373,2.5975294117647056,3.4351904761904763,3.0362173913043478,2.277018867924528,3.25,3.25,3.25,3.25,3.25,3.25,3.25,3.25,3.25,3.25,3.25
1.8683749999999997,2.0485,1.4437692307692311,1.693266666666667,1.819333333333333,2.1698095238095236,1.6742499999999998,1.7982500000000001,1.9236666666666673,8.08857142857143,2.5469999999999997,2.1673636363636364,1.7116,2.2645853658536583,2.254066666666666,2.003857142857143,2.03248717948718,2.2508,2.13275,2.8582631578947373,2.5975294117647056,3.4351904761904763,3.0362173913043478,2.277018867924528,3.25,3.25,3.25,3.25,3.25,3.25,3.25,3.25,3.25,3.25,3.25
