ND,SD,NE,KS,OK,MN,IA,MO,AR,LA,MS,WI,IL,MI,IN,OH,KY,TN,AL,FL,GA,SC,NC,WV,MD,DE,PA,NJ,NY,NH,CT,RI,MA,VT,ME
1.905,2.1719999999999997,1.2502380952380954,1.7632777777777777,2.197545454545454,2.3899999999999992,1.7485714285714287,1.8481724137931037,2.278,2.3538888888888887,3.9410000000000003,2.263029411764706,1.7111666666666667,2.2154799999999994,2.8580714285714284,2.483166666666667,2.4279324324324314,2.330125,2.3498125,3.637,3.205181818181818,3.757818181818182,3.205857142857143,2.4293225806451613,3.25,3.25,3.25,3.25,3.25,3.25,3.25,3.25,3.25,3.25,3.25
1.905,2.1719999999999997,1.2502380952380954,1.7632777777777777,2.197545454545454,2.3899999999999992,1.7485714285714287,1.8481724137931037,2.278,2.3538888888888887,3.9410000000000003,2.263029411764706,1.7111666666666667,2.2154799999999994,2.8580714285714284,2.483166666666667,2.4279324324324314,2.330125,2.3498125,3.637,3.205181818181818,3.757818181818182,3.205857142857143,2.4293225806451613,3.25,3.25,3.25,3.25,3.25,3.25,3.25,3.25,3.25,3.25,3.25
1.905,2.1719999999999997,1.2502380952380954,1.7632777777777777,2.197545454545454,2.3899999999999992,1.7485714285714287,1.8481724137931037,2.278,2.3538888888888887,3.9410000000000003,2.263029411764706,1.7111666666666667,2.2154799999999994,2.8580714285714284,2.483166666666667,2.4279324324324314,2.330125,2.3498125,3.637,3.205181818181818,3.757818181818182,3.205857142857143,2.4293225806451613,3.25,3.25,3.25,3.25,3.25,3.25,3.25,3.25,3.25,3.25,3.25
1.905,2.1719999999999997,1.2502380952380954,1.7632777777777777,2.197545454545454,2.3899999999999992,1.7485714285714287,1.8481724137931037,2.278,2.3538888888888887,3.9410000000000003,2.263029411764706,1.7111666666666667,2.2154799999999994,2.8580714285714284,2.483166666666667,2.4279324324324314,2.330125,2.3498125,3.637,3.205181818181818,3.757818181818182,3.205857142857143,2.4293225806451613,3.25,3.25,3.25,3.25,3.25,3.25,3.25,3.25,3.25,3.25,3.25
1.905,2.1719999999999997,1.2502380952380954,1.7632777777777777,2.197545454545454,2.3899999999999992,1.7485714285714287,1.8481724137931037,2.278,2.3538888888888887,3.9410000000000003,2.263029411764706,1.7111666666666667,2.2154799999999994,2.8580714285714284,2.483166666666667,2.4279324324324314,2.330125,2.3498125,3.637,3.205181818181818,3.757818181818182,3.205857142857143,2.4293225806451613,3.25,3.25,3.25,3.25,3.25,3.25,3.25,3.25,3.25,3.25,3.25
1.905,2.1719999999999997,1.2502380952380954,1.7632777777777777,2.197545454545454,2.3899999999999992,1.7485714285714287,1.8481724137931037,2.278,2.3538888888888887,3.9410000000000003,2.263029411764706,1.7111666666666667,2.2154799999999994,2.8580714285714284,2.483166666666667,2.4279324324324314,2.330125,2.3498125,3.637,3.205181818181818,3.757818181818182,3.205857142857143,2.4293225806451613,3.25,3.25,3.25,3.25,3.25,3.25,3.25,3.25,3.25,3.25,3.25
1.905,2.1719999999999997,1.2502380952380954,1.7632777777777777,2.197545454545454,2.3899999999999992,1.7485714285714287,1.8481724137931037,2.278,2.3538888888888887,3.9410000000000003,2.263029411764706,1.7111666666666667,2.2154799999999994,2.8580714285714284,2.483166666666667,2.4279324324324314,2.330125,2.3498125,3.637,3.205181818181818,3.757818181818182,3.205857142857143,2.4293225806451613,3.25,3.25,3.25,3.25,3.25,3.25,3.25,3.25,3.25,3.25,3.25
1.905,2.1719999999999997,1.2502380952380954,1.7632777777777777,2.197545454545454,2.3899999999999992,1.7485714285714287,1.8481724137931037,2.278,2.3538888888888887,3.9410000000000003,2.263029411764706,1.7111666666666667,2.2154799999999994,2.8580714285714284,2.483166666666667,2.4279324324324314,2.330125,2.3498125,3.637,3.205181818181818,3.757818181818182,3.205857142857143,2.4293225806451613,3.25,3.25,3.25,3.25,3.25,3.25,3.25,3.25,3.25,3.25,3.25
1.905,2.1719999999999997,1.2502380952380954,1.7632777777777777,2.197545454545454,2.3899999999999992,1.7485714285714287,1.8481724137931037,2.278,2.3538888888888887,3.9410000000000003,2.263029411764706,1.7111666666666667,2.2154799999999994,2.8580714285714284,2.483166666666667,2.4279324324324314,2.330125,2.3498125,3.637,3.205181818181818,3.757818181818182,3.205857142857143,2.4293225806451613,3.25,3.25,3.25,3.25,3.25,3.25,3.25,3.25,3.25,3.25,3.25
1.905,2.1719999999999997,1.2502380952380954,1.7632777777777777,2.197545454545454,2.3899999999999992,1.7485714285714287,1.8481724137931037,2.278,2.3538888888888887,3.9410000000000003,2.263029411764706,1.7111666666666667,2.2154799999999994,2.8580714285714284,2.483166666666667,2.4279324324324314,2.330125,2.3498125,3.637,3.205181818181818,3.757818181818182,3.205857142857143,2.4293225806451613,3.25,3.25,3.25,3.25,3.25,3.25,3.25,3.25,3.25,3.25,3.25
1.905,2.1719999999999997,1.2502380952380954,1.7632777777777777,2.197545454545454,2.3899999999999992,1.7485714285714287,1.8481724137931037,2.278,2.3538888888888887,3.9410000000000003,2.263029411764706,1.7111666666666667,2.2154799999999994,2.8580714285714284,2.483166666666667,2.4279324324324314,2.330125,2.3498125,3.637,3.205181818181818,3.757818181818182,3.205857142857143,2.4293225806451613,3.25,3.25,3.25,3.25,3.25,3.25,3.25,3.25,3.25,3.25,3.25
1.905,2.1719999999999997,1.2502380952380954,1.7632777777777777,2.197545454545454,2.3899999999999992,1.7485714285714287,1.8481724137931037,2.278,2.3538888888888887,3.9410000000000003,2.263029411764706,1.7111666666666667,2.2154799999999994,2.8580714285714284,2.483166666666667,2.4279324324324314,2.330125,2.3498125,3.637,3.205181818181818,3.757818181818182,3.205857142857143,2.4293225806451613,3.25,3.25,3.25,3.25,3.25,3.25,3.25,3.25,3.25,3.25,3.25
1.905,2.1719999999999997,1.2502380952380954,1.7632777777777777,2.197545454545454,2.3899999999999992,1.7485714285714287,1.8481724137931037,2.278,2.3538888888888887,3.9410000000000003,2.263029411764706,1.7111666666666667,2.2154799999999994,2.8580714285714284,2.483166666666667,2.4279324324324314,2.330125,2.3498125,3.637,3.205181818181818,3.757818181818182,3.205857142857143,2.4293225806451613,3.25,3.25,3.25,3.25,3.25,3.25,3.25,3.25,3.25,3.25,3.25
1.905,2.1719999999999997,1.2502380952380954,1.7632777777777777,2.197545454545454,2.3899999999999992,1.7485714285714287,1.8481724137931037,2.278,2.3538888888888887,3.9410000000000003,2.263029411764706,1.7111666666666667,2.2154799999999994,2.8580714285714284,2.483166666666667,2.4279324324324314,2.330125,2.3498125,3.637,3.205181818181818,3.757818181818182,3.205857142857143,2.4293225806451613,3.25,3.25,3.25,3.25,3.25,3.25,3.25,3.25,3.25,3.25,3.25
1.905,2.1719999999999997,1.2502380952380954,1.7632777777777777,2.197545454545454,2.3899999999999992,1.7485714285714287,1.8481724137931037,2.278,2.3538888888888887,3.9410000000000003,2.263029411764706,1.7111666666666667,2.2154799999999994,2.8580714285714284,2.483166666666667,2.4279324324324314,2.330125,2.3498125,3.637,3.205181818181818,3.757818181818182,3.205857142857143,2.4293225806451613,3.25,3.25,3.25,3.25,3.25,3.25,3.25,3.25,3.25,3.25,3.25
1.905,2.1719999999999997,1.2502380952380954,1.7632777777777777,2.197545454545454,2.3899999999999992,1.7485714285714287,1.8481724137931037,2.278,2.3538888888888887,3.9410000000000003,2.263029411764706,1.7111666666666667,2.2154799999999994,2.8580714285714284,2.483166666666667,2.4279324324324314,2.330125,2.3498125,3.637,3.205181818181818,3.757818181818182,3.205857142857143,2.4293225806451613,3.25,3.25,3.25,3.25,3.25,3.25,3.25,3.25,3.25,3.25,3.25
1.905,2.1719999999999997,1.2502380952380954,1.7632777777777777,2.197545454545454,2.3899999999999992,1.7485714285714287,1.8481724137931037,2.278,2.3538888888888887,3.9410000000000003,2.263029411764706,1.7111666666666667,2.2154799999999994,2.8580714285714284,2.483166666666667,2.4279324324324314,2.330125,2.3498125,3.637,3.205181818181818,3.757818181818182,3.205857142857143,2.4293225806451613,3.25,3.25,3.25,3.25,3.25,3.25,3.25,3.25,3.25,3.25,3.25
1.905,2.1719999999999997,1.2502380952380954,1.7632777777777777,2.197545454545454,2.3899999999999992,1.7485714285714287,1.8481724137931037,2.278,2.3538888888888887,3.9410000000000003,2.263029411764706,1.7111666666666667,2.2154799999999994,2.8580714285714284,2.483166666666667,2.4279324324324314,2.330125,2.3498125,3.637,3.205181818181818,3.757818181818182,3.205857142857143,2.4293225806451613,3.25,3.25,3.25,3.25,3.25,3.25,3.25,3.25,3.25,3.25,3.25
1.905,2.1719999999999997,1.2502380952380954,1.7632777777777777,2.197545454545454,2.3899999999999992,1.7485714285714287,1.8481724137931037,2.278,2.3538888888888887,3.9410000000000003,2.263029411764706,1.7111666666666667,2.2154799999999994,2.8580714285714284,2.483166666666667,2.4279324324324314,2.330125,2.3498125,3.637,3.205181818181818,3.757818181818182,3.205857142857143,2.4293225806451613,3.25,3.25,3.25,3.25,3.25,3.25,3.25,3.25,3.25,3.25,3.25
1.905,2.1719999999999997,1.2502380952380954,1.7632777777777777,2.197545454545454,2.3899999999999992,1.7485714285714287,1.8481724137931037,2.278,2.3538888888888887,3.9410000000000003,2.263029411764706,1.7111666666666667,2.2154799999999994,2.8580714285714284,2.483166666666667,2.4279324324324314,2.330125,2.3498125,3.637,3.205181818181818,3.757818181818182,3.205857142857143,2.4293225806451613,3.25,3.25,3.25,3.25,3.25,3.25,3.25,3.25,3.25,3.25,3.25
1.905,2.1719999999999997,1.2502380952380954,1.7632777777777777,2.197545454545454,2.3899999999999992,1.7485714285714287,1.8481724137931037,2.278,2.3538888888888887,3.9410000000000003,2.263029411764706,1.7111666666666667,2.2154799999999994,2.8580714285714284,2.483166666666667,2.4279324324324314,2.330125,2.3498125,3.637,3.205181818181818,3.757818181818182,3.205857142857143,2.4293225806451613,3.25,3.25,3.25,3.25,3.25,3.25,3.25,3.25,3.25,3.25,3.25
1.905,2.1719999999999997,1.2502380952380954,1.7632777777777777,2.197545454545454,2.3899999999999992,1.7485714285714287,1.8481724137931037,2.278,2.3538888888888887,3.9410000000000003,2.263029411764706,1.7111666666666667,2.2154799999999994,2.8580714285714284,2.483166666666667,2.4279324324324314,2.330125,2.3498125,3.637,3.205181818181818,3.757818181818182,3.205857142857143,2.4293225806451613,3.25,3.25,3.25,3.25,3.25,3.25,3.25,3.25,3.25,3.25,3.25
1.905,2.1719999999999997,1.2502380952380954,1.7632777777777777,2.197545454545454,2.3899999999999992,1.7485714285714287,1.8481724137931037,2.278,2.3538888888888887,3.9410000000000003,2.263029411764706,1.7111666666666667,2.2154799999999994,2.8580714285714284,2.483166666666667,2.4279324324324314,2.330125,2.3498125,3.637,3.205181818181818,3.757818181818182,3.205857142857143,2.4293225806451613,3.25,3.25,3.25,3.25,3.25,3.25,3.25,3.25,3.25,3.25,3.25
1.905,2.1719999999999997,1.2502380952380954,1.7632777777777777,2.197545454545454,2.3899999999999992,1.7485714285714287,1.8481724137931037,2.278,2.3538888888888887,3.9410000000000003,2.263029411764706,1.7111666666666667,2.2154799999999994,2.8580714285714284,2.483166666666667,2.4279324324324314,2.330125,2.3498125,3.637,3.205181818181818,3.757818181818182,3.205857142857143,2.4293225806451613,3.25,3.25,3.25,3.25,3.25,3.25,3.25,3.25,3.25,3.25,3.25
1.905,2.1719999999999997,1.2502380952380954,1.7632777777777777,2.197545454545454,2.3899999999999992,1.7485714285714287,1.8481724137931037,2.278,2.3538888888888887,3.9410000000000003,2.263029411764706,1.7111666666666667,2.2154799999999994,2.8580714285714284,2.483166666666667,2.4279324324324314,2.330125,2.3498125,3.637,3.205181818181818,3.757818181818182,3.205857142857143,2.4293225806451613,3.25,3.25,3.25,3.25,3.25,3.25,3.25,3.25,3.25,3.25,3.25
1.905,2.1719999999999997,1.2502380952380954,1.7632777777777777,2.197545454545454,2.3899999999999992,1.7485714285714287,1.8481724137931037,2.278,2.3538888888888887,3.9410000000000003,2.263029411764706,1.7111666666666667,2.2154799999999994,2.8580714285714284,2.483166666666667,2.4279324324324314,2.330125,2.3498125,3.637,3.205181818181818,3.757818181818182,3.205857142857143,2.4293225806451613,3.25,3.25,3.25,3.25,3.25,3.25,3.25,3.25,3.25,3.25,3.25
1.905,2.1719999999999997,1.2502380952380954,1.7632777777777777,2.197545454545454,2.3899999999999992,1.7485714285714287,1.8481724137931037,2.278,2.3538888888888887,3.9410000000000003,2.263029411764706,1.7111666666666667,2.2154799999999994,2.8580714285714284,2.483166666666667,2.4279324324324314,2.330125,2.3498125,3.637,3.205181818181818,3.757818181818182,3.205857142857143,2.4293225806451613,3.25,3.25,3.25,3.25,3.25,3.25,3.25,3.25,3.25,3.25,3.25
1.905,2.1719999999999997,1.2502380952380954,1.7632777777777777,2.197545454545454,2.3899999999999992,1.7485714285714287,1.8481724137931037,2.278,2.3538888888888887,3.9410000000000003,2.263029411764706,1.7111666666666667,2.2154799999999994,2.8580714285714284,2.483166666666667,2.4279324324324314,2.330125,2.3498125,3.637,3.205181818181818,3.757818181818182,3.205857142857143,2.4293225806451613,3.25,3.25,3.25,3.25,3.25,3.25,3.25,3.25,3.25,3.25,3.25
1.905,2.1719999999999997,1.2502380952380954,1.7632777777777777,2.197545454545454,2.3899999999999992,1.7485714285714287,1.8481724137931037,2.278,2.3538888888888887,3.9410000000000003,2.263029411764706,1.7111666666666667,2.2154799999999994,2.8580714285714284,2.483166666666667,2.4279324324324314,2.330125,2.3498125,3.637,3.205181818181818,3.757818181818182,3.205857142857143,2.4293225806451613,3.25,3.25,3.25,3.25,3.25,3.25,3.25,3.25,3.25,3.25,3.25
1.905,2.1719999999999997,1.2502380952380954,1.7632777777777777,2.197545454545454,2.3899999999999992,1.7485714285714287,1.8481724137931037,2.278,2.3538888888888887,3.9410000000000003,2.263029411764706,1.7111666666666667,2.2154799999999994,2.8580714285714284,2.483166666666667,2.4279324324324314,2.330125,2.3498125,3.637,3.205181818181818,3.757818181818182,3.205857142857143,2.4293225806451613,3.25,3.25,3.25,3.25,3.25,3.25,3.25,3.25,3.25,3.25,3.25
1.905,2.1719999999999997,1.2502380952380954,1.7632777777777777,2.197545454545454,2.3899999999999992,1.7485714285714287,1.8481724137931037,2.278,2.3538888888888887,3.9410000000000003,2.263029411764706,1.7111666666666667,2.2154799999999994,2.8580714285714284,2.483166666666667,2.4279324324324314,2.330125,2.3498125,3.637,3.205181818181818,3.757818181818182,3.205857142857143,2.4293225806451613,3.25,3.25,3.25,3.25,3.25,3.25,3.25,3.25,3.25,3.25,3.25
1.9302499999999998,2.083,1.2330666666666668,1.9891666666666665,1.9746153846153844,2.2236,1.8157500000000002,1.8177307692307698,2.1965500000000002,2.3858888888888883,3.9920000000000004,2.293344827586207,1.7674285714285716,2.2491500000000006,2.8552857142857135,2.83375,2.4575053763440864,2.521090909090909,2.6360909090909086,3.3696363636363635,3.2279285714285715,3.5620454545454545,3.1783000000000006,2.604285714285714,3.25,3.25,3.25,3.25,3.25,3.25,3.25,3.25,3.25,3.25,3.25
1.9302499999999998,2.083,1.2330666666666668,1.9891666666666665,1.9746153846153844,2.2236,1.8157500000000002,1.8177307692307698,2.1965500000000002,2.3858888888888883,3.9920000000000004,2.293344827586207,1.7674285714285716,2.2491500000000006,2.8552857142857135,2.83375,2.4575053763440864,2.521090909090909,2.6360909090909086,3.3696363636363635,3.2279285714285715,3.5620454545454545,3.1783000000000006,2.604285714285714,3.25,3.25,3.25,3.25,3.25,3.25,3.25,3.25,3.25,3.25,3.25
1.9302499999999998,2.083,1.2330666666666668,1.9891666666666665,1.9746153846153844,2.2236,1.8157500000000002,1.8177307692307698,2.1965500000000002,2.3858888888888883,3.9920000000000004,2.293344827586207,1.7674285714285716,2.2491500000000006,2.8552857142857135,2.83375,2.4575053763440864,2.521090909090909,2.6360909090909086,3.3696363636363635,3.2279285714285715,3.5620454545454545,3.1783000000000006,2.604285714285714,3.25,3.25,3.25,3.25,3.25,3.25,3.25,3.25,3.25,3.25,3.25
1.9302499999999998,2.083,1.2330666666666668,1.9891666666666665,1.9746153846153844,2.2236,1.8157500000000002,1.8177307692307698,2.1965500000000002,2.3858888888888883,3.9920000000000004,2.293344827586207,1.7674285714285716,2.2491500000000006,2.8552857142857135,2.83375,2.4575053763440864,2.521090909090909,2.6360909090909086,3.3696363636363635,3.2279285714285715,3.5620454545454545,3.1783000000000006,2.604285714285714,3.25,3.25,3.25,3.25,3.25,3.25,3.25,3.25,3.25,3.25,3.25
1.9302499999999998,2.083,1.2330666666666668,1.9891666666666665,1.9746153846153844,2.2236,1.8157500000000002,1.8177307692307698,2.1965500000000002,2.3858888888888883,3.9920000000000004,2.293344827586207,1.7674285714285716,2.2491500000000006,2.8552857142857135,2.83375,2.4575053763440864,2.521090909090909,2.6360909090909086,3.3696363636363635,3.2279285714285715,3.5620454545454545,3.1783000000000006,2.604285714285714,3.25,3.25,3.25,3.25,3.25,3.25,3.25,3.25,3.25,3.25,3.25
1.9302499999999998,2.083,1.2330666666666668,1.9891666666666665,1.9746153846153844,2.2236,1.8157500000000002,1.8177307692307698,2.1965500000000002,2.3858888888888883,3.9920000000000004,2.293344827586207,1.7674285714285716,2.2491500000000006,2.8552857142857135,2.83375,2.4575053763440864,2.521090909090909,2.6360909090909086,3.3696363636363635,3.2279285714285715,3.5620454545454545,3.1783000000000006,2.604285714285714,3.25,3.25,3.25,3.25,3.25,3.25,3.25,3.25,3.25,3.25,3.25
1.9302499999999998,2.083,1.2330666666666668,1.9891666666666665,1.9746153846153844,2.2236,1.8157500000000002,1.8177307692307698,2.1965500000000002,2.3858888888888883,3.9920000000000004,2.293344827586207,1.7674285714285716,2.2491500000000006,2.8552857142857135,2.83375,2.4575053763440864,2.521090909090909,2.6360909090909086,3.3696363636363635,3.2279285714285715,3.5620454545454545,3.1783000000000006,2.604285714285714,3.25,3.25,3.25,3.25,3.25,3.25,3.25,3.25,3.25,3.25,3.25
1.9302499999999998,2.083,1.2330666666666668,1.9891666666666665,1.9746153846153844,2.2236,1.8157500000000002,1.8177307692307698,2.1965500000000002,2.3858888888888883,3.9920000000000004,2.293344827586207,1.7674285714285716,2.2491500000000006,2.8552857142857135,2.83375,2.4575053763440864,2.521090909090909,2.6360909090909086,3.3696363636363635,3.2279285714285715,3.5620454545454545,3.1783000000000006,2.604285714285714,3.25,3.25,3.25,3.25,3.25,3.25,3.25,3.25,3.25,3.25,3.25
1.9302499999999998,2.083,1.2330666666666668,1.9891666666666665,1.9746153846153844,2.2236,1.8157500000000002,1.8177307692307698,2.1965500000000002,2.3858888888888883,3.9920000000000004,2.293344827586207,1.7674285714285716,2.2491500000000006,2.8552857142857135,2.83375,2.4575053763440864,2.521090909090909,2.6360909090909086,3.3696363636363635,3.2279285714285715,3.5620454545454545,3.1783000000000006,2.604285714285714,3.25,3.25,3.25,3.25,3.25,3.25,3.25,3.25,3.25,3.25,3.25
1.9302499999999998,2.083,1.2330666666666668,1.9891666666666665,1.9746153846153844,2.2236,1.8157500000000002,1.8177307692307698,2.1965500000000002,2.3858888888888883,3.9920000000000004,2.293344827586207,1.7674285714285716,2.2491500000000006,2.8552857142857135,2.83375,2.4575053763440864,2.521090909090909,2.6360909090909086,3.3696363636363635,3.2279285714285715,3.5620454545454545,3.1783000000000006,2.604285714285714,3.25,3.25,3.25,3.25,3.25,3.25,3.25,3.25,3.25,3.25,3.25
1.9302499999999998,2.083,1.2330666666666668,1.9891666666666665,1.9746153846153844,2.2236,1.8157500000000002,1.8177307692307698,2.1965500000000002,2.3858888888888883,3.9920000000000004,2.293344827586207,1.7674285714285716,2.2491500000000006,2.8552857142857135,2.83375,2.4575053763440864,2.521090909090909,2.6360909090909086,3.3696363636363635,3.2279285714285715,3.5620454545454545,3.1783000000000006,2.604285714285714,3.25,3.25,3.25,3.25,3.25,3.25,3.25,3.25,3.25,3.25,3.25
1.9302499999999998,2.083,1.2330666666666668,1.9891666666666665,1.9746153846153844,2.2236,1.8157500000000002,1.8177307692307698,2.1965500000000002,2.3858888888888883,3.9920000000000004,2.293344827586207,1.7674285714285716,2.2491500000000006,2.8552857142857135,2.83375,2.4575053763440864,2.521090909090909,2.6360909090909086,3.3696363636363635,3.2279285714285715,3.5620454545454545,3.1783000000000006,2.604285714285714,3.25,3.25,3.25,3.25,3.25,3.25,3.25,3.25,3.25,3.25,3.25
1.9302499999999998,2.083,1.2330666666666668,1.9891666666666665,1.9746153846153844,2.2236,1.8157500000000002,1.8177307692307698,2.1965500000000002,2.3858888888888883,3.9920000000000004,2.293344827586207,1.7674285714285716,2.2491500000000006,2.8552857142857135,2.83375,2.4575053763440864,2.521090909090909,2.6360909090909086,3.3696363636363635,3.2279285714285715,3.5620454545454545,3.1783000000000006,2.604285714285714,3.25,3.25,3.25,3.25,3.25,3.25,3.25,3.25,3.25,3.25,3.25
1.9302499999999998,2.083,1.2330666666666668,1.9891666666666665,1.9746153846153844,2.2236,1.8157500000000002,1.8177307692307698,2.1965500000000002,2.3858888888888883,3.9920000000000004,2.293344827586207,1.7674285714285716,2.2491500000000006,2.8552857142857135,2.83375,2.4575053763440864,2.521090909090909,2.6360909090909086,3.3696363636363635,3.2279285714285715,3.5620454545454545,3.1783000000000006,2.604285714285714,3.25,3.25,3.25,3.25,3.25,3.25,3.25,3.25,3.25,3.25,3.25
1.9302499999999998,2.083,1.2330666666666668,1.9891666666666665,1.9746153846153844,2.2236,1.8157500000000002,1.8177307692307698,2.1965500000000002,2.3858888888888883,3.9920000000000004,2.293344827586207,1.7674285714285716,2.2491500000000006,2.8552857142857135,2.83375,2.4575053763440864,2.521090909090909,2.6360909090909086,3.3696363636363635,3.2279285714285715,3.5620454545454545,3.1783000000000006,2.604285714285714,3.25,3.25,3.25,3.25,3.25,3.25,3.25,3.25,3.25,3.25,3.25
1.9302499999999998,2.083,1.2330666666666668,1.9891666666666665,1.9746153846153844,2.2236,1.8157500000000002,1.8177307692307698,2.1965500000000002,2.3858888888888883,3.9920000000000004,2.293344827586207,1.7674285714285716,2.2491500000000006,2.8552857142857135,2.83375,2.4575053763440864,2.521090909090909,2.6360909090909086,3.3696363636363635,3.2279285714285715,3.5620454545454545,3.1783000000000006,2.604285714285714,3.25,3.25,3.25,3.25,3.25,3.25,3.25,3.25,3.25,3.25,3.25
1.9302499999999998,2.083,1.2330666666666668,1.9891666666666665,1.9746153846153844,2.2236,1.8157500000000002,1.8177307692307698,2.1965500000000002,2.3858888888888883,3.9920000000000004,2.293344827586207,1.7674285714285716,2.2491500000000006,2.8552857142857135,2.83375,2.4575053763440864,2.521090909090909,2.6360909090909086,3.3696363636363635,3.2279285714285715,3.5620454545454545,3.1783000000000006,2.604285714285714,3.25,3.25,3.25,3.25,3.25,3.25,3.25,3.25,3.25,3.25,3.25
1.9302499999999998,2.083,1.2330666666666668,1.9891666666666665,1.9746153846153844,2.2236,1.8157500000000002,1.8177307692307698,2.1965500000000002,2.3858888888888883,3.9920000000000004,2.293344827586207,1.7674285714285716,2.2491500000000006,2.8552857142857135,2.83375,2.4575053763440864,2.521090909090909,2.6360909090909086,3.3696363636363635,3.2279285714285715,3.5620454545454545,3.1783000000000006,2.604285714285714,3.25,3.25,3.25,3.25,3.25,3.25,3.25,3.25,3.25,3.25,3.25
1.9302499999999998,2.083,1.2330666666666668,1.9891666666666665,1.9746153846153844,2.2236,1.8157500000000002,1.8177307692307698,2.1965500000000002,2.3858888888888883,3.9920000000000004,2.293344827586207,1.7674285714285716,2.2491500000000006,2.8552857142857135,2.83375,2.4575053763440864,2.521090909090909,2.6360909090909086,3.3696363636363635,3.2279285714285715,3.5620454545454545,3.1783000000000006,2.604285714285714,3.25,3.25,3.25,3.25,3.25,3.25,3.25,3.25,3.25,3.25,3.25
1.9302499999999998,2.083,1.2330666666666668,1.9891666666666665,1.9746153846153844,2.2236,1.8157500000000002,1.8177307692307698,2.1965500000000002,2.3858888888888883,3.9920000000000004,2.293344827586207,1.7674285714285716,2.2491500000000006,2.8552857142857135,2.83375,2.4575053763440864,2.521090909090909,2.6360909090909086,3.3696363636363635,3.2279285714285715,3.5620454545454545,3.1783000000000006,2.604285714285714,3.25,3.25,3.25,3.25,3.25,3.25,3.25,3.25,3.25,3.25,3.25
1.9302499999999998,2.083,1.2330666666666668,1.9891666666666665,1.9746153846153844,2.2236,1.8157500000000002,1.8177307692307698,2.1965500000000002,2.3858888888888883,3.9920000000000004,2.293344827586207,1.7674285714285716,2.2491500000000006,2.8552857142857135,2.83375,2.4575053763440864,2.521090909090909,2.6360909090909086,3.3696363636363635,3.2279285714285715,3.5620454545454545,3.1783000000000006,2.604285714285714,3.25,3.25,3.25,3.25,3.25,3.25,3.25,3.25,3.25,3.25,3.25
1.9302499999999998,2.083,1.2330666666666668,1.9891666666666665,1.9746153846153844,2.2236,1.8157500000000002,1.8177307692307698,2.1965500000000002,2.3858888888888883,3.9920000000000004,2.293344827586207,1.7674285714285716,2.2491500000000006,2.8552857142857135,2.83375,2.4575053763440864,2.521090909090909,2.6360909090909086,3.3696363636363635,3.2279285714285715,3.5620454545454545,3.1783000000000006,2.604285714285714,3.25,3.25,3.25,3.25,3.25,3.25,3.25,3.25,3.25,3.25,3.25
1.9302499999999998,2.083,1.2330666666666668,1.9891666666666665,1.9746153846153844,2.2236,1.8157500000000002,1.8177307692307698,2.1965500000000002,2.3858888888888883,3.9920000000000004,2.293344827586207,1.7674285714285716,2.2491500000000006,2.8552857142857135,2.83375,2.4575053763440864,2.521090909090909,2.6360909090909086,3.3696363636363635,3.2279285714285715,3.5620454545454545,3.1783000000000006,2.604285714285714,3.25,3.25,3.25,3.25,3.25,3.25,3.25,3.25,3.25,3.25,3.25
1.9302499999999998,2.083,1.2330666666666668,1.9891666666666665,1.9746153846153844,2.2236,1.8157500000000002,1.8177307692307698,2.1965500000000002,2.3858888888888883,3.9920000000000004,2.293344827586207,1.7674285714285716,2.2491500000000006,2.8552857142857135,2.83375,2.4575053763440864,2.521090909090909,2.6360909090909086,3.3696363636363635,3.2279285714285715,3.5620454545454545,3.1783000000000006,2.604285714285714,3.25,3.25,3.25,3.25,3.25,3.25,3.25,3.25,3.25,3.25,3.25
1.9302499999999998,2.083,1.2330666666666668,1.9891666666666665,1.9746153846153844,2.2236,1.8157500000000002,1.8177307692307698,2.1965500000000002,2.3858888888888883,3.9920000000000004,2.293344827586207,1.7674285714285716,2.2491500000000006,2.8552857142857135,2.83375,2.4575053763440864,2.521090909090909,2.6360909090909086,3.3696363636363635,3.2279285714285715,3.5620454545454545,3.1783000000000006,2.604285714285714,3.25,3.25,3.25,3.25,3.25,3.25,3.25,3.25,3.25,3.25,3.25
1.9302499999999998,2.083,1.2330666666666668,1.9891666666666665,1.9746153846153844,2.2236,1.8157500000000002,1.8177307692307698,2.1965500000000002,2.3858888888888883,3.9920000000000004,2.293344827586207,1.7674285714285716,2.2491500000000006,2.8552857142857135,2.83375,2.4575053763440864,2.521090909090909,2.6360909090909086,3.3696363636363635,3.2279285714285715,3.5620454545454545,3.1783000000000006,2.604285714285714,3.25,3.25,3.25,3.25,3.25,3.25,3.25,3.25,3.25,3.25,3.25
1.9302499999999998,2.083,1.2330666666666668,1.9891666666666665,1.9746153846153844,2.2236,1.8157500000000002,1.8177307692307698,2.1965500000000002,2.3858888888888883,3.9920000000000004,2.293344827586207,1.7674285714285716,2.2491500000000006,2.8552857142857135,2.83375,2.4575053763440864,2.521090909090909,2.6360909090909086,3.3696363636363635,3.2279285714285715,3.5620454545454545,3.1783000000000006,2.604285714285714,3.25,3.25,3.25,3.25,3.25,3.25,3.25,3.25,3.25,3.25,3.25
1.9302499999999998,2.083,1.2330666666666668,1.9891666666666665,1.9746153846153844,2.2236,1.8157500000000002,1.8177307692307698,2.1965500000000002,2.3858888888888883,3.9920000000000004,2.293344827586207,1.7674285714285716,2.2491500000000006,2.8552857142857135,2.83375,2.4575053763440864,2.521090909090909,2.6360909090909086,3.3696363636363635,3.2279285714285715,3.5620454545454545,3.1783000000000006,2.604285714285714,3.25,3.25,3.25,3.25,3.25,3.25,3.25,3.25,3.25,3.25,3.25
1.7851428571428571,1.915,1.26375,2.0327368421052636,2.10825,2.2609,1.789368421052632,1.8600416666666668,2.202,2.108833333333333,3.4989999999999997,2.323483870967742,1.8497142857142856,2.360299999999999,2.8495999999999997,2.3890000000000002,2.2231704545454547,2.5789999999999997,2.5452307692307694,3.860888888888889,3.24075,3.599055555555556,3.087238095238095,2.633204545454545,3.25,3.25,3.25,3.25,3.25,3.25,3.25,3.25,3.25,3.25,3.25
1.7851428571428571,1.915,1.26375,2.0327368421052636,2.10825,2.2609,1.789368421052632,1.8600416666666668,2.202,2.108833333333333,3.4989999999999997,2.323483870967742,1.8497142857142856,2.360299999999999,2.8495999999999997,2.3890000000000002,2.2231704545454547,2.5789999999999997,2.5452307692307694,3.860888888888889,3.24075,3.599055555555556,3.087238095238095,2.633204545454545,3.25,3.25,3.25,3.25,3.25,3.25,3.25,3.25,3.25,3.25,3.25
1.7851428571428571,1.915,1.26375,2.0327368421052636,2.10825,2.2609,1.789368421052632,1.8600416666666668,2.202,2.108833333333333,3.4989999999999997,2.323483870967742,1.8497142857142856,2.360299999999999,2.8495999999999997,2.3890000000000002,2.2231704545454547,2.5789999999999997,2.5452307692307694,3.860888888888889,3.24075,3.599055555555556,3.087238095238095,2.633204545454545,3.25,3.25,3.25,3.25,3.25,3.25,3.25,3.25,3.25,3.25,3.25
1.7851428571428571,1.915,1.26375,2.0327368421052636,2.10825,2.2609,1.789368421052632,1.8600416666666668,2.202,2.108833333333333,3.4989999999999997,2.323483870967742,1.8497142857142856,2.360299999999999,2.8495999999999997,2.3890000000000002,2.2231704545454547,2.5789999999999997,2.5452307692307694,3.860888888888889,3.24075,3.599055555555556,3.087238095238095,2.633204545454545,3.25,3.25,3.25,3.25,3.25,3.25,3.25,3.25,3.25,3.25,3.25
1.7851428571428571,1.915,1.26375,2.0327368421052636,2.10825,2.2609,1.789368421052632,1.8600416666666668,2.202,2.108833333333333,3.4989999999999997,2.323483870967742,1.8497142857142856,2.360299999999999,2.8495999999999997,2.3890000000000002,2.2231704545454547,2.5789999999999997,2.5452307692307694,3.860888888888889,3.24075,3.599055555555556,3.087238095238095,2.633204545454545,3.25,3.25,3.25,3.25,3.25,3.25,3.25,3.25,3.25,3.25,3.25
1.7851428571428571,1.915,1.26375,2.0327368421052636,2.10825,2.2609,1.789368421052632,1.8600416666666668,2.202,2.108833333333333,3.4989999999999997,2.323483870967742,1.8497142857142856,2.360299999999999,2.8495999999999997,2.3890000000000002,2.2231704545454547,2.5789999999999997,2.5452307692307694,3.860888888888889,3.24075,3.599055555555556,3.087238095238095,2.633204545454545,3.25,3.25,3.25,3.25,3.25,3.25,3.25,3.25,3.25,3.25,3.25
1.7851428571428571,1.915,1.26375,2.0327368421052636,2.10825,2.2609,1.789368421052632,1.8600416666666668,2.202,2.108833333333333,3.4989999999999997,2.323483870967742,1.8497142857142856,2.360299999999999,2.8495999999999997,2.3890000000000002,2.2231704545454547,2.5789999999999997,2.5452307692307694,3.860888888888889,3.24075,3.599055555555556,3.087238095238095,2.633204545454545,3.25,3.25,3.25,3.25,3.25,3.25,3.25,3.25,3.25,3.25,3.25
1.7851428571428571,1.915,1.26375,2.0327368421052636,2.10825,2.2609,1.789368421052632,1.8600416666666668,2.202,2.108833333333333,3.4989999999999997,2.323483870967742,1.8497142857142856,2.360299999999999,2.8495999999999997,2.3890000000000002,2.2231704545454547,2.5789999999999997,2.5452307692307694,3.860888888888889,3.24075,3.599055555555556,3.087238095238095,2.633204545454545,3.25,3.25,3.25,3.25,3.25,3.25,3.25,3.25,3.25,3.25,3.25
1.7851428571428571,1.915,1.26375,2.0327368421052636,2.10825,2.2609,1.789368421052632,1.8600416666666668,2.202,2.108833333333333,3.4989999999999997,2.323483870967742,1.8497142857142856,2.360299999999999,2.8495999999999997,2.3890000000000002,2.2231704545454547,2.5789999999999997,2.5452307692307694,3.860888888888889,3.24075,3.599055555555556,3.087238095238095,2.633204545454545,3.25,3.25,3.25,3.25,3.25,3.25,3.25,3.25,3.25,3.25,3.25
1.7851428571428571,1.915,1.26375,2.0327368421052636,2.10825,2.2609,1.789368421052632,1.8600416666666668,2.202,2.108833333333333,3.4989999999999997,2.323483870967742,1.8497142857142856,2.360299999999999,2.8495999999999997,2.3890000000000002,2.2231704545454547,2.5789999999999997,2.5452307692307694,3.860888888888889,3.24075,3.599055555555556,3.087238095238095,2.633204545454545,3.25,3.25,3.25,3.25,3.25,3.25,3.25,3.25,3.25,3.25,3.25
1.7851428571428571,1.915,1.26375,2.0327368421052636,2.10825,2.2609,1.789368421052632,1.8600416666666668,2.202,2.108833333333333,3.4989999999999997,2.323483870967742,1.8497142857142856,2.360299999999999,2.8495999999999997,2.3890000000000002,2.2231704545454547,2.5789999999999997,2.5452307692307694,3.860888888888889,3.24075,3.599055555555556,3.087238095238095,2.633204545454545,3.25,3.25,3.25,3.25,3.25,3.25,3.25,3.25,3.25,3.25,3.25
1.7851428571428571,1.915,1.26375,2.0327368421052636,2.10825,2.2609,1.789368421052632,1.8600416666666668,2.202,2.108833333333333,3.4989999999999997,2.323483870967742,1.8497142857142856,2.360299999999999,2.8495999999999997,2.3890000000000002,2.2231704545454547,2.5789999999999997,2.5452307692307694,3.860888888888889,3.24075,3.599055555555556,3.087238095238095,2.633204545454545,3.25,3.25,3.25,3.25,3.25,3.25,3.25,3.25,3.25,3.25,3.25
1.7851428571428571,1.915,1.26375,2.0327368421052636,2.10825,2.2609,1.789368421052632,1.8600416666666668,2.202,2.108833333333333,3.4989999999999997,2.323483870967742,1.8497142857142856,2.360299999999999,2.8495999999999997,2.3890000000000002,2.2231704545454547,2.5789999999999997,2.5452307692307694,3.860888888888889,3.24075,3.599055555555556,3.087238095238095,2.633204545454545,3.25,3.25,3.25,3.25,3.25,3.25,3.25,3.25,3.25,3.25,3.25
1.7851428571428571,1.915,1.26375,2.0327368421052636,2.10825,2.2609,1.789368421052632,1.8600416666666668,2.202,2.108833333333333,3.4989999999999997,2.323483870967742,1.8497142857142856,2.360299999999999,2.8495999999999997,2.3890000000000002,2.2231704545454547,2.5789999999999997,2.5452307692307694,3.860888888888889,3.24075,3.599055555555556,3.087238095238095,2.633204545454545,3.25,3.25,3.25,3.25,3.25,3.25,3.25,3.25,3.25,3.25,3.25
1.7851428571428571,1.915,1.26375,2.0327368421052636,2.10825,2.2609,1.789368421052632,1.8600416666666668,2.202,2.108833333333333,3.4989999999999997,2.323483870967742,1.8497142857142856,2.360299999999999,2.8495999999999997,2.3890000000000002,2.2231704545454547,2.5789999999999997,2.5452307692307694,3.860888888888889,3.24075,3.599055555555556,3.087238095238095,2.633204545454545,3.25,3.25,3.25,3.25,3.25,3.25,3.25,3.25,3.25,3.25,3.25
1.7851428571428571,1.915,1.26375,2.0327368421052636,2.10825,2.2609,1.789368421052632,1.8600416666666668,2.202,2.108833333333333,3.4989999999999997,2.323483870967742,1.8497142857142856,2.360299999999999,2.8495999999999997,2.3890000000000002,2.2231704545454547,2.5789999999999997,2.5452307692307694,3.860888888888889,3.24075,3.599055555555556,3.087238095238095,2.633204545454545,3.25,3.25,3.25,3.25,3.25,3.25,3.25,3.25,3.25,3.25,3.25
1.7851428571428571,1.915,1.26375,2.0327368421052636,2.10825,2.2609,1.789368421052632,1.8600416666666668,2.202,2.108833333333333,3.4989999999999997,2.323483870967742,1.8497142857142856,2.360299999999999,2.8495999999999997,2.3890000000000002,2.2231704545454547,2.5789999999999997,2.5452307692307694,3.860888888888889,3.24075,3.599055555555556,3.087238095238095,2.633204545454545,3.25,3.25,3.25,3.25,3.25,3.25,3.25,3.25,3.25,3.25,3.25
1.7851428571428571,1.915,1.26375,2.0327368421052636,2.10825,2.2609,1.789368421052632,1.8600416666666668,2.202,2.108833333333333,3.4989999999999997,2.323483870967742,1.8497142857142856,2.360299999999999,2.8495999999999997,2.3890000000000002,2.2231704545454547,2.5789999999999997,2.5452307692307694,3.860888888888889,3.24075,3.599055555555556,3.087238095238095,2.633204545454545,3.25,3.25,3.25,3.25,3.25,3.25,3.25,3.25,3.25,3.25,3.25
1.7851428571428571,1.915,1.26375,2.0327368421052636,2.10825,2.2609,1.789368421052632,1.8600416666666668,2.202,2.108833333333333,3.4989999999999997,2.323483870967742,1.8497142857142856,2.360299999999999,2.8495999999999997,2.3890000000000002,2.2231704545454547,2.5789999999999997,2.5452307692307694,3.860888888888889,3.24075,3.599055555555556,3.087238095238095,2.633204545454545,3.25,3.25,3.25,3.25,3.25,3.25,3.25,3.25,3.25,3.25,3.25
1.7851428571428571,1.915,1.26375,2.0327368421052636,2.10825,2.2609,1.789368421052632,1.8600416666666668,2.202,2.108833333333333,3.4989999999999997,2.323483870967742,1.8497142857142856,2.360299999999999,2.8495999999999997,2.3890000000000002,2.2231704545454547,2.5789999999999997,2.5452307692307694,3.860888888888889,3.24075,3.599055555555556,3.087238095238095,2.633204545454545,3.25,3.25,3.25,3.25,3.25,3.25,3.25,3.25,3.25,3.25,3.25
1.7851428571428571,1.915,1.26375,2.0327368421052636,2.10825,2.2609,1.789368421052632,1.8600416666666668,2.202,2.108833333333333,3.4989999999999997,2.323483870967742,1.8497142857142856,2.360299999999999,2.8495999999999997,2.3890000000000002,2.2231704545454547,2.5789999999999997,2.5452307692307694,3.860888888888889,3.24075,3.599055555555556,3.087238095238095,2.633204545454545,3.25,3.25,3.25,3.25,3.25,3.25,3.25,3.25,3.25,3.25,3.25
1.7851428571428571,1.915,1.26375,2.0327368421052636,2.10825,2.2609,1.789368421052632,1.8600416666666668,2.202,2.108833333333333,3.4989999999999997,2.323483870967742,1.8497142857142856,2.360299999999999,2.8495999999999997,2.3890000000000002,2.2231704545454547,2.5789999999999997,2.5452307692307694,3.860888888888889,3.24075,3.599055555555556,3.087238095238095,2.633204545454545,3.25,3.25,3.25,3.25,3.25,3.25,3.25,3.25,3.25,3.25,3.25
1.7851428571428571,1.915,1.26375,2.0327368421052636,2.10825,2.2609,1.789368421052632,1.8600416666666668,2.202,2.108833333333333,3.4989999999999997,2.323483870967742,1.8497142857142856,2.360299999999999,2.8495999999999997,2.3890000000000002,2.2231704545454547,2.5789999999999997,2.5452307692307694,3.860888888888889,3.24075,3.599055555555556,3.087238095238095,2.633204545454545,3.25,3.25,3.25,3.25,3.25,3.25,3.25,3.25,3.25,3.25,3.25
1.7851428571428571,1.915,1.26375,2.0327368421052636,2.10825,2.2609,1.789368421052632,1.8600416666666668,2.202,2.108833333333333,3.4989999999999997,2.323483870967742,1.8497142857142856,2.360299999999999,2.8495999999999997,2.3890000000000002,2.2231704545454547,2.5789999999999997,2.5452307692307694,3.860888888888889,3.24075,3.599055555555556,3.087238095238095,2.633204545454545,3.25,3.25,3.25,3.25,3.25,3.25,3.25,3.25,3.25,3.25,3.25
1.7851428571428571,1.915,1.26375,2.0327368421052636,2.10825,2.2609,1.789368421052632,1.8600416666666668,2.202,2.108833333333333,3.4989999999999997,2.323483870967742,1.8497142857142856,2.360299999999999,2.8495999999999997,2.3890000000000002,2.2231704545454547,2.5789999999999997,2.5452307692307694,3.860888888888889,3.24075,3.599055555555556,3.087238095238095,2.633204545454545,3.25,3.25,3.25,3.25,3.25,3.25,3.25,3.25,3.25,3.25,3.25
1.7851428571428571,1.915,1.26375,2.0327368421052636,2.10825,2.2609,1.789368421052632,1.8600416666666668,2.202,2.108833333333333,3.4989999999999997,2.323483870967742,1.8497142857142856,2.360299999999999,2.8495999999999997,2.3890000000000002,2.2231704545454547,2.5789999999999997,2.5452307692307694,3.860888888888889,3.24075,3.599055555555556,3.087238095238095,2.633204545454545,3.25,3.25,3.25,3.25,3.25,3.25,3.25,3.25,3.25,3.25,3.25
1.7851428571428571,1.915,1.26375,2.0327368421052636,2.10825,2.2609,1.789368421052632,1.8600416666666668,2.202,2.108833333333333,3.4989999999999997,2.323483870967742,1.8497142857142856,2.360299999999999,2.8495999999999997,2.3890000000000002,2.2231704545454547,2.5789999999999997,2.5452307692307694,3.860888888888889,3.24075,3.599055555555556,3.087238095238095,2.633204545454545,3.25,3.25,3.25,3.25,3.25,3.25,3.25,3.25,3.25,3.25,3.25
1.7851428571428571,1.915,1.26375,2.0327368421052636,2.10825,2.2609,1.789368421052632,1.8600416666666668,2.202,2.108833333333333,3.4989999999999997,2.323483870967742,1.8497142857142856,2.360299999999999,2.8495999999999997,2.3890000000000002,2.2231704545454547,2.5789999999999997,2.5452307692307694,3.860888888888889,3.24075,3.599055555555556,3.087238095238095,2.633204545454545,3.25,3.25,3.25,3.25,3.25,3.25,3.25,3.25,3.25,3.25,3.25
1.7851428571428571,1.915,1.26375,2.0327368421052636,2.10825,2.2609,1.789368421052632,1.8600416666666668,2.202,2.108833333333333,3.4989999999999997,2.323483870967742,1.8497142857142856,2.360299999999999,2.8495999999999997,2.3890000000000002,2.2231704545454547,2.5789999999999997,2.5452307692307694,3.860888888888889,3.24075,3.599055555555556,3.087238095238095,2.633204545454545,3.25,3.25,3.25,3.25,3.25,3.25,3.25,3.25,3.25,3.25,3.25
1.7851428571428571,1.915,1.26375,2.0327368421052636,2.10825,2.2609,1.789368421052632,1.8600416666666668,2.202,2.108833333333333,3.4989999999999997,2.323483870967742,1.8497142857142856,2.360299999999999,2.8495999999999997,2.3890000000000002,2.2231704545454547,2.5789999999999997,2.5452307692307694,3.860888888888889,3.24075,3.599055555555556,3.087238095238095,2.633204545454545,3.25,3.25,3.25,3.25,3.25,3.25,3.25,3.25,3.25,3.25,3.25
1.7851428571428571,1.915,1.26375,2.0327368421052636,2.10825,2.2609,1.789368421052632,1.8600416666666668,2.202,2.108833333333333,3.4989999999999997,2.323483870967742,1.8497142857142856,2.360299999999999,2.8495999999999997,2.3890000000000002,2.2231704545454547,2.5789999999999997,2.5452307692307694,3.860888888888889,3.24075,3.599055555555556,3.087238095238095,2.633204545454545,3.25,3.25,3.25,3.25,3.25,3.25,3.25,3.25,3.25,3.25,3.25
1.9198333333333335,1.9169999999999998,1.3471818181818183,1.8233333333333335,1.859333333333333,2.3264166666666664,1.7643684210526311,1.8279565217391305,2.164529411764706,2.4948750000000004,3.5639999999999996,2.357571428571429,1.916111111111111,2.44416,2.8749374999999997,2.0118,2.1967831325301206,3.30325,2.544285714285714,3.2840000000000003,3.2639375,3.3246818181818174,3.0324166666666668,2.642243902439024,3.25,3.25,3.25,3.25,3.25,3.25,3.25,3.25,3.25,3.25,3.25
1.9198333333333335,1.9169999999999998,1.3471818181818183,1.8233333333333335,1.859333333333333,2.3264166666666664,1.7643684210526311,1.8279565217391305,2.164529411764706,2.4948750000000004,3.5639999999999996,2.357571428571429,1.916111111111111,2.44416,2.8749374999999997,2.0118,2.1967831325301206,3.30325,2.544285714285714,3.2840000000000003,3.2639375,3.3246818181818174,3.0324166666666668,2.642243902439024,3.25,3.25,3.25,3.25,3.25,3.25,3.25,3.25,3.25,3.25,3.25
1.9198333333333335,1.9169999999999998,1.3471818181818183,1.8233333333333335,1.859333333333333,2.3264166666666664,1.7643684210526311,1.8279565217391305,2.164529411764706,2.4948750000000004,3.5639999999999996,2.357571428571429,1.916111111111111,2.44416,2.8749374999999997,2.0118,2.1967831325301206,3.30325,2.544285714285714,3.2840000000000003,3.2639375,3.3246818181818174,3.0324166666666668,2.642243902439024,3.25,3.25,3.25,3.25,3.25,3.25,3.25,3.25,3.25,3.25,3.25
1.9198333333333335,1.9169999999999998,1.3471818181818183,1.8233333333333335,1.859333333333333,2.3264166666666664,1.7643684210526311,1.8279565217391305,2.164529411764706,2.4948750000000004,3.5639999999999996,2.357571428571429,1.916111111111111,2.44416,2.8749374999999997,2.0118,2.1967831325301206,3.30325,2.544285714285714,3.2840000000000003,3.2639375,3.3246818181818174,3.0324166666666668,2.642243902439024,3.25,3.25,3.25,3.25,3.25,3.25,3.25,3.25,3.25,3.25,3.25
1.9198333333333335,1.9169999999999998,1.3471818181818183,1.8233333333333335,1.859333333333333,2.3264166666666664,1.7643684210526311,1.8279565217391305,2.164529411764706,2.4948750000000004,3.5639999999999996,2.357571428571429,1.916111111111111,2.44416,2.8749374999999997,2.0118,2.1967831325301206,3.30325,2.544285714285714,3.2840000000000003,3.2639375,3.3246818181818174,3.0324166666666668,2.642243902439024,3.25,3.25,3.25,3.25,3.25,3.25,3.25,3.25,3.25,3.25,3.25
1.9198333333333335,1.9169999999999998,1.3471818181818183,1.8233333333333335,1.859333333333333,2.3264166666666664,1.7643684210526311,1.8279565217391305,2.164529411764706,2.4948750000000004,3.5639999999999996,2.357571428571429,1.916111111111111,2.44416,2.8749374999999997,2.0118,2.1967831325301206,3.30325,2.544285714285714,3.2840000000000003,3.2639375,3.3246818181818174,3.0324166666666668,2.642243902439024,3.25,3.25,3.25,3.25,3.25,3.25,3.25,3.25,3.25,3.25,3.25
1.9198333333333335,1.9169999999999998,1.3471818181818183,1.8233333333333335,1.859333333333333,2.3264166666666664,1.7643684210526311,1.8279565217391305,2.164529411764706,2.4948750000000004,3.5639999999999996,2.357571428571429,1.916111111111111,2.44416,2.8749374999999997,2.0118,2.1967831325301206,3.30325,2.544285714285714,3.2840000000000003,3.2639375,3.3246818181818174,3.0324166666666668,2.642243902439024,3.25,3.25,3.25,3.25,3.25,3.25,3.25,3.25,3.25,3.25,3.25
1.9198333333333335,1.9169999999999998,1.3471818181818183,1.8233333333333335,1.859333333333333,2.3264166666666664,1.7643684210526311,1.8279565217391305,2.164529411764706,2.4948750000000004,3.5639999999999996,2.357571428571429,1.916111111111111,2.44416,2.8749374999999997,2.0118,2.1967831325301206,3.30325,2.544285714285714,3.2840000000000003,3.2639375,3.3246818181818174,3.0324166666666668,2.642243902439024,3.25,3.25,3.25,3.25,3.25,3.25,3.25,3.25,3.25,3.25,3.25
1.9198333333333335,1.9169999999999998,1.3471818181818183,1.8233333333333335,1.859333333333333,2.3264166666666664,1.7643684210526311,1.8279565217391305,2.164529411764706,2.4948750000000004,3.5639999999999996,2.357571428571429,1.916111111111111,2.44416,2.8749374999999997,2.0118,2.1967831325301206,3.30325,2.544285714285714,3.2840000000000003,3.2639375,3.3246818181818174,3.0324166666666668,2.642243902439024,3.25,3.25,3.25,3.25,3.25,3.25,3.25,3.25,3.25,3.25,3.25
1.9198333333333335,1.9169999999999998,1.3471818181818183,1.8233333333333335,1.859333333333333,2.3264166666666664,1.7643684210526311,1.8279565217391305,2.164529411764706,2.4948750000000004,3.5639999999999996,2.357571428571429,1.916111111111111,2.44416,2.8749374999999997,2.0118,2.1967831325301206,3.30325,2.544285714285714,3.2840000000000003,3.2639375,3.3246818181818174,3.0324166666666668,2.642243902439024,3.25,3.25,3.25,3.25,3.25,3.25,3.25,3.25,3.25,3.25,3.25
1.9198333333333335,1.9169999999999998,1.3471818181818183,1.8233333333333335,1.859333333333333,2.3264166666666664,1.7643684210526311,1.8279565217391305,2.164529411764706,2.4948750000000004,3.5639999999999996,2.357571428571429,1.916111111111111,2.44416,2.8749374999999997,2.0118,2.1967831325301206,3.30325,2.544285714285714,3.2840000000000003,3.2639375,3.3246818181818174,3.0324166666666668,2.642243902439024,3.25,3.25,3.25,3.25,3.25,3.25,3.25,3.25,3.25,3.25,3.25
1.9198333333333335,1.9169999999999998,1.3471818181818183,1.8233333333333335,1.859333333333333,2.3264166666666664,1.7643684210526311,1.8279565217391305,2.164529411764706,2.4948750000000004,3.5639999999999996,2.357571428571429,1.916111111111111,2.44416,2.8749374999999997,2.0118,2.1967831325301206,3.30325,2.544285714285714,3.2840000000000003,3.2639375,3.3246818181818174,3.0324166666666668,2.642243902439024,3.25,3.25,3.25,3.25,3.25,3.25,3.25,3.25,3.25,3.25,3.25
1.9198333333333335,1.9169999999999998,1.3471818181818183,1.8233333333333335,1.859333333333333,2.3264166666666664,1.7643684210526311,1.8279565217391305,2.164529411764706,2.4948750000000004,3.5639999999999996,2.357571428571429,1.916111111111111,2.44416,2.8749374999999997,2.0118,2.1967831325301206,3.30325,2.544285714285714,3.2840000000000003,3.2639375,3.3246818181818174,3.0324166666666668,2.642243902439024,3.25,3.25,3.25,3.25,3.25,3.25,3.25,3.25,3.25,3.25,3.25
1.9198333333333335,1.9169999999999998,1.3471818181818183,1.8233333333333335,1.859333333333333,2.3264166666666664,1.7643684210526311,1.8279565217391305,2.164529411764706,2.4948750000000004,3.5639999999999996,2.357571428571429,1.916111111111111,2.44416,2.8749374999999997,2.0118,2.1967831325301206,3.30325,2.544285714285714,3.2840000000000003,3.2639375,3.3246818181818174,3.0324166666666668,2.642243902439024,3.25,3.25,3.25,3.25,3.25,3.25,3.25,3.25,3.25,3.25,3.25
1.9198333333333335,1.9169999999999998,1.3471818181818183,1.8233333333333335,1.859333333333333,2.3264166666666664,1.7643684210526311,1.8279565217391305,2.164529411764706,2.4948750000000004,3.5639999999999996,2.357571428571429,1.916111111111111,2.44416,2.8749374999999997,2.0118,2.1967831325301206,3.30325,2.544285714285714,3.2840000000000003,3.2639375,3.3246818181818174,3.0324166666666668,2.642243902439024,3.25,3.25,3.25,3.25,3.25,3.25,3.25,3.25,3.25,3.25,3.25
1.9198333333333335,1.9169999999999998,1.3471818181818183,1.8233333333333335,1.859333333333333,2.3264166666666664,1.7643684210526311,1.8279565217391305,2.164529411764706,2.4948750000000004,3.5639999999999996,2.357571428571429,1.916111111111111,2.44416,2.8749374999999997,2.0118,2.1967831325301206,3.30325,2.544285714285714,3.2840000000000003,3.2639375,3.3246818181818174,3.0324166666666668,2.642243902439024,3.25,3.25,3.25,3.25,3.25,3.25,3.25,3.25,3.25,3.25,3.25
1.9198333333333335,1.9169999999999998,1.3471818181818183,1.8233333333333335,1.859333333333333,2.3264166666666664,1.7643684210526311,1.8279565217391305,2.164529411764706,2.4948750000000004,3.5639999999999996,2.357571428571429,1.916111111111111,2.44416,2.8749374999999997,2.0118,2.1967831325301206,3.30325,2.544285714285714,3.2840000000000003,3.2639375,3.3246818181818174,3.0324166666666668,2.642243902439024,3.25,3.25,3.25,3.25,3.25,3.25,3.25,3.25,3.25,3.25,3.25
1.9198333333333335,1.9169999999999998,1.3471818181818183,1.8233333333333335,1.859333333333333,2.3264166666666664,1.7643684210526311,1.8279565217391305,2.164529411764706,2.4948750000000004,3.5639999999999996,2.357571428571429,1.916111111111111,2.44416,2.8749374999999997,2.0118,2.1967831325301206,3.30325,2.544285714285714,3.2840000000000003,3.2639375,3.3246818181818174,3.0324166666666668,2.642243902439024,3.25,3.25,3.25,3.25,3.25,3.25,3.25,3.25,3.25,3.25,3.25
1.9198333333333335,1.9169999999999998,1.3471818181818183,1.8233333333333335,1.859333333333333,2.3264166666666664,1.7643684210526311,1.8279565217391305,2.164529411764706,2.4948750000000004,3.5639999999999996,2.357571428571429,1.916111111111111,2.44416,2.8749374999999997,2.0118,2.1967831325301206,3.30325,2.544285714285714,3.2840000000000003,3.2639375,3.3246818181818174,3.0324166666666668,2.642243902439024,3.25,3.25,3.25,3.25,3.25,3.25,3.25,3.25,3.25,3.25,3.25
1.9198333333333335,1.9169999999999998,1.3471818181818183,1.8233333333333335,1.859333333333333,2.3264166666666664,1.7643684210526311,1.8279565217391305,2.164529411764706,2.4948750000000004,3.5639999999999996,2.357571428571429,1.916111111111111,2.44416,2.8749374999999997,2.0118,2.1967831325301206,3.30325,2.544285714285714,3.2840000000000003,3.2639375,3.3246818181818174,3.0324166666666668,2.642243902439024,3.25,3.25,3.25,3.25,3.25,3.25,3.25,3.25,3.25,3.25,3.25
1.9198333333333335,1.9169999999999998,1.3471818181818183,1.8233333333333335,1.859333333333333,2.3264166666666664,1.7643684210526311,1.8279565217391305,2.164529411764706,2.4948750000000004,3.5639999999999996,2.357571428571429,1.916111111111111,2.44416,2.8749374999999997,2.0118,2.1967831325301206,3.30325,2.544285714285714,3.2840000000000003,3.2639375,3.3246818181818174,3.0324166666666668,2.642243902439024,3.25,3.25,3.25,3.25,3.25,3.25,3.25,3.25,3.25,3.25,3.25
1.9198333333333335,1.9169999999999998,1.3471818181818183,1.8233333333333335,1.859333333333333,2.3264166666666664,1.7643684210526311,1.8279565217391305,2.164529411764706,2.4948750000000004,3.5639999999999996,2.357571428571429,1.916111111111111,2.44416,2.8749374999999997,2.0118,2.1967831325301206,3.30325,2.544285714285714,3.2840000000000003,3.2639375,3.3246818181818174,3.0324166666666668,2.642243902439024,3.25,3.25,3.25,3.25,3.25,3.25,3.25,3.25,3.25,3.25,3.25
1.9198333333333335,1.9169999999999998,1.3471818181818183,1.8233333333333335,1.859333333333333,2.3264166666666664,1.7643684210526311,1.8279565217391305,2.164529411764706,2.4948750000000004,3.5639999999999996,2.357571428571429,1.916111111111111,2.44416,2.8749374999999997,2.0118,2.1967831325301206,3.30325,2.544285714285714,3.2840000000000003,3.2639375,3.3246818181818174,3.0324166666666668,2.642243902439024,3.25,3.25,3.25,3.25,3.25,3.25,3.25,3.25,3.25,3.25,3.25
1.9198333333333335,1.9169999999999998,1.3471818181818183,1.8233333333333335,1.859333333333333,2.3264166666666664,1.7643684210526311,1.8279565217391305,2.164529411764706,2.4948750000000004,3.5639999999999996,2.357571428571429,1.916111111111111,2.44416,2.8749374999999997,2.0118,2.1967831325301206,3.30325,2.544285714285714,3.2840000000000003,3.2639375,3.3246818181818174,3.0324166666666668,2.642243902439024,3.25,3.25,3.25,3.25,3.25,3.25,3.25,3.25,3.25,3.25,3.25
1.9198333333333335,1.9169999999999998,1.3471818181818183,1.8233333333333335,1.859333333333333,2.3264166666666664,1.7643684210526311,1.8279565217391305,2.164529411764706,2.4948750000000004,3.5639999999999996,2.357571428571429,1.916111111111111,2.44416,2.8749374999999997,2.0118,2.1967831325301206,3.30325,2.544285714285714,3.2840000000000003,3.2639375,3.3246818181818174,3.0324166666666668,2.642243902439024,3.25,3.25,3.25,3.25,3.25,3.25,3.25,3.25,3.25,3.25,3.25
1.9198333333333335,1.9169999999999998,1.3471818181818183,1.8233333333333335,1.859333333333333,2.3264166666666664,1.7643684210526311,1.8279565217391305,2.164529411764706,2.4948750000000004,3.5639999999999996,2.357571428571429,1.916111111111111,2.44416,2.8749374999999997,2.0118,2.1967831325301206,3.30325,2.544285714285714,3.2840000000000003,3.2639375,3.3246818181818174,3.0324166666666668,2.642243902439024,3.25,3.25,3.25,3.25,3.25,3.25,3.25,3.25,3.25,3.25,3.25
1.9198333333333335,1.9169999999999998,1.3471818181818183,1.8233333333333335,1.859333333333333,2.3264166666666664,1.7643684210526311,1.8279565217391305,2.164529411764706,2.4948750000000004,3.5639999999999996,2.357571428571429,1.916111111111111,2.44416,2.8749374999999997,2.0118,2.1967831325301206,3.30325,2.544285714285714,3.2840000000000003,3.2639375,3.3246818181818174,3.0324166666666668,2.642243902439024,3.25,3.25,3.25,3.25,3.25,3.25,3.25,3.25,3.25,3.25,3.25
1.9198333333333335,1.9169999999999998,1.3471818181818183,1.8233333333333335,1.859333333333333,2.3264166666666664,1.7643684210526311,1.8279565217391305,2.164529411764706,2.4948750000000004,3.5639999999999996,2.357571428571429,1.916111111111111,2.44416,2.8749374999999997,2.0118,2.1967831325301206,3.30325,2.544285714285714,3.2840000000000003,3.2639375,3.3246818181818174,3.0324166666666668,2.642243902439024,3.25,3.25,3.25,3.25,3.25,3.25,3.25,3.25,3.25,3.25,3.25
1.9198333333333335,1.9169999999999998,1.3471818181818183,1.8233333333333335,1.859333333333333,2.3264166666666664,1.7643684210526311,1.8279565217391305,2.164529411764706,2.4948750000000004,3.5639999999999996,2.357571428571429,1.916111111111111,2.44416,2.8749374999999997,2.0118,2.1967831325301206,3.30325,2.544285714285714,3.2840000000000003,3.2639375,3.3246818181818174,3.0324166666666668,2.642243902439024,3.25,3.25,3.25,3.25,3.25,3.25,3.25,3.25,3.25,3.25,3.25
1.9198333333333335,1.9169999999999998,1.3471818181818183,1.8233333333333335,1.859333333333333,2.3264166666666664,1.7643684210526311,1.8279565217391305,2.164529411764706,2.4948750000000004,3.5639999999999996,2.357571428571429,1.916111111111111,2.44416,2.8749374999999997,2.0118,2.1967831325301206,3.30325,2.544285714285714,3.2840000000000003,3.2639375,3.3246818181818174,3.0324166666666668,2.642243902439024,3.25,3.25,3.25,3.25,3.25,3.25,3.25,3.25,3.25,3.25,3.25
1.796,2.015,1.4135714285714287,1.9265999999999996,2.3328571428571427,2.3719999999999994,1.7715000000000003,1.8549999999999998,2.263916666666667,2.5781666666666667,3.707,2.444483870967742,1.9272857142857145,2.4572857142857147,2.899586206896552,2.871166666666667,2.225638554216868,3.2539999999999996,2.6665625,3.494363636363637,3.4455,3.3270000000000004,3.20825,3.0424358974358974,3.25,3.25,3.25,3.25,3.25,3.25,3.25,3.25,3.25,3.25,3.25
1.796,2.015,1.4135714285714287,1.9265999999999996,2.3328571428571427,2.3719999999999994,1.7715000000000003,1.8549999999999998,2.263916666666667,2.5781666666666667,3.707,2.444483870967742,1.9272857142857145,2.4572857142857147,2.899586206896552,2.871166666666667,2.225638554216868,3.2539999999999996,2.6665625,3.494363636363637,3.4455,3.3270000000000004,3.20825,3.0424358974358974,3.25,3.25,3.25,3.25,3.25,3.25,3.25,3.25,3.25,3.25,3.25
1.796,2.015,1.4135714285714287,1.9265999999999996,2.3328571428571427,2.3719999999999994,1.7715000000000003,1.8549999999999998,2.263916666666667,2.5781666666666667,3.707,2.444483870967742,1.9272857142857145,2.4572857142857147,2.899586206896552,2.871166666666667,2.225638554216868,3.2539999999999996,2.6665625,3.494363636363637,3.4455,3.3270000000000004,3.20825,3.0424358974358974,3.25,3.25,3.25,3.25,3.25,3.25,3.25,3.25,3.25,3.25,3.25
1.796,2.015,1.4135714285714287,1.9265999999999996,2.3328571428571427,2.3719999999999994,1.7715000000000003,1.8549999999999998,2.263916666666667,2.5781666666666667,3.707,2.444483870967742,1.9272857142857145,2.4572857142857147,2.899586206896552,2.871166666666667,2.225638554216868,3.2539999999999996,2.6665625,3.494363636363637,3.4455,3.3270000000000004,3.20825,3.0424358974358974,3.25,3.25,3.25,3.25,3.25,3.25,3.25,3.25,3.25,3.25,3.25
1.796,2.015,1.4135714285714287,1.9265999999999996,2.3328571428571427,2.3719999999999994,1.7715000000000003,1.8549999999999998,2.263916666666667,2.5781666666666667,3.707,2.444483870967742,1.9272857142857145,2.4572857142857147,2.899586206896552,2.871166666666667,2.225638554216868,3.2539999999999996,2.6665625,3.494363636363637,3.4455,3.3270000000000004,3.20825,3.0424358974358974,3.25,3.25,3.25,3.25,3.25,3.25,3.25,3.25,3.25,3.25,3.25
1.796,2.015,1.4135714285714287,1.9265999999999996,2.3328571428571427,2.3719999999999994,1.7715000000000003,1.8549999999999998,2.263916666666667,2.5781666666666667,3.707,2.444483870967742,1.9272857142857145,2.4572857142857147,2.899586206896552,2.871166666666667,2.225638554216868,3.2539999999999996,2.6665625,3.494363636363637,3.4455,3.3270000000000004,3.20825,3.0424358974358974,3.25,3.25,3.25,3.25,3.25,3.25,3.25,3.25,3.25,3.25,3.25
1.796,2.015,1.4135714285714287,1.9265999999999996,2.3328571428571427,2.3719999999999994,1.7715000000000003,1.8549999999999998,2.263916666666667,2.5781666666666667,3.707,2.444483870967742,1.9272857142857145,2.4572857142857147,2.899586206896552,2.871166666666667,2.225638554216868,3.2539999999999996,2.6665625,3.494363636363637,3.4455,3.3270000000000004,3.20825,3.0424358974358974,3.25,3.25,3.25,3.25,3.25,3.25,3.25,3.25,3.25,3.25,3.25
1.796,2.015,1.4135714285714287,1.9265999999999996,2.3328571428571427,2.3719999999999994,1.7715000000000003,1.8549999999999998,2.263916666666667,2.5781666666666667,3.707,2.444483870967742,1.9272857142857145,2.4572857142857147,2.899586206896552,2.871166666666667,2.225638554216868,3.2539999999999996,2.6665625,3.494363636363637,3.4455,3.3270000000000004,3.20825,3.0424358974358974,3.25,3.25,3.25,3.25,3.25,3.25,3.25,3.25,3.25,3.25,3.25
1.796,2.015,1.4135714285714287,1.9265999999999996,2.3328571428571427,2.3719999999999994,1.7715000000000003,1.8549999999999998,2.263916666666667,2.5781666666666667,3.707,2.444483870967742,1.9272857142857145,2.4572857142857147,2.899586206896552,2.871166666666667,2.225638554216868,3.2539999999999996,2.6665625,3.494363636363637,3.4455,3.3270000000000004,3.20825,3.0424358974358974,3.25,3.25,3.25,3.25,3.25,3.25,3.25,3.25,3.25,3.25,3.25
1.796,2.015,1.4135714285714287,1.9265999999999996,2.3328571428571427,2.3719999999999994,1.7715000000000003,1.8549999999999998,2.263916666666667,2.5781666666666667,3.707,2.444483870967742,1.9272857142857145,2.4572857142857147,2.899586206896552,2.871166666666667,2.225638554216868,3.2539999999999996,2.6665625,3.494363636363637,3.4455,3.3270000000000004,3.20825,3.0424358974358974,3.25,3.25,3.25,3.25,3.25,3.25,3.25,3.25,3.25,3.25,3.25
1.796,2.015,1.4135714285714287,1.9265999999999996,2.3328571428571427,2.3719999999999994,1.7715000000000003,1.8549999999999998,2.263916666666667,2.5781666666666667,3.707,2.444483870967742,1.9272857142857145,2.4572857142857147,2.899586206896552,2.871166666666667,2.225638554216868,3.2539999999999996,2.6665625,3.494363636363637,3.4455,3.3270000000000004,3.20825,3.0424358974358974,3.25,3.25,3.25,3.25,3.25,3.25,3.25,3.25,3.25,3.25,3.25
1.796,2.015,1.4135714285714287,1.9265999999999996,2.3328571428571427,2.3719999999999994,1.7715000000000003,1.8549999999999998,2.263916666666667,2.5781666666666667,3.707,2.444483870967742,1.9272857142857145,2.4572857142857147,2.899586206896552,2.871166666666667,2.225638554216868,3.2539999999999996,2.6665625,3.494363636363637,3.4455,3.3270000000000004,3.20825,3.0424358974358974,3.25,3.25,3.25,3.25,3.25,3.25,3.25,3.25,3.25,3.25,3.25
1.796,2.015,1.4135714285714287,1.9265999999999996,2.3328571428571427,2.3719999999999994,1.7715000000000003,1.8549999999999998,2.263916666666667,2.5781666666666667,3.707,2.444483870967742,1.9272857142857145,2.4572857142857147,2.899586206896552,2.871166666666667,2.225638554216868,3.2539999999999996,2.6665625,3.494363636363637,3.4455,3.3270000000000004,3.20825,3.0424358974358974,3.25,3.25,3.25,3.25,3.25,3.25,3.25,3.25,3.25,3.25,3.25
1.796,2.015,1.4135714285714287,1.9265999999999996,2.3328571428571427,2.3719999999999994,1.7715000000000003,1.8549999999999998,2.263916666666667,2.5781666666666667,3.707,2.444483870967742,1.9272857142857145,2.4572857142857147,2.899586206896552,2.871166666666667,2.225638554216868,3.2539999999999996,2.6665625,3.494363636363637,3.4455,3.3270000000000004,3.20825,3.0424358974358974,3.25,3.25,3.25,3.25,3.25,3.25,3.25,3.25,3.25,3.25,3.25
1.796,2.015,1.4135714285714287,1.9265999999999996,2.3328571428571427,2.3719999999999994,1.7715000000000003,1.8549999999999998,2.263916666666667,2.5781666666666667,3.707,2.444483870967742,1.9272857142857145,2.4572857142857147,2.899586206896552,2.871166666666667,2.225638554216868,3.2539999999999996,2.6665625,3.494363636363637,3.4455,3.3270000000000004,3.20825,3.0424358974358974,3.25,3.25,3.25,3.25,3.25,3.25,3.25,3.25,3.25,3.25,3.25
1.796,2.015,1.4135714285714287,1.9265999999999996,2.3328571428571427,2.3719999999999994,1.7715000000000003,1.8549999999999998,2.263916666666667,2.5781666666666667,3.707,2.444483870967742,1.9272857142857145,2.4572857142857147,2.899586206896552,2.871166666666667,2.225638554216868,3.2539999999999996,2.6665625,3.494363636363637,3.4455,3.3270000000000004,3.20825,3.0424358974358974,3.25,3.25,3.25,3.25,3.25,3.25,3.25,3.25,3.25,3.25,3.25
1.796,2.015,1.4135714285714287,1.9265999999999996,2.3328571428571427,2.3719999999999994,1.7715000000000003,1.8549999999999998,2.263916666666667,2.5781666666666667,3.707,2.444483870967742,1.9272857142857145,2.4572857142857147,2.899586206896552,2.871166666666667,2.225638554216868,3.2539999999999996,2.6665625,3.494363636363637,3.4455,3.3270000000000004,3.20825,3.0424358974358974,3.25,3.25,3.25,3.25,3.25,3.25,3.25,3.25,3.25,3.25,3.25
1.796,2.015,1.4135714285714287,1.9265999999999996,2.3328571428571427,2.3719999999999994,1.7715000000000003,1.8549999999999998,2.263916666666667,2.5781666666666667,3.707,2.444483870967742,1.9272857142857145,2.4572857142857147,2.899586206896552,2.871166666666667,2.225638554216868,3.2539999999999996,2.6665625,3.494363636363637,3.4455,3.3270000000000004,3.20825,3.0424358974358974,3.25,3.25,3.25,3.25,3.25,3.25,3.25,3.25,3.25,3.25,3.25
1.796,2.015,1.4135714285714287,1.9265999999999996,2.3328571428571427,2.3719999999999994,1.7715000000000003,1.8549999999999998,2.263916666666667,2.5781666666666667,3.707,2.444483870967742,1.9272857142857145,2.4572857142857147,2.899586206896552,2.871166666666667,2.225638554216868,3.2539999999999996,2.6665625,3.494363636363637,3.4455,3.3270000000000004,3.20825,3.0424358974358974,3.25,3.25,3.25,3.25,3.25,3.25,3.25,3.25,3.25,3.25,3.25
1.796,2.015,1.4135714285714287,1.9265999999999996,2.3328571428571427,2.3719999999999994,1.7715000000000003,1.8549999999999998,2.263916666666667,2.5781666666666667,3.707,2.444483870967742,1.9272857142857145,2.4572857142857147,2.899586206896552,2.871166666666667,2.225638554216868,3.2539999999999996,2.6665625,3.494363636363637,3.4455,3.3270000000000004,3.20825,3.0424358974358974,3.25,3.25,3.25,3.25,3.25,3.25,3.25,3.25,3.25,3.25,3.25
1.796,2.015,1.4135714285714287,1.9265999999999996,2.3328571428571427,2.3719999999999994,1.7715000000000003,1.8549999999999998,2.263916666666667,2.5781666666666667,3.707,2.444483870967742,1.9272857142857145,2.4572857142857147,2.899586206896552,2.871166666666667,2.225638554216868,3.2539999999999996,2.6665625,3.494363636363637,3.4455,3.3270000000000004,3.20825,3.0424358974358974,3.25,3.25,3.25,3.25,3.25,3.25,3.25,3.25,3.25,3.25,3.25
1.796,2.015,1.4135714285714287,1.9265999999999996,2.3328571428571427,2.3719999999999994,1.7715000000000003,1.8549999999999998,2.263916666666667,2.5781666666666667,3.707,2.444483870967742,1.9272857142857145,2.4572857142857147,2.899586206896552,2.871166666666667,2.225638554216868,3.2539999999999996,2.6665625,3.494363636363637,3.4455,3.3270000000000004,3.20825,3.0424358974358974,3.25,3.25,3.25,3.25,3.25,3.25,3.25,3.25,3.25,3.25,3.25
1.796,2.015,1.4135714285714287,1.9265999999999996,2.3328571428571427,2.3719999999999994,1.7715000000000003,1.8549999999999998,2.263916666666667,2.5781666666666667,3.707,2.444483870967742,1.9272857142857145,2.4572857142857147,2.899586206896552,2.871166666666667,2.225638554216868,3.2539999999999996,2.6665625,3.494363636363637,3.4455,3.3270000000000004,3.20825,3.0424358974358974,3.25,3.25,3.25,3.25,3.25,3.25,3.25,3.25,3.25,3.25,3.25
1.796,2.015,1.4135714285714287,1.9265999999999996,2.3328571428571427,2.3719999999999994,1.7715000000000003,1.8549999999999998,2.263916666666667,2.5781666666666667,3.707,2.444483870967742,1.9272857142857145,2.4572857142857147,2.899586206896552,2.871166666666667,2.225638554216868,3.2539999999999996,2.6665625,3.494363636363637,3.4455,3.3270000000000004,3.20825,3.0424358974358974,3.25,3.25,3.25,3.25,3.25,3.25,3.25,3.25,3.25,3.25,3.25
1.796,2.015,1.4135714285714287,1.9265999999999996,2.3328571428571427,2.3719999999999994,1.7715000000000003,1.8549999999999998,2.263916666666667,2.5781666666666667,3.707,2.444483870967742,1.9272857142857145,2.4572857142857147,2.899586206896552,2.871166666666667,2.225638554216868,3.2539999999999996,2.6665625,3.494363636363637,3.4455,3.3270000000000004,3.20825,3.0424358974358974,3.25,3.25,3.25,3.25,3.25,3.25,3.25,3.25,3.25,3.25,3.25
1.796,2.015,1.4135714285714287,1.9265999999999996,2.3328571428571427,2.3719999999999994,1.7715000000000003,1.8549999999999998,2.263916666666667,2.5781666666666667,3.707,2.444483870967742,1.9272857142857145,2.4572857142857147,2.899586206896552,2.871166666666667,2.225638554216868,3.2539999999999996,2.6665625,3.494363636363637,3.4455,3.3270000000000004,3.20825,3.0424358974358974,3.25,3.25,3.25,3.25,3.25,3.25,3.25,3.25,3.25,3.25,3.25
1.796,2.015,1.4135714285714287,1.9265999999999996,2.3328571428571427,2.3719999999999994,1.7715000000000003,1.8549999999999998,2.263916666666667,2.5781666666666667,3.707,2.444483870967742,1.9272857142857145,2.4572857142857147,2.899586206896552,2.871166666666667,2.225638554216868,3.2539999999999996,2.6665625,3.494363636363637,3.4455,3.3270000000000004,3.20825,3.0424358974358974,3.25,3.25,3.25,3.25,3.25,3.25,3.25,3.25,3.25,3.25,3.25
1.796,2.015,1.4135714285714287,1.9265999999999996,2.3328571428571427,2.3719999999999994,1.7715000000000003,1.8549999999999998,2.263916666666667,2.5781666666666667,3.707,2.444483870967742,1.9272857142857145,2.4572857142857147,2.899586206896552,2.871166666666667,2.225638554216868,3.2539999999999996,2.6665625,3.494363636363637,3.4455,3.3270000000000004,3.20825,3.0424358974358974,3.25,3.25,3.25,3.25,3.25,3.25,3.25,3.25,3.25,3.25,3.25
1.796,2.015,1.4135714285714287,1.9265999999999996,2.3328571428571427,2.3719999999999994,1.7715000000000003,1.8549999999999998,2.263916666666667,2.5781666666666667,3.707,2.444483870967742,1.9272857142857145,2.4572857142857147,2.899586206896552,2.871166666666667,2.225638554216868,3.2539999999999996,2.6665625,3.494363636363637,3.4455,3.3270000000000004,3.20825,3.0424358974358974,3.25,3.25,3.25,3.25,3.25,3.25,3.25,3.25,3.25,3.25,3.25
1.796,2.015,1.4135714285714287,1.9265999999999996,2.3328571428571427,2.3719999999999994,1.7715000000000003,1.8549999999999998,2.263916666666667,2.5781666666666667,3.707,2.444483870967742,1.9272857142857145,2.4572857142857147,2.899586206896552,2.871166666666667,2.225638554216868,3.2539999999999996,2.6665625,3.494363636363637,3.4455,3.3270000000000004,3.20825,3.0424358974358974,3.25,3.25,3.25,3.25,3.25,3.25,3.25,3.25,3.25,3.25,3.25
1.796,2.015,1.4135714285714287,1.9265999999999996,2.3328571428571427,2.3719999999999994,1.7715000000000003,1.8549999999999998,2.263916666666667,2.5781666666666667,3.707,2.444483870967742,1.9272857142857145,2.4572857142857147,2.899586206896552,2.871166666666667,2.225638554216868,3.2539999999999996,2.6665625,3.494363636363637,3.4455,3.3270000000000004,3.20825,3.0424358974358974,3.25,3.25,3.25,3.25,3.25,3.25,3.25,3.25,3.25,3.25,3.25
1.9572857142857145,2.129,1.4115333333333333,1.9127727272727273,2.6174444444444442,2.3724615384615384,1.8825714285714286,1.927344827586207,2.2203157894736845,2.9767142857142854,3.718,2.488903225806452,1.9235999999999998,2.5127692307692313,3.067903225806451,2.901666666666667,2.643750000000001,2.545,2.681,3.2661000000000002,3.3362307692307693,4.021181818181819,3.4797499999999997,3.17646511627907,3.25,3.25,3.25,3.25,3.25,3.25,3.25,3.25,3.25,3.25,3.25
1.9572857142857145,2.129,1.4115333333333333,1.9127727272727273,2.6174444444444442,2.3724615384615384,1.8825714285714286,1.927344827586207,2.2203157894736845,2.9767142857142854,3.718,2.488903225806452,1.9235999999999998,2.5127692307692313,3.067903225806451,2.901666666666667,2.643750000000001,2.545,2.681,3.2661000000000002,3.3362307692307693,4.021181818181819,3.4797499999999997,3.17646511627907,3.25,3.25,3.25,3.25,3.25,3.25,3.25,3.25,3.25,3.25,3.25
1.9572857142857145,2.129,1.4115333333333333,1.9127727272727273,2.6174444444444442,2.3724615384615384,1.8825714285714286,1.927344827586207,2.2203157894736845,2.9767142857142854,3.718,2.488903225806452,1.9235999999999998,2.5127692307692313,3.067903225806451,2.901666666666667,2.643750000000001,2.545,2.681,3.2661000000000002,3.3362307692307693,4.021181818181819,3.4797499999999997,3.17646511627907,3.25,3.25,3.25,3.25,3.25,3.25,3.25,3.25,3.25,3.25,3.25
1.9572857142857145,2.129,1.4115333333333333,1.9127727272727273,2.6174444444444442,2.3724615384615384,1.8825714285714286,1.927344827586207,2.2203157894736845,2.9767142857142854,3.718,2.488903225806452,1.9235999999999998,2.5127692307692313,3.067903225806451,2.901666666666667,2.643750000000001,2.545,2.681,3.2661000000000002,3.3362307692307693,4.021181818181819,3.4797499999999997,3.17646511627907,3.25,3.25,3.25,3.25,3.25,3.25,3.25,3.25,3.25,3.25,3.25
1.9572857142857145,2.129,1.4115333333333333,1.9127727272727273,2.6174444444444442,2.3724615384615384,1.8825714285714286,1.927344827586207,2.2203157894736845,2.9767142857142854,3.718,2.488903225806452,1.9235999999999998,2.5127692307692313,3.067903225806451,2.901666666666667,2.643750000000001,2.545,2.681,3.2661000000000002,3.3362307692307693,4.021181818181819,3.4797499999999997,3.17646511627907,3.25,3.25,3.25,3.25,3.25,3.25,3.25,3.25,3.25,3.25,3.25
1.9572857142857145,2.129,1.4115333333333333,1.9127727272727273,2.6174444444444442,2.3724615384615384,1.8825714285714286,1.927344827586207,2.2203157894736845,2.9767142857142854,3.718,2.488903225806452,1.9235999999999998,2.5127692307692313,3.067903225806451,2.901666666666667,2.643750000000001,2.545,2.681,3.2661000000000002,3.3362307692307693,4.021181818181819,3.4797499999999997,3.17646511627907,3.25,3.25,3.25,3.25,3.25,3.25,3.25,3.25,3.25,3.25,3.25
1.9572857142857145,2.129,1.4115333333333333,1.9127727272727273,2.6174444444444442,2.3724615384615384,1.8825714285714286,1.927344827586207,2.2203157894736845,2.9767142857142854,3.718,2.488903225806452,1.9235999999999998,2.5127692307692313,3.067903225806451,2.901666666666667,2.643750000000001,2.545,2.681,3.2661000000000002,3.3362307692307693,4.021181818181819,3.4797499999999997,3.17646511627907,3.25,3.25,3.25,3.25,3.25,3.25,3.25,3.25,3.25,3.25,3.25
1.9572857142857145,2.129,1.4115333333333333,1.9127727272727273,2.6174444444444442,2.3724615384615384,1.8825714285714286,1.927344827586207,2.2203157894736845,2.9767142857142854,3.718,2.488903225806452,1.9235999999999998,2.5127692307692313,3.067903225806451,2.901666666666667,2.643750000000001,2.545,2.681,3.2661000000000002,3.3362307692307693,4.021181818181819,3.4797499999999997,3.17646511627907,3.25,3.25,3.25,3.25,3.25,3.25,3.25,3.25,3.25,3.25,3.25
1.9572857142857145,2.129,1.4115333333333333,1.9127727272727273,2.6174444444444442,2.3724615384615384,1.8825714285714286,1.927344827586207,2.2203157894736845,2.9767142857142854,3.718,2.488903225806452,1.9235999999999998,2.5127692307692313,3.067903225806451,2.901666666666667,2.643750000000001,2.545,2.681,3.2661000000000002,3.3362307692307693,4.021181818181819,3.4797499999999997,3.17646511627907,3.25,3.25,3.25,3.25,3.25,3.25,3.25,3.25,3.25,3.25,3.25
1.9572857142857145,2.129,1.4115333333333333,1.9127727272727273,2.6174444444444442,2.3724615384615384,1.8825714285714286,1.927344827586207,2.2203157894736845,2.9767142857142854,3.718,2.488903225806452,1.9235999999999998,2.5127692307692313,3.067903225806451,2.901666666666667,2.643750000000001,2.545,2.681,3.2661000000000002,3.3362307692307693,4.021181818181819,3.4797499999999997,3.17646511627907,3.25,3.25,3.25,3.25,3.25,3.25,3.25,3.25,3.25,3.25,3.25
1.9572857142857145,2.129,1.4115333333333333,1.9127727272727273,2.6174444444444442,2.3724615384615384,1.8825714285714286,1.927344827586207,2.2203157894736845,2.9767142857142854,3.718,2.488903225806452,1.9235999999999998,2.5127692307692313,3.067903225806451,2.901666666666667,2.643750000000001,2.545,2.681,3.2661000000000002,3.3362307692307693,4.021181818181819,3.4797499999999997,3.17646511627907,3.25,3.25,3.25,3.25,3.25,3.25,3.25,3.25,3.25,3.25,3.25
1.9572857142857145,2.129,1.4115333333333333,1.9127727272727273,2.6174444444444442,2.3724615384615384,1.8825714285714286,1.927344827586207,2.2203157894736845,2.9767142857142854,3.718,2.488903225806452,1.9235999999999998,2.5127692307692313,3.067903225806451,2.901666666666667,2.643750000000001,2.545,2.681,3.2661000000000002,3.3362307692307693,4.021181818181819,3.4797499999999997,3.17646511627907,3.25,3.25,3.25,3.25,3.25,3.25,3.25,3.25,3.25,3.25,3.25
1.9572857142857145,2.129,1.4115333333333333,1.9127727272727273,2.6174444444444442,2.3724615384615384,1.8825714285714286,1.927344827586207,2.2203157894736845,2.9767142857142854,3.718,2.488903225806452,1.9235999999999998,2.5127692307692313,3.067903225806451,2.901666666666667,2.643750000000001,2.545,2.681,3.2661000000000002,3.3362307692307693,4.021181818181819,3.4797499999999997,3.17646511627907,3.25,3.25,3.25,3.25,3.25,3.25,3.25,3.25,3.25,3.25,3.25
1.9572857142857145,2.129,1.4115333333333333,1.9127727272727273,2.6174444444444442,2.3724615384615384,1.8825714285714286,1.927344827586207,2.2203157894736845,2.9767142857142854,3.718,2.488903225806452,1.9235999999999998,2.5127692307692313,3.067903225806451,2.901666666666667,2.643750000000001,2.545,2.681,3.2661000000000002,3.3362307692307693,4.021181818181819,3.4797499999999997,3.17646511627907,3.25,3.25,3.25,3.25,3.25,3.25,3.25,3.25,3.25,3.25,3.25
1.9572857142857145,2.129,1.4115333333333333,1.9127727272727273,2.6174444444444442,2.3724615384615384,1.8825714285714286,1.927344827586207,2.2203157894736845,2.9767142857142854,3.718,2.488903225806452,1.9235999999999998,2.5127692307692313,3.067903225806451,2.901666666666667,2.643750000000001,2.545,2.681,3.2661000000000002,3.3362307692307693,4.021181818181819,3.4797499999999997,3.17646511627907,3.25,3.25,3.25,3.25,3.25,3.25,3.25,3.25,3.25,3.25,3.25
1.9572857142857145,2.129,1.4115333333333333,1.9127727272727273,2.6174444444444442,2.3724615384615384,1.8825714285714286,1.927344827586207,2.2203157894736845,2.9767142857142854,3.718,2.488903225806452,1.9235999999999998,2.5127692307692313,3.067903225806451,2.901666666666667,2.643750000000001,2.545,2.681,3.2661000000000002,3.3362307692307693,4.021181818181819,3.4797499999999997,3.17646511627907,3.25,3.25,3.25,3.25,3.25,3.25,3.25,3.25,3.25,3.25,3.25
1.9572857142857145,2.129,1.4115333333333333,1.9127727272727273,2.6174444444444442,2.3724615384615384,1.8825714285714286,1.927344827586207,2.2203157894736845,2.9767142857142854,3.718,2.488903225806452,1.9235999999999998,2.5127692307692313,3.067903225806451,2.901666666666667,2.643750000000001,2.545,2.681,3.2661000000000002,3.3362307692307693,4.021181818181819,3.4797499999999997,3.17646511627907,3.25,3.25,3.25,3.25,3.25,3.25,3.25,3.25,3.25,3.25,3.25
1.9572857142857145,2.129,1.4115333333333333,1.9127727272727273,2.6174444444444442,2.3724615384615384,1.8825714285714286,1.927344827586207,2.2203157894736845,2.9767142857142854,3.718,2.488903225806452,1.9235999999999998,2.5127692307692313,3.067903225806451,2.901666666666667,2.643750000000001,2.545,2.681,3.2661000000000002,3.3362307692307693,4.021181818181819,3.4797499999999997,3.17646511627907,3.25,3.25,3.25,3.25,3.25,3.25,3.25,3.25,3.25,3.25,3.25
1.9572857142857145,2.129,1.4115333333333333,1.9127727272727273,2.6174444444444442,2.3724615384615384,1.8825714285714286,1.927344827586207,2.2203157894736845,2.9767142857142854,3.718,2.488903225806452,1.9235999999999998,2.5127692307692313,3.067903225806451,2.901666666666667,2.643750000000001,2.545,2.681,3.2661000000000002,3.3362307692307693,4.021181818181819,3.4797499999999997,3.17646511627907,3.25,3.25,3.25,3.25,3.25,3.25,3.25,3.25,3.25,3.25,3.25
1.9572857142857145,2.129,1.4115333333333333,1.9127727272727273,2.6174444444444442,2.3724615384615384,1.8825714285714286,1.927344827586207,2.2203157894736845,2.9767142857142854,3.718,2.488903225806452,1.9235999999999998,2.5127692307692313,3.067903225806451,2.901666666666667,2.643750000000001,2.545,2.681,3.2661000000000002,3.3362307692307693,4.021181818181819,3.4797499999999997,3.17646511627907,3.25,3.25,3.25,3.25,3.25,3.25,3.25,3.25,3.25,3.25,3.25
1.9572857142857145,2.129,1.4115333333333333,1.9127727272727273,2.6174444444444442,2.3724615384615384,1.8825714285714286,1.927344827586207,2.2203157894736845,2.9767142857142854,3.718,2.488903225806452,1.9235999999999998,2.5127692307692313,3.067903225806451,2.901666666666667,2.643750000000001,2.545,2.681,3.2661000000000002,3.3362307692307693,4.021181818181819,3.4797499999999997,3.17646511627907,3.25,3.25,3.25,3.25,3.25,3.25,3.25,3.25,3.25,3.25,3.25
1.9572857142857145,2.129,1.4115333333333333,1.9127727272727273,2.6174444444444442,2.3724615384615384,1.8825714285714286,1.927344827586207,2.2203157894736845,2.9767142857142854,3.718,2.488903225806452,1.9235999999999998,2.5127692307692313,3.067903225806451,2.901666666666667,2.643750000000001,2.545,2.681,3.2661000000000002,3.3362307692307693,4.021181818181819,3.4797499999999997,3.17646511627907,3.25,3.25,3.25,3.25,3.25,3.25,3.25,3.25,3.25,3.25,3.25
1.9572857142857145,2.129,1.4115333333333333,1.9127727272727273,2.6174444444444442,2.3724615384615384,1.8825714285714286,1.927344827586207,2.2203157894736845,2.9767142857142854,3.718,2.488903225806452,1.9235999999999998,2.5127692307692313,3.067903225806451,2.901666666666667,2.643750000000001,2.545,2.681,3.2661000000000002,3.3362307692307693,4.021181818181819,3.4797499999999997,3.17646511627907,3.25,3.25,3.25,3.25,3.25,3.25,3.25,3.25,3.25,3.25,3.25
1.9572857142857145,2.129,1.4115333333333333,1.9127727272727273,2.6174444444444442,2.3724615384615384,1.8825714285714286,1.927344827586207,2.2203157894736845,2.9767142857142854,3.718,2.488903225806452,1.9235999999999998,2.5127692307692313,3.067903225806451,2.901666666666667,2.643750000000001,2.545,2.681,3.2661000000000002,3.3362307692307693,4.021181818181819,3.4797499999999997,3.17646511627907,3.25,3.25,3.25,3.25,3.25,3.25,3.25,3.25,3.25,3.25,3.25
1.9572857142857145,2.129,1.4115333333333333,1.9127727272727273,2.6174444444444442,2.3724615384615384,1.8825714285714286,1.927344827586207,2.2203157894736845,2.9767142857142854,3.718,2.488903225806452,1.9235999999999998,2.5127692307692313,3.067903225806451,2.901666666666667,2.643750000000001,2.545,2.681,3.2661000000000002,3.3362307692307693,4.021181818181819,3.4797499999999997,3.17646511627907,3.25,3.25,3.25,3.25,3.25,3.25,3.25,3.25,3.25,3.25,3.25
1.9572857142857145,2.129,1.4115333333333333,1.9127727272727273,2.6174444444444442,2.3724615384615384,1.8825714285714286,1.927344827586207,2.2203157894736845,2.9767142857142854,3.718,2.488903225806452,1.9235999999999998,2.5127692307692313,3.067903225806451,2.901666666666667,2.643750000000001,2.545,2.681,3.2661000000000002,3.3362307692307693,4.021181818181819,3.4797499999999997,3.17646511627907,3.25,3.25,3.25,3.25,3.25,3.25,3.25,3.25,3.25,3.25,3.25
1.9572857142857145,2.129,1.4115333333333333,1.9127727272727273,2.6174444444444442,2.3724615384615384,1.8825714285714286,1.927344827586207,2.2203157894736845,2.9767142857142854,3.718,2.488903225806452,1.9235999999999998,2.5127692307692313,3.067903225806451,2.901666666666667,2.643750000000001,2.545,2.681,3.2661000000000002,3.3362307692307693,4.021181818181819,3.4797499999999997,3.17646511627907,3.25,3.25,3.25,3.25,3.25,3.25,3.25,3.25,3.25,3.25,3.25
1.9572857142857145,2.129,1.4115333333333333,1.9127727272727273,2.6174444444444442,2.3724615384615384,1.8825714285714286,1.927344827586207,2.2203157894736845,2.9767142857142854,3.718,2.488903225806452,1.9235999999999998,2.5127692307692313,3.067903225806451,2.901666666666667,2.643750000000001,2.545,2.681,3.2661000000000002,3.3362307692307693,4.021181818181819,3.4797499999999997,3.17646511627907,3.25,3.25,3.25,3.25,3.25,3.25,3.25,3.25,3.25,3.25,3.25
1.9572857142857145,2.129,1.4115333333333333,1.9127727272727273,2.6174444444444442,2.3724615384615384,1.8825714285714286,1.927344827586207,2.2203157894736845,2.9767142857142854,3.718,2.488903225806452,1.9235999999999998,2.5127692307692313,3.067903225806451,2.901666666666667,2.643750000000001,2.545,2.681,3.2661000000000002,3.3362307692307693,4.021181818181819,3.4797499999999997,3.17646511627907,3.25,3.25,3.25,3.25,3.25,3.25,3.25,3.25,3.25,3.25,3.25
1.9572857142857145,2.129,1.4115333333333333,1.9127727272727273,2.6174444444444442,2.3724615384615384,1.8825714285714286,1.927344827586207,2.2203157894736845,2.9767142857142854,3.718,2.488903225806452,1.9235999999999998,2.5127692307692313,3.067903225806451,2.901666666666667,2.643750000000001,2.545,2.681,3.2661000000000002,3.3362307692307693,4.021181818181819,3.4797499999999997,3.17646511627907,3.25,3.25,3.25,3.25,3.25,3.25,3.25,3.25,3.25,3.25,3.25
1.832571428571428,2.3819999999999997,1.4,1.8308571428571425,2.5388571428571427,2.5028125,1.937391304347826,1.8704333333333338,2.4462941176470587,2.8734285714285717,3.68,2.5156896551724137,2.1104285714285713,2.5646296296296294,3.344028571428572,3.3904285714285707,2.8365494505494495,2.444,2.7961333333333336,4.962375,3.7504117647058823,3.949681818181818,3.99996,2.986583333333334,3.25,3.25,3.25,3.25,3.25,3.25,3.25,3.25,3.25,3.25,3.25
1.832571428571428,2.3819999999999997,1.4,1.8308571428571425,2.5388571428571427,2.5028125,1.937391304347826,1.8704333333333338,2.4462941176470587,2.8734285714285717,3.68,2.5156896551724137,2.1104285714285713,2.5646296296296294,3.344028571428572,3.3904285714285707,2.8365494505494495,2.444,2.7961333333333336,4.962375,3.7504117647058823,3.949681818181818,3.99996,2.986583333333334,3.25,3.25,3.25,3.25,3.25,3.25,3.25,3.25,3.25,3.25,3.25
1.832571428571428,2.3819999999999997,1.4,1.8308571428571425,2.5388571428571427,2.5028125,1.937391304347826,1.8704333333333338,2.4462941176470587,2.8734285714285717,3.68,2.5156896551724137,2.1104285714285713,2.5646296296296294,3.344028571428572,3.3904285714285707,2.8365494505494495,2.444,2.7961333333333336,4.962375,3.7504117647058823,3.949681818181818,3.99996,2.986583333333334,3.25,3.25,3.25,3.25,3.25,3.25,3.25,3.25,3.25,3.25,3.25
1.832571428571428,2.3819999999999997,1.4,1.8308571428571425,2.5388571428571427,2.5028125,1.937391304347826,1.8704333333333338,2.4462941176470587,2.8734285714285717,3.68,2.5156896551724137,2.1104285714285713,2.5646296296296294,3.344028571428572,3.3904285714285707,2.8365494505494495,2.444,2.7961333333333336,4.962375,3.7504117647058823,3.949681818181818,3.99996,2.986583333333334,3.25,3.25,3.25,3.25,3.25,3.25,3.25,3.25,3.25,3.25,3.25
1.832571428571428,2.3819999999999997,1.4,1.8308571428571425,2.5388571428571427,2.5028125,1.937391304347826,1.8704333333333338,2.4462941176470587,2.8734285714285717,3.68,2.5156896551724137,2.1104285714285713,2.5646296296296294,3.344028571428572,3.3904285714285707,2.8365494505494495,2.444,2.7961333333333336,4.962375,3.7504117647058823,3.949681818181818,3.99996,2.986583333333334,3.25,3.25,3.25,3.25,3.25,3.25,3.25,3.25,3.25,3.25,3.25
1.832571428571428,2.3819999999999997,1.4,1.8308571428571425,2.5388571428571427,2.5028125,1.937391304347826,1.8704333333333338,2.4462941176470587,2.8734285714285717,3.68,2.5156896551724137,2.1104285714285713,2.5646296296296294,3.344028571428572,3.3904285714285707,2.8365494505494495,2.444,2.7961333333333336,4.962375,3.7504117647058823,3.949681818181818,3.99996,2.986583333333334,3.25,3.25,3.25,3.25,3.25,3.25,3.25,3.25,3.25,3.25,3.25
1.832571428571428,2.3819999999999997,1.4,1.8308571428571425,2.5388571428571427,2.5028125,1.937391304347826,1.8704333333333338,2.4462941176470587,2.8734285714285717,3.68,2.5156896551724137,2.1104285714285713,2.5646296296296294,3.344028571428572,3.3904285714285707,2.8365494505494495,2.444,2.7961333333333336,4.962375,3.7504117647058823,3.949681818181818,3.99996,2.986583333333334,3.25,3.25,3.25,3.25,3.25,3.25,3.25,3.25,3.25,3.25,3.25
1.832571428571428,2.3819999999999997,1.4,1.8308571428571425,2.5388571428571427,2.5028125,1.937391304347826,1.8704333333333338,2.4462941176470587,2.8734285714285717,3.68,2.5156896551724137,2.1104285714285713,2.5646296296296294,3.344028571428572,3.3904285714285707,2.8365494505494495,2.444,2.7961333333333336,4.962375,3.7504117647058823,3.949681818181818,3.99996,2.986583333333334,3.25,3.25,3.25,3.25,3.25,3.25,3.25,3.25,3.25,3.25,3.25
1.832571428571428,2.3819999999999997,1.4,1.8308571428571425,2.5388571428571427,2.5028125,1.937391304347826,1.8704333333333338,2.4462941176470587,2.8734285714285717,3.68,2.5156896551724137,2.1104285714285713,2.5646296296296294,3.344028571428572,3.3904285714285707,2.8365494505494495,2.444,2.7961333333333336,4.962375,3.7504117647058823,3.949681818181818,3.99996,2.986583333333334,3.25,3.25,3.25,3.25,3.25,3.25,3.25,3.25,3.25,3.25,3.25
1.832571428571428,2.3819999999999997,1.4,1.8308571428571425,2.5388571428571427,2.5028125,1.937391304347826,1.8704333333333338,2.4462941176470587,2.8734285714285717,3.68,2.5156896551724137,2.1104285714285713,2.5646296296296294,3.344028571428572,3.3904285714285707,2.8365494505494495,2.444,2.7961333333333336,4.962375,3.7504117647058823,3.949681818181818,3.99996,2.986583333333334,3.25,3.25,3.25,3.25,3.25,3.25,3.25,3.25,3.25,3.25,3.25
1.832571428571428,2.3819999999999997,1.4,1.8308571428571425,2.5388571428571427,2.5028125,1.937391304347826,1.8704333333333338,2.4462941176470587,2.8734285714285717,3.68,2.5156896551724137,2.1104285714285713,2.5646296296296294,3.344028571428572,3.3904285714285707,2.8365494505494495,2.444,2.7961333333333336,4.962375,3.7504117647058823,3.949681818181818,3.99996,2.986583333333334,3.25,3.25,3.25,3.25,3.25,3.25,3.25,3.25,3.25,3.25,3.25
1.832571428571428,2.3819999999999997,1.4,1.8308571428571425,2.5388571428571427,2.5028125,1.937391304347826,1.8704333333333338,2.4462941176470587,2.8734285714285717,3.68,2.5156896551724137,2.1104285714285713,2.5646296296296294,3.344028571428572,3.3904285714285707,2.8365494505494495,2.444,2.7961333333333336,4.962375,3.7504117647058823,3.949681818181818,3.99996,2.986583333333334,3.25,3.25,3.25,3.25,3.25,3.25,3.25,3.25,3.25,3.25,3.25
1.832571428571428,2.3819999999999997,1.4,1.8308571428571425,2.5388571428571427,2.5028125,1.937391304347826,1.8704333333333338,2.4462941176470587,2.8734285714285717,3.68,2.5156896551724137,2.1104285714285713,2.5646296296296294,3.344028571428572,3.3904285714285707,2.8365494505494495,2.444,2.7961333333333336,4.962375,3.7504117647058823,3.949681818181818,3.99996,2.986583333333334,3.25,3.25,3.25,3.25,3.25,3.25,3.25,3.25,3.25,3.25,3.25
1.832571428571428,2.3819999999999997,1.4,1.8308571428571425,2.5388571428571427,2.5028125,1.937391304347826,1.8704333333333338,2.4462941176470587,2.8734285714285717,3.68,2.5156896551724137,2.1104285714285713,2.5646296296296294,3.344028571428572,3.3904285714285707,2.8365494505494495,2.444,2.7961333333333336,4.962375,3.7504117647058823,3.949681818181818,3.99996,2.986583333333334,3.25,3.25,3.25,3.25,3.25,3.25,3.25,3.25,3.25,3.25,3.25
1.832571428571428,2.3819999999999997,1.4,1.8308571428571425,2.5388571428571427,2.5028125,1.937391304347826,1.8704333333333338,2.4462941176470587,2.8734285714285717,3.68,2.5156896551724137,2.1104285714285713,2.5646296296296294,3.344028571428572,3.3904285714285707,2.8365494505494495,2.444,2.7961333333333336,4.962375,3.7504117647058823,3.949681818181818,3.99996,2.986583333333334,3.25,3.25,3.25,3.25,3.25,3.25,3.25,3.25,3.25,3.25,3.25
1.832571428571428,2.3819999999999997,1.4,1.8308571428571425,2.5388571428571427,2.5028125,1.937391304347826,1.8704333333333338,2.4462941176470587,2.8734285714285717,3.68,2.5156896551724137,2.1104285714285713,2.5646296296296294,3.344028571428572,3.3904285714285707,2.8365494505494495,2.444,2.7961333333333336,4.962375,3.7504117647058823,3.949681818181818,3.99996,2.986583333333334,3.25,3.25,3.25,3.25,3.25,3.25,3.25,3.25,3.25,3.25,3.25
1.832571428571428,2.3819999999999997,1.4,1.8308571428571425,2.5388571428571427,2.5028125,1.937391304347826,1.8704333333333338,2.4462941176470587,2.8734285714285717,3.68,2.5156896551724137,2.1104285714285713,2.5646296296296294,3.344028571428572,3.3904285714285707,2.8365494505494495,2.444,2.7961333333333336,4.962375,3.7504117647058823,3.949681818181818,3.99996,2.986583333333334,3.25,3.25,3.25,3.25,3.25,3.25,3.25,3.25,3.25,3.25,3.25
1.832571428571428,2.3819999999999997,1.4,1.8308571428571425,2.5388571428571427,2.5028125,1.937391304347826,1.8704333333333338,2.4462941176470587,2.8734285714285717,3.68,2.5156896551724137,2.1104285714285713,2.5646296296296294,3.344028571428572,3.3904285714285707,2.8365494505494495,2.444,2.7961333333333336,4.962375,3.7504117647058823,3.949681818181818,3.99996,2.986583333333334,3.25,3.25,3.25,3.25,3.25,3.25,3.25,3.25,3.25,3.25,3.25
1.832571428571428,2.3819999999999997,1.4,1.8308571428571425,2.5388571428571427,2.5028125,1.937391304347826,1.8704333333333338,2.4462941176470587,2.8734285714285717,3.68,2.5156896551724137,2.1104285714285713,2.5646296296296294,3.344028571428572,3.3904285714285707,2.8365494505494495,2.444,2.7961333333333336,4.962375,3.7504117647058823,3.949681818181818,3.99996,2.986583333333334,3.25,3.25,3.25,3.25,3.25,3.25,3.25,3.25,3.25,3.25,3.25
1.832571428571428,2.3819999999999997,1.4,1.8308571428571425,2.5388571428571427,2.5028125,1.937391304347826,1.8704333333333338,2.4462941176470587,2.8734285714285717,3.68,2.5156896551724137,2.1104285714285713,2.5646296296296294,3.344028571428572,3.3904285714285707,2.8365494505494495,2.444,2.7961333333333336,4.962375,3.7504117647058823,3.949681818181818,3.99996,2.986583333333334,3.25,3.25,3.25,3.25,3.25,3.25,3.25,3.25,3.25,3.25,3.25
1.832571428571428,2.3819999999999997,1.4,1.8308571428571425,2.5388571428571427,2.5028125,1.937391304347826,1.8704333333333338,2.4462941176470587,2.8734285714285717,3.68,2.5156896551724137,2.1104285714285713,2.5646296296296294,3.344028571428572,3.3904285714285707,2.8365494505494495,2.444,2.7961333333333336,4.962375,3.7504117647058823,3.949681818181818,3.99996,2.986583333333334,3.25,3.25,3.25,3.25,3.25,3.25,3.25,3.25,3.25,3.25,3.25
1.832571428571428,2.3819999999999997,1.4,1.8308571428571425,2.5388571428571427,2.5028125,1.937391304347826,1.8704333333333338,2.4462941176470587,2.8734285714285717,3.68,2.5156896551724137,2.1104285714285713,2.5646296296296294,3.344028571428572,3.3904285714285707,2.8365494505494495,2.444,2.7961333333333336,4.962375,3.7504117647058823,3.949681818181818,3.99996,2.986583333333334,3.25,3.25,3.25,3.25,3.25,3.25,3.25,3.25,3.25,3.25,3.25
1.832571428571428,2.3819999999999997,1.4,1.8308571428571425,2.5388571428571427,2.5028125,1.937391304347826,1.8704333333333338,2.4462941176470587,2.8734285714285717,3.68,2.5156896551724137,2.1104285714285713,2.5646296296296294,3.344028571428572,3.3904285714285707,2.8365494505494495,2.444,2.7961333333333336,4.962375,3.7504117647058823,3.949681818181818,3.99996,2.986583333333334,3.25,3.25,3.25,3.25,3.25,3.25,3.25,3.25,3.25,3.25,3.25
1.832571428571428,2.3819999999999997,1.4,1.8308571428571425,2.5388571428571427,2.5028125,1.937391304347826,1.8704333333333338,2.4462941176470587,2.8734285714285717,3.68,2.5156896551724137,2.1104285714285713,2.5646296296296294,3.344028571428572,3.3904285714285707,2.8365494505494495,2.444,2.7961333333333336,4.962375,3.7504117647058823,3.949681818181818,3.99996,2.986583333333334,3.25,3.25,3.25,3.25,3.25,3.25,3.25,3.25,3.25,3.25,3.25
1.832571428571428,2.3819999999999997,1.4,1.8308571428571425,2.5388571428571427,2.5028125,1.937391304347826,1.8704333333333338,2.4462941176470587,2.8734285714285717,3.68,2.5156896551724137,2.1104285714285713,2.5646296296296294,3.344028571428572,3.3904285714285707,2.8365494505494495,2.444,2.7961333333333336,4.962375,3.7504117647058823,3.949681818181818,3.99996,2.986583333333334,3.25,3.25,3.25,3.25,3.25,3.25,3.25,3.25,3.25,3.25,3.25
1.832571428571428,2.3819999999999997,1.4,1.8308571428571425,2.5388571428571427,2.5028125,1.937391304347826,1.8704333333333338,2.4462941176470587,2.8734285714285717,3.68,2.5156896551724137,2.1104285714285713,2.5646296296296294,3.344028571428572,3.3904285714285707,2.8365494505494495,2.444,2.7961333333333336,4.962375,3.7504117647058823,3.949681818181818,3.99996,2.986583333333334,3.25,3.25,3.25,3.25,3.25,3.25,3.25,3.25,3.25,3.25,3.25
1.832571428571428,2.3819999999999997,1.4,1.8308571428571425,2.5388571428571427,2.5028125,1.937391304347826,1.8704333333333338,2.4462941176470587,2.8734285714285717,3.68,2.5156896551724137,2.1104285714285713,2.5646296296296294,3.344028571428572,3.3904285714285707,2.8365494505494495,2.444,2.7961333333333336,4.962375,3.7504117647058823,3.949681818181818,3.99996,2.986583333333334,3.25,3.25,3.25,3.25,3.25,3.25,3.25,3.25,3.25,3.25,3.25
1.832571428571428,2.3819999999999997,1.4,1.8308571428571425,2.5388571428571427,2.5028125,1.937391304347826,1.8704333333333338,2.4462941176470587,2.8734285714285717,3.68,2.5156896551724137,2.1104285714285713,2.5646296296296294,3.344028571428572,3.3904285714285707,2.8365494505494495,2.444,2.7961333333333336,4.962375,3.7504117647058823,3.949681818181818,3.99996,2.986583333333334,3.25,3.25,3.25,3.25,3.25,3.25,3.25,3.25,3.25,3.25,3.25
1.832571428571428,2.3819999999999997,1.4,1.8308571428571425,2.5388571428571427,2.5028125,1.937391304347826,1.8704333333333338,2.4462941176470587,2.8734285714285717,3.68,2.5156896551724137,2.1104285714285713,2.5646296296296294,3.344028571428572,3.3904285714285707,2.8365494505494495,2.444,2.7961333333333336,4.962375,3.7504117647058823,3.949681818181818,3.99996,2.986583333333334,3.25,3.25,3.25,3.25,3.25,3.25,3.25,3.25,3.25,3.25,3.25
1.832571428571428,2.3819999999999997,1.4,1.8308571428571425,2.5388571428571427,2.5028125,1.937391304347826,1.8704333333333338,2.4462941176470587,2.8734285714285717,3.68,2.5156896551724137,2.1104285714285713,2.5646296296296294,3.344028571428572,3.3904285714285707,2.8365494505494495,2.444,2.7961333333333336,4.962375,3.7504117647058823,3.949681818181818,3.99996,2.986583333333334,3.25,3.25,3.25,3.25,3.25,3.25,3.25,3.25,3.25,3.25,3.25
1.832571428571428,2.3819999999999997,1.4,1.8308571428571425,2.5388571428571427,2.5028125,1.937391304347826,1.8704333333333338,2.4462941176470587,2.8734285714285717,3.68,2.5156896551724137,2.1104285714285713,2.5646296296296294,3.344028571428572,3.3904285714285707,2.8365494505494495,2.444,2.7961333333333336,4.962375,3.7504117647058823,3.949681818181818,3.99996,2.986583333333334,3.25,3.25,3.25,3.25,3.25,3.25,3.25,3.25,3.25,3.25,3.25
1.7584285714285715,2.051,1.4372666666666662,1.9527727272727273,2.452625,2.4937500000000004,1.9351851851851847,1.8119999999999998,2.4685238095238105,2.8415714285714286,3.6914999999999996,2.538548387096774,2.297888888888889,2.8055909090909092,3.264470588235294,3.6522727272727273,2.9005151515151515,2.889866666666667,3.6280625,5.884631578947367,5.174933333333334,4.248280000000001,3.885249999999999,3.0124571428571425,3.25,3.25,3.25,3.25,3.25,3.25,3.25,3.25,3.25,3.25,3.25
1.7584285714285715,2.051,1.4372666666666662,1.9527727272727273,2.452625,2.4937500000000004,1.9351851851851847,1.8119999999999998,2.4685238095238105,2.8415714285714286,3.6914999999999996,2.538548387096774,2.297888888888889,2.8055909090909092,3.264470588235294,3.6522727272727273,2.9005151515151515,2.889866666666667,3.6280625,5.884631578947367,5.174933333333334,4.248280000000001,3.885249999999999,3.0124571428571425,3.25,3.25,3.25,3.25,3.25,3.25,3.25,3.25,3.25,3.25,3.25
1.7584285714285715,2.051,1.4372666666666662,1.9527727272727273,2.452625,2.4937500000000004,1.9351851851851847,1.8119999999999998,2.4685238095238105,2.8415714285714286,3.6914999999999996,2.538548387096774,2.297888888888889,2.8055909090909092,3.264470588235294,3.6522727272727273,2.9005151515151515,2.889866666666667,3.6280625,5.884631578947367,5.174933333333334,4.248280000000001,3.885249999999999,3.0124571428571425,3.25,3.25,3.25,3.25,3.25,3.25,3.25,3.25,3.25,3.25,3.25
1.7584285714285715,2.051,1.4372666666666662,1.9527727272727273,2.452625,2.4937500000000004,1.9351851851851847,1.8119999999999998,2.4685238095238105,2.8415714285714286,3.6914999999999996,2.538548387096774,2.297888888888889,2.8055909090909092,3.264470588235294,3.6522727272727273,2.9005151515151515,2.889866666666667,3.6280625,5.884631578947367,5.174933333333334,4.248280000000001,3.885249999999999,3.0124571428571425,3.25,3.25,3.25,3.25,3.25,3.25,3.25,3.25,3.25,3.25,3.25
1.7584285714285715,2.051,1.4372666666666662,1.9527727272727273,2.452625,2.4937500000000004,1.9351851851851847,1.8119999999999998,2.4685238095238105,2.8415714285714286,3.6914999999999996,2.538548387096774,2.297888888888889,2.8055909090909092,3.264470588235294,3.6522727272727273,2.9005151515151515,2.889866666666667,3.6280625,5.884631578947367,5.174933333333334,4.248280000000001,3.885249999999999,3.0124571428571425,3.25,3.25,3.25,3.25,3.25,3.25,3.25,3.25,3.25,3.25,3.25
1.7584285714285715,2.051,1.4372666666666662,1.9527727272727273,2.452625,2.4937500000000004,1.9351851851851847,1.8119999999999998,2.4685238095238105,2.8415714285714286,3.6914999999999996,2.538548387096774,2.297888888888889,2.8055909090909092,3.264470588235294,3.6522727272727273,2.9005151515151515,2.889866666666667,3.6280625,5.884631578947367,5.174933333333334,4.248280000000001,3.885249999999999,3.0124571428571425,3.25,3.25,3.25,3.25,3.25,3.25,3.25,3.25,3.25,3.25,3.25
1.7584285714285715,2.051,1.4372666666666662,1.9527727272727273,2.452625,2.4937500000000004,1.9351851851851847,1.8119999999999998,2.4685238095238105,2.8415714285714286,3.6914999999999996,2.538548387096774,2.297888888888889,2.8055909090909092,3.264470588235294,3.6522727272727273,2.9005151515151515,2.889866666666667,3.6280625,5.884631578947367,5.174933333333334,4.248280000000001,3.885249999999999,3.0124571428571425,3.25,3.25,3.25,3.25,3.25,3.25,3.25,3.25,3.25,3.25,3.25
1.7584285714285715,2.051,1.4372666666666662,1.9527727272727273,2.452625,2.4937500000000004,1.9351851851851847,1.8119999999999998,2.4685238095238105,2.8415714285714286,3.6914999999999996,2.538548387096774,2.297888888888889,2.8055909090909092,3.264470588235294,3.6522727272727273,2.9005151515151515,2.889866666666667,3.6280625,5.884631578947367,5.174933333333334,4.248280000000001,3.885249999999999,3.0124571428571425,3.25,3.25,3.25,3.25,3.25,3.25,3.25,3.25,3.25,3.25,3.25
1.7584285714285715,2.051,1.4372666666666662,1.9527727272727273,2.452625,2.4937500000000004,1.9351851851851847,1.8119999999999998,2.4685238095238105,2.8415714285714286,3.6914999999999996,2.538548387096774,2.297888888888889,2.8055909090909092,3.264470588235294,3.6522727272727273,2.9005151515151515,2.889866666666667,3.6280625,5.884631578947367,5.174933333333334,4.248280000000001,3.885249999999999,3.0124571428571425,3.25,3.25,3.25,3.25,3.25,3.25,3.25,3.25,3.25,3.25,3.25
1.7584285714285715,2.051,1.4372666666666662,1.9527727272727273,2.452625,2.4937500000000004,1.9351851851851847,1.8119999999999998,2.4685238095238105,2.8415714285714286,3.6914999999999996,2.538548387096774,2.297888888888889,2.8055909090909092,3.264470588235294,3.6522727272727273,2.9005151515151515,2.889866666666667,3.6280625,5.884631578947367,5.174933333333334,4.248280000000001,3.885249999999999,3.0124571428571425,3.25,3.25,3.25,3.25,3.25,3.25,3.25,3.25,3.25,3.25,3.25
1.7584285714285715,2.051,1.4372666666666662,1.9527727272727273,2.452625,2.4937500000000004,1.9351851851851847,1.8119999999999998,2.4685238095238105,2.8415714285714286,3.6914999999999996,2.538548387096774,2.297888888888889,2.8055909090909092,3.264470588235294,3.6522727272727273,2.9005151515151515,2.889866666666667,3.6280625,5.884631578947367,5.174933333333334,4.248280000000001,3.885249999999999,3.0124571428571425,3.25,3.25,3.25,3.25,3.25,3.25,3.25,3.25,3.25,3.25,3.25
1.7584285714285715,2.051,1.4372666666666662,1.9527727272727273,2.452625,2.4937500000000004,1.9351851851851847,1.8119999999999998,2.4685238095238105,2.8415714285714286,3.6914999999999996,2.538548387096774,2.297888888888889,2.8055909090909092,3.264470588235294,3.6522727272727273,2.9005151515151515,2.889866666666667,3.6280625,5.884631578947367,5.174933333333334,4.248280000000001,3.885249999999999,3.0124571428571425,3.25,3.25,3.25,3.25,3.25,3.25,3.25,3.25,3.25,3.25,3.25
1.7584285714285715,2.051,1.4372666666666662,1.9527727272727273,2.452625,2.4937500000000004,1.9351851851851847,1.8119999999999998,2.4685238095238105,2.8415714285714286,3.6914999999999996,2.538548387096774,2.297888888888889,2.8055909090909092,3.264470588235294,3.6522727272727273,2.9005151515151515,2.889866666666667,3.6280625,5.884631578947367,5.174933333333334,4.248280000000001,3.885249999999999,3.0124571428571425,3.25,3.25,3.25,3.25,3.25,3.25,3.25,3.25,3.25,3.25,3.25
1.7584285714285715,2.051,1.4372666666666662,1.9527727272727273,2.452625,2.4937500000000004,1.9351851851851847,1.8119999999999998,2.4685238095238105,2.8415714285714286,3.6914999999999996,2.538548387096774,2.297888888888889,2.8055909090909092,3.264470588235294,3.6522727272727273,2.9005151515151515,2.889866666666667,3.6280625,5.884631578947367,5.174933333333334,4.248280000000001,3.885249999999999,3.0124571428571425,3.25,3.25,3.25,3.25,3.25,3.25,3.25,3.25,3.25,3.25,3.25
1.7584285714285715,2.051,1.4372666666666662,1.9527727272727273,2.452625,2.4937500000000004,1.9351851851851847,1.8119999999999998,2.4685238095238105,2.8415714285714286,3.6914999999999996,2.538548387096774,2.297888888888889,2.8055909090909092,3.264470588235294,3.6522727272727273,2.9005151515151515,2.889866666666667,3.6280625,5.884631578947367,5.174933333333334,4.248280000000001,3.885249999999999,3.0124571428571425,3.25,3.25,3.25,3.25,3.25,3.25,3.25,3.25,3.25,3.25,3.25
1.7584285714285715,2.051,1.4372666666666662,1.9527727272727273,2.452625,2.4937500000000004,1.9351851851851847,1.8119999999999998,2.4685238095238105,2.8415714285714286,3.6914999999999996,2.538548387096774,2.297888888888889,2.8055909090909092,3.264470588235294,3.6522727272727273,2.9005151515151515,2.889866666666667,3.6280625,5.884631578947367,5.174933333333334,4.248280000000001,3.885249999999999,3.0124571428571425,3.25,3.25,3.25,3.25,3.25,3.25,3.25,3.25,3.25,3.25,3.25
1.7584285714285715,2.051,1.4372666666666662,1.9527727272727273,2.452625,2.4937500000000004,1.9351851851851847,1.8119999999999998,2.4685238095238105,2.8415714285714286,3.6914999999999996,2.538548387096774,2.297888888888889,2.8055909090909092,3.264470588235294,3.6522727272727273,2.9005151515151515,2.889866666666667,3.6280625,5.884631578947367,5.174933333333334,4.248280000000001,3.885249999999999,3.0124571428571425,3.25,3.25,3.25,3.25,3.25,3.25,3.25,3.25,3.25,3.25,3.25
1.7584285714285715,2.051,1.4372666666666662,1.9527727272727273,2.452625,2.4937500000000004,1.9351851851851847,1.8119999999999998,2.4685238095238105,2.8415714285714286,3.6914999999999996,2.538548387096774,2.297888888888889,2.8055909090909092,3.264470588235294,3.6522727272727273,2.9005151515151515,2.889866666666667,3.6280625,5.884631578947367,5.174933333333334,4.248280000000001,3.885249999999999,3.0124571428571425,3.25,3.25,3.25,3.25,3.25,3.25,3.25,3.25,3.25,3.25,3.25
1.7584285714285715,2.051,1.4372666666666662,1.9527727272727273,2.452625,2.4937500000000004,1.9351851851851847,1.8119999999999998,2.4685238095238105,2.8415714285714286,3.6914999999999996,2.538548387096774,2.297888888888889,2.8055909090909092,3.264470588235294,3.6522727272727273,2.9005151515151515,2.889866666666667,3.6280625,5.884631578947367,5.174933333333334,4.248280000000001,3.885249999999999,3.0124571428571425,3.25,3.25,3.25,3.25,3.25,3.25,3.25,3.25,3.25,3.25,3.25
1.7584285714285715,2.051,1.4372666666666662,1.9527727272727273,2.452625,2.4937500000000004,1.9351851851851847,1.8119999999999998,2.4685238095238105,2.8415714285714286,3.6914999999999996,2.538548387096774,2.297888888888889,2.8055909090909092,3.264470588235294,3.6522727272727273,2.9005151515151515,2.889866666666667,3.6280625,5.884631578947367,5.174933333333334,4.248280000000001,3.885249999999999,3.0124571428571425,3.25,3.25,3.25,3.25,3.25,3.25,3.25,3.25,3.25,3.25,3.25
1.7584285714285715,2.051,1.4372666666666662,1.9527727272727273,2.452625,2.4937500000000004,1.9351851851851847,1.8119999999999998,2.4685238095238105,2.8415714285714286,3.6914999999999996,2.538548387096774,2.297888888888889,2.8055909090909092,3.264470588235294,3.6522727272727273,2.9005151515151515,2.889866666666667,3.6280625,5.884631578947367,5.174933333333334,4.248280000000001,3.885249999999999,3.0124571428571425,3.25,3.25,3.25,3.25,3.25,3.25,3.25,3.25,3.25,3.25,3.25
1.7584285714285715,2.051,1.4372666666666662,1.9527727272727273,2.452625,2.4937500000000004,1.9351851851851847,1.8119999999999998,2.4685238095238105,2.8415714285714286,3.6914999999999996,2.538548387096774,2.297888888888889,2.8055909090909092,3.264470588235294,3.6522727272727273,2.9005151515151515,2.889866666666667,3.6280625,5.884631578947367,5.174933333333334,4.248280000000001,3.885249999999999,3.0124571428571425,3.25,3.25,3.25,3.25,3.25,3.25,3.25,3.25,3.25,3.25,3.25
1.7584285714285715,2.051,1.4372666666666662,1.9527727272727273,2.452625,2.4937500000000004,1.9351851851851847,1.8119999999999998,2.4685238095238105,2.8415714285714286,3.6914999999999996,2.538548387096774,2.297888888888889,2.8055909090909092,3.264470588235294,3.6522727272727273,2.9005151515151515,2.889866666666667,3.6280625,5.884631578947367,5.174933333333334,4.248280000000001,3.885249999999999,3.0124571428571425,3.25,3.25,3.25,3.25,3.25,3.25,3.25,3.25,3.25,3.25,3.25
1.7584285714285715,2.051,1.4372666666666662,1.9527727272727273,2.452625,2.4937500000000004,1.9351851851851847,1.8119999999999998,2.4685238095238105,2.8415714285714286,3.6914999999999996,2.538548387096774,2.297888888888889,2.8055909090909092,3.264470588235294,3.6522727272727273,2.9005151515151515,2.889866666666667,3.6280625,5.884631578947367,5.174933333333334,4.248280000000001,3.885249999999999,3.0124571428571425,3.25,3.25,3.25,3.25,3.25,3.25,3.25,3.25,3.25,3.25,3.25
1.7584285714285715,2.051,1.4372666666666662,1.9527727272727273,2.452625,2.4937500000000004,1.9351851851851847,1.8119999999999998,2.4685238095238105,2.8415714285714286,3.6914999999999996,2.538548387096774,2.297888888888889,2.8055909090909092,3.264470588235294,3.6522727272727273,2.9005151515151515,2.889866666666667,3.6280625,5.884631578947367,5.174933333333334,4.248280000000001,3.885249999999999,3.0124571428571425,3.25,3.25,3.25,3.25,3.25,3.25,3.25,3.25,3.25,3.25,3.25
1.7584285714285715,2.051,1.4372666666666662,1.9527727272727273,2.452625,2.4937500000000004,1.9351851851851847,1.8119999999999998,2.4685238095238105,2.8415714285714286,3.6914999999999996,2.538548387096774,2.297888888888889,2.8055909090909092,3.264470588235294,3.6522727272727273,2.9005151515151515,2.889866666666667,3.6280625,5.884631578947367,5.174933333333334,4.248280000000001,3.885249999999999,3.0124571428571425,3.25,3.25,3.25,3.25,3.25,3.25,3.25,3.25,3.25,3.25,3.25
1.7584285714285715,2.051,1.4372666666666662,1.9527727272727273,2.452625,2.4937500000000004,1.9351851851851847,1.8119999999999998,2.4685238095238105,2.8415714285714286,3.6914999999999996,2.538548387096774,2.297888888888889,2.8055909090909092,3.264470588235294,3.6522727272727273,2.9005151515151515,2.889866666666667,3.6280625,5.884631578947367,5.174933333333334,4.248280000000001,3.885249999999999,3.0124571428571425,3.25,3.25,3.25,3.25,3.25,3.25,3.25,3.25,3.25,3.25,3.25
1.7584285714285715,2.051,1.4372666666666662,1.9527727272727273,2.452625,2.4937500000000004,1.9351851851851847,1.8119999999999998,2.4685238095238105,2.8415714285714286,3.6914999999999996,2.538548387096774,2.297888888888889,2.8055909090909092,3.264470588235294,3.6522727272727273,2.9005151515151515,2.889866666666667,3.6280625,5.884631578947367,5.174933333333334,4.248280000000001,3.885249999999999,3.0124571428571425,3.25,3.25,3.25,3.25,3.25,3.25,3.25,3.25,3.25,3.25,3.25
1.7584285714285715,2.051,1.4372666666666662,1.9527727272727273,2.452625,2.4937500000000004,1.9351851851851847,1.8119999999999998,2.4685238095238105,2.8415714285714286,3.6914999999999996,2.538548387096774,2.297888888888889,2.8055909090909092,3.264470588235294,3.6522727272727273,2.9005151515151515,2.889866666666667,3.6280625,5.884631578947367,5.174933333333334,4.248280000000001,3.885249999999999,3.0124571428571425,3.25,3.25,3.25,3.25,3.25,3.25,3.25,3.25,3.25,3.25,3.25
1.7584285714285715,2.051,1.4372666666666662,1.9527727272727273,2.452625,2.4937500000000004,1.9351851851851847,1.8119999999999998,2.4685238095238105,2.8415714285714286,3.6914999999999996,2.538548387096774,2.297888888888889,2.8055909090909092,3.264470588235294,3.6522727272727273,2.9005151515151515,2.889866666666667,3.6280625,5.884631578947367,5.174933333333334,4.248280000000001,3.885249999999999,3.0124571428571425,3.25,3.25,3.25,3.25,3.25,3.25,3.25,3.25,3.25,3.25,3.25
1.7584285714285715,2.051,1.4372666666666662,1.9527727272727273,2.452625,2.4937500000000004,1.9351851851851847,1.8119999999999998,2.4685238095238105,2.8415714285714286,3.6914999999999996,2.538548387096774,2.297888888888889,2.8055909090909092,3.264470588235294,3.6522727272727273,2.9005151515151515,2.889866666666667,3.6280625,5.884631578947367,5.174933333333334,4.248280000000001,3.885249999999999,3.0124571428571425,3.25,3.25,3.25,3.25,3.25,3.25,3.25,3.25,3.25,3.25,3.25
2.0828571428571427,1.9780000000000002,1.4228666666666667,1.906157894736842,2.6875,2.4525,1.9105416666666668,1.870833333333333,2.36985,2.845,3.688,2.503323529411765,1.9556250000000004,2.7719583333333326,3.34063888888889,3.899666666666667,3.176948979591836,4.7813684210526315,2.941666666666667,4.847466666666667,5.3126,4.399222222222222,4.418807692307694,3.889853658536585,3.25,3.25,3.25,3.25,3.25,3.25,3.25,3.25,3.25,3.25,3.25
2.0828571428571427,1.9780000000000002,1.4228666666666667,1.906157894736842,2.6875,2.4525,1.9105416666666668,1.870833333333333,2.36985,2.845,3.688,2.503323529411765,1.9556250000000004,2.7719583333333326,3.34063888888889,3.899666666666667,3.176948979591836,4.7813684210526315,2.941666666666667,4.847466666666667,5.3126,4.399222222222222,4.418807692307694,3.889853658536585,3.25,3.25,3.25,3.25,3.25,3.25,3.25,3.25,3.25,3.25,3.25
2.0828571428571427,1.9780000000000002,1.4228666666666667,1.906157894736842,2.6875,2.4525,1.9105416666666668,1.870833333333333,2.36985,2.845,3.688,2.503323529411765,1.9556250000000004,2.7719583333333326,3.34063888888889,3.899666666666667,3.176948979591836,4.7813684210526315,2.941666666666667,4.847466666666667,5.3126,4.399222222222222,4.418807692307694,3.889853658536585,3.25,3.25,3.25,3.25,3.25,3.25,3.25,3.25,3.25,3.25,3.25
2.0828571428571427,1.9780000000000002,1.4228666666666667,1.906157894736842,2.6875,2.4525,1.9105416666666668,1.870833333333333,2.36985,2.845,3.688,2.503323529411765,1.9556250000000004,2.7719583333333326,3.34063888888889,3.899666666666667,3.176948979591836,4.7813684210526315,2.941666666666667,4.847466666666667,5.3126,4.399222222222222,4.418807692307694,3.889853658536585,3.25,3.25,3.25,3.25,3.25,3.25,3.25,3.25,3.25,3.25,3.25
2.0828571428571427,1.9780000000000002,1.4228666666666667,1.906157894736842,2.6875,2.4525,1.9105416666666668,1.870833333333333,2.36985,2.845,3.688,2.503323529411765,1.9556250000000004,2.7719583333333326,3.34063888888889,3.899666666666667,3.176948979591836,4.7813684210526315,2.941666666666667,4.847466666666667,5.3126,4.399222222222222,4.418807692307694,3.889853658536585,3.25,3.25,3.25,3.25,3.25,3.25,3.25,3.25,3.25,3.25,3.25
2.0828571428571427,1.9780000000000002,1.4228666666666667,1.906157894736842,2.6875,2.4525,1.9105416666666668,1.870833333333333,2.36985,2.845,3.688,2.503323529411765,1.9556250000000004,2.7719583333333326,3.34063888888889,3.899666666666667,3.176948979591836,4.7813684210526315,2.941666666666667,4.847466666666667,5.3126,4.399222222222222,4.418807692307694,3.889853658536585,3.25,3.25,3.25,3.25,3.25,3.25,3.25,3.25,3.25,3.25,3.25
2.0828571428571427,1.9780000000000002,1.4228666666666667,1.906157894736842,2.6875,2.4525,1.9105416666666668,1.870833333333333,2.36985,2.845,3.688,2.503323529411765,1.9556250000000004,2.7719583333333326,3.34063888888889,3.899666666666667,3.176948979591836,4.7813684210526315,2.941666666666667,4.847466666666667,5.3126,4.399222222222222,4.418807692307694,3.889853658536585,3.25,3.25,3.25,3.25,3.25,3.25,3.25,3.25,3.25,3.25,3.25
2.0828571428571427,1.9780000000000002,1.4228666666666667,1.906157894736842,2.6875,2.4525,1.9105416666666668,1.870833333333333,2.36985,2.845,3.688,2.503323529411765,1.9556250000000004,2.7719583333333326,3.34063888888889,3.899666666666667,3.176948979591836,4.7813684210526315,2.941666666666667,4.847466666666667,5.3126,4.399222222222222,4.418807692307694,3.889853658536585,3.25,3.25,3.25,3.25,3.25,3.25,3.25,3.25,3.25,3.25,3.25
2.0828571428571427,1.9780000000000002,1.4228666666666667,1.906157894736842,2.6875,2.4525,1.9105416666666668,1.870833333333333,2.36985,2.845,3.688,2.503323529411765,1.9556250000000004,2.7719583333333326,3.34063888888889,3.899666666666667,3.176948979591836,4.7813684210526315,2.941666666666667,4.847466666666667,5.3126,4.399222222222222,4.418807692307694,3.889853658536585,3.25,3.25,3.25,3.25,3.25,3.25,3.25,3.25,3.25,3.25,3.25
2.0828571428571427,1.9780000000000002,1.4228666666666667,1.906157894736842,2.6875,2.4525,1.9105416666666668,1.870833333333333,2.36985,2.845,3.688,2.503323529411765,1.9556250000000004,2.7719583333333326,3.34063888888889,3.899666666666667,3.176948979591836,4.7813684210526315,2.941666666666667,4.847466666666667,5.3126,4.399222222222222,4.418807692307694,3.889853658536585,3.25,3.25,3.25,3.25,3.25,3.25,3.25,3.25,3.25,3.25,3.25
2.0828571428571427,1.9780000000000002,1.4228666666666667,1.906157894736842,2.6875,2.4525,1.9105416666666668,1.870833333333333,2.36985,2.845,3.688,2.503323529411765,1.9556250000000004,2.7719583333333326,3.34063888888889,3.899666666666667,3.176948979591836,4.7813684210526315,2.941666666666667,4.847466666666667,5.3126,4.399222222222222,4.418807692307694,3.889853658536585,3.25,3.25,3.25,3.25,3.25,3.25,3.25,3.25,3.25,3.25,3.25
2.0828571428571427,1.9780000000000002,1.4228666666666667,1.906157894736842,2.6875,2.4525,1.9105416666666668,1.870833333333333,2.36985,2.845,3.688,2.503323529411765,1.9556250000000004,2.7719583333333326,3.34063888888889,3.899666666666667,3.176948979591836,4.7813684210526315,2.941666666666667,4.847466666666667,5.3126,4.399222222222222,4.418807692307694,3.889853658536585,3.25,3.25,3.25,3.25,3.25,3.25,3.25,3.25,3.25,3.25,3.25
2.0828571428571427,1.9780000000000002,1.4228666666666667,1.906157894736842,2.6875,2.4525,1.9105416666666668,1.870833333333333,2.36985,2.845,3.688,2.503323529411765,1.9556250000000004,2.7719583333333326,3.34063888888889,3.899666666666667,3.176948979591836,4.7813684210526315,2.941666666666667,4.847466666666667,5.3126,4.399222222222222,4.418807692307694,3.889853658536585,3.25,3.25,3.25,3.25,3.25,3.25,3.25,3.25,3.25,3.25,3.25
2.0828571428571427,1.9780000000000002,1.4228666666666667,1.906157894736842,2.6875,2.4525,1.9105416666666668,1.870833333333333,2.36985,2.845,3.688,2.503323529411765,1.9556250000000004,2.7719583333333326,3.34063888888889,3.899666666666667,3.176948979591836,4.7813684210526315,2.941666666666667,4.847466666666667,5.3126,4.399222222222222,4.418807692307694,3.889853658536585,3.25,3.25,3.25,3.25,3.25,3.25,3.25,3.25,3.25,3.25,3.25
2.0828571428571427,1.9780000000000002,1.4228666666666667,1.906157894736842,2.6875,2.4525,1.9105416666666668,1.870833333333333,2.36985,2.845,3.688,2.503323529411765,1.9556250000000004,2.7719583333333326,3.34063888888889,3.899666666666667,3.176948979591836,4.7813684210526315,2.941666666666667,4.847466666666667,5.3126,4.399222222222222,4.418807692307694,3.889853658536585,3.25,3.25,3.25,3.25,3.25,3.25,3.25,3.25,3.25,3.25,3.25
2.0828571428571427,1.9780000000000002,1.4228666666666667,1.906157894736842,2.6875,2.4525,1.9105416666666668,1.870833333333333,2.36985,2.845,3.688,2.503323529411765,1.9556250000000004,2.7719583333333326,3.34063888888889,3.899666666666667,3.176948979591836,4.7813684210526315,2.941666666666667,4.847466666666667,5.3126,4.399222222222222,4.418807692307694,3.889853658536585,3.25,3.25,3.25,3.25,3.25,3.25,3.25,3.25,3.25,3.25,3.25
2.0828571428571427,1.9780000000000002,1.4228666666666667,1.906157894736842,2.6875,2.4525,1.9105416666666668,1.870833333333333,2.36985,2.845,3.688,2.503323529411765,1.9556250000000004,2.7719583333333326,3.34063888888889,3.899666666666667,3.176948979591836,4.7813684210526315,2.941666666666667,4.847466666666667,5.3126,4.399222222222222,4.418807692307694,3.889853658536585,3.25,3.25,3.25,3.25,3.25,3.25,3.25,3.25,3.25,3.25,3.25
2.0828571428571427,1.9780000000000002,1.4228666666666667,1.906157894736842,2.6875,2.4525,1.9105416666666668,1.870833333333333,2.36985,2.845,3.688,2.503323529411765,1.9556250000000004,2.7719583333333326,3.34063888888889,3.899666666666667,3.176948979591836,4.7813684210526315,2.941666666666667,4.847466666666667,5.3126,4.399222222222222,4.418807692307694,3.889853658536585,3.25,3.25,3.25,3.25,3.25,3.25,3.25,3.25,3.25,3.25,3.25
2.0828571428571427,1.9780000000000002,1.4228666666666667,1.906157894736842,2.6875,2.4525,1.9105416666666668,1.870833333333333,2.36985,2.845,3.688,2.503323529411765,1.9556250000000004,2.7719583333333326,3.34063888888889,3.899666666666667,3.176948979591836,4.7813684210526315,2.941666666666667,4.847466666666667,5.3126,4.399222222222222,4.418807692307694,3.889853658536585,3.25,3.25,3.25,3.25,3.25,3.25,3.25,3.25,3.25,3.25,3.25
2.0828571428571427,1.9780000000000002,1.4228666666666667,1.906157894736842,2.6875,2.4525,1.9105416666666668,1.870833333333333,2.36985,2.845,3.688,2.503323529411765,1.9556250000000004,2.7719583333333326,3.34063888888889,3.899666666666667,3.176948979591836,4.7813684210526315,2.941666666666667,4.847466666666667,5.3126,4.399222222222222,4.418807692307694,3.889853658536585,3.25,3.25,3.25,3.25,3.25,3.25,3.25,3.25,3.25,3.25,3.25
2.0828571428571427,1.9780000000000002,1.4228666666666667,1.906157894736842,2.6875,2.4525,1.9105416666666668,1.870833333333333,2.36985,2.845,3.688,2.503323529411765,1.9556250000000004,2.7719583333333326,3.34063888888889,3.899666666666667,3.176948979591836,4.7813684210526315,2.941666666666667,4.847466666666667,5.3126,4.399222222222222,4.418807692307694,3.889853658536585,3.25,3.25,3.25,3.25,3.25,3.25,3.25,3.25,3.25,3.25,3.25
2.0828571428571427,1.9780000000000002,1.4228666666666667,1.906157894736842,2.6875,2.4525,1.9105416666666668,1.870833333333333,2.36985,2.845,3.688,2.503323529411765,1.9556250000000004,2.7719583333333326,3.34063888888889,3.899666666666667,3.176948979591836,4.7813684210526315,2.941666666666667,4.847466666666667,5.3126,4.399222222222222,4.418807692307694,3.889853658536585,3.25,3.25,3.25,3.25,3.25,3.25,3.25,3.25,3.25,3.25,3.25
2.0828571428571427,1.9780000000000002,1.4228666666666667,1.906157894736842,2.6875,2.4525,1.9105416666666668,1.870833333333333,2.36985,2.845,3.688,2.503323529411765,1.9556250000000004,2.7719583333333326,3.34063888888889,3.899666666666667,3.176948979591836,4.7813684210526315,2.941666666666667,4.847466666666667,5.3126,4.399222222222222,4.418807692307694,3.889853658536585,3.25,3.25,3.25,3.25,3.25,3.25,3.25,3.25,3.25,3.25,3.25
2.0828571428571427,1.9780000000000002,1.4228666666666667,1.906157894736842,2.6875,2.4525,1.9105416666666668,1.870833333333333,2.36985,2.845,3.688,2.503323529411765,1.9556250000000004,2.7719583333333326,3.34063888888889,3.899666666666667,3.176948979591836,4.7813684210526315,2.941666666666667,4.847466666666667,5.3126,4.399222222222222,4.418807692307694,3.889853658536585,3.25,3.25,3.25,3.25,3.25,3.25,3.25,3.25,3.25,3.25,3.25
2.0828571428571427,1.9780000000000002,1.4228666666666667,1.906157894736842,2.6875,2.4525,1.9105416666666668,1.870833333333333,2.36985,2.845,3.688,2.503323529411765,1.9556250000000004,2.7719583333333326,3.34063888888889,3.899666666666667,3.176948979591836,4.7813684210526315,2.941666666666667,4.847466666666667,5.3126,4.399222222222222,4.418807692307694,3.889853658536585,3.25,3.25,3.25,3.25,3.25,3.25,3.25,3.25,3.25,3.25,3.25
2.0828571428571427,1.9780000000000002,1.4228666666666667,1.906157894736842,2.6875,2.4525,1.9105416666666668,1.870833333333333,2.36985,2.845,3.688,2.503323529411765,1.9556250000000004,2.7719583333333326,3.34063888888889,3.899666666666667,3.176948979591836,4.7813684210526315,2.941666666666667,4.847466666666667,5.3126,4.399222222222222,4.418807692307694,3.889853658536585,3.25,3.25,3.25,3.25,3.25,3.25,3.25,3.25,3.25,3.25,3.25
2.0828571428571427,1.9780000000000002,1.4228666666666667,1.906157894736842,2.6875,2.4525,1.9105416666666668,1.870833333333333,2.36985,2.845,3.688,2.503323529411765,1.9556250000000004,2.7719583333333326,3.34063888888889,3.899666666666667,3.176948979591836,4.7813684210526315,2.941666666666667,4.847466666666667,5.3126,4.399222222222222,4.418807692307694,3.889853658536585,3.25,3.25,3.25,3.25,3.25,3.25,3.25,3.25,3.25,3.25,3.25
2.0828571428571427,1.9780000000000002,1.4228666666666667,1.906157894736842,2.6875,2.4525,1.9105416666666668,1.870833333333333,2.36985,2.845,3.688,2.503323529411765,1.9556250000000004,2.7719583333333326,3.34063888888889,3.899666666666667,3.176948979591836,4.7813684210526315,2.941666666666667,4.847466666666667,5.3126,4.399222222222222,4.418807692307694,3.889853658536585,3.25,3.25,3.25,3.25,3.25,3.25,3.25,3.25,3.25,3.25,3.25
2.0828571428571427,1.9780000000000002,1.4228666666666667,1.906157894736842,2.6875,2.4525,1.9105416666666668,1.870833333333333,2.36985,2.845,3.688,2.503323529411765,1.9556250000000004,2.7719583333333326,3.34063888888889,3.899666666666667,3.176948979591836,4.7813684210526315,2.941666666666667,4.847466666666667,5.3126,4.399222222222222,4.418807692307694,3.889853658536585,3.25,3.25,3.25,3.25,3.25,3.25,3.25,3.25,3.25,3.25,3.25
2.0828571428571427,1.9780000000000002,1.4228666666666667,1.906157894736842,2.6875,2.4525,1.9105416666666668,1.870833333333333,2.36985,2.845,3.688,2.503323529411765,1.9556250000000004,2.7719583333333326,3.34063888888889,3.899666666666667,3.176948979591836,4.7813684210526315,2.941666666666667,4.847466666666667,5.3126,4.399222222222222,4.418807692307694,3.889853658536585,3.25,3.25,3.25,3.25,3.25,3.25,3.25,3.25,3.25,3.25,3.25
2.0029999999999997,1.966,1.263692307692308,1.9042608695652175,2.674714285714286,2.4670666666666667,1.8345416666666665,1.8285862068965517,2.4567272727272726,2.8668,5.780333333333333,2.536206896551724,2.380888888888889,2.422608695652174,3.35735294117647,2.782,3.010398058252427,5.088125,3.1161249999999994,4.667857142857144,5.077941176470588,4.838839999999999,4.321695652173912,3.6576923076923076,3.25,3.25,3.25,3.25,3.25,3.25,3.25,3.25,3.25,3.25,3.25
2.0029999999999997,1.966,1.263692307692308,1.9042608695652175,2.674714285714286,2.4670666666666667,1.8345416666666665,1.8285862068965517,2.4567272727272726,2.8668,5.780333333333333,2.536206896551724,2.380888888888889,2.422608695652174,3.35735294117647,2.782,3.010398058252427,5.088125,3.1161249999999994,4.667857142857144,5.077941176470588,4.838839999999999,4.321695652173912,3.6576923076923076,3.25,3.25,3.25,3.25,3.25,3.25,3.25,3.25,3.25,3.25,3.25
2.0029999999999997,1.966,1.263692307692308,1.9042608695652175,2.674714285714286,2.4670666666666667,1.8345416666666665,1.8285862068965517,2.4567272727272726,2.8668,5.780333333333333,2.536206896551724,2.380888888888889,2.422608695652174,3.35735294117647,2.782,3.010398058252427,5.088125,3.1161249999999994,4.667857142857144,5.077941176470588,4.838839999999999,4.321695652173912,3.6576923076923076,3.25,3.25,3.25,3.25,3.25,3.25,3.25,3.25,3.25,3.25,3.25
2.0029999999999997,1.966,1.263692307692308,1.9042608695652175,2.674714285714286,2.4670666666666667,1.8345416666666665,1.8285862068965517,2.4567272727272726,2.8668,5.780333333333333,2.536206896551724,2.380888888888889,2.422608695652174,3.35735294117647,2.782,3.010398058252427,5.088125,3.1161249999999994,4.667857142857144,5.077941176470588,4.838839999999999,4.321695652173912,3.6576923076923076,3.25,3.25,3.25,3.25,3.25,3.25,3.25,3.25,3.25,3.25,3.25
2.0029999999999997,1.966,1.263692307692308,1.9042608695652175,2.674714285714286,2.4670666666666667,1.8345416666666665,1.8285862068965517,2.4567272727272726,2.8668,5.780333333333333,2.536206896551724,2.380888888888889,2.422608695652174,3.35735294117647,2.782,3.010398058252427,5.088125,3.1161249999999994,4.667857142857144,5.077941176470588,4.838839999999999,4.321695652173912,3.6576923076923076,3.25,3.25,3.25,3.25,3.25,3.25,3.25,3.25,3.25,3.25,3.25
2.0029999999999997,1.966,1.263692307692308,1.9042608695652175,2.674714285714286,2.4670666666666667,1.8345416666666665,1.8285862068965517,2.4567272727272726,2.8668,5.780333333333333,2.536206896551724,2.380888888888889,2.422608695652174,3.35735294117647,2.782,3.010398058252427,5.088125,3.1161249999999994,4.667857142857144,5.077941176470588,4.838839999999999,4.321695652173912,3.6576923076923076,3.25,3.25,3.25,3.25,3.25,3.25,3.25,3.25,3.25,3.25,3.25
2.0029999999999997,1.966,1.263692307692308,1.9042608695652175,2.674714285714286,2.4670666666666667,1.8345416666666665,1.8285862068965517,2.4567272727272726,2.8668,5.780333333333333,2.536206896551724,2.380888888888889,2.422608695652174,3.35735294117647,2.782,3.010398058252427,5.088125,3.1161249999999994,4.667857142857144,5.077941176470588,4.838839999999999,4.321695652173912,3.6576923076923076,3.25,3.25,3.25,3.25,3.25,3.25,3.25,3.25,3.25,3.25,3.25
2.0029999999999997,1.966,1.263692307692308,1.9042608695652175,2.674714285714286,2.4670666666666667,1.8345416666666665,1.8285862068965517,2.4567272727272726,2.8668,5.780333333333333,2.536206896551724,2.380888888888889,2.422608695652174,3.35735294117647,2.782,3.010398058252427,5.088125,3.1161249999999994,4.667857142857144,5.077941176470588,4.838839999999999,4.321695652173912,3.6576923076923076,3.25,3.25,3.25,3.25,3.25,3.25,3.25,3.25,3.25,3.25,3.25
2.0029999999999997,1.966,1.263692307692308,1.9042608695652175,2.674714285714286,2.4670666666666667,1.8345416666666665,1.8285862068965517,2.4567272727272726,2.8668,5.780333333333333,2.536206896551724,2.380888888888889,2.422608695652174,3.35735294117647,2.782,3.010398058252427,5.088125,3.1161249999999994,4.667857142857144,5.077941176470588,4.838839999999999,4.321695652173912,3.6576923076923076,3.25,3.25,3.25,3.25,3.25,3.25,3.25,3.25,3.25,3.25,3.25
2.0029999999999997,1.966,1.263692307692308,1.9042608695652175,2.674714285714286,2.4670666666666667,1.8345416666666665,1.8285862068965517,2.4567272727272726,2.8668,5.780333333333333,2.536206896551724,2.380888888888889,2.422608695652174,3.35735294117647,2.782,3.010398058252427,5.088125,3.1161249999999994,4.667857142857144,5.077941176470588,4.838839999999999,4.321695652173912,3.6576923076923076,3.25,3.25,3.25,3.25,3.25,3.25,3.25,3.25,3.25,3.25,3.25
2.0029999999999997,1.966,1.263692307692308,1.9042608695652175,2.674714285714286,2.4670666666666667,1.8345416666666665,1.8285862068965517,2.4567272727272726,2.8668,5.780333333333333,2.536206896551724,2.380888888888889,2.422608695652174,3.35735294117647,2.782,3.010398058252427,5.088125,3.1161249999999994,4.667857142857144,5.077941176470588,4.838839999999999,4.321695652173912,3.6576923076923076,3.25,3.25,3.25,3.25,3.25,3.25,3.25,3.25,3.25,3.25,3.25
2.0029999999999997,1.966,1.263692307692308,1.9042608695652175,2.674714285714286,2.4670666666666667,1.8345416666666665,1.8285862068965517,2.4567272727272726,2.8668,5.780333333333333,2.536206896551724,2.380888888888889,2.422608695652174,3.35735294117647,2.782,3.010398058252427,5.088125,3.1161249999999994,4.667857142857144,5.077941176470588,4.838839999999999,4.321695652173912,3.6576923076923076,3.25,3.25,3.25,3.25,3.25,3.25,3.25,3.25,3.25,3.25,3.25
2.0029999999999997,1.966,1.263692307692308,1.9042608695652175,2.674714285714286,2.4670666666666667,1.8345416666666665,1.8285862068965517,2.4567272727272726,2.8668,5.780333333333333,2.536206896551724,2.380888888888889,2.422608695652174,3.35735294117647,2.782,3.010398058252427,5.088125,3.1161249999999994,4.667857142857144,5.077941176470588,4.838839999999999,4.321695652173912,3.6576923076923076,3.25,3.25,3.25,3.25,3.25,3.25,3.25,3.25,3.25,3.25,3.25
2.0029999999999997,1.966,1.263692307692308,1.9042608695652175,2.674714285714286,2.4670666666666667,1.8345416666666665,1.8285862068965517,2.4567272727272726,2.8668,5.780333333333333,2.536206896551724,2.380888888888889,2.422608695652174,3.35735294117647,2.782,3.010398058252427,5.088125,3.1161249999999994,4.667857142857144,5.077941176470588,4.838839999999999,4.321695652173912,3.6576923076923076,3.25,3.25,3.25,3.25,3.25,3.25,3.25,3.25,3.25,3.25,3.25
2.0029999999999997,1.966,1.263692307692308,1.9042608695652175,2.674714285714286,2.4670666666666667,1.8345416666666665,1.8285862068965517,2.4567272727272726,2.8668,5.780333333333333,2.536206896551724,2.380888888888889,2.422608695652174,3.35735294117647,2.782,3.010398058252427,5.088125,3.1161249999999994,4.667857142857144,5.077941176470588,4.838839999999999,4.321695652173912,3.6576923076923076,3.25,3.25,3.25,3.25,3.25,3.25,3.25,3.25,3.25,3.25,3.25
2.0029999999999997,1.966,1.263692307692308,1.9042608695652175,2.674714285714286,2.4670666666666667,1.8345416666666665,1.8285862068965517,2.4567272727272726,2.8668,5.780333333333333,2.536206896551724,2.380888888888889,2.422608695652174,3.35735294117647,2.782,3.010398058252427,5.088125,3.1161249999999994,4.667857142857144,5.077941176470588,4.838839999999999,4.321695652173912,3.6576923076923076,3.25,3.25,3.25,3.25,3.25,3.25,3.25,3.25,3.25,3.25,3.25
2.0029999999999997,1.966,1.263692307692308,1.9042608695652175,2.674714285714286,2.4670666666666667,1.8345416666666665,1.8285862068965517,2.4567272727272726,2.8668,5.780333333333333,2.536206896551724,2.380888888888889,2.422608695652174,3.35735294117647,2.782,3.010398058252427,5.088125,3.1161249999999994,4.667857142857144,5.077941176470588,4.838839999999999,4.321695652173912,3.6576923076923076,3.25,3.25,3.25,3.25,3.25,3.25,3.25,3.25,3.25,3.25,3.25
2.0029999999999997,1.966,1.263692307692308,1.9042608695652175,2.674714285714286,2.4670666666666667,1.8345416666666665,1.8285862068965517,2.4567272727272726,2.8668,5.780333333333333,2.536206896551724,2.380888888888889,2.422608695652174,3.35735294117647,2.782,3.010398058252427,5.088125,3.1161249999999994,4.667857142857144,5.077941176470588,4.838839999999999,4.321695652173912,3.6576923076923076,3.25,3.25,3.25,3.25,3.25,3.25,3.25,3.25,3.25,3.25,3.25
2.0029999999999997,1.966,1.263692307692308,1.9042608695652175,2.674714285714286,2.4670666666666667,1.8345416666666665,1.8285862068965517,2.4567272727272726,2.8668,5.780333333333333,2.536206896551724,2.380888888888889,2.422608695652174,3.35735294117647,2.782,3.010398058252427,5.088125,3.1161249999999994,4.667857142857144,5.077941176470588,4.838839999999999,4.321695652173912,3.6576923076923076,3.25,3.25,3.25,3.25,3.25,3.25,3.25,3.25,3.25,3.25,3.25
2.0029999999999997,1.966,1.263692307692308,1.9042608695652175,2.674714285714286,2.4670666666666667,1.8345416666666665,1.8285862068965517,2.4567272727272726,2.8668,5.780333333333333,2.536206896551724,2.380888888888889,2.422608695652174,3.35735294117647,2.782,3.010398058252427,5.088125,3.1161249999999994,4.667857142857144,5.077941176470588,4.838839999999999,4.321695652173912,3.6576923076923076,3.25,3.25,3.25,3.25,3.25,3.25,3.25,3.25,3.25,3.25,3.25
2.0029999999999997,1.966,1.263692307692308,1.9042608695652175,2.674714285714286,2.4670666666666667,1.8345416666666665,1.8285862068965517,2.4567272727272726,2.8668,5.780333333333333,2.536206896551724,2.380888888888889,2.422608695652174,3.35735294117647,2.782,3.010398058252427,5.088125,3.1161249999999994,4.667857142857144,5.077941176470588,4.838839999999999,4.321695652173912,3.6576923076923076,3.25,3.25,3.25,3.25,3.25,3.25,3.25,3.25,3.25,3.25,3.25
2.0029999999999997,1.966,1.263692307692308,1.9042608695652175,2.674714285714286,2.4670666666666667,1.8345416666666665,1.8285862068965517,2.4567272727272726,2.8668,5.780333333333333,2.536206896551724,2.380888888888889,2.422608695652174,3.35735294117647,2.782,3.010398058252427,5.088125,3.1161249999999994,4.667857142857144,5.077941176470588,4.838839999999999,4.321695652173912,3.6576923076923076,3.25,3.25,3.25,3.25,3.25,3.25,3.25,3.25,3.25,3.25,3.25
2.0029999999999997,1.966,1.263692307692308,1.9042608695652175,2.674714285714286,2.4670666666666667,1.8345416666666665,1.8285862068965517,2.4567272727272726,2.8668,5.780333333333333,2.536206896551724,2.380888888888889,2.422608695652174,3.35735294117647,2.782,3.010398058252427,5.088125,3.1161249999999994,4.667857142857144,5.077941176470588,4.838839999999999,4.321695652173912,3.6576923076923076,3.25,3.25,3.25,3.25,3.25,3.25,3.25,3.25,3.25,3.25,3.25
2.0029999999999997,1.966,1.263692307692308,1.9042608695652175,2.674714285714286,2.4670666666666667,1.8345416666666665,1.8285862068965517,2.4567272727272726,2.8668,5.780333333333333,2.536206896551724,2.380888888888889,2.422608695652174,3.35735294117647,2.782,3.010398058252427,5.088125,3.1161249999999994,4.667857142857144,5.077941176470588,4.838839999999999,4.321695652173912,3.6576923076923076,3.25,3.25,3.25,3.25,3.25,3.25,3.25,3.25,3.25,3.25,3.25
2.0029999999999997,1.966,1.263692307692308,1.9042608695652175,2.674714285714286,2.4670666666666667,1.8345416666666665,1.8285862068965517,2.4567272727272726,2.8668,5.780333333333333,2.536206896551724,2.380888888888889,2.422608695652174,3.35735294117647,2.782,3.010398058252427,5.088125,3.1161249999999994,4.667857142857144,5.077941176470588,4.838839999999999,4.321695652173912,3.6576923076923076,3.25,3.25,3.25,3.25,3.25,3.25,3.25,3.25,3.25,3.25,3.25
2.0029999999999997,1.966,1.263692307692308,1.9042608695652175,2.674714285714286,2.4670666666666667,1.8345416666666665,1.8285862068965517,2.4567272727272726,2.8668,5.780333333333333,2.536206896551724,2.380888888888889,2.422608695652174,3.35735294117647,2.782,3.010398058252427,5.088125,3.1161249999999994,4.667857142857144,5.077941176470588,4.838839999999999,4.321695652173912,3.6576923076923076,3.25,3.25,3.25,3.25,3.25,3.25,3.25,3.25,3.25,3.25,3.25
2.0029999999999997,1.966,1.263692307692308,1.9042608695652175,2.674714285714286,2.4670666666666667,1.8345416666666665,1.8285862068965517,2.4567272727272726,2.8668,5.780333333333333,2.536206896551724,2.380888888888889,2.422608695652174,3.35735294117647,2.782,3.010398058252427,5.088125,3.1161249999999994,4.667857142857144,5.077941176470588,4.838839999999999,4.321695652173912,3.6576923076923076,3.25,3.25,3.25,3.25,3.25,3.25,3.25,3.25,3.25,3.25,3.25
2.0029999999999997,1.966,1.263692307692308,1.9042608695652175,2.674714285714286,2.4670666666666667,1.8345416666666665,1.8285862068965517,2.4567272727272726,2.8668,5.780333333333333,2.536206896551724,2.380888888888889,2.422608695652174,3.35735294117647,2.782,3.010398058252427,5.088125,3.1161249999999994,4.667857142857144,5.077941176470588,4.838839999999999,4.321695652173912,3.6576923076923076,3.25,3.25,3.25,3.25,3.25,3.25,3.25,3.25,3.25,3.25,3.25
2.0029999999999997,1.966,1.263692307692308,1.9042608695652175,2.674714285714286,2.4670666666666667,1.8345416666666665,1.8285862068965517,2.4567272727272726,2.8668,5.780333333333333,2.536206896551724,2.380888888888889,2.422608695652174,3.35735294117647,2.782,3.010398058252427,5.088125,3.1161249999999994,4.667857142857144,5.077941176470588,4.838839999999999,4.321695652173912,3.6576923076923076,3.25,3.25,3.25,3.25,3.25,3.25,3.25,3.25,3.25,3.25,3.25
2.0029999999999997,1.966,1.263692307692308,1.9042608695652175,2.674714285714286,2.4670666666666667,1.8345416666666665,1.8285862068965517,2.4567272727272726,2.8668,5.780333333333333,2.536206896551724,2.380888888888889,2.422608695652174,3.35735294117647,2.782,3.010398058252427,5.088125,3.1161249999999994,4.667857142857144,5.077941176470588,4.838839999999999,4.321695652173912,3.6576923076923076,3.25,3.25,3.25,3.25,3.25,3.25,3.25,3.25,3.25,3.25,3.25
2.0029999999999997,1.966,1.263692307692308,1.9042608695652175,2.674714285714286,2.4670666666666667,1.8345416666666665,1.8285862068965517,2.4567272727272726,2.8668,5.780333333333333,2.536206896551724,2.380888888888889,2.422608695652174,3.35735294117647,2.782,3.010398058252427,5.088125,3.1161249999999994,4.667857142857144,5.077941176470588,4.838839999999999,4.321695652173912,3.6576923076923076,3.25,3.25,3.25,3.25,3.25,3.25,3.25,3.25,3.25,3.25,3.25
1.851,2.059,1.4053846153846155,1.8343124999999998,2.5012857142857143,2.4004999999999996,1.8049523809523804,1.9674999999999998,2.248466666666667,2.9557500000000005,5.859333333333333,2.493617647058823,2.3664444444444444,2.5670476190476195,2.9570312499999996,2.5172222222222222,2.9966199999999983,4.054916666666667,3.1783125000000005,3.1316999999999995,4.627882352941176,4.954842105263158,3.7831428571428565,3.9533863636363638,3.25,3.25,3.25,3.25,3.25,3.25,3.25,3.25,3.25,3.25,3.25
1.851,2.059,1.4053846153846155,1.8343124999999998,2.5012857142857143,2.4004999999999996,1.8049523809523804,1.9674999999999998,2.248466666666667,2.9557500000000005,5.859333333333333,2.493617647058823,2.3664444444444444,2.5670476190476195,2.9570312499999996,2.5172222222222222,2.9966199999999983,4.054916666666667,3.1783125000000005,3.1316999999999995,4.627882352941176,4.954842105263158,3.7831428571428565,3.9533863636363638,3.25,3.25,3.25,3.25,3.25,3.25,3.25,3.25,3.25,3.25,3.25
1.851,2.059,1.4053846153846155,1.8343124999999998,2.5012857142857143,2.4004999999999996,1.8049523809523804,1.9674999999999998,2.248466666666667,2.9557500000000005,5.859333333333333,2.493617647058823,2.3664444444444444,2.5670476190476195,2.9570312499999996,2.5172222222222222,2.9966199999999983,4.054916666666667,3.1783125000000005,3.1316999999999995,4.627882352941176,4.954842105263158,3.7831428571428565,3.9533863636363638,3.25,3.25,3.25,3.25,3.25,3.25,3.25,3.25,3.25,3.25,3.25
1.851,2.059,1.4053846153846155,1.8343124999999998,2.5012857142857143,2.4004999999999996,1.8049523809523804,1.9674999999999998,2.248466666666667,2.9557500000000005,5.859333333333333,2.493617647058823,2.3664444444444444,2.5670476190476195,2.9570312499999996,2.5172222222222222,2.9966199999999983,4.054916666666667,3.1783125000000005,3.1316999999999995,4.627882352941176,4.954842105263158,3.7831428571428565,3.9533863636363638,3.25,3.25,3.25,3.25,3.25,3.25,3.25,3.25,3.25,3.25,3.25
1.851,2.059,1.4053846153846155,1.8343124999999998,2.5012857142857143,2.4004999999999996,1.8049523809523804,1.9674999999999998,2.248466666666667,2.9557500000000005,5.859333333333333,2.493617647058823,2.3664444444444444,2.5670476190476195,2.9570312499999996,2.5172222222222222,2.9966199999999983,4.054916666666667,3.1783125000000005,3.1316999999999995,4.627882352941176,4.954842105263158,3.7831428571428565,3.9533863636363638,3.25,3.25,3.25,3.25,3.25,3.25,3.25,3.25,3.25,3.25,3.25
1.851,2.059,1.4053846153846155,1.8343124999999998,2.5012857142857143,2.4004999999999996,1.8049523809523804,1.9674999999999998,2.248466666666667,2.9557500000000005,5.859333333333333,2.493617647058823,2.3664444444444444,2.5670476190476195,2.9570312499999996,2.5172222222222222,2.9966199999999983,4.054916666666667,3.1783125000000005,3.1316999999999995,4.627882352941176,4.954842105263158,3.7831428571428565,3.9533863636363638,3.25,3.25,3.25,3.25,3.25,3.25,3.25,3.25,3.25,3.25,3.25
1.851,2.059,1.4053846153846155,1.8343124999999998,2.5012857142857143,2.4004999999999996,1.8049523809523804,1.9674999999999998,2.248466666666667,2.9557500000000005,5.859333333333333,2.493617647058823,2.3664444444444444,2.5670476190476195,2.9570312499999996,2.5172222222222222,2.9966199999999983,4.054916666666667,3.1783125000000005,3.1316999999999995,4.627882352941176,4.954842105263158,3.7831428571428565,3.9533863636363638,3.25,3.25,3.25,3.25,3.25,3.25,3.25,3.25,3.25,3.25,3.25
1.851,2.059,1.4053846153846155,1.8343124999999998,2.5012857142857143,2.4004999999999996,1.8049523809523804,1.9674999999999998,2.248466666666667,2.9557500000000005,5.859333333333333,2.493617647058823,2.3664444444444444,2.5670476190476195,2.9570312499999996,2.5172222222222222,2.9966199999999983,4.054916666666667,3.1783125000000005,3.1316999999999995,4.627882352941176,4.954842105263158,3.7831428571428565,3.9533863636363638,3.25,3.25,3.25,3.25,3.25,3.25,3.25,3.25,3.25,3.25,3.25
1.851,2.059,1.4053846153846155,1.8343124999999998,2.5012857142857143,2.4004999999999996,1.8049523809523804,1.9674999999999998,2.248466666666667,2.9557500000000005,5.859333333333333,2.493617647058823,2.3664444444444444,2.5670476190476195,2.9570312499999996,2.5172222222222222,2.9966199999999983,4.054916666666667,3.1783125000000005,3.1316999999999995,4.627882352941176,4.954842105263158,3.7831428571428565,3.9533863636363638,3.25,3.25,3.25,3.25,3.25,3.25,3.25,3.25,3.25,3.25,3.25
1.851,2.059,1.4053846153846155,1.8343124999999998,2.5012857142857143,2.4004999999999996,1.8049523809523804,1.9674999999999998,2.248466666666667,2.9557500000000005,5.859333333333333,2.493617647058823,2.3664444444444444,2.5670476190476195,2.9570312499999996,2.5172222222222222,2.9966199999999983,4.054916666666667,3.1783125000000005,3.1316999999999995,4.627882352941176,4.954842105263158,3.7831428571428565,3.9533863636363638,3.25,3.25,3.25,3.25,3.25,3.25,3.25,3.25,3.25,3.25,3.25
1.851,2.059,1.4053846153846155,1.8343124999999998,2.5012857142857143,2.4004999999999996,1.8049523809523804,1.9674999999999998,2.248466666666667,2.9557500000000005,5.859333333333333,2.493617647058823,2.3664444444444444,2.5670476190476195,2.9570312499999996,2.5172222222222222,2.9966199999999983,4.054916666666667,3.1783125000000005,3.1316999999999995,4.627882352941176,4.954842105263158,3.7831428571428565,3.9533863636363638,3.25,3.25,3.25,3.25,3.25,3.25,3.25,3.25,3.25,3.25,3.25
1.851,2.059,1.4053846153846155,1.8343124999999998,2.5012857142857143,2.4004999999999996,1.8049523809523804,1.9674999999999998,2.248466666666667,2.9557500000000005,5.859333333333333,2.493617647058823,2.3664444444444444,2.5670476190476195,2.9570312499999996,2.5172222222222222,2.9966199999999983,4.054916666666667,3.1783125000000005,3.1316999999999995,4.627882352941176,4.954842105263158,3.7831428571428565,3.9533863636363638,3.25,3.25,3.25,3.25,3.25,3.25,3.25,3.25,3.25,3.25,3.25
1.851,2.059,1.4053846153846155,1.8343124999999998,2.5012857142857143,2.4004999999999996,1.8049523809523804,1.9674999999999998,2.248466666666667,2.9557500000000005,5.859333333333333,2.493617647058823,2.3664444444444444,2.5670476190476195,2.9570312499999996,2.5172222222222222,2.9966199999999983,4.054916666666667,3.1783125000000005,3.1316999999999995,4.627882352941176,4.954842105263158,3.7831428571428565,3.9533863636363638,3.25,3.25,3.25,3.25,3.25,3.25,3.25,3.25,3.25,3.25,3.25
1.851,2.059,1.4053846153846155,1.8343124999999998,2.5012857142857143,2.4004999999999996,1.8049523809523804,1.9674999999999998,2.248466666666667,2.9557500000000005,5.859333333333333,2.493617647058823,2.3664444444444444,2.5670476190476195,2.9570312499999996,2.5172222222222222,2.9966199999999983,4.054916666666667,3.1783125000000005,3.1316999999999995,4.627882352941176,4.954842105263158,3.7831428571428565,3.9533863636363638,3.25,3.25,3.25,3.25,3.25,3.25,3.25,3.25,3.25,3.25,3.25
1.851,2.059,1.4053846153846155,1.8343124999999998,2.5012857142857143,2.4004999999999996,1.8049523809523804,1.9674999999999998,2.248466666666667,2.9557500000000005,5.859333333333333,2.493617647058823,2.3664444444444444,2.5670476190476195,2.9570312499999996,2.5172222222222222,2.9966199999999983,4.054916666666667,3.1783125000000005,3.1316999999999995,4.627882352941176,4.954842105263158,3.7831428571428565,3.9533863636363638,3.25,3.25,3.25,3.25,3.25,3.25,3.25,3.25,3.25,3.25,3.25
1.851,2.059,1.4053846153846155,1.8343124999999998,2.5012857142857143,2.4004999999999996,1.8049523809523804,1.9674999999999998,2.248466666666667,2.9557500000000005,5.859333333333333,2.493617647058823,2.3664444444444444,2.5670476190476195,2.9570312499999996,2.5172222222222222,2.9966199999999983,4.054916666666667,3.1783125000000005,3.1316999999999995,4.627882352941176,4.954842105263158,3.7831428571428565,3.9533863636363638,3.25,3.25,3.25,3.25,3.25,3.25,3.25,3.25,3.25,3.25,3.25
1.851,2.059,1.4053846153846155,1.8343124999999998,2.5012857142857143,2.4004999999999996,1.8049523809523804,1.9674999999999998,2.248466666666667,2.9557500000000005,5.859333333333333,2.493617647058823,2.3664444444444444,2.5670476190476195,2.9570312499999996,2.5172222222222222,2.9966199999999983,4.054916666666667,3.1783125000000005,3.1316999999999995,4.627882352941176,4.954842105263158,3.7831428571428565,3.9533863636363638,3.25,3.25,3.25,3.25,3.25,3.25,3.25,3.25,3.25,3.25,3.25
1.851,2.059,1.4053846153846155,1.8343124999999998,2.5012857142857143,2.4004999999999996,1.8049523809523804,1.9674999999999998,2.248466666666667,2.9557500000000005,5.859333333333333,2.493617647058823,2.3664444444444444,2.5670476190476195,2.9570312499999996,2.5172222222222222,2.9966199999999983,4.054916666666667,3.1783125000000005,3.1316999999999995,4.627882352941176,4.954842105263158,3.7831428571428565,3.9533863636363638,3.25,3.25,3.25,3.25,3.25,3.25,3.25,3.25,3.25,3.25,3.25
1.851,2.059,1.4053846153846155,1.8343124999999998,2.5012857142857143,2.4004999999999996,1.8049523809523804,1.9674999999999998,2.248466666666667,2.9557500000000005,5.859333333333333,2.493617647058823,2.3664444444444444,2.5670476190476195,2.9570312499999996,2.5172222222222222,2.9966199999999983,4.054916666666667,3.1783125000000005,3.1316999999999995,4.627882352941176,4.954842105263158,3.7831428571428565,3.9533863636363638,3.25,3.25,3.25,3.25,3.25,3.25,3.25,3.25,3.25,3.25,3.25
1.851,2.059,1.4053846153846155,1.8343124999999998,2.5012857142857143,2.4004999999999996,1.8049523809523804,1.9674999999999998,2.248466666666667,2.9557500000000005,5.859333333333333,2.493617647058823,2.3664444444444444,2.5670476190476195,2.9570312499999996,2.5172222222222222,2.9966199999999983,4.054916666666667,3.1783125000000005,3.1316999999999995,4.627882352941176,4.954842105263158,3.7831428571428565,3.9533863636363638,3.25,3.25,3.25,3.25,3.25,3.25,3.25,3.25,3.25,3.25,3.25
1.851,2.059,1.4053846153846155,1.8343124999999998,2.5012857142857143,2.4004999999999996,1.8049523809523804,1.9674999999999998,2.248466666666667,2.9557500000000005,5.859333333333333,2.493617647058823,2.3664444444444444,2.5670476190476195,2.9570312499999996,2.5172222222222222,2.9966199999999983,4.054916666666667,3.1783125000000005,3.1316999999999995,4.627882352941176,4.954842105263158,3.7831428571428565,3.9533863636363638,3.25,3.25,3.25,3.25,3.25,3.25,3.25,3.25,3.25,3.25,3.25
1.851,2.059,1.4053846153846155,1.8343124999999998,2.5012857142857143,2.4004999999999996,1.8049523809523804,1.9674999999999998,2.248466666666667,2.9557500000000005,5.859333333333333,2.493617647058823,2.3664444444444444,2.5670476190476195,2.9570312499999996,2.5172222222222222,2.9966199999999983,4.054916666666667,3.1783125000000005,3.1316999999999995,4.627882352941176,4.954842105263158,3.7831428571428565,3.9533863636363638,3.25,3.25,3.25,3.25,3.25,3.25,3.25,3.25,3.25,3.25,3.25
1.851,2.059,1.4053846153846155,1.8343124999999998,2.5012857142857143,2.4004999999999996,1.8049523809523804,1.9674999999999998,2.248466666666667,2.9557500000000005,5.859333333333333,2.493617647058823,2.3664444444444444,2.5670476190476195,2.9570312499999996,2.5172222222222222,2.9966199999999983,4.054916666666667,3.1783125000000005,3.1316999999999995,4.627882352941176,4.954842105263158,3.7831428571428565,3.9533863636363638,3.25,3.25,3.25,3.25,3.25,3.25,3.25,3.25,3.25,3.25,3.25
1.851,2.059,1.4053846153846155,1.8343124999999998,2.5012857142857143,2.4004999999999996,1.8049523809523804,1.9674999999999998,2.248466666666667,2.9557500000000005,5.859333333333333,2.493617647058823,2.3664444444444444,2.5670476190476195,2.9570312499999996,2.5172222222222222,2.9966199999999983,4.054916666666667,3.1783125000000005,3.1316999999999995,4.627882352941176,4.954842105263158,3.7831428571428565,3.9533863636363638,3.25,3.25,3.25,3.25,3.25,3.25,3.25,3.25,3.25,3.25,3.25
1.851,2.059,1.4053846153846155,1.8343124999999998,2.5012857142857143,2.4004999999999996,1.8049523809523804,1.9674999999999998,2.248466666666667,2.9557500000000005,5.859333333333333,2.493617647058823,2.3664444444444444,2.5670476190476195,2.9570312499999996,2.5172222222222222,2.9966199999999983,4.054916666666667,3.1783125000000005,3.1316999999999995,4.627882352941176,4.954842105263158,3.7831428571428565,3.9533863636363638,3.25,3.25,3.25,3.25,3.25,3.25,3.25,3.25,3.25,3.25,3.25
1.851,2.059,1.4053846153846155,1.8343124999999998,2.5012857142857143,2.4004999999999996,1.8049523809523804,1.9674999999999998,2.248466666666667,2.9557500000000005,5.859333333333333,2.493617647058823,2.3664444444444444,2.5670476190476195,2.9570312499999996,2.5172222222222222,2.9966199999999983,4.054916666666667,3.1783125000000005,3.1316999999999995,4.627882352941176,4.954842105263158,3.7831428571428565,3.9533863636363638,3.25,3.25,3.25,3.25,3.25,3.25,3.25,3.25,3.25,3.25,3.25
1.851,2.059,1.4053846153846155,1.8343124999999998,2.5012857142857143,2.4004999999999996,1.8049523809523804,1.9674999999999998,2.248466666666667,2.9557500000000005,5.859333333333333,2.493617647058823,2.3664444444444444,2.5670476190476195,2.9570312499999996,2.5172222222222222,2.9966199999999983,4.054916666666667,3.1783125000000005,3.1316999999999995,4.627882352941176,4.954842105263158,3.7831428571428565,3.9533863636363638,3.25,3.25,3.25,3.25,3.25,3.25,3.25,3.25,3.25,3.25,3.25
1.851,2.059,1.4053846153846155,1.8343124999999998,2.5012857142857143,2.4004999999999996,1.8049523809523804,1.9674999999999998,2.248466666666667,2.9557500000000005,5.859333333333333,2.493617647058823,2.3664444444444444,2.5670476190476195,2.9570312499999996,2.5172222222222222,2.9966199999999983,4.054916666666667,3.1783125000000005,3.1316999999999995,4.627882352941176,4.954842105263158,3.7831428571428565,3.9533863636363638,3.25,3.25,3.25,3.25,3.25,3.25,3.25,3.25,3.25,3.25,3.25
1.851,2.059,1.4053846153846155,1.8343124999999998,2.5012857142857143,2.4004999999999996,1.8049523809523804,1.9674999999999998,2.248466666666667,2.9557500000000005,5.859333333333333,2.493617647058823,2.3664444444444444,2.5670476190476195,2.9570312499999996,2.5172222222222222,2.9966199999999983,4.054916666666667,3.1783125000000005,3.1316999999999995,4.627882352941176,4.954842105263158,3.7831428571428565,3.9533863636363638,3.25,3.25,3.25,3.25,3.25,3.25,3.25,3.25,3.25,3.25,3.25
1.851,2.059,1.4053846153846155,1.8343124999999998,2.5012857142857143,2.4004999999999996,1.8049523809523804,1.9674999999999998,2.248466666666667,2.9557500000000005,5.859333333333333,2.493617647058823,2.3664444444444444,2.5670476190476195,2.9570312499999996,2.5172222222222222,2.9966199999999983,4.054916666666667,3.1783125000000005,3.1316999999999995,4.627882352941176,4.954842105263158,3.7831428571428565,3.9533863636363638,3.25,3.25,3.25,3.25,3.25,3.25,3.25,3.25,3.25,3.25,3.25
1.9327142857142854,2.555,1.424923076923077,1.8388,2.184571428571428,2.469777777777778,1.8356111111111106,1.9324000000000001,2.383266666666667,2.921333333333334,7.1235,2.5049599999999996,2.4185555555555553,2.501869565217391,3.0189687500000004,3.117800000000001,3.1122021276595744,4.275153846153846,3.7654117647058825,4.443999999999999,5.426833333333333,4.9559523809523816,4.670473684210527,4.226022222222223,3.25,3.25,3.25,3.25,3.25,3.25,3.25,3.25,3.25,3.25,3.25
1.9327142857142854,2.555,1.424923076923077,1.8388,2.184571428571428,2.469777777777778,1.8356111111111106,1.9324000000000001,2.383266666666667,2.921333333333334,7.1235,2.5049599999999996,2.4185555555555553,2.501869565217391,3.0189687500000004,3.117800000000001,3.1122021276595744,4.275153846153846,3.7654117647058825,4.443999999999999,5.426833333333333,4.9559523809523816,4.670473684210527,4.226022222222223,3.25,3.25,3.25,3.25,3.25,3.25,3.25,3.25,3.25,3.25,3.25
1.9327142857142854,2.555,1.424923076923077,1.8388,2.184571428571428,2.469777777777778,1.8356111111111106,1.9324000000000001,2.383266666666667,2.921333333333334,7.1235,2.5049599999999996,2.4185555555555553,2.501869565217391,3.0189687500000004,3.117800000000001,3.1122021276595744,4.275153846153846,3.7654117647058825,4.443999999999999,5.426833333333333,4.9559523809523816,4.670473684210527,4.226022222222223,3.25,3.25,3.25,3.25,3.25,3.25,3.25,3.25,3.25,3.25,3.25
1.9327142857142854,2.555,1.424923076923077,1.8388,2.184571428571428,2.469777777777778,1.8356111111111106,1.9324000000000001,2.383266666666667,2.921333333333334,7.1235,2.5049599999999996,2.4185555555555553,2.501869565217391,3.0189687500000004,3.117800000000001,3.1122021276595744,4.275153846153846,3.7654117647058825,4.443999999999999,5.426833333333333,4.9559523809523816,4.670473684210527,4.226022222222223,3.25,3.25,3.25,3.25,3.25,3.25,3.25,3.25,3.25,3.25,3.25
1.9327142857142854,2.555,1.424923076923077,1.8388,2.184571428571428,2.469777777777778,1.8356111111111106,1.9324000000000001,2.383266666666667,2.921333333333334,7.1235,2.5049599999999996,2.4185555555555553,2.501869565217391,3.0189687500000004,3.117800000000001,3.1122021276595744,4.275153846153846,3.7654117647058825,4.443999999999999,5.426833333333333,4.9559523809523816,4.670473684210527,4.226022222222223,3.25,3.25,3.25,3.25,3.25,3.25,3.25,3.25,3.25,3.25,3.25
1.9327142857142854,2.555,1.424923076923077,1.8388,2.184571428571428,2.469777777777778,1.8356111111111106,1.9324000000000001,2.383266666666667,2.921333333333334,7.1235,2.5049599999999996,2.4185555555555553,2.501869565217391,3.0189687500000004,3.117800000000001,3.1122021276595744,4.275153846153846,3.7654117647058825,4.443999999999999,5.426833333333333,4.9559523809523816,4.670473684210527,4.226022222222223,3.25,3.25,3.25,3.25,3.25,3.25,3.25,3.25,3.25,3.25,3.25
1.9327142857142854,2.555,1.424923076923077,1.8388,2.184571428571428,2.469777777777778,1.8356111111111106,1.9324000000000001,2.383266666666667,2.921333333333334,7.1235,2.5049599999999996,2.4185555555555553,2.501869565217391,3.0189687500000004,3.117800000000001,3.1122021276595744,4.275153846153846,3.7654117647058825,4.443999999999999,5.426833333333333,4.9559523809523816,4.670473684210527,4.226022222222223,3.25,3.25,3.25,3.25,3.25,3.25,3.25,3.25,3.25,3.25,3.25
1.9327142857142854,2.555,1.424923076923077,1.8388,2.184571428571428,2.469777777777778,1.8356111111111106,1.9324000000000001,2.383266666666667,2.921333333333334,7.1235,2.5049599999999996,2.4185555555555553,2.501869565217391,3.0189687500000004,3.117800000000001,3.1122021276595744,4.275153846153846,3.7654117647058825,4.443999999999999,5.426833333333333,4.9559523809523816,4.670473684210527,4.226022222222223,3.25,3.25,3.25,3.25,3.25,3.25,3.25,3.25,3.25,3.25,3.25
1.9327142857142854,2.555,1.424923076923077,1.8388,2.184571428571428,2.469777777777778,1.8356111111111106,1.9324000000000001,2.383266666666667,2.921333333333334,7.1235,2.5049599999999996,2.4185555555555553,2.501869565217391,3.0189687500000004,3.117800000000001,3.1122021276595744,4.275153846153846,3.7654117647058825,4.443999999999999,5.426833333333333,4.9559523809523816,4.670473684210527,4.226022222222223,3.25,3.25,3.25,3.25,3.25,3.25,3.25,3.25,3.25,3.25,3.25
1.9327142857142854,2.555,1.424923076923077,1.8388,2.184571428571428,2.469777777777778,1.8356111111111106,1.9324000000000001,2.383266666666667,2.921333333333334,7.1235,2.5049599999999996,2.4185555555555553,2.501869565217391,3.0189687500000004,3.117800000000001,3.1122021276595744,4.275153846153846,3.7654117647058825,4.443999999999999,5.426833333333333,4.9559523809523816,4.670473684210527,4.226022222222223,3.25,3.25,3.25,3.25,3.25,3.25,3.25,3.25,3.25,3.25,3.25
1.9327142857142854,2.555,1.424923076923077,1.8388,2.184571428571428,2.469777777777778,1.8356111111111106,1.9324000000000001,2.383266666666667,2.921333333333334,7.1235,2.5049599999999996,2.4185555555555553,2.501869565217391,3.0189687500000004,3.117800000000001,3.1122021276595744,4.275153846153846,3.7654117647058825,4.443999999999999,5.426833333333333,4.9559523809523816,4.670473684210527,4.226022222222223,3.25,3.25,3.25,3.25,3.25,3.25,3.25,3.25,3.25,3.25,3.25
1.9327142857142854,2.555,1.424923076923077,1.8388,2.184571428571428,2.469777777777778,1.8356111111111106,1.9324000000000001,2.383266666666667,2.921333333333334,7.1235,2.5049599999999996,2.4185555555555553,2.501869565217391,3.0189687500000004,3.117800000000001,3.1122021276595744,4.275153846153846,3.7654117647058825,4.443999999999999,5.426833333333333,4.9559523809523816,4.670473684210527,4.226022222222223,3.25,3.25,3.25,3.25,3.25,3.25,3.25,3.25,3.25,3.25,3.25
1.9327142857142854,2.555,1.424923076923077,1.8388,2.184571428571428,2.469777777777778,1.8356111111111106,1.9324000000000001,2.383266666666667,2.921333333333334,7.1235,2.5049599999999996,2.4185555555555553,2.501869565217391,3.0189687500000004,3.117800000000001,3.1122021276595744,4.275153846153846,3.7654117647058825,4.443999999999999,5.426833333333333,4.9559523809523816,4.670473684210527,4.226022222222223,3.25,3.25,3.25,3.25,3.25,3.25,3.25,3.25,3.25,3.25,3.25
1.9327142857142854,2.555,1.424923076923077,1.8388,2.184571428571428,2.469777777777778,1.8356111111111106,1.9324000000000001,2.383266666666667,2.921333333333334,7.1235,2.5049599999999996,2.4185555555555553,2.501869565217391,3.0189687500000004,3.117800000000001,3.1122021276595744,4.275153846153846,3.7654117647058825,4.443999999999999,5.426833333333333,4.9559523809523816,4.670473684210527,4.226022222222223,3.25,3.25,3.25,3.25,3.25,3.25,3.25,3.25,3.25,3.25,3.25
1.9327142857142854,2.555,1.424923076923077,1.8388,2.184571428571428,2.469777777777778,1.8356111111111106,1.9324000000000001,2.383266666666667,2.921333333333334,7.1235,2.5049599999999996,2.4185555555555553,2.501869565217391,3.0189687500000004,3.117800000000001,3.1122021276595744,4.275153846153846,3.7654117647058825,4.443999999999999,5.426833333333333,4.9559523809523816,4.670473684210527,4.226022222222223,3.25,3.25,3.25,3.25,3.25,3.25,3.25,3.25,3.25,3.25,3.25
1.9327142857142854,2.555,1.424923076923077,1.8388,2.184571428571428,2.469777777777778,1.8356111111111106,1.9324000000000001,2.383266666666667,2.921333333333334,7.1235,2.5049599999999996,2.4185555555555553,2.501869565217391,3.0189687500000004,3.117800000000001,3.1122021276595744,4.275153846153846,3.7654117647058825,4.443999999999999,5.426833333333333,4.9559523809523816,4.670473684210527,4.226022222222223,3.25,3.25,3.25,3.25,3.25,3.25,3.25,3.25,3.25,3.25,3.25
1.9327142857142854,2.555,1.424923076923077,1.8388,2.184571428571428,2.469777777777778,1.8356111111111106,1.9324000000000001,2.383266666666667,2.921333333333334,7.1235,2.5049599999999996,2.4185555555555553,2.501869565217391,3.0189687500000004,3.117800000000001,3.1122021276595744,4.275153846153846,3.7654117647058825,4.443999999999999,5.426833333333333,4.9559523809523816,4.670473684210527,4.226022222222223,3.25,3.25,3.25,3.25,3.25,3.25,3.25,3.25,3.25,3.25,3.25
1.9327142857142854,2.555,1.424923076923077,1.8388,2.184571428571428,2.469777777777778,1.8356111111111106,1.9324000000000001,2.383266666666667,2.921333333333334,7.1235,2.5049599999999996,2.4185555555555553,2.501869565217391,3.0189687500000004,3.117800000000001,3.1122021276595744,4.275153846153846,3.7654117647058825,4.443999999999999,5.426833333333333,4.9559523809523816,4.670473684210527,4.226022222222223,3.25,3.25,3.25,3.25,3.25,3.25,3.25,3.25,3.25,3.25,3.25
1.9327142857142854,2.555,1.424923076923077,1.8388,2.184571428571428,2.469777777777778,1.8356111111111106,1.9324000000000001,2.383266666666667,2.921333333333334,7.1235,2.5049599999999996,2.4185555555555553,2.501869565217391,3.0189687500000004,3.117800000000001,3.1122021276595744,4.275153846153846,3.7654117647058825,4.443999999999999,5.426833333333333,4.9559523809523816,4.670473684210527,4.226022222222223,3.25,3.25,3.25,3.25,3.25,3.25,3.25,3.25,3.25,3.25,3.25
1.9327142857142854,2.555,1.424923076923077,1.8388,2.184571428571428,2.469777777777778,1.8356111111111106,1.9324000000000001,2.383266666666667,2.921333333333334,7.1235,2.5049599999999996,2.4185555555555553,2.501869565217391,3.0189687500000004,3.117800000000001,3.1122021276595744,4.275153846153846,3.7654117647058825,4.443999999999999,5.426833333333333,4.9559523809523816,4.670473684210527,4.226022222222223,3.25,3.25,3.25,3.25,3.25,3.25,3.25,3.25,3.25,3.25,3.25
1.9327142857142854,2.555,1.424923076923077,1.8388,2.184571428571428,2.469777777777778,1.8356111111111106,1.9324000000000001,2.383266666666667,2.921333333333334,7.1235,2.5049599999999996,2.4185555555555553,2.501869565217391,3.0189687500000004,3.117800000000001,3.1122021276595744,4.275153846153846,3.7654117647058825,4.443999999999999,5.426833333333333,4.9559523809523816,4.670473684210527,4.226022222222223,3.25,3.25,3.25,3.25,3.25,3.25,3.25,3.25,3.25,3.25,3.25
1.9327142857142854,2.555,1.424923076923077,1.8388,2.184571428571428,2.469777777777778,1.8356111111111106,1.9324000000000001,2.383266666666667,2.921333333333334,7.1235,2.5049599999999996,2.4185555555555553,2.501869565217391,3.0189687500000004,3.117800000000001,3.1122021276595744,4.275153846153846,3.7654117647058825,4.443999999999999,5.426833333333333,4.9559523809523816,4.670473684210527,4.226022222222223,3.25,3.25,3.25,3.25,3.25,3.25,3.25,3.25,3.25,3.25,3.25
1.9327142857142854,2.555,1.424923076923077,1.8388,2.184571428571428,2.469777777777778,1.8356111111111106,1.9324000000000001,2.383266666666667,2.921333333333334,7.1235,2.5049599999999996,2.4185555555555553,2.501869565217391,3.0189687500000004,3.117800000000001,3.1122021276595744,4.275153846153846,3.7654117647058825,4.443999999999999,5.426833333333333,4.9559523809523816,4.670473684210527,4.226022222222223,3.25,3.25,3.25,3.25,3.25,3.25,3.25,3.25,3.25,3.25,3.25
1.9327142857142854,2.555,1.424923076923077,1.8388,2.184571428571428,2.469777777777778,1.8356111111111106,1.9324000000000001,2.383266666666667,2.921333333333334,7.1235,2.5049599999999996,2.4185555555555553,2.501869565217391,3.0189687500000004,3.117800000000001,3.1122021276595744,4.275153846153846,3.7654117647058825,4.443999999999999,5.426833333333333,4.9559523809523816,4.670473684210527,4.226022222222223,3.25,3.25,3.25,3.25,3.25,3.25,3.25,3.25,3.25,3.25,3.25
1.9327142857142854,2.555,1.424923076923077,1.8388,2.184571428571428,2.469777777777778,1.8356111111111106,1.9324000000000001,2.383266666666667,2.921333333333334,7.1235,2.5049599999999996,2.4185555555555553,2.501869565217391,3.0189687500000004,3.117800000000001,3.1122021276595744,4.275153846153846,3.7654117647058825,4.443999999999999,5.426833333333333,4.9559523809523816,4.670473684210527,4.226022222222223,3.25,3.25,3.25,3.25,3.25,3.25,3.25,3.25,3.25,3.25,3.25
1.9327142857142854,2.555,1.424923076923077,1.8388,2.184571428571428,2.469777777777778,1.8356111111111106,1.9324000000000001,2.383266666666667,2.921333333333334,7.1235,2.5049599999999996,2.4185555555555553,2.501869565217391,3.0189687500000004,3.117800000000001,3.1122021276595744,4.275153846153846,3.7654117647058825,4.443999999999999,5.426833333333333,4.9559523809523816,4.670473684210527,4.226022222222223,3.25,3.25,3.25,3.25,3.25,3.25,3.25,3.25,3.25,3.25,3.25
1.9327142857142854,2.555,1.424923076923077,1.8388,2.184571428571428,2.469777777777778,1.8356111111111106,1.9324000000000001,2.383266666666667,2.921333333333334,7.1235,2.5049599999999996,2.4185555555555553,2.501869565217391,3.0189687500000004,3.117800000000001,3.1122021276595744,4.275153846153846,3.7654117647058825,4.443999999999999,5.426833333333333,4.9559523809523816,4.670473684210527,4.226022222222223,3.25,3.25,3.25,3.25,3.25,3.25,3.25,3.25,3.25,3.25,3.25
1.9327142857142854,2.555,1.424923076923077,1.8388,2.184571428571428,2.469777777777778,1.8356111111111106,1.9324000000000001,2.383266666666667,2.921333333333334,7.1235,2.5049599999999996,2.4185555555555553,2.501869565217391,3.0189687500000004,3.117800000000001,3.1122021276595744,4.275153846153846,3.7654117647058825,4.443999999999999,5.426833333333333,4.9559523809523816,4.670473684210527,4.226022222222223,3.25,3.25,3.25,3.25,3.25,3.25,3.25,3.25,3.25,3.25,3.25
1.9327142857142854,2.555,1.424923076923077,1.8388,2.184571428571428,2.469777777777778,1.8356111111111106,1.9324000000000001,2.383266666666667,2.921333333333334,7.1235,2.5049599999999996,2.4185555555555553,2.501869565217391,3.0189687500000004,3.117800000000001,3.1122021276595744,4.275153846153846,3.7654117647058825,4.443999999999999,5.426833333333333,4.9559523809523816,4.670473684210527,4.226022222222223,3.25,3.25,3.25,3.25,3.25,3.25,3.25,3.25,3.25,3.25,3.25
1.9327142857142854,2.555,1.424923076923077,1.8388,2.184571428571428,2.469777777777778,1.8356111111111106,1.9324000000000001,2.383266666666667,2.921333333333334,7.1235,2.5049599999999996,2.4185555555555553,2.501869565217391,3.0189687500000004,3.117800000000001,3.1122021276595744,4.275153846153846,3.7654117647058825,4.443999999999999,5.426833333333333,4.9559523809523816,4.670473684210527,4.226022222222223,3.25,3.25,3.25,3.25,3.25,3.25,3.25,3.25,3.25,3.25,3.25
1.9327142857142854,2.555,1.424923076923077,1.8388,2.184571428571428,2.469777777777778,1.8356111111111106,1.9324000000000001,2.383266666666667,2.921333333333334,7.1235,2.5049599999999996,2.4185555555555553,2.501869565217391,3.0189687500000004,3.117800000000001,3.1122021276595744,4.275153846153846,3.7654117647058825,4.443999999999999,5.426833333333333,4.9559523809523816,4.670473684210527,4.226022222222223,3.25,3.25,3.25,3.25,3.25,3.25,3.25,3.25,3.25,3.25,3.25
