ND,SD,NE,KS,OK,MN,IA,MO,AR,LA,MS,WI,IL,MI,IN,OH,KY,TN,AL,FL,GA,SC,NC,WV,MD,DE,PA,NJ,NY,NH,CT,RI,MA,VT,ME
1.7892499999999998,2.148,1.3289999999999997,1.5510000000000002,1.8219999999999998,2.011,1.5632222222222223,1.5689629629629633,1.8455000000000006,2.5777777777777775,2.639,2.077045454545454,1.8297999999999999,2.060428571428571,2.2031428571428573,2.0566,1.9119753086419757,2.137384615384615,2.1184444444444446,2.581272727272727,2.651045454545454,3.097583333333333,2.6849268292682926,2.205857142857143,3.25,3.25,3.25,3.25,3.25,3.1310000000000002,3.25,3.25,3.25,3.25,3.25
1.7892499999999998,2.148,1.3289999999999997,1.5510000000000002,1.8219999999999998,2.011,1.5632222222222223,1.5689629629629633,1.8455000000000006,2.5777777777777775,2.639,2.077045454545454,1.8297999999999999,2.060428571428571,2.2031428571428573,2.0566,1.9119753086419757,2.137384615384615,2.1184444444444446,2.581272727272727,2.651045454545454,3.097583333333333,2.6849268292682926,2.205857142857143,3.25,3.25,3.25,3.25,3.25,3.1310000000000002,3.25,3.25,3.25,3.25,3.25
1.7892499999999998,2.148,1.3289999999999997,1.5510000000000002,1.8219999999999998,2.011,1.5632222222222223,1.5689629629629633,1.8455000000000006,2.5777777777777775,2.639,2.077045454545454,1.8297999999999999,2.060428571428571,2.2031428571428573,2.0566,1.9119753086419757,2.137384615384615,2.1184444444444446,2.581272727272727,2.651045454545454,3.097583333333333,2.6849268292682926,2.205857142857143,3.25,3.25,3.25,3.25,3.25,3.1310000000000002,3.25,3.25,3.25,3.25,3.25
1.7892499999999998,2.148,1.3289999999999997,1.5510000000000002,1.8219999999999998,2.011,1.5632222222222223,1.5689629629629633,1.8455000000000006,2.5777777777777775,2.639,2.077045454545454,1.8297999999999999,2.060428571428571,2.2031428571428573,2.0566,1.9119753086419757,2.137384615384615,2.1184444444444446,2.581272727272727,2.651045454545454,3.097583333333333,2.6849268292682926,2.205857142857143,3.25,3.25,3.25,3.25,3.25,3.1310000000000002,3.25,3.25,3.25,3.25,3.25
1.7892499999999998,2.148,1.3289999999999997,1.5510000000000002,1.8219999999999998,2.011,1.5632222222222223,1.5689629629629633,1.8455000000000006,2.5777777777777775,2.639,2.077045454545454,1.8297999999999999,2.060428571428571,2.2031428571428573,2.0566,1.9119753086419757,2.137384615384615,2.1184444444444446,2.581272727272727,2.651045454545454,3.097583333333333,2.6849268292682926,2.205857142857143,3.25,3.25,3.25,3.25,3.25,3.1310000000000002,3.25,3.25,3.25,3.25,3.25
1.7892499999999998,2.148,1.3289999999999997,1.5510000000000002,1.8219999999999998,2.011,1.5632222222222223,1.5689629629629633,1.8455000000000006,2.5777777777777775,2.639,2.077045454545454,1.8297999999999999,2.060428571428571,2.2031428571428573,2.0566,1.9119753086419757,2.137384615384615,2.1184444444444446,2.581272727272727,2.651045454545454,3.097583333333333,2.6849268292682926,2.205857142857143,3.25,3.25,3.25,3.25,3.25,3.1310000000000002,3.25,3.25,3.25,3.25,3.25
1.7892499999999998,2.148,1.3289999999999997,1.5510000000000002,1.8219999999999998,2.011,1.5632222222222223,1.5689629629629633,1.8455000000000006,2.5777777777777775,2.639,2.077045454545454,1.8297999999999999,2.060428571428571,2.2031428571428573,2.0566,1.9119753086419757,2.137384615384615,2.1184444444444446,2.581272727272727,2.651045454545454,3.097583333333333,2.6849268292682926,2.205857142857143,3.25,3.25,3.25,3.25,3.25,3.1310000000000002,3.25,3.25,3.25,3.25,3.25
1.7892499999999998,2.148,1.3289999999999997,1.5510000000000002,1.8219999999999998,2.011,1.5632222222222223,1.5689629629629633,1.8455000000000006,2.5777777777777775,2.639,2.077045454545454,1.8297999999999999,2.060428571428571,2.2031428571428573,2.0566,1.9119753086419757,2.137384615384615,2.1184444444444446,2.581272727272727,2.651045454545454,3.097583333333333,2.6849268292682926,2.205857142857143,3.25,3.25,3.25,3.25,3.25,3.1310000000000002,3.25,3.25,3.25,3.25,3.25
1.7892499999999998,2.148,1.3289999999999997,1.5510000000000002,1.8219999999999998,2.011,1.5632222222222223,1.5689629629629633,1.8455000000000006,2.5777777777777775,2.639,2.077045454545454,1.8297999999999999,2.060428571428571,2.2031428571428573,2.0566,1.9119753086419757,2.137384615384615,2.1184444444444446,2.581272727272727,2.651045454545454,3.097583333333333,2.6849268292682926,2.205857142857143,3.25,3.25,3.25,3.25,3.25,3.1310000000000002,3.25,3.25,3.25,3.25,3.25
1.7892499999999998,2.148,1.3289999999999997,1.5510000000000002,1.8219999999999998,2.011,1.5632222222222223,1.5689629629629633,1.8455000000000006,2.5777777777777775,2.639,2.077045454545454,1.8297999999999999,2.060428571428571,2.2031428571428573,2.0566,1.9119753086419757,2.137384615384615,2.1184444444444446,2.581272727272727,2.651045454545454,3.097583333333333,2.6849268292682926,2.205857142857143,3.25,3.25,3.25,3.25,3.25,3.1310000000000002,3.25,3.25,3.25,3.25,3.25
1.7892499999999998,2.148,1.3289999999999997,1.5510000000000002,1.8219999999999998,2.011,1.5632222222222223,1.5689629629629633,1.8455000000000006,2.5777777777777775,2.639,2.077045454545454,1.8297999999999999,2.060428571428571,2.2031428571428573,2.0566,1.9119753086419757,2.137384615384615,2.1184444444444446,2.581272727272727,2.651045454545454,3.097583333333333,2.6849268292682926,2.205857142857143,3.25,3.25,3.25,3.25,3.25,3.1310000000000002,3.25,3.25,3.25,3.25,3.25
1.7892499999999998,2.148,1.3289999999999997,1.5510000000000002,1.8219999999999998,2.011,1.5632222222222223,1.5689629629629633,1.8455000000000006,2.5777777777777775,2.639,2.077045454545454,1.8297999999999999,2.060428571428571,2.2031428571428573,2.0566,1.9119753086419757,2.137384615384615,2.1184444444444446,2.581272727272727,2.651045454545454,3.097583333333333,2.6849268292682926,2.205857142857143,3.25,3.25,3.25,3.25,3.25,3.1310000000000002,3.25,3.25,3.25,3.25,3.25
1.7892499999999998,2.148,1.3289999999999997,1.5510000000000002,1.8219999999999998,2.011,1.5632222222222223,1.5689629629629633,1.8455000000000006,2.5777777777777775,2.639,2.077045454545454,1.8297999999999999,2.060428571428571,2.2031428571428573,2.0566,1.9119753086419757,2.137384615384615,2.1184444444444446,2.581272727272727,2.651045454545454,3.097583333333333,2.6849268292682926,2.205857142857143,3.25,3.25,3.25,3.25,3.25,3.1310000000000002,3.25,3.25,3.25,3.25,3.25
1.7892499999999998,2.148,1.3289999999999997,1.5510000000000002,1.8219999999999998,2.011,1.5632222222222223,1.5689629629629633,1.8455000000000006,2.5777777777777775,2.639,2.077045454545454,1.8297999999999999,2.060428571428571,2.2031428571428573,2.0566,1.9119753086419757,2.137384615384615,2.1184444444444446,2.581272727272727,2.651045454545454,3.097583333333333,2.6849268292682926,2.205857142857143,3.25,3.25,3.25,3.25,3.25,3.1310000000000002,3.25,3.25,3.25,3.25,3.25
1.7892499999999998,2.148,1.3289999999999997,1.5510000000000002,1.8219999999999998,2.011,1.5632222222222223,1.5689629629629633,1.8455000000000006,2.5777777777777775,2.639,2.077045454545454,1.8297999999999999,2.060428571428571,2.2031428571428573,2.0566,1.9119753086419757,2.137384615384615,2.1184444444444446,2.581272727272727,2.651045454545454,3.097583333333333,2.6849268292682926,2.205857142857143,3.25,3.25,3.25,3.25,3.25,3.1310000000000002,3.25,3.25,3.25,3.25,3.25
1.7892499999999998,2.148,1.3289999999999997,1.5510000000000002,1.8219999999999998,2.011,1.5632222222222223,1.5689629629629633,1.8455000000000006,2.5777777777777775,2.639,2.077045454545454,1.8297999999999999,2.060428571428571,2.2031428571428573,2.0566,1.9119753086419757,2.137384615384615,2.1184444444444446,2.581272727272727,2.651045454545454,3.097583333333333,2.6849268292682926,2.205857142857143,3.25,3.25,3.25,3.25,3.25,3.1310000000000002,3.25,3.25,3.25,3.25,3.25
1.7892499999999998,2.148,1.3289999999999997,1.5510000000000002,1.8219999999999998,2.011,1.5632222222222223,1.5689629629629633,1.8455000000000006,2.5777777777777775,2.639,2.077045454545454,1.8297999999999999,2.060428571428571,2.2031428571428573,2.0566,1.9119753086419757,2.137384615384615,2.1184444444444446,2.581272727272727,2.651045454545454,3.097583333333333,2.6849268292682926,2.205857142857143,3.25,3.25,3.25,3.25,3.25,3.1310000000000002,3.25,3.25,3.25,3.25,3.25
1.7892499999999998,2.148,1.3289999999999997,1.5510000000000002,1.8219999999999998,2.011,1.5632222222222223,1.5689629629629633,1.8455000000000006,2.5777777777777775,2.639,2.077045454545454,1.8297999999999999,2.060428571428571,2.2031428571428573,2.0566,1.9119753086419757,2.137384615384615,2.1184444444444446,2.581272727272727,2.651045454545454,3.097583333333333,2.6849268292682926,2.205857142857143,3.25,3.25,3.25,3.25,3.25,3.1310000000000002,3.25,3.25,3.25,3.25,3.25
1.7892499999999998,2.148,1.3289999999999997,1.5510000000000002,1.8219999999999998,2.011,1.5632222222222223,1.5689629629629633,1.8455000000000006,2.5777777777777775,2.639,2.077045454545454,1.8297999999999999,2.060428571428571,2.2031428571428573,2.0566,1.9119753086419757,2.137384615384615,2.1184444444444446,2.581272727272727,2.651045454545454,3.097583333333333,2.6849268292682926,2.205857142857143,3.25,3.25,3.25,3.25,3.25,3.1310000000000002,3.25,3.25,3.25,3.25,3.25
1.7892499999999998,2.148,1.3289999999999997,1.5510000000000002,1.8219999999999998,2.011,1.5632222222222223,1.5689629629629633,1.8455000000000006,2.5777777777777775,2.639,2.077045454545454,1.8297999999999999,2.060428571428571,2.2031428571428573,2.0566,1.9119753086419757,2.137384615384615,2.1184444444444446,2.581272727272727,2.651045454545454,3.097583333333333,2.6849268292682926,2.205857142857143,3.25,3.25,3.25,3.25,3.25,3.1310000000000002,3.25,3.25,3.25,3.25,3.25
1.7892499999999998,2.148,1.3289999999999997,1.5510000000000002,1.8219999999999998,2.011,1.5632222222222223,1.5689629629629633,1.8455000000000006,2.5777777777777775,2.639,2.077045454545454,1.8297999999999999,2.060428571428571,2.2031428571428573,2.0566,1.9119753086419757,2.137384615384615,2.1184444444444446,2.581272727272727,2.651045454545454,3.097583333333333,2.6849268292682926,2.205857142857143,3.25,3.25,3.25,3.25,3.25,3.1310000000000002,3.25,3.25,3.25,3.25,3.25
1.7892499999999998,2.148,1.3289999999999997,1.5510000000000002,1.8219999999999998,2.011,1.5632222222222223,1.5689629629629633,1.8455000000000006,2.5777777777777775,2.639,2.077045454545454,1.8297999999999999,2.060428571428571,2.2031428571428573,2.0566,1.9119753086419757,2.137384615384615,2.1184444444444446,2.581272727272727,2.651045454545454,3.097583333333333,2.6849268292682926,2.205857142857143,3.25,3.25,3.25,3.25,3.25,3.1310000000000002,3.25,3.25,3.25,3.25,3.25
1.7892499999999998,2.148,1.3289999999999997,1.5510000000000002,1.8219999999999998,2.011,1.5632222222222223,1.5689629629629633,1.8455000000000006,2.5777777777777775,2.639,2.077045454545454,1.8297999999999999,2.060428571428571,2.2031428571428573,2.0566,1.9119753086419757,2.137384615384615,2.1184444444444446,2.581272727272727,2.651045454545454,3.097583333333333,2.6849268292682926,2.205857142857143,3.25,3.25,3.25,3.25,3.25,3.1310000000000002,3.25,3.25,3.25,3.25,3.25
1.7892499999999998,2.148,1.3289999999999997,1.5510000000000002,1.8219999999999998,2.011,1.5632222222222223,1.5689629629629633,1.8455000000000006,2.5777777777777775,2.639,2.077045454545454,1.8297999999999999,2.060428571428571,2.2031428571428573,2.0566,1.9119753086419757,2.137384615384615,2.1184444444444446,2.581272727272727,2.651045454545454,3.097583333333333,2.6849268292682926,2.205857142857143,3.25,3.25,3.25,3.25,3.25,3.1310000000000002,3.25,3.25,3.25,3.25,3.25
1.7892499999999998,2.148,1.3289999999999997,1.5510000000000002,1.8219999999999998,2.011,1.5632222222222223,1.5689629629629633,1.8455000000000006,2.5777777777777775,2.639,2.077045454545454,1.8297999999999999,2.060428571428571,2.2031428571428573,2.0566,1.9119753086419757,2.137384615384615,2.1184444444444446,2.581272727272727,2.651045454545454,3.097583333333333,2.6849268292682926,2.205857142857143,3.25,3.25,3.25,3.25,3.25,3.1310000000000002,3.25,3.25,3.25,3.25,3.25
1.7892499999999998,2.148,1.3289999999999997,1.5510000000000002,1.8219999999999998,2.011,1.5632222222222223,1.5689629629629633,1.8455000000000006,2.5777777777777775,2.639,2.077045454545454,1.8297999999999999,2.060428571428571,2.2031428571428573,2.0566,1.9119753086419757,2.137384615384615,2.1184444444444446,2.581272727272727,2.651045454545454,3.097583333333333,2.6849268292682926,2.205857142857143,3.25,3.25,3.25,3.25,3.25,3.1310000000000002,3.25,3.25,3.25,3.25,3.25
1.7892499999999998,2.148,1.3289999999999997,1.5510000000000002,1.8219999999999998,2.011,1.5632222222222223,1.5689629629629633,1.8455000000000006,2.5777777777777775,2.639,2.077045454545454,1.8297999999999999,2.060428571428571,2.2031428571428573,2.0566,1.9119753086419757,2.137384615384615,2.1184444444444446,2.581272727272727,2.651045454545454,3.097583333333333,2.6849268292682926,2.205857142857143,3.25,3.25,3.25,3.25,3.25,3.1310000000000002,3.25,3.25,3.25,3.25,3.25
1.7892499999999998,2.148,1.3289999999999997,1.5510000000000002,1.8219999999999998,2.011,1.5632222222222223,1.5689629629629633,1.8455000000000006,2.5777777777777775,2.639,2.077045454545454,1.8297999999999999,2.060428571428571,2.2031428571428573,2.0566,1.9119753086419757,2.137384615384615,2.1184444444444446,2.581272727272727,2.651045454545454,3.097583333333333,2.6849268292682926,2.205857142857143,3.25,3.25,3.25,3.25,3.25,3.1310000000000002,3.25,3.25,3.25,3.25,3.25
1.7892499999999998,2.148,1.3289999999999997,1.5510000000000002,1.8219999999999998,2.011,1.5632222222222223,1.5689629629629633,1.8455000000000006,2.5777777777777775,2.639,2.077045454545454,1.8297999999999999,2.060428571428571,2.2031428571428573,2.0566,1.9119753086419757,2.137384615384615,2.1184444444444446,2.581272727272727,2.651045454545454,3.097583333333333,2.6849268292682926,2.205857142857143,3.25,3.25,3.25,3.25,3.25,3.1310000000000002,3.25,3.25,3.25,3.25,3.25
1.7892499999999998,2.148,1.3289999999999997,1.5510000000000002,1.8219999999999998,2.011,1.5632222222222223,1.5689629629629633,1.8455000000000006,2.5777777777777775,2.639,2.077045454545454,1.8297999999999999,2.060428571428571,2.2031428571428573,2.0566,1.9119753086419757,2.137384615384615,2.1184444444444446,2.581272727272727,2.651045454545454,3.097583333333333,2.6849268292682926,2.205857142857143,3.25,3.25,3.25,3.25,3.25,3.1310000000000002,3.25,3.25,3.25,3.25,3.25
1.7892499999999998,2.148,1.3289999999999997,1.5510000000000002,1.8219999999999998,2.011,1.5632222222222223,1.5689629629629633,1.8455000000000006,2.5777777777777775,2.639,2.077045454545454,1.8297999999999999,2.060428571428571,2.2031428571428573,2.0566,1.9119753086419757,2.137384615384615,2.1184444444444446,2.581272727272727,2.651045454545454,3.097583333333333,2.6849268292682926,2.205857142857143,3.25,3.25,3.25,3.25,3.25,3.1310000000000002,3.25,3.25,3.25,3.25,3.25
1.7352499999999997,1.9869999999999999,1.3159999999999998,1.5737999999999999,1.7252,2.0627692307692302,1.5692258064516131,1.5634827586206899,1.846235294117647,3.0068,2.616,2.0882608695652176,1.6367142857142856,2.04965,2.1616969696969695,2.047333333333333,1.9200588235294114,2.1395,2.210111111111111,2.5503333333333336,2.687687500000001,3.318882352941177,2.663611111111111,2.3141111111111115,3.25,3.25,3.25,3.25,3.25,3.25,3.25,3.25,3.25,3.25,3.25
1.7352499999999997,1.9869999999999999,1.3159999999999998,1.5737999999999999,1.7252,2.0627692307692302,1.5692258064516131,1.5634827586206899,1.846235294117647,3.0068,2.616,2.0882608695652176,1.6367142857142856,2.04965,2.1616969696969695,2.047333333333333,1.9200588235294114,2.1395,2.210111111111111,2.5503333333333336,2.687687500000001,3.318882352941177,2.663611111111111,2.3141111111111115,3.25,3.25,3.25,3.25,3.25,3.25,3.25,3.25,3.25,3.25,3.25
1.7352499999999997,1.9869999999999999,1.3159999999999998,1.5737999999999999,1.7252,2.0627692307692302,1.5692258064516131,1.5634827586206899,1.846235294117647,3.0068,2.616,2.0882608695652176,1.6367142857142856,2.04965,2.1616969696969695,2.047333333333333,1.9200588235294114,2.1395,2.210111111111111,2.5503333333333336,2.687687500000001,3.318882352941177,2.663611111111111,2.3141111111111115,3.25,3.25,3.25,3.25,3.25,3.25,3.25,3.25,3.25,3.25,3.25
1.7352499999999997,1.9869999999999999,1.3159999999999998,1.5737999999999999,1.7252,2.0627692307692302,1.5692258064516131,1.5634827586206899,1.846235294117647,3.0068,2.616,2.0882608695652176,1.6367142857142856,2.04965,2.1616969696969695,2.047333333333333,1.9200588235294114,2.1395,2.210111111111111,2.5503333333333336,2.687687500000001,3.318882352941177,2.663611111111111,2.3141111111111115,3.25,3.25,3.25,3.25,3.25,3.25,3.25,3.25,3.25,3.25,3.25
1.7352499999999997,1.9869999999999999,1.3159999999999998,1.5737999999999999,1.7252,2.0627692307692302,1.5692258064516131,1.5634827586206899,1.846235294117647,3.0068,2.616,2.0882608695652176,1.6367142857142856,2.04965,2.1616969696969695,2.047333333333333,1.9200588235294114,2.1395,2.210111111111111,2.5503333333333336,2.687687500000001,3.318882352941177,2.663611111111111,2.3141111111111115,3.25,3.25,3.25,3.25,3.25,3.25,3.25,3.25,3.25,3.25,3.25
1.7352499999999997,1.9869999999999999,1.3159999999999998,1.5737999999999999,1.7252,2.0627692307692302,1.5692258064516131,1.5634827586206899,1.846235294117647,3.0068,2.616,2.0882608695652176,1.6367142857142856,2.04965,2.1616969696969695,2.047333333333333,1.9200588235294114,2.1395,2.210111111111111,2.5503333333333336,2.687687500000001,3.318882352941177,2.663611111111111,2.3141111111111115,3.25,3.25,3.25,3.25,3.25,3.25,3.25,3.25,3.25,3.25,3.25
1.7352499999999997,1.9869999999999999,1.3159999999999998,1.5737999999999999,1.7252,2.0627692307692302,1.5692258064516131,1.5634827586206899,1.846235294117647,3.0068,2.616,2.0882608695652176,1.6367142857142856,2.04965,2.1616969696969695,2.047333333333333,1.9200588235294114,2.1395,2.210111111111111,2.5503333333333336,2.687687500000001,3.318882352941177,2.663611111111111,2.3141111111111115,3.25,3.25,3.25,3.25,3.25,3.25,3.25,3.25,3.25,3.25,3.25
1.7352499999999997,1.9869999999999999,1.3159999999999998,1.5737999999999999,1.7252,2.0627692307692302,1.5692258064516131,1.5634827586206899,1.846235294117647,3.0068,2.616,2.0882608695652176,1.6367142857142856,2.04965,2.1616969696969695,2.047333333333333,1.9200588235294114,2.1395,2.210111111111111,2.5503333333333336,2.687687500000001,3.318882352941177,2.663611111111111,2.3141111111111115,3.25,3.25,3.25,3.25,3.25,3.25,3.25,3.25,3.25,3.25,3.25
1.7352499999999997,1.9869999999999999,1.3159999999999998,1.5737999999999999,1.7252,2.0627692307692302,1.5692258064516131,1.5634827586206899,1.846235294117647,3.0068,2.616,2.0882608695652176,1.6367142857142856,2.04965,2.1616969696969695,2.047333333333333,1.9200588235294114,2.1395,2.210111111111111,2.5503333333333336,2.687687500000001,3.318882352941177,2.663611111111111,2.3141111111111115,3.25,3.25,3.25,3.25,3.25,3.25,3.25,3.25,3.25,3.25,3.25
1.7352499999999997,1.9869999999999999,1.3159999999999998,1.5737999999999999,1.7252,2.0627692307692302,1.5692258064516131,1.5634827586206899,1.846235294117647,3.0068,2.616,2.0882608695652176,1.6367142857142856,2.04965,2.1616969696969695,2.047333333333333,1.9200588235294114,2.1395,2.210111111111111,2.5503333333333336,2.687687500000001,3.318882352941177,2.663611111111111,2.3141111111111115,3.25,3.25,3.25,3.25,3.25,3.25,3.25,3.25,3.25,3.25,3.25
1.7352499999999997,1.9869999999999999,1.3159999999999998,1.5737999999999999,1.7252,2.0627692307692302,1.5692258064516131,1.5634827586206899,1.846235294117647,3.0068,2.616,2.0882608695652176,1.6367142857142856,2.04965,2.1616969696969695,2.047333333333333,1.9200588235294114,2.1395,2.210111111111111,2.5503333333333336,2.687687500000001,3.318882352941177,2.663611111111111,2.3141111111111115,3.25,3.25,3.25,3.25,3.25,3.25,3.25,3.25,3.25,3.25,3.25
1.7352499999999997,1.9869999999999999,1.3159999999999998,1.5737999999999999,1.7252,2.0627692307692302,1.5692258064516131,1.5634827586206899,1.846235294117647,3.0068,2.616,2.0882608695652176,1.6367142857142856,2.04965,2.1616969696969695,2.047333333333333,1.9200588235294114,2.1395,2.210111111111111,2.5503333333333336,2.687687500000001,3.318882352941177,2.663611111111111,2.3141111111111115,3.25,3.25,3.25,3.25,3.25,3.25,3.25,3.25,3.25,3.25,3.25
1.7352499999999997,1.9869999999999999,1.3159999999999998,1.5737999999999999,1.7252,2.0627692307692302,1.5692258064516131,1.5634827586206899,1.846235294117647,3.0068,2.616,2.0882608695652176,1.6367142857142856,2.04965,2.1616969696969695,2.047333333333333,1.9200588235294114,2.1395,2.210111111111111,2.5503333333333336,2.687687500000001,3.318882352941177,2.663611111111111,2.3141111111111115,3.25,3.25,3.25,3.25,3.25,3.25,3.25,3.25,3.25,3.25,3.25
1.7352499999999997,1.9869999999999999,1.3159999999999998,1.5737999999999999,1.7252,2.0627692307692302,1.5692258064516131,1.5634827586206899,1.846235294117647,3.0068,2.616,2.0882608695652176,1.6367142857142856,2.04965,2.1616969696969695,2.047333333333333,1.9200588235294114,2.1395,2.210111111111111,2.5503333333333336,2.687687500000001,3.318882352941177,2.663611111111111,2.3141111111111115,3.25,3.25,3.25,3.25,3.25,3.25,3.25,3.25,3.25,3.25,3.25
1.7352499999999997,1.9869999999999999,1.3159999999999998,1.5737999999999999,1.7252,2.0627692307692302,1.5692258064516131,1.5634827586206899,1.846235294117647,3.0068,2.616,2.0882608695652176,1.6367142857142856,2.04965,2.1616969696969695,2.047333333333333,1.9200588235294114,2.1395,2.210111111111111,2.5503333333333336,2.687687500000001,3.318882352941177,2.663611111111111,2.3141111111111115,3.25,3.25,3.25,3.25,3.25,3.25,3.25,3.25,3.25,3.25,3.25
1.7352499999999997,1.9869999999999999,1.3159999999999998,1.5737999999999999,1.7252,2.0627692307692302,1.5692258064516131,1.5634827586206899,1.846235294117647,3.0068,2.616,2.0882608695652176,1.6367142857142856,2.04965,2.1616969696969695,2.047333333333333,1.9200588235294114,2.1395,2.210111111111111,2.5503333333333336,2.687687500000001,3.318882352941177,2.663611111111111,2.3141111111111115,3.25,3.25,3.25,3.25,3.25,3.25,3.25,3.25,3.25,3.25,3.25
1.7352499999999997,1.9869999999999999,1.3159999999999998,1.5737999999999999,1.7252,2.0627692307692302,1.5692258064516131,1.5634827586206899,1.846235294117647,3.0068,2.616,2.0882608695652176,1.6367142857142856,2.04965,2.1616969696969695,2.047333333333333,1.9200588235294114,2.1395,2.210111111111111,2.5503333333333336,2.687687500000001,3.318882352941177,2.663611111111111,2.3141111111111115,3.25,3.25,3.25,3.25,3.25,3.25,3.25,3.25,3.25,3.25,3.25
1.7352499999999997,1.9869999999999999,1.3159999999999998,1.5737999999999999,1.7252,2.0627692307692302,1.5692258064516131,1.5634827586206899,1.846235294117647,3.0068,2.616,2.0882608695652176,1.6367142857142856,2.04965,2.1616969696969695,2.047333333333333,1.9200588235294114,2.1395,2.210111111111111,2.5503333333333336,2.687687500000001,3.318882352941177,2.663611111111111,2.3141111111111115,3.25,3.25,3.25,3.25,3.25,3.25,3.25,3.25,3.25,3.25,3.25
1.7352499999999997,1.9869999999999999,1.3159999999999998,1.5737999999999999,1.7252,2.0627692307692302,1.5692258064516131,1.5634827586206899,1.846235294117647,3.0068,2.616,2.0882608695652176,1.6367142857142856,2.04965,2.1616969696969695,2.047333333333333,1.9200588235294114,2.1395,2.210111111111111,2.5503333333333336,2.687687500000001,3.318882352941177,2.663611111111111,2.3141111111111115,3.25,3.25,3.25,3.25,3.25,3.25,3.25,3.25,3.25,3.25,3.25
1.7352499999999997,1.9869999999999999,1.3159999999999998,1.5737999999999999,1.7252,2.0627692307692302,1.5692258064516131,1.5634827586206899,1.846235294117647,3.0068,2.616,2.0882608695652176,1.6367142857142856,2.04965,2.1616969696969695,2.047333333333333,1.9200588235294114,2.1395,2.210111111111111,2.5503333333333336,2.687687500000001,3.318882352941177,2.663611111111111,2.3141111111111115,3.25,3.25,3.25,3.25,3.25,3.25,3.25,3.25,3.25,3.25,3.25
1.7352499999999997,1.9869999999999999,1.3159999999999998,1.5737999999999999,1.7252,2.0627692307692302,1.5692258064516131,1.5634827586206899,1.846235294117647,3.0068,2.616,2.0882608695652176,1.6367142857142856,2.04965,2.1616969696969695,2.047333333333333,1.9200588235294114,2.1395,2.210111111111111,2.5503333333333336,2.687687500000001,3.318882352941177,2.663611111111111,2.3141111111111115,3.25,3.25,3.25,3.25,3.25,3.25,3.25,3.25,3.25,3.25,3.25
1.7352499999999997,1.9869999999999999,1.3159999999999998,1.5737999999999999,1.7252,2.0627692307692302,1.5692258064516131,1.5634827586206899,1.846235294117647,3.0068,2.616,2.0882608695652176,1.6367142857142856,2.04965,2.1616969696969695,2.047333333333333,1.9200588235294114,2.1395,2.210111111111111,2.5503333333333336,2.687687500000001,3.318882352941177,2.663611111111111,2.3141111111111115,3.25,3.25,3.25,3.25,3.25,3.25,3.25,3.25,3.25,3.25,3.25
1.7352499999999997,1.9869999999999999,1.3159999999999998,1.5737999999999999,1.7252,2.0627692307692302,1.5692258064516131,1.5634827586206899,1.846235294117647,3.0068,2.616,2.0882608695652176,1.6367142857142856,2.04965,2.1616969696969695,2.047333333333333,1.9200588235294114,2.1395,2.210111111111111,2.5503333333333336,2.687687500000001,3.318882352941177,2.663611111111111,2.3141111111111115,3.25,3.25,3.25,3.25,3.25,3.25,3.25,3.25,3.25,3.25,3.25
1.7352499999999997,1.9869999999999999,1.3159999999999998,1.5737999999999999,1.7252,2.0627692307692302,1.5692258064516131,1.5634827586206899,1.846235294117647,3.0068,2.616,2.0882608695652176,1.6367142857142856,2.04965,2.1616969696969695,2.047333333333333,1.9200588235294114,2.1395,2.210111111111111,2.5503333333333336,2.687687500000001,3.318882352941177,2.663611111111111,2.3141111111111115,3.25,3.25,3.25,3.25,3.25,3.25,3.25,3.25,3.25,3.25,3.25
1.7352499999999997,1.9869999999999999,1.3159999999999998,1.5737999999999999,1.7252,2.0627692307692302,1.5692258064516131,1.5634827586206899,1.846235294117647,3.0068,2.616,2.0882608695652176,1.6367142857142856,2.04965,2.1616969696969695,2.047333333333333,1.9200588235294114,2.1395,2.210111111111111,2.5503333333333336,2.687687500000001,3.318882352941177,2.663611111111111,2.3141111111111115,3.25,3.25,3.25,3.25,3.25,3.25,3.25,3.25,3.25,3.25,3.25
1.7352499999999997,1.9869999999999999,1.3159999999999998,1.5737999999999999,1.7252,2.0627692307692302,1.5692258064516131,1.5634827586206899,1.846235294117647,3.0068,2.616,2.0882608695652176,1.6367142857142856,2.04965,2.1616969696969695,2.047333333333333,1.9200588235294114,2.1395,2.210111111111111,2.5503333333333336,2.687687500000001,3.318882352941177,2.663611111111111,2.3141111111111115,3.25,3.25,3.25,3.25,3.25,3.25,3.25,3.25,3.25,3.25,3.25
1.7352499999999997,1.9869999999999999,1.3159999999999998,1.5737999999999999,1.7252,2.0627692307692302,1.5692258064516131,1.5634827586206899,1.846235294117647,3.0068,2.616,2.0882608695652176,1.6367142857142856,2.04965,2.1616969696969695,2.047333333333333,1.9200588235294114,2.1395,2.210111111111111,2.5503333333333336,2.687687500000001,3.318882352941177,2.663611111111111,2.3141111111111115,3.25,3.25,3.25,3.25,3.25,3.25,3.25,3.25,3.25,3.25,3.25
1.7352499999999997,1.9869999999999999,1.3159999999999998,1.5737999999999999,1.7252,2.0627692307692302,1.5692258064516131,1.5634827586206899,1.846235294117647,3.0068,2.616,2.0882608695652176,1.6367142857142856,2.04965,2.1616969696969695,2.047333333333333,1.9200588235294114,2.1395,2.210111111111111,2.5503333333333336,2.687687500000001,3.318882352941177,2.663611111111111,2.3141111111111115,3.25,3.25,3.25,3.25,3.25,3.25,3.25,3.25,3.25,3.25,3.25
1.849,1.6219999999999999,1.3210555555555556,1.6850999999999998,1.55925,2.013153846153846,1.557241379310345,1.5626666666666664,1.9930769230769232,2.2175,3.2320000000000007,2.09408,1.74475,2.0923157894736844,2.210085714285714,2.0482,1.8997777777777778,1.9863333333333333,2.186777777777778,2.593375,2.7502142857142853,3.2424375000000003,2.633827586206897,2.4340588235294116,3.25,3.25,2.684,3.25,3.25,3.17,3.25,3.25,3.25,3.25,3.25
1.849,1.6219999999999999,1.3210555555555556,1.6850999999999998,1.55925,2.013153846153846,1.557241379310345,1.5626666666666664,1.9930769230769232,2.2175,3.2320000000000007,2.09408,1.74475,2.0923157894736844,2.210085714285714,2.0482,1.8997777777777778,1.9863333333333333,2.186777777777778,2.593375,2.7502142857142853,3.2424375000000003,2.633827586206897,2.4340588235294116,3.25,3.25,2.684,3.25,3.25,3.17,3.25,3.25,3.25,3.25,3.25
1.849,1.6219999999999999,1.3210555555555556,1.6850999999999998,1.55925,2.013153846153846,1.557241379310345,1.5626666666666664,1.9930769230769232,2.2175,3.2320000000000007,2.09408,1.74475,2.0923157894736844,2.210085714285714,2.0482,1.8997777777777778,1.9863333333333333,2.186777777777778,2.593375,2.7502142857142853,3.2424375000000003,2.633827586206897,2.4340588235294116,3.25,3.25,2.684,3.25,3.25,3.17,3.25,3.25,3.25,3.25,3.25
1.849,1.6219999999999999,1.3210555555555556,1.6850999999999998,1.55925,2.013153846153846,1.557241379310345,1.5626666666666664,1.9930769230769232,2.2175,3.2320000000000007,2.09408,1.74475,2.0923157894736844,2.210085714285714,2.0482,1.8997777777777778,1.9863333333333333,2.186777777777778,2.593375,2.7502142857142853,3.2424375000000003,2.633827586206897,2.4340588235294116,3.25,3.25,2.684,3.25,3.25,3.17,3.25,3.25,3.25,3.25,3.25
1.849,1.6219999999999999,1.3210555555555556,1.6850999999999998,1.55925,2.013153846153846,1.557241379310345,1.5626666666666664,1.9930769230769232,2.2175,3.2320000000000007,2.09408,1.74475,2.0923157894736844,2.210085714285714,2.0482,1.8997777777777778,1.9863333333333333,2.186777777777778,2.593375,2.7502142857142853,3.2424375000000003,2.633827586206897,2.4340588235294116,3.25,3.25,2.684,3.25,3.25,3.17,3.25,3.25,3.25,3.25,3.25
1.849,1.6219999999999999,1.3210555555555556,1.6850999999999998,1.55925,2.013153846153846,1.557241379310345,1.5626666666666664,1.9930769230769232,2.2175,3.2320000000000007,2.09408,1.74475,2.0923157894736844,2.210085714285714,2.0482,1.8997777777777778,1.9863333333333333,2.186777777777778,2.593375,2.7502142857142853,3.2424375000000003,2.633827586206897,2.4340588235294116,3.25,3.25,2.684,3.25,3.25,3.17,3.25,3.25,3.25,3.25,3.25
1.849,1.6219999999999999,1.3210555555555556,1.6850999999999998,1.55925,2.013153846153846,1.557241379310345,1.5626666666666664,1.9930769230769232,2.2175,3.2320000000000007,2.09408,1.74475,2.0923157894736844,2.210085714285714,2.0482,1.8997777777777778,1.9863333333333333,2.186777777777778,2.593375,2.7502142857142853,3.2424375000000003,2.633827586206897,2.4340588235294116,3.25,3.25,2.684,3.25,3.25,3.17,3.25,3.25,3.25,3.25,3.25
1.849,1.6219999999999999,1.3210555555555556,1.6850999999999998,1.55925,2.013153846153846,1.557241379310345,1.5626666666666664,1.9930769230769232,2.2175,3.2320000000000007,2.09408,1.74475,2.0923157894736844,2.210085714285714,2.0482,1.8997777777777778,1.9863333333333333,2.186777777777778,2.593375,2.7502142857142853,3.2424375000000003,2.633827586206897,2.4340588235294116,3.25,3.25,2.684,3.25,3.25,3.17,3.25,3.25,3.25,3.25,3.25
1.849,1.6219999999999999,1.3210555555555556,1.6850999999999998,1.55925,2.013153846153846,1.557241379310345,1.5626666666666664,1.9930769230769232,2.2175,3.2320000000000007,2.09408,1.74475,2.0923157894736844,2.210085714285714,2.0482,1.8997777777777778,1.9863333333333333,2.186777777777778,2.593375,2.7502142857142853,3.2424375000000003,2.633827586206897,2.4340588235294116,3.25,3.25,2.684,3.25,3.25,3.17,3.25,3.25,3.25,3.25,3.25
1.849,1.6219999999999999,1.3210555555555556,1.6850999999999998,1.55925,2.013153846153846,1.557241379310345,1.5626666666666664,1.9930769230769232,2.2175,3.2320000000000007,2.09408,1.74475,2.0923157894736844,2.210085714285714,2.0482,1.8997777777777778,1.9863333333333333,2.186777777777778,2.593375,2.7502142857142853,3.2424375000000003,2.633827586206897,2.4340588235294116,3.25,3.25,2.684,3.25,3.25,3.17,3.25,3.25,3.25,3.25,3.25
1.849,1.6219999999999999,1.3210555555555556,1.6850999999999998,1.55925,2.013153846153846,1.557241379310345,1.5626666666666664,1.9930769230769232,2.2175,3.2320000000000007,2.09408,1.74475,2.0923157894736844,2.210085714285714,2.0482,1.8997777777777778,1.9863333333333333,2.186777777777778,2.593375,2.7502142857142853,3.2424375000000003,2.633827586206897,2.4340588235294116,3.25,3.25,2.684,3.25,3.25,3.17,3.25,3.25,3.25,3.25,3.25
1.849,1.6219999999999999,1.3210555555555556,1.6850999999999998,1.55925,2.013153846153846,1.557241379310345,1.5626666666666664,1.9930769230769232,2.2175,3.2320000000000007,2.09408,1.74475,2.0923157894736844,2.210085714285714,2.0482,1.8997777777777778,1.9863333333333333,2.186777777777778,2.593375,2.7502142857142853,3.2424375000000003,2.633827586206897,2.4340588235294116,3.25,3.25,2.684,3.25,3.25,3.17,3.25,3.25,3.25,3.25,3.25
1.849,1.6219999999999999,1.3210555555555556,1.6850999999999998,1.55925,2.013153846153846,1.557241379310345,1.5626666666666664,1.9930769230769232,2.2175,3.2320000000000007,2.09408,1.74475,2.0923157894736844,2.210085714285714,2.0482,1.8997777777777778,1.9863333333333333,2.186777777777778,2.593375,2.7502142857142853,3.2424375000000003,2.633827586206897,2.4340588235294116,3.25,3.25,2.684,3.25,3.25,3.17,3.25,3.25,3.25,3.25,3.25
1.849,1.6219999999999999,1.3210555555555556,1.6850999999999998,1.55925,2.013153846153846,1.557241379310345,1.5626666666666664,1.9930769230769232,2.2175,3.2320000000000007,2.09408,1.74475,2.0923157894736844,2.210085714285714,2.0482,1.8997777777777778,1.9863333333333333,2.186777777777778,2.593375,2.7502142857142853,3.2424375000000003,2.633827586206897,2.4340588235294116,3.25,3.25,2.684,3.25,3.25,3.17,3.25,3.25,3.25,3.25,3.25
1.849,1.6219999999999999,1.3210555555555556,1.6850999999999998,1.55925,2.013153846153846,1.557241379310345,1.5626666666666664,1.9930769230769232,2.2175,3.2320000000000007,2.09408,1.74475,2.0923157894736844,2.210085714285714,2.0482,1.8997777777777778,1.9863333333333333,2.186777777777778,2.593375,2.7502142857142853,3.2424375000000003,2.633827586206897,2.4340588235294116,3.25,3.25,2.684,3.25,3.25,3.17,3.25,3.25,3.25,3.25,3.25
1.849,1.6219999999999999,1.3210555555555556,1.6850999999999998,1.55925,2.013153846153846,1.557241379310345,1.5626666666666664,1.9930769230769232,2.2175,3.2320000000000007,2.09408,1.74475,2.0923157894736844,2.210085714285714,2.0482,1.8997777777777778,1.9863333333333333,2.186777777777778,2.593375,2.7502142857142853,3.2424375000000003,2.633827586206897,2.4340588235294116,3.25,3.25,2.684,3.25,3.25,3.17,3.25,3.25,3.25,3.25,3.25
1.849,1.6219999999999999,1.3210555555555556,1.6850999999999998,1.55925,2.013153846153846,1.557241379310345,1.5626666666666664,1.9930769230769232,2.2175,3.2320000000000007,2.09408,1.74475,2.0923157894736844,2.210085714285714,2.0482,1.8997777777777778,1.9863333333333333,2.186777777777778,2.593375,2.7502142857142853,3.2424375000000003,2.633827586206897,2.4340588235294116,3.25,3.25,2.684,3.25,3.25,3.17,3.25,3.25,3.25,3.25,3.25
1.849,1.6219999999999999,1.3210555555555556,1.6850999999999998,1.55925,2.013153846153846,1.557241379310345,1.5626666666666664,1.9930769230769232,2.2175,3.2320000000000007,2.09408,1.74475,2.0923157894736844,2.210085714285714,2.0482,1.8997777777777778,1.9863333333333333,2.186777777777778,2.593375,2.7502142857142853,3.2424375000000003,2.633827586206897,2.4340588235294116,3.25,3.25,2.684,3.25,3.25,3.17,3.25,3.25,3.25,3.25,3.25
1.849,1.6219999999999999,1.3210555555555556,1.6850999999999998,1.55925,2.013153846153846,1.557241379310345,1.5626666666666664,1.9930769230769232,2.2175,3.2320000000000007,2.09408,1.74475,2.0923157894736844,2.210085714285714,2.0482,1.8997777777777778,1.9863333333333333,2.186777777777778,2.593375,2.7502142857142853,3.2424375000000003,2.633827586206897,2.4340588235294116,3.25,3.25,2.684,3.25,3.25,3.17,3.25,3.25,3.25,3.25,3.25
1.849,1.6219999999999999,1.3210555555555556,1.6850999999999998,1.55925,2.013153846153846,1.557241379310345,1.5626666666666664,1.9930769230769232,2.2175,3.2320000000000007,2.09408,1.74475,2.0923157894736844,2.210085714285714,2.0482,1.8997777777777778,1.9863333333333333,2.186777777777778,2.593375,2.7502142857142853,3.2424375000000003,2.633827586206897,2.4340588235294116,3.25,3.25,2.684,3.25,3.25,3.17,3.25,3.25,3.25,3.25,3.25
1.849,1.6219999999999999,1.3210555555555556,1.6850999999999998,1.55925,2.013153846153846,1.557241379310345,1.5626666666666664,1.9930769230769232,2.2175,3.2320000000000007,2.09408,1.74475,2.0923157894736844,2.210085714285714,2.0482,1.8997777777777778,1.9863333333333333,2.186777777777778,2.593375,2.7502142857142853,3.2424375000000003,2.633827586206897,2.4340588235294116,3.25,3.25,2.684,3.25,3.25,3.17,3.25,3.25,3.25,3.25,3.25
1.849,1.6219999999999999,1.3210555555555556,1.6850999999999998,1.55925,2.013153846153846,1.557241379310345,1.5626666666666664,1.9930769230769232,2.2175,3.2320000000000007,2.09408,1.74475,2.0923157894736844,2.210085714285714,2.0482,1.8997777777777778,1.9863333333333333,2.186777777777778,2.593375,2.7502142857142853,3.2424375000000003,2.633827586206897,2.4340588235294116,3.25,3.25,2.684,3.25,3.25,3.17,3.25,3.25,3.25,3.25,3.25
1.849,1.6219999999999999,1.3210555555555556,1.6850999999999998,1.55925,2.013153846153846,1.557241379310345,1.5626666666666664,1.9930769230769232,2.2175,3.2320000000000007,2.09408,1.74475,2.0923157894736844,2.210085714285714,2.0482,1.8997777777777778,1.9863333333333333,2.186777777777778,2.593375,2.7502142857142853,3.2424375000000003,2.633827586206897,2.4340588235294116,3.25,3.25,2.684,3.25,3.25,3.17,3.25,3.25,3.25,3.25,3.25
1.849,1.6219999999999999,1.3210555555555556,1.6850999999999998,1.55925,2.013153846153846,1.557241379310345,1.5626666666666664,1.9930769230769232,2.2175,3.2320000000000007,2.09408,1.74475,2.0923157894736844,2.210085714285714,2.0482,1.8997777777777778,1.9863333333333333,2.186777777777778,2.593375,2.7502142857142853,3.2424375000000003,2.633827586206897,2.4340588235294116,3.25,3.25,2.684,3.25,3.25,3.17,3.25,3.25,3.25,3.25,3.25
1.849,1.6219999999999999,1.3210555555555556,1.6850999999999998,1.55925,2.013153846153846,1.557241379310345,1.5626666666666664,1.9930769230769232,2.2175,3.2320000000000007,2.09408,1.74475,2.0923157894736844,2.210085714285714,2.0482,1.8997777777777778,1.9863333333333333,2.186777777777778,2.593375,2.7502142857142853,3.2424375000000003,2.633827586206897,2.4340588235294116,3.25,3.25,2.684,3.25,3.25,3.17,3.25,3.25,3.25,3.25,3.25
1.849,1.6219999999999999,1.3210555555555556,1.6850999999999998,1.55925,2.013153846153846,1.557241379310345,1.5626666666666664,1.9930769230769232,2.2175,3.2320000000000007,2.09408,1.74475,2.0923157894736844,2.210085714285714,2.0482,1.8997777777777778,1.9863333333333333,2.186777777777778,2.593375,2.7502142857142853,3.2424375000000003,2.633827586206897,2.4340588235294116,3.25,3.25,2.684,3.25,3.25,3.17,3.25,3.25,3.25,3.25,3.25
1.849,1.6219999999999999,1.3210555555555556,1.6850999999999998,1.55925,2.013153846153846,1.557241379310345,1.5626666666666664,1.9930769230769232,2.2175,3.2320000000000007,2.09408,1.74475,2.0923157894736844,2.210085714285714,2.0482,1.8997777777777778,1.9863333333333333,2.186777777777778,2.593375,2.7502142857142853,3.2424375000000003,2.633827586206897,2.4340588235294116,3.25,3.25,2.684,3.25,3.25,3.17,3.25,3.25,3.25,3.25,3.25
1.849,1.6219999999999999,1.3210555555555556,1.6850999999999998,1.55925,2.013153846153846,1.557241379310345,1.5626666666666664,1.9930769230769232,2.2175,3.2320000000000007,2.09408,1.74475,2.0923157894736844,2.210085714285714,2.0482,1.8997777777777778,1.9863333333333333,2.186777777777778,2.593375,2.7502142857142853,3.2424375000000003,2.633827586206897,2.4340588235294116,3.25,3.25,2.684,3.25,3.25,3.17,3.25,3.25,3.25,3.25,3.25
1.849,1.6219999999999999,1.3210555555555556,1.6850999999999998,1.55925,2.013153846153846,1.557241379310345,1.5626666666666664,1.9930769230769232,2.2175,3.2320000000000007,2.09408,1.74475,2.0923157894736844,2.210085714285714,2.0482,1.8997777777777778,1.9863333333333333,2.186777777777778,2.593375,2.7502142857142853,3.2424375000000003,2.633827586206897,2.4340588235294116,3.25,3.25,2.684,3.25,3.25,3.17,3.25,3.25,3.25,3.25,3.25
1.849,1.6219999999999999,1.3210555555555556,1.6850999999999998,1.55925,2.013153846153846,1.557241379310345,1.5626666666666664,1.9930769230769232,2.2175,3.2320000000000007,2.09408,1.74475,2.0923157894736844,2.210085714285714,2.0482,1.8997777777777778,1.9863333333333333,2.186777777777778,2.593375,2.7502142857142853,3.2424375000000003,2.633827586206897,2.4340588235294116,3.25,3.25,2.684,3.25,3.25,3.17,3.25,3.25,3.25,3.25,3.25
1.849,1.6219999999999999,1.3210555555555556,1.6850999999999998,1.55925,2.013153846153846,1.557241379310345,1.5626666666666664,1.9930769230769232,2.2175,3.2320000000000007,2.09408,1.74475,2.0923157894736844,2.210085714285714,2.0482,1.8997777777777778,1.9863333333333333,2.186777777777778,2.593375,2.7502142857142853,3.2424375000000003,2.633827586206897,2.4340588235294116,3.25,3.25,2.684,3.25,3.25,3.17,3.25,3.25,3.25,3.25,3.25
1.8368571428571432,1.824,1.3116666666666665,1.740857142857143,1.5851666666666668,2.0180000000000002,1.5609499999999996,1.5552608695652177,1.9140000000000001,3.2684999999999995,3.2695,2.186818181818182,1.5725,2.1623076923076923,2.1095555555555556,2.0336000000000003,1.929532258064517,1.9594999999999998,2.3951666666666664,2.504090909090909,2.7279999999999998,3.3085000000000004,2.5625161290322582,2.289969696969697,3.25,3.25,3.0614999999999997,3.25,3.25,3.075,3.25,3.25,3.25,3.25,3.25
1.8368571428571432,1.824,1.3116666666666665,1.740857142857143,1.5851666666666668,2.0180000000000002,1.5609499999999996,1.5552608695652177,1.9140000000000001,3.2684999999999995,3.2695,2.186818181818182,1.5725,2.1623076923076923,2.1095555555555556,2.0336000000000003,1.929532258064517,1.9594999999999998,2.3951666666666664,2.504090909090909,2.7279999999999998,3.3085000000000004,2.5625161290322582,2.289969696969697,3.25,3.25,3.0614999999999997,3.25,3.25,3.075,3.25,3.25,3.25,3.25,3.25
1.8368571428571432,1.824,1.3116666666666665,1.740857142857143,1.5851666666666668,2.0180000000000002,1.5609499999999996,1.5552608695652177,1.9140000000000001,3.2684999999999995,3.2695,2.186818181818182,1.5725,2.1623076923076923,2.1095555555555556,2.0336000000000003,1.929532258064517,1.9594999999999998,2.3951666666666664,2.504090909090909,2.7279999999999998,3.3085000000000004,2.5625161290322582,2.289969696969697,3.25,3.25,3.0614999999999997,3.25,3.25,3.075,3.25,3.25,3.25,3.25,3.25
1.8368571428571432,1.824,1.3116666666666665,1.740857142857143,1.5851666666666668,2.0180000000000002,1.5609499999999996,1.5552608695652177,1.9140000000000001,3.2684999999999995,3.2695,2.186818181818182,1.5725,2.1623076923076923,2.1095555555555556,2.0336000000000003,1.929532258064517,1.9594999999999998,2.3951666666666664,2.504090909090909,2.7279999999999998,3.3085000000000004,2.5625161290322582,2.289969696969697,3.25,3.25,3.0614999999999997,3.25,3.25,3.075,3.25,3.25,3.25,3.25,3.25
1.8368571428571432,1.824,1.3116666666666665,1.740857142857143,1.5851666666666668,2.0180000000000002,1.5609499999999996,1.5552608695652177,1.9140000000000001,3.2684999999999995,3.2695,2.186818181818182,1.5725,2.1623076923076923,2.1095555555555556,2.0336000000000003,1.929532258064517,1.9594999999999998,2.3951666666666664,2.504090909090909,2.7279999999999998,3.3085000000000004,2.5625161290322582,2.289969696969697,3.25,3.25,3.0614999999999997,3.25,3.25,3.075,3.25,3.25,3.25,3.25,3.25
1.8368571428571432,1.824,1.3116666666666665,1.740857142857143,1.5851666666666668,2.0180000000000002,1.5609499999999996,1.5552608695652177,1.9140000000000001,3.2684999999999995,3.2695,2.186818181818182,1.5725,2.1623076923076923,2.1095555555555556,2.0336000000000003,1.929532258064517,1.9594999999999998,2.3951666666666664,2.504090909090909,2.7279999999999998,3.3085000000000004,2.5625161290322582,2.289969696969697,3.25,3.25,3.0614999999999997,3.25,3.25,3.075,3.25,3.25,3.25,3.25,3.25
1.8368571428571432,1.824,1.3116666666666665,1.740857142857143,1.5851666666666668,2.0180000000000002,1.5609499999999996,1.5552608695652177,1.9140000000000001,3.2684999999999995,3.2695,2.186818181818182,1.5725,2.1623076923076923,2.1095555555555556,2.0336000000000003,1.929532258064517,1.9594999999999998,2.3951666666666664,2.504090909090909,2.7279999999999998,3.3085000000000004,2.5625161290322582,2.289969696969697,3.25,3.25,3.0614999999999997,3.25,3.25,3.075,3.25,3.25,3.25,3.25,3.25
1.8368571428571432,1.824,1.3116666666666665,1.740857142857143,1.5851666666666668,2.0180000000000002,1.5609499999999996,1.5552608695652177,1.9140000000000001,3.2684999999999995,3.2695,2.186818181818182,1.5725,2.1623076923076923,2.1095555555555556,2.0336000000000003,1.929532258064517,1.9594999999999998,2.3951666666666664,2.504090909090909,2.7279999999999998,3.3085000000000004,2.5625161290322582,2.289969696969697,3.25,3.25,3.0614999999999997,3.25,3.25,3.075,3.25,3.25,3.25,3.25,3.25
1.8368571428571432,1.824,1.3116666666666665,1.740857142857143,1.5851666666666668,2.0180000000000002,1.5609499999999996,1.5552608695652177,1.9140000000000001,3.2684999999999995,3.2695,2.186818181818182,1.5725,2.1623076923076923,2.1095555555555556,2.0336000000000003,1.929532258064517,1.9594999999999998,2.3951666666666664,2.504090909090909,2.7279999999999998,3.3085000000000004,2.5625161290322582,2.289969696969697,3.25,3.25,3.0614999999999997,3.25,3.25,3.075,3.25,3.25,3.25,3.25,3.25
1.8368571428571432,1.824,1.3116666666666665,1.740857142857143,1.5851666666666668,2.0180000000000002,1.5609499999999996,1.5552608695652177,1.9140000000000001,3.2684999999999995,3.2695,2.186818181818182,1.5725,2.1623076923076923,2.1095555555555556,2.0336000000000003,1.929532258064517,1.9594999999999998,2.3951666666666664,2.504090909090909,2.7279999999999998,3.3085000000000004,2.5625161290322582,2.289969696969697,3.25,3.25,3.0614999999999997,3.25,3.25,3.075,3.25,3.25,3.25,3.25,3.25
1.8368571428571432,1.824,1.3116666666666665,1.740857142857143,1.5851666666666668,2.0180000000000002,1.5609499999999996,1.5552608695652177,1.9140000000000001,3.2684999999999995,3.2695,2.186818181818182,1.5725,2.1623076923076923,2.1095555555555556,2.0336000000000003,1.929532258064517,1.9594999999999998,2.3951666666666664,2.504090909090909,2.7279999999999998,3.3085000000000004,2.5625161290322582,2.289969696969697,3.25,3.25,3.0614999999999997,3.25,3.25,3.075,3.25,3.25,3.25,3.25,3.25
1.8368571428571432,1.824,1.3116666666666665,1.740857142857143,1.5851666666666668,2.0180000000000002,1.5609499999999996,1.5552608695652177,1.9140000000000001,3.2684999999999995,3.2695,2.186818181818182,1.5725,2.1623076923076923,2.1095555555555556,2.0336000000000003,1.929532258064517,1.9594999999999998,2.3951666666666664,2.504090909090909,2.7279999999999998,3.3085000000000004,2.5625161290322582,2.289969696969697,3.25,3.25,3.0614999999999997,3.25,3.25,3.075,3.25,3.25,3.25,3.25,3.25
1.8368571428571432,1.824,1.3116666666666665,1.740857142857143,1.5851666666666668,2.0180000000000002,1.5609499999999996,1.5552608695652177,1.9140000000000001,3.2684999999999995,3.2695,2.186818181818182,1.5725,2.1623076923076923,2.1095555555555556,2.0336000000000003,1.929532258064517,1.9594999999999998,2.3951666666666664,2.504090909090909,2.7279999999999998,3.3085000000000004,2.5625161290322582,2.289969696969697,3.25,3.25,3.0614999999999997,3.25,3.25,3.075,3.25,3.25,3.25,3.25,3.25
1.8368571428571432,1.824,1.3116666666666665,1.740857142857143,1.5851666666666668,2.0180000000000002,1.5609499999999996,1.5552608695652177,1.9140000000000001,3.2684999999999995,3.2695,2.186818181818182,1.5725,2.1623076923076923,2.1095555555555556,2.0336000000000003,1.929532258064517,1.9594999999999998,2.3951666666666664,2.504090909090909,2.7279999999999998,3.3085000000000004,2.5625161290322582,2.289969696969697,3.25,3.25,3.0614999999999997,3.25,3.25,3.075,3.25,3.25,3.25,3.25,3.25
1.8368571428571432,1.824,1.3116666666666665,1.740857142857143,1.5851666666666668,2.0180000000000002,1.5609499999999996,1.5552608695652177,1.9140000000000001,3.2684999999999995,3.2695,2.186818181818182,1.5725,2.1623076923076923,2.1095555555555556,2.0336000000000003,1.929532258064517,1.9594999999999998,2.3951666666666664,2.504090909090909,2.7279999999999998,3.3085000000000004,2.5625161290322582,2.289969696969697,3.25,3.25,3.0614999999999997,3.25,3.25,3.075,3.25,3.25,3.25,3.25,3.25
1.8368571428571432,1.824,1.3116666666666665,1.740857142857143,1.5851666666666668,2.0180000000000002,1.5609499999999996,1.5552608695652177,1.9140000000000001,3.2684999999999995,3.2695,2.186818181818182,1.5725,2.1623076923076923,2.1095555555555556,2.0336000000000003,1.929532258064517,1.9594999999999998,2.3951666666666664,2.504090909090909,2.7279999999999998,3.3085000000000004,2.5625161290322582,2.289969696969697,3.25,3.25,3.0614999999999997,3.25,3.25,3.075,3.25,3.25,3.25,3.25,3.25
1.8368571428571432,1.824,1.3116666666666665,1.740857142857143,1.5851666666666668,2.0180000000000002,1.5609499999999996,1.5552608695652177,1.9140000000000001,3.2684999999999995,3.2695,2.186818181818182,1.5725,2.1623076923076923,2.1095555555555556,2.0336000000000003,1.929532258064517,1.9594999999999998,2.3951666666666664,2.504090909090909,2.7279999999999998,3.3085000000000004,2.5625161290322582,2.289969696969697,3.25,3.25,3.0614999999999997,3.25,3.25,3.075,3.25,3.25,3.25,3.25,3.25
1.8368571428571432,1.824,1.3116666666666665,1.740857142857143,1.5851666666666668,2.0180000000000002,1.5609499999999996,1.5552608695652177,1.9140000000000001,3.2684999999999995,3.2695,2.186818181818182,1.5725,2.1623076923076923,2.1095555555555556,2.0336000000000003,1.929532258064517,1.9594999999999998,2.3951666666666664,2.504090909090909,2.7279999999999998,3.3085000000000004,2.5625161290322582,2.289969696969697,3.25,3.25,3.0614999999999997,3.25,3.25,3.075,3.25,3.25,3.25,3.25,3.25
1.8368571428571432,1.824,1.3116666666666665,1.740857142857143,1.5851666666666668,2.0180000000000002,1.5609499999999996,1.5552608695652177,1.9140000000000001,3.2684999999999995,3.2695,2.186818181818182,1.5725,2.1623076923076923,2.1095555555555556,2.0336000000000003,1.929532258064517,1.9594999999999998,2.3951666666666664,2.504090909090909,2.7279999999999998,3.3085000000000004,2.5625161290322582,2.289969696969697,3.25,3.25,3.0614999999999997,3.25,3.25,3.075,3.25,3.25,3.25,3.25,3.25
1.8368571428571432,1.824,1.3116666666666665,1.740857142857143,1.5851666666666668,2.0180000000000002,1.5609499999999996,1.5552608695652177,1.9140000000000001,3.2684999999999995,3.2695,2.186818181818182,1.5725,2.1623076923076923,2.1095555555555556,2.0336000000000003,1.929532258064517,1.9594999999999998,2.3951666666666664,2.504090909090909,2.7279999999999998,3.3085000000000004,2.5625161290322582,2.289969696969697,3.25,3.25,3.0614999999999997,3.25,3.25,3.075,3.25,3.25,3.25,3.25,3.25
1.8368571428571432,1.824,1.3116666666666665,1.740857142857143,1.5851666666666668,2.0180000000000002,1.5609499999999996,1.5552608695652177,1.9140000000000001,3.2684999999999995,3.2695,2.186818181818182,1.5725,2.1623076923076923,2.1095555555555556,2.0336000000000003,1.929532258064517,1.9594999999999998,2.3951666666666664,2.504090909090909,2.7279999999999998,3.3085000000000004,2.5625161290322582,2.289969696969697,3.25,3.25,3.0614999999999997,3.25,3.25,3.075,3.25,3.25,3.25,3.25,3.25
1.8368571428571432,1.824,1.3116666666666665,1.740857142857143,1.5851666666666668,2.0180000000000002,1.5609499999999996,1.5552608695652177,1.9140000000000001,3.2684999999999995,3.2695,2.186818181818182,1.5725,2.1623076923076923,2.1095555555555556,2.0336000000000003,1.929532258064517,1.9594999999999998,2.3951666666666664,2.504090909090909,2.7279999999999998,3.3085000000000004,2.5625161290322582,2.289969696969697,3.25,3.25,3.0614999999999997,3.25,3.25,3.075,3.25,3.25,3.25,3.25,3.25
1.8368571428571432,1.824,1.3116666666666665,1.740857142857143,1.5851666666666668,2.0180000000000002,1.5609499999999996,1.5552608695652177,1.9140000000000001,3.2684999999999995,3.2695,2.186818181818182,1.5725,2.1623076923076923,2.1095555555555556,2.0336000000000003,1.929532258064517,1.9594999999999998,2.3951666666666664,2.504090909090909,2.7279999999999998,3.3085000000000004,2.5625161290322582,2.289969696969697,3.25,3.25,3.0614999999999997,3.25,3.25,3.075,3.25,3.25,3.25,3.25,3.25
1.8368571428571432,1.824,1.3116666666666665,1.740857142857143,1.5851666666666668,2.0180000000000002,1.5609499999999996,1.5552608695652177,1.9140000000000001,3.2684999999999995,3.2695,2.186818181818182,1.5725,2.1623076923076923,2.1095555555555556,2.0336000000000003,1.929532258064517,1.9594999999999998,2.3951666666666664,2.504090909090909,2.7279999999999998,3.3085000000000004,2.5625161290322582,2.289969696969697,3.25,3.25,3.0614999999999997,3.25,3.25,3.075,3.25,3.25,3.25,3.25,3.25
1.8368571428571432,1.824,1.3116666666666665,1.740857142857143,1.5851666666666668,2.0180000000000002,1.5609499999999996,1.5552608695652177,1.9140000000000001,3.2684999999999995,3.2695,2.186818181818182,1.5725,2.1623076923076923,2.1095555555555556,2.0336000000000003,1.929532258064517,1.9594999999999998,2.3951666666666664,2.504090909090909,2.7279999999999998,3.3085000000000004,2.5625161290322582,2.289969696969697,3.25,3.25,3.0614999999999997,3.25,3.25,3.075,3.25,3.25,3.25,3.25,3.25
1.8368571428571432,1.824,1.3116666666666665,1.740857142857143,1.5851666666666668,2.0180000000000002,1.5609499999999996,1.5552608695652177,1.9140000000000001,3.2684999999999995,3.2695,2.186818181818182,1.5725,2.1623076923076923,2.1095555555555556,2.0336000000000003,1.929532258064517,1.9594999999999998,2.3951666666666664,2.504090909090909,2.7279999999999998,3.3085000000000004,2.5625161290322582,2.289969696969697,3.25,3.25,3.0614999999999997,3.25,3.25,3.075,3.25,3.25,3.25,3.25,3.25
1.8368571428571432,1.824,1.3116666666666665,1.740857142857143,1.5851666666666668,2.0180000000000002,1.5609499999999996,1.5552608695652177,1.9140000000000001,3.2684999999999995,3.2695,2.186818181818182,1.5725,2.1623076923076923,2.1095555555555556,2.0336000000000003,1.929532258064517,1.9594999999999998,2.3951666666666664,2.504090909090909,2.7279999999999998,3.3085000000000004,2.5625161290322582,2.289969696969697,3.25,3.25,3.0614999999999997,3.25,3.25,3.075,3.25,3.25,3.25,3.25,3.25
1.8368571428571432,1.824,1.3116666666666665,1.740857142857143,1.5851666666666668,2.0180000000000002,1.5609499999999996,1.5552608695652177,1.9140000000000001,3.2684999999999995,3.2695,2.186818181818182,1.5725,2.1623076923076923,2.1095555555555556,2.0336000000000003,1.929532258064517,1.9594999999999998,2.3951666666666664,2.504090909090909,2.7279999999999998,3.3085000000000004,2.5625161290322582,2.289969696969697,3.25,3.25,3.0614999999999997,3.25,3.25,3.075,3.25,3.25,3.25,3.25,3.25
1.8368571428571432,1.824,1.3116666666666665,1.740857142857143,1.5851666666666668,2.0180000000000002,1.5609499999999996,1.5552608695652177,1.9140000000000001,3.2684999999999995,3.2695,2.186818181818182,1.5725,2.1623076923076923,2.1095555555555556,2.0336000000000003,1.929532258064517,1.9594999999999998,2.3951666666666664,2.504090909090909,2.7279999999999998,3.3085000000000004,2.5625161290322582,2.289969696969697,3.25,3.25,3.0614999999999997,3.25,3.25,3.075,3.25,3.25,3.25,3.25,3.25
1.8368571428571432,1.824,1.3116666666666665,1.740857142857143,1.5851666666666668,2.0180000000000002,1.5609499999999996,1.5552608695652177,1.9140000000000001,3.2684999999999995,3.2695,2.186818181818182,1.5725,2.1623076923076923,2.1095555555555556,2.0336000000000003,1.929532258064517,1.9594999999999998,2.3951666666666664,2.504090909090909,2.7279999999999998,3.3085000000000004,2.5625161290322582,2.289969696969697,3.25,3.25,3.0614999999999997,3.25,3.25,3.075,3.25,3.25,3.25,3.25,3.25
1.9760000000000002,1.7180000000000002,1.311928571428571,1.6111818181818183,1.6159999999999999,1.9820000000000002,1.5741578947368422,1.5317692307692312,1.9265,2.2078,2.559,2.1141176470588237,1.6315,2.116761904761905,2.215733333333333,2.2094,1.933092592592593,1.7721999999999998,1.891625,2.609923076923077,2.7135555555555557,3.4023571428571433,2.546117647058824,2.378833333333333,3.25,3.25,3.25,3.25,3.25,3.1039999999999996,3.25,3.25,3.25,3.25,3.25
1.9760000000000002,1.7180000000000002,1.311928571428571,1.6111818181818183,1.6159999999999999,1.9820000000000002,1.5741578947368422,1.5317692307692312,1.9265,2.2078,2.559,2.1141176470588237,1.6315,2.116761904761905,2.215733333333333,2.2094,1.933092592592593,1.7721999999999998,1.891625,2.609923076923077,2.7135555555555557,3.4023571428571433,2.546117647058824,2.378833333333333,3.25,3.25,3.25,3.25,3.25,3.1039999999999996,3.25,3.25,3.25,3.25,3.25
1.9760000000000002,1.7180000000000002,1.311928571428571,1.6111818181818183,1.6159999999999999,1.9820000000000002,1.5741578947368422,1.5317692307692312,1.9265,2.2078,2.559,2.1141176470588237,1.6315,2.116761904761905,2.215733333333333,2.2094,1.933092592592593,1.7721999999999998,1.891625,2.609923076923077,2.7135555555555557,3.4023571428571433,2.546117647058824,2.378833333333333,3.25,3.25,3.25,3.25,3.25,3.1039999999999996,3.25,3.25,3.25,3.25,3.25
1.9760000000000002,1.7180000000000002,1.311928571428571,1.6111818181818183,1.6159999999999999,1.9820000000000002,1.5741578947368422,1.5317692307692312,1.9265,2.2078,2.559,2.1141176470588237,1.6315,2.116761904761905,2.215733333333333,2.2094,1.933092592592593,1.7721999999999998,1.891625,2.609923076923077,2.7135555555555557,3.4023571428571433,2.546117647058824,2.378833333333333,3.25,3.25,3.25,3.25,3.25,3.1039999999999996,3.25,3.25,3.25,3.25,3.25
1.9760000000000002,1.7180000000000002,1.311928571428571,1.6111818181818183,1.6159999999999999,1.9820000000000002,1.5741578947368422,1.5317692307692312,1.9265,2.2078,2.559,2.1141176470588237,1.6315,2.116761904761905,2.215733333333333,2.2094,1.933092592592593,1.7721999999999998,1.891625,2.609923076923077,2.7135555555555557,3.4023571428571433,2.546117647058824,2.378833333333333,3.25,3.25,3.25,3.25,3.25,3.1039999999999996,3.25,3.25,3.25,3.25,3.25
1.9760000000000002,1.7180000000000002,1.311928571428571,1.6111818181818183,1.6159999999999999,1.9820000000000002,1.5741578947368422,1.5317692307692312,1.9265,2.2078,2.559,2.1141176470588237,1.6315,2.116761904761905,2.215733333333333,2.2094,1.933092592592593,1.7721999999999998,1.891625,2.609923076923077,2.7135555555555557,3.4023571428571433,2.546117647058824,2.378833333333333,3.25,3.25,3.25,3.25,3.25,3.1039999999999996,3.25,3.25,3.25,3.25,3.25
1.9760000000000002,1.7180000000000002,1.311928571428571,1.6111818181818183,1.6159999999999999,1.9820000000000002,1.5741578947368422,1.5317692307692312,1.9265,2.2078,2.559,2.1141176470588237,1.6315,2.116761904761905,2.215733333333333,2.2094,1.933092592592593,1.7721999999999998,1.891625,2.609923076923077,2.7135555555555557,3.4023571428571433,2.546117647058824,2.378833333333333,3.25,3.25,3.25,3.25,3.25,3.1039999999999996,3.25,3.25,3.25,3.25,3.25
1.9760000000000002,1.7180000000000002,1.311928571428571,1.6111818181818183,1.6159999999999999,1.9820000000000002,1.5741578947368422,1.5317692307692312,1.9265,2.2078,2.559,2.1141176470588237,1.6315,2.116761904761905,2.215733333333333,2.2094,1.933092592592593,1.7721999999999998,1.891625,2.609923076923077,2.7135555555555557,3.4023571428571433,2.546117647058824,2.378833333333333,3.25,3.25,3.25,3.25,3.25,3.1039999999999996,3.25,3.25,3.25,3.25,3.25
1.9760000000000002,1.7180000000000002,1.311928571428571,1.6111818181818183,1.6159999999999999,1.9820000000000002,1.5741578947368422,1.5317692307692312,1.9265,2.2078,2.559,2.1141176470588237,1.6315,2.116761904761905,2.215733333333333,2.2094,1.933092592592593,1.7721999999999998,1.891625,2.609923076923077,2.7135555555555557,3.4023571428571433,2.546117647058824,2.378833333333333,3.25,3.25,3.25,3.25,3.25,3.1039999999999996,3.25,3.25,3.25,3.25,3.25
1.9760000000000002,1.7180000000000002,1.311928571428571,1.6111818181818183,1.6159999999999999,1.9820000000000002,1.5741578947368422,1.5317692307692312,1.9265,2.2078,2.559,2.1141176470588237,1.6315,2.116761904761905,2.215733333333333,2.2094,1.933092592592593,1.7721999999999998,1.891625,2.609923076923077,2.7135555555555557,3.4023571428571433,2.546117647058824,2.378833333333333,3.25,3.25,3.25,3.25,3.25,3.1039999999999996,3.25,3.25,3.25,3.25,3.25
1.9760000000000002,1.7180000000000002,1.311928571428571,1.6111818181818183,1.6159999999999999,1.9820000000000002,1.5741578947368422,1.5317692307692312,1.9265,2.2078,2.559,2.1141176470588237,1.6315,2.116761904761905,2.215733333333333,2.2094,1.933092592592593,1.7721999999999998,1.891625,2.609923076923077,2.7135555555555557,3.4023571428571433,2.546117647058824,2.378833333333333,3.25,3.25,3.25,3.25,3.25,3.1039999999999996,3.25,3.25,3.25,3.25,3.25
1.9760000000000002,1.7180000000000002,1.311928571428571,1.6111818181818183,1.6159999999999999,1.9820000000000002,1.5741578947368422,1.5317692307692312,1.9265,2.2078,2.559,2.1141176470588237,1.6315,2.116761904761905,2.215733333333333,2.2094,1.933092592592593,1.7721999999999998,1.891625,2.609923076923077,2.7135555555555557,3.4023571428571433,2.546117647058824,2.378833333333333,3.25,3.25,3.25,3.25,3.25,3.1039999999999996,3.25,3.25,3.25,3.25,3.25
1.9760000000000002,1.7180000000000002,1.311928571428571,1.6111818181818183,1.6159999999999999,1.9820000000000002,1.5741578947368422,1.5317692307692312,1.9265,2.2078,2.559,2.1141176470588237,1.6315,2.116761904761905,2.215733333333333,2.2094,1.933092592592593,1.7721999999999998,1.891625,2.609923076923077,2.7135555555555557,3.4023571428571433,2.546117647058824,2.378833333333333,3.25,3.25,3.25,3.25,3.25,3.1039999999999996,3.25,3.25,3.25,3.25,3.25
1.9760000000000002,1.7180000000000002,1.311928571428571,1.6111818181818183,1.6159999999999999,1.9820000000000002,1.5741578947368422,1.5317692307692312,1.9265,2.2078,2.559,2.1141176470588237,1.6315,2.116761904761905,2.215733333333333,2.2094,1.933092592592593,1.7721999999999998,1.891625,2.609923076923077,2.7135555555555557,3.4023571428571433,2.546117647058824,2.378833333333333,3.25,3.25,3.25,3.25,3.25,3.1039999999999996,3.25,3.25,3.25,3.25,3.25
1.9760000000000002,1.7180000000000002,1.311928571428571,1.6111818181818183,1.6159999999999999,1.9820000000000002,1.5741578947368422,1.5317692307692312,1.9265,2.2078,2.559,2.1141176470588237,1.6315,2.116761904761905,2.215733333333333,2.2094,1.933092592592593,1.7721999999999998,1.891625,2.609923076923077,2.7135555555555557,3.4023571428571433,2.546117647058824,2.378833333333333,3.25,3.25,3.25,3.25,3.25,3.1039999999999996,3.25,3.25,3.25,3.25,3.25
1.9760000000000002,1.7180000000000002,1.311928571428571,1.6111818181818183,1.6159999999999999,1.9820000000000002,1.5741578947368422,1.5317692307692312,1.9265,2.2078,2.559,2.1141176470588237,1.6315,2.116761904761905,2.215733333333333,2.2094,1.933092592592593,1.7721999999999998,1.891625,2.609923076923077,2.7135555555555557,3.4023571428571433,2.546117647058824,2.378833333333333,3.25,3.25,3.25,3.25,3.25,3.1039999999999996,3.25,3.25,3.25,3.25,3.25
1.9760000000000002,1.7180000000000002,1.311928571428571,1.6111818181818183,1.6159999999999999,1.9820000000000002,1.5741578947368422,1.5317692307692312,1.9265,2.2078,2.559,2.1141176470588237,1.6315,2.116761904761905,2.215733333333333,2.2094,1.933092592592593,1.7721999999999998,1.891625,2.609923076923077,2.7135555555555557,3.4023571428571433,2.546117647058824,2.378833333333333,3.25,3.25,3.25,3.25,3.25,3.1039999999999996,3.25,3.25,3.25,3.25,3.25
1.9760000000000002,1.7180000000000002,1.311928571428571,1.6111818181818183,1.6159999999999999,1.9820000000000002,1.5741578947368422,1.5317692307692312,1.9265,2.2078,2.559,2.1141176470588237,1.6315,2.116761904761905,2.215733333333333,2.2094,1.933092592592593,1.7721999999999998,1.891625,2.609923076923077,2.7135555555555557,3.4023571428571433,2.546117647058824,2.378833333333333,3.25,3.25,3.25,3.25,3.25,3.1039999999999996,3.25,3.25,3.25,3.25,3.25
1.9760000000000002,1.7180000000000002,1.311928571428571,1.6111818181818183,1.6159999999999999,1.9820000000000002,1.5741578947368422,1.5317692307692312,1.9265,2.2078,2.559,2.1141176470588237,1.6315,2.116761904761905,2.215733333333333,2.2094,1.933092592592593,1.7721999999999998,1.891625,2.609923076923077,2.7135555555555557,3.4023571428571433,2.546117647058824,2.378833333333333,3.25,3.25,3.25,3.25,3.25,3.1039999999999996,3.25,3.25,3.25,3.25,3.25
1.9760000000000002,1.7180000000000002,1.311928571428571,1.6111818181818183,1.6159999999999999,1.9820000000000002,1.5741578947368422,1.5317692307692312,1.9265,2.2078,2.559,2.1141176470588237,1.6315,2.116761904761905,2.215733333333333,2.2094,1.933092592592593,1.7721999999999998,1.891625,2.609923076923077,2.7135555555555557,3.4023571428571433,2.546117647058824,2.378833333333333,3.25,3.25,3.25,3.25,3.25,3.1039999999999996,3.25,3.25,3.25,3.25,3.25
1.9760000000000002,1.7180000000000002,1.311928571428571,1.6111818181818183,1.6159999999999999,1.9820000000000002,1.5741578947368422,1.5317692307692312,1.9265,2.2078,2.559,2.1141176470588237,1.6315,2.116761904761905,2.215733333333333,2.2094,1.933092592592593,1.7721999999999998,1.891625,2.609923076923077,2.7135555555555557,3.4023571428571433,2.546117647058824,2.378833333333333,3.25,3.25,3.25,3.25,3.25,3.1039999999999996,3.25,3.25,3.25,3.25,3.25
1.9760000000000002,1.7180000000000002,1.311928571428571,1.6111818181818183,1.6159999999999999,1.9820000000000002,1.5741578947368422,1.5317692307692312,1.9265,2.2078,2.559,2.1141176470588237,1.6315,2.116761904761905,2.215733333333333,2.2094,1.933092592592593,1.7721999999999998,1.891625,2.609923076923077,2.7135555555555557,3.4023571428571433,2.546117647058824,2.378833333333333,3.25,3.25,3.25,3.25,3.25,3.1039999999999996,3.25,3.25,3.25,3.25,3.25
1.9760000000000002,1.7180000000000002,1.311928571428571,1.6111818181818183,1.6159999999999999,1.9820000000000002,1.5741578947368422,1.5317692307692312,1.9265,2.2078,2.559,2.1141176470588237,1.6315,2.116761904761905,2.215733333333333,2.2094,1.933092592592593,1.7721999999999998,1.891625,2.609923076923077,2.7135555555555557,3.4023571428571433,2.546117647058824,2.378833333333333,3.25,3.25,3.25,3.25,3.25,3.1039999999999996,3.25,3.25,3.25,3.25,3.25
1.9760000000000002,1.7180000000000002,1.311928571428571,1.6111818181818183,1.6159999999999999,1.9820000000000002,1.5741578947368422,1.5317692307692312,1.9265,2.2078,2.559,2.1141176470588237,1.6315,2.116761904761905,2.215733333333333,2.2094,1.933092592592593,1.7721999999999998,1.891625,2.609923076923077,2.7135555555555557,3.4023571428571433,2.546117647058824,2.378833333333333,3.25,3.25,3.25,3.25,3.25,3.1039999999999996,3.25,3.25,3.25,3.25,3.25
1.9760000000000002,1.7180000000000002,1.311928571428571,1.6111818181818183,1.6159999999999999,1.9820000000000002,1.5741578947368422,1.5317692307692312,1.9265,2.2078,2.559,2.1141176470588237,1.6315,2.116761904761905,2.215733333333333,2.2094,1.933092592592593,1.7721999999999998,1.891625,2.609923076923077,2.7135555555555557,3.4023571428571433,2.546117647058824,2.378833333333333,3.25,3.25,3.25,3.25,3.25,3.1039999999999996,3.25,3.25,3.25,3.25,3.25
1.9760000000000002,1.7180000000000002,1.311928571428571,1.6111818181818183,1.6159999999999999,1.9820000000000002,1.5741578947368422,1.5317692307692312,1.9265,2.2078,2.559,2.1141176470588237,1.6315,2.116761904761905,2.215733333333333,2.2094,1.933092592592593,1.7721999999999998,1.891625,2.609923076923077,2.7135555555555557,3.4023571428571433,2.546117647058824,2.378833333333333,3.25,3.25,3.25,3.25,3.25,3.1039999999999996,3.25,3.25,3.25,3.25,3.25
1.9760000000000002,1.7180000000000002,1.311928571428571,1.6111818181818183,1.6159999999999999,1.9820000000000002,1.5741578947368422,1.5317692307692312,1.9265,2.2078,2.559,2.1141176470588237,1.6315,2.116761904761905,2.215733333333333,2.2094,1.933092592592593,1.7721999999999998,1.891625,2.609923076923077,2.7135555555555557,3.4023571428571433,2.546117647058824,2.378833333333333,3.25,3.25,3.25,3.25,3.25,3.1039999999999996,3.25,3.25,3.25,3.25,3.25
1.9760000000000002,1.7180000000000002,1.311928571428571,1.6111818181818183,1.6159999999999999,1.9820000000000002,1.5741578947368422,1.5317692307692312,1.9265,2.2078,2.559,2.1141176470588237,1.6315,2.116761904761905,2.215733333333333,2.2094,1.933092592592593,1.7721999999999998,1.891625,2.609923076923077,2.7135555555555557,3.4023571428571433,2.546117647058824,2.378833333333333,3.25,3.25,3.25,3.25,3.25,3.1039999999999996,3.25,3.25,3.25,3.25,3.25
1.9760000000000002,1.7180000000000002,1.311928571428571,1.6111818181818183,1.6159999999999999,1.9820000000000002,1.5741578947368422,1.5317692307692312,1.9265,2.2078,2.559,2.1141176470588237,1.6315,2.116761904761905,2.215733333333333,2.2094,1.933092592592593,1.7721999999999998,1.891625,2.609923076923077,2.7135555555555557,3.4023571428571433,2.546117647058824,2.378833333333333,3.25,3.25,3.25,3.25,3.25,3.1039999999999996,3.25,3.25,3.25,3.25,3.25
1.9760000000000002,1.7180000000000002,1.311928571428571,1.6111818181818183,1.6159999999999999,1.9820000000000002,1.5741578947368422,1.5317692307692312,1.9265,2.2078,2.559,2.1141176470588237,1.6315,2.116761904761905,2.215733333333333,2.2094,1.933092592592593,1.7721999999999998,1.891625,2.609923076923077,2.7135555555555557,3.4023571428571433,2.546117647058824,2.378833333333333,3.25,3.25,3.25,3.25,3.25,3.1039999999999996,3.25,3.25,3.25,3.25,3.25
1.9760000000000002,1.7180000000000002,1.311928571428571,1.6111818181818183,1.6159999999999999,1.9820000000000002,1.5741578947368422,1.5317692307692312,1.9265,2.2078,2.559,2.1141176470588237,1.6315,2.116761904761905,2.215733333333333,2.2094,1.933092592592593,1.7721999999999998,1.891625,2.609923076923077,2.7135555555555557,3.4023571428571433,2.546117647058824,2.378833333333333,3.25,3.25,3.25,3.25,3.25,3.1039999999999996,3.25,3.25,3.25,3.25,3.25
2.023875,1.72,1.2925882352941176,1.5643571428571428,1.6733333333333333,1.9502999999999997,1.5623076923076926,1.5559200000000002,1.853230769230769,5.345714285714287,3.1614999999999998,1.9356521739130435,1.5012,2.198363636363636,2.1206,2.0214999999999996,1.9176491228070176,1.9103333333333332,2.119,2.4631111111111115,2.6563999999999997,3.1942500000000003,2.5183999999999997,2.341976744186047,3.25,3.25,3.25,3.25,3.25,3.08,3.25,3.25,3.25,3.25,3.25
2.023875,1.72,1.2925882352941176,1.5643571428571428,1.6733333333333333,1.9502999999999997,1.5623076923076926,1.5559200000000002,1.853230769230769,5.345714285714287,3.1614999999999998,1.9356521739130435,1.5012,2.198363636363636,2.1206,2.0214999999999996,1.9176491228070176,1.9103333333333332,2.119,2.4631111111111115,2.6563999999999997,3.1942500000000003,2.5183999999999997,2.341976744186047,3.25,3.25,3.25,3.25,3.25,3.08,3.25,3.25,3.25,3.25,3.25
2.023875,1.72,1.2925882352941176,1.5643571428571428,1.6733333333333333,1.9502999999999997,1.5623076923076926,1.5559200000000002,1.853230769230769,5.345714285714287,3.1614999999999998,1.9356521739130435,1.5012,2.198363636363636,2.1206,2.0214999999999996,1.9176491228070176,1.9103333333333332,2.119,2.4631111111111115,2.6563999999999997,3.1942500000000003,2.5183999999999997,2.341976744186047,3.25,3.25,3.25,3.25,3.25,3.08,3.25,3.25,3.25,3.25,3.25
2.023875,1.72,1.2925882352941176,1.5643571428571428,1.6733333333333333,1.9502999999999997,1.5623076923076926,1.5559200000000002,1.853230769230769,5.345714285714287,3.1614999999999998,1.9356521739130435,1.5012,2.198363636363636,2.1206,2.0214999999999996,1.9176491228070176,1.9103333333333332,2.119,2.4631111111111115,2.6563999999999997,3.1942500000000003,2.5183999999999997,2.341976744186047,3.25,3.25,3.25,3.25,3.25,3.08,3.25,3.25,3.25,3.25,3.25
2.023875,1.72,1.2925882352941176,1.5643571428571428,1.6733333333333333,1.9502999999999997,1.5623076923076926,1.5559200000000002,1.853230769230769,5.345714285714287,3.1614999999999998,1.9356521739130435,1.5012,2.198363636363636,2.1206,2.0214999999999996,1.9176491228070176,1.9103333333333332,2.119,2.4631111111111115,2.6563999999999997,3.1942500000000003,2.5183999999999997,2.341976744186047,3.25,3.25,3.25,3.25,3.25,3.08,3.25,3.25,3.25,3.25,3.25
2.023875,1.72,1.2925882352941176,1.5643571428571428,1.6733333333333333,1.9502999999999997,1.5623076923076926,1.5559200000000002,1.853230769230769,5.345714285714287,3.1614999999999998,1.9356521739130435,1.5012,2.198363636363636,2.1206,2.0214999999999996,1.9176491228070176,1.9103333333333332,2.119,2.4631111111111115,2.6563999999999997,3.1942500000000003,2.5183999999999997,2.341976744186047,3.25,3.25,3.25,3.25,3.25,3.08,3.25,3.25,3.25,3.25,3.25
2.023875,1.72,1.2925882352941176,1.5643571428571428,1.6733333333333333,1.9502999999999997,1.5623076923076926,1.5559200000000002,1.853230769230769,5.345714285714287,3.1614999999999998,1.9356521739130435,1.5012,2.198363636363636,2.1206,2.0214999999999996,1.9176491228070176,1.9103333333333332,2.119,2.4631111111111115,2.6563999999999997,3.1942500000000003,2.5183999999999997,2.341976744186047,3.25,3.25,3.25,3.25,3.25,3.08,3.25,3.25,3.25,3.25,3.25
2.023875,1.72,1.2925882352941176,1.5643571428571428,1.6733333333333333,1.9502999999999997,1.5623076923076926,1.5559200000000002,1.853230769230769,5.345714285714287,3.1614999999999998,1.9356521739130435,1.5012,2.198363636363636,2.1206,2.0214999999999996,1.9176491228070176,1.9103333333333332,2.119,2.4631111111111115,2.6563999999999997,3.1942500000000003,2.5183999999999997,2.341976744186047,3.25,3.25,3.25,3.25,3.25,3.08,3.25,3.25,3.25,3.25,3.25
2.023875,1.72,1.2925882352941176,1.5643571428571428,1.6733333333333333,1.9502999999999997,1.5623076923076926,1.5559200000000002,1.853230769230769,5.345714285714287,3.1614999999999998,1.9356521739130435,1.5012,2.198363636363636,2.1206,2.0214999999999996,1.9176491228070176,1.9103333333333332,2.119,2.4631111111111115,2.6563999999999997,3.1942500000000003,2.5183999999999997,2.341976744186047,3.25,3.25,3.25,3.25,3.25,3.08,3.25,3.25,3.25,3.25,3.25
2.023875,1.72,1.2925882352941176,1.5643571428571428,1.6733333333333333,1.9502999999999997,1.5623076923076926,1.5559200000000002,1.853230769230769,5.345714285714287,3.1614999999999998,1.9356521739130435,1.5012,2.198363636363636,2.1206,2.0214999999999996,1.9176491228070176,1.9103333333333332,2.119,2.4631111111111115,2.6563999999999997,3.1942500000000003,2.5183999999999997,2.341976744186047,3.25,3.25,3.25,3.25,3.25,3.08,3.25,3.25,3.25,3.25,3.25
2.023875,1.72,1.2925882352941176,1.5643571428571428,1.6733333333333333,1.9502999999999997,1.5623076923076926,1.5559200000000002,1.853230769230769,5.345714285714287,3.1614999999999998,1.9356521739130435,1.5012,2.198363636363636,2.1206,2.0214999999999996,1.9176491228070176,1.9103333333333332,2.119,2.4631111111111115,2.6563999999999997,3.1942500000000003,2.5183999999999997,2.341976744186047,3.25,3.25,3.25,3.25,3.25,3.08,3.25,3.25,3.25,3.25,3.25
2.023875,1.72,1.2925882352941176,1.5643571428571428,1.6733333333333333,1.9502999999999997,1.5623076923076926,1.5559200000000002,1.853230769230769,5.345714285714287,3.1614999999999998,1.9356521739130435,1.5012,2.198363636363636,2.1206,2.0214999999999996,1.9176491228070176,1.9103333333333332,2.119,2.4631111111111115,2.6563999999999997,3.1942500000000003,2.5183999999999997,2.341976744186047,3.25,3.25,3.25,3.25,3.25,3.08,3.25,3.25,3.25,3.25,3.25
2.023875,1.72,1.2925882352941176,1.5643571428571428,1.6733333333333333,1.9502999999999997,1.5623076923076926,1.5559200000000002,1.853230769230769,5.345714285714287,3.1614999999999998,1.9356521739130435,1.5012,2.198363636363636,2.1206,2.0214999999999996,1.9176491228070176,1.9103333333333332,2.119,2.4631111111111115,2.6563999999999997,3.1942500000000003,2.5183999999999997,2.341976744186047,3.25,3.25,3.25,3.25,3.25,3.08,3.25,3.25,3.25,3.25,3.25
2.023875,1.72,1.2925882352941176,1.5643571428571428,1.6733333333333333,1.9502999999999997,1.5623076923076926,1.5559200000000002,1.853230769230769,5.345714285714287,3.1614999999999998,1.9356521739130435,1.5012,2.198363636363636,2.1206,2.0214999999999996,1.9176491228070176,1.9103333333333332,2.119,2.4631111111111115,2.6563999999999997,3.1942500000000003,2.5183999999999997,2.341976744186047,3.25,3.25,3.25,3.25,3.25,3.08,3.25,3.25,3.25,3.25,3.25
2.023875,1.72,1.2925882352941176,1.5643571428571428,1.6733333333333333,1.9502999999999997,1.5623076923076926,1.5559200000000002,1.853230769230769,5.345714285714287,3.1614999999999998,1.9356521739130435,1.5012,2.198363636363636,2.1206,2.0214999999999996,1.9176491228070176,1.9103333333333332,2.119,2.4631111111111115,2.6563999999999997,3.1942500000000003,2.5183999999999997,2.341976744186047,3.25,3.25,3.25,3.25,3.25,3.08,3.25,3.25,3.25,3.25,3.25
2.023875,1.72,1.2925882352941176,1.5643571428571428,1.6733333333333333,1.9502999999999997,1.5623076923076926,1.5559200000000002,1.853230769230769,5.345714285714287,3.1614999999999998,1.9356521739130435,1.5012,2.198363636363636,2.1206,2.0214999999999996,1.9176491228070176,1.9103333333333332,2.119,2.4631111111111115,2.6563999999999997,3.1942500000000003,2.5183999999999997,2.341976744186047,3.25,3.25,3.25,3.25,3.25,3.08,3.25,3.25,3.25,3.25,3.25
2.023875,1.72,1.2925882352941176,1.5643571428571428,1.6733333333333333,1.9502999999999997,1.5623076923076926,1.5559200000000002,1.853230769230769,5.345714285714287,3.1614999999999998,1.9356521739130435,1.5012,2.198363636363636,2.1206,2.0214999999999996,1.9176491228070176,1.9103333333333332,2.119,2.4631111111111115,2.6563999999999997,3.1942500000000003,2.5183999999999997,2.341976744186047,3.25,3.25,3.25,3.25,3.25,3.08,3.25,3.25,3.25,3.25,3.25
2.023875,1.72,1.2925882352941176,1.5643571428571428,1.6733333333333333,1.9502999999999997,1.5623076923076926,1.5559200000000002,1.853230769230769,5.345714285714287,3.1614999999999998,1.9356521739130435,1.5012,2.198363636363636,2.1206,2.0214999999999996,1.9176491228070176,1.9103333333333332,2.119,2.4631111111111115,2.6563999999999997,3.1942500000000003,2.5183999999999997,2.341976744186047,3.25,3.25,3.25,3.25,3.25,3.08,3.25,3.25,3.25,3.25,3.25
2.023875,1.72,1.2925882352941176,1.5643571428571428,1.6733333333333333,1.9502999999999997,1.5623076923076926,1.5559200000000002,1.853230769230769,5.345714285714287,3.1614999999999998,1.9356521739130435,1.5012,2.198363636363636,2.1206,2.0214999999999996,1.9176491228070176,1.9103333333333332,2.119,2.4631111111111115,2.6563999999999997,3.1942500000000003,2.5183999999999997,2.341976744186047,3.25,3.25,3.25,3.25,3.25,3.08,3.25,3.25,3.25,3.25,3.25
2.023875,1.72,1.2925882352941176,1.5643571428571428,1.6733333333333333,1.9502999999999997,1.5623076923076926,1.5559200000000002,1.853230769230769,5.345714285714287,3.1614999999999998,1.9356521739130435,1.5012,2.198363636363636,2.1206,2.0214999999999996,1.9176491228070176,1.9103333333333332,2.119,2.4631111111111115,2.6563999999999997,3.1942500000000003,2.5183999999999997,2.341976744186047,3.25,3.25,3.25,3.25,3.25,3.08,3.25,3.25,3.25,3.25,3.25
2.023875,1.72,1.2925882352941176,1.5643571428571428,1.6733333333333333,1.9502999999999997,1.5623076923076926,1.5559200000000002,1.853230769230769,5.345714285714287,3.1614999999999998,1.9356521739130435,1.5012,2.198363636363636,2.1206,2.0214999999999996,1.9176491228070176,1.9103333333333332,2.119,2.4631111111111115,2.6563999999999997,3.1942500000000003,2.5183999999999997,2.341976744186047,3.25,3.25,3.25,3.25,3.25,3.08,3.25,3.25,3.25,3.25,3.25
2.023875,1.72,1.2925882352941176,1.5643571428571428,1.6733333333333333,1.9502999999999997,1.5623076923076926,1.5559200000000002,1.853230769230769,5.345714285714287,3.1614999999999998,1.9356521739130435,1.5012,2.198363636363636,2.1206,2.0214999999999996,1.9176491228070176,1.9103333333333332,2.119,2.4631111111111115,2.6563999999999997,3.1942500000000003,2.5183999999999997,2.341976744186047,3.25,3.25,3.25,3.25,3.25,3.08,3.25,3.25,3.25,3.25,3.25
2.023875,1.72,1.2925882352941176,1.5643571428571428,1.6733333333333333,1.9502999999999997,1.5623076923076926,1.5559200000000002,1.853230769230769,5.345714285714287,3.1614999999999998,1.9356521739130435,1.5012,2.198363636363636,2.1206,2.0214999999999996,1.9176491228070176,1.9103333333333332,2.119,2.4631111111111115,2.6563999999999997,3.1942500000000003,2.5183999999999997,2.341976744186047,3.25,3.25,3.25,3.25,3.25,3.08,3.25,3.25,3.25,3.25,3.25
2.023875,1.72,1.2925882352941176,1.5643571428571428,1.6733333333333333,1.9502999999999997,1.5623076923076926,1.5559200000000002,1.853230769230769,5.345714285714287,3.1614999999999998,1.9356521739130435,1.5012,2.198363636363636,2.1206,2.0214999999999996,1.9176491228070176,1.9103333333333332,2.119,2.4631111111111115,2.6563999999999997,3.1942500000000003,2.5183999999999997,2.341976744186047,3.25,3.25,3.25,3.25,3.25,3.08,3.25,3.25,3.25,3.25,3.25
2.023875,1.72,1.2925882352941176,1.5643571428571428,1.6733333333333333,1.9502999999999997,1.5623076923076926,1.5559200000000002,1.853230769230769,5.345714285714287,3.1614999999999998,1.9356521739130435,1.5012,2.198363636363636,2.1206,2.0214999999999996,1.9176491228070176,1.9103333333333332,2.119,2.4631111111111115,2.6563999999999997,3.1942500000000003,2.5183999999999997,2.341976744186047,3.25,3.25,3.25,3.25,3.25,3.08,3.25,3.25,3.25,3.25,3.25
2.023875,1.72,1.2925882352941176,1.5643571428571428,1.6733333333333333,1.9502999999999997,1.5623076923076926,1.5559200000000002,1.853230769230769,5.345714285714287,3.1614999999999998,1.9356521739130435,1.5012,2.198363636363636,2.1206,2.0214999999999996,1.9176491228070176,1.9103333333333332,2.119,2.4631111111111115,2.6563999999999997,3.1942500000000003,2.5183999999999997,2.341976744186047,3.25,3.25,3.25,3.25,3.25,3.08,3.25,3.25,3.25,3.25,3.25
2.023875,1.72,1.2925882352941176,1.5643571428571428,1.6733333333333333,1.9502999999999997,1.5623076923076926,1.5559200000000002,1.853230769230769,5.345714285714287,3.1614999999999998,1.9356521739130435,1.5012,2.198363636363636,2.1206,2.0214999999999996,1.9176491228070176,1.9103333333333332,2.119,2.4631111111111115,2.6563999999999997,3.1942500000000003,2.5183999999999997,2.341976744186047,3.25,3.25,3.25,3.25,3.25,3.08,3.25,3.25,3.25,3.25,3.25
2.023875,1.72,1.2925882352941176,1.5643571428571428,1.6733333333333333,1.9502999999999997,1.5623076923076926,1.5559200000000002,1.853230769230769,5.345714285714287,3.1614999999999998,1.9356521739130435,1.5012,2.198363636363636,2.1206,2.0214999999999996,1.9176491228070176,1.9103333333333332,2.119,2.4631111111111115,2.6563999999999997,3.1942500000000003,2.5183999999999997,2.341976744186047,3.25,3.25,3.25,3.25,3.25,3.08,3.25,3.25,3.25,3.25,3.25
2.023875,1.72,1.2925882352941176,1.5643571428571428,1.6733333333333333,1.9502999999999997,1.5623076923076926,1.5559200000000002,1.853230769230769,5.345714285714287,3.1614999999999998,1.9356521739130435,1.5012,2.198363636363636,2.1206,2.0214999999999996,1.9176491228070176,1.9103333333333332,2.119,2.4631111111111115,2.6563999999999997,3.1942500000000003,2.5183999999999997,2.341976744186047,3.25,3.25,3.25,3.25,3.25,3.08,3.25,3.25,3.25,3.25,3.25
2.023875,1.72,1.2925882352941176,1.5643571428571428,1.6733333333333333,1.9502999999999997,1.5623076923076926,1.5559200000000002,1.853230769230769,5.345714285714287,3.1614999999999998,1.9356521739130435,1.5012,2.198363636363636,2.1206,2.0214999999999996,1.9176491228070176,1.9103333333333332,2.119,2.4631111111111115,2.6563999999999997,3.1942500000000003,2.5183999999999997,2.341976744186047,3.25,3.25,3.25,3.25,3.25,3.08,3.25,3.25,3.25,3.25,3.25
1.80925,1.881,1.2866875,1.5458,1.6260000000000003,1.864866666666667,1.5561904761904766,1.5477692307692306,1.7855625000000002,1.9728,3.1405000000000003,1.8974545454545453,1.5205714285714287,2.1247407407407404,2.1289677419354844,2.0275,1.858109090909091,2.339,2.1133333333333333,2.5233999999999996,2.6996666666666664,3.2954000000000003,2.6253846153846156,2.3671470588235293,3.25,3.25,3.25,3.25,3.25,3.25,3.25,3.25,3.25,3.25,3.25
1.80925,1.881,1.2866875,1.5458,1.6260000000000003,1.864866666666667,1.5561904761904766,1.5477692307692306,1.7855625000000002,1.9728,3.1405000000000003,1.8974545454545453,1.5205714285714287,2.1247407407407404,2.1289677419354844,2.0275,1.858109090909091,2.339,2.1133333333333333,2.5233999999999996,2.6996666666666664,3.2954000000000003,2.6253846153846156,2.3671470588235293,3.25,3.25,3.25,3.25,3.25,3.25,3.25,3.25,3.25,3.25,3.25
1.80925,1.881,1.2866875,1.5458,1.6260000000000003,1.864866666666667,1.5561904761904766,1.5477692307692306,1.7855625000000002,1.9728,3.1405000000000003,1.8974545454545453,1.5205714285714287,2.1247407407407404,2.1289677419354844,2.0275,1.858109090909091,2.339,2.1133333333333333,2.5233999999999996,2.6996666666666664,3.2954000000000003,2.6253846153846156,2.3671470588235293,3.25,3.25,3.25,3.25,3.25,3.25,3.25,3.25,3.25,3.25,3.25
1.80925,1.881,1.2866875,1.5458,1.6260000000000003,1.864866666666667,1.5561904761904766,1.5477692307692306,1.7855625000000002,1.9728,3.1405000000000003,1.8974545454545453,1.5205714285714287,2.1247407407407404,2.1289677419354844,2.0275,1.858109090909091,2.339,2.1133333333333333,2.5233999999999996,2.6996666666666664,3.2954000000000003,2.6253846153846156,2.3671470588235293,3.25,3.25,3.25,3.25,3.25,3.25,3.25,3.25,3.25,3.25,3.25
1.80925,1.881,1.2866875,1.5458,1.6260000000000003,1.864866666666667,1.5561904761904766,1.5477692307692306,1.7855625000000002,1.9728,3.1405000000000003,1.8974545454545453,1.5205714285714287,2.1247407407407404,2.1289677419354844,2.0275,1.858109090909091,2.339,2.1133333333333333,2.5233999999999996,2.6996666666666664,3.2954000000000003,2.6253846153846156,2.3671470588235293,3.25,3.25,3.25,3.25,3.25,3.25,3.25,3.25,3.25,3.25,3.25
1.80925,1.881,1.2866875,1.5458,1.6260000000000003,1.864866666666667,1.5561904761904766,1.5477692307692306,1.7855625000000002,1.9728,3.1405000000000003,1.8974545454545453,1.5205714285714287,2.1247407407407404,2.1289677419354844,2.0275,1.858109090909091,2.339,2.1133333333333333,2.5233999999999996,2.6996666666666664,3.2954000000000003,2.6253846153846156,2.3671470588235293,3.25,3.25,3.25,3.25,3.25,3.25,3.25,3.25,3.25,3.25,3.25
1.80925,1.881,1.2866875,1.5458,1.6260000000000003,1.864866666666667,1.5561904761904766,1.5477692307692306,1.7855625000000002,1.9728,3.1405000000000003,1.8974545454545453,1.5205714285714287,2.1247407407407404,2.1289677419354844,2.0275,1.858109090909091,2.339,2.1133333333333333,2.5233999999999996,2.6996666666666664,3.2954000000000003,2.6253846153846156,2.3671470588235293,3.25,3.25,3.25,3.25,3.25,3.25,3.25,3.25,3.25,3.25,3.25
1.80925,1.881,1.2866875,1.5458,1.6260000000000003,1.864866666666667,1.5561904761904766,1.5477692307692306,1.7855625000000002,1.9728,3.1405000000000003,1.8974545454545453,1.5205714285714287,2.1247407407407404,2.1289677419354844,2.0275,1.858109090909091,2.339,2.1133333333333333,2.5233999999999996,2.6996666666666664,3.2954000000000003,2.6253846153846156,2.3671470588235293,3.25,3.25,3.25,3.25,3.25,3.25,3.25,3.25,3.25,3.25,3.25
1.80925,1.881,1.2866875,1.5458,1.6260000000000003,1.864866666666667,1.5561904761904766,1.5477692307692306,1.7855625000000002,1.9728,3.1405000000000003,1.8974545454545453,1.5205714285714287,2.1247407407407404,2.1289677419354844,2.0275,1.858109090909091,2.339,2.1133333333333333,2.5233999999999996,2.6996666666666664,3.2954000000000003,2.6253846153846156,2.3671470588235293,3.25,3.25,3.25,3.25,3.25,3.25,3.25,3.25,3.25,3.25,3.25
1.80925,1.881,1.2866875,1.5458,1.6260000000000003,1.864866666666667,1.5561904761904766,1.5477692307692306,1.7855625000000002,1.9728,3.1405000000000003,1.8974545454545453,1.5205714285714287,2.1247407407407404,2.1289677419354844,2.0275,1.858109090909091,2.339,2.1133333333333333,2.5233999999999996,2.6996666666666664,3.2954000000000003,2.6253846153846156,2.3671470588235293,3.25,3.25,3.25,3.25,3.25,3.25,3.25,3.25,3.25,3.25,3.25
1.80925,1.881,1.2866875,1.5458,1.6260000000000003,1.864866666666667,1.5561904761904766,1.5477692307692306,1.7855625000000002,1.9728,3.1405000000000003,1.8974545454545453,1.5205714285714287,2.1247407407407404,2.1289677419354844,2.0275,1.858109090909091,2.339,2.1133333333333333,2.5233999999999996,2.6996666666666664,3.2954000000000003,2.6253846153846156,2.3671470588235293,3.25,3.25,3.25,3.25,3.25,3.25,3.25,3.25,3.25,3.25,3.25
1.80925,1.881,1.2866875,1.5458,1.6260000000000003,1.864866666666667,1.5561904761904766,1.5477692307692306,1.7855625000000002,1.9728,3.1405000000000003,1.8974545454545453,1.5205714285714287,2.1247407407407404,2.1289677419354844,2.0275,1.858109090909091,2.339,2.1133333333333333,2.5233999999999996,2.6996666666666664,3.2954000000000003,2.6253846153846156,2.3671470588235293,3.25,3.25,3.25,3.25,3.25,3.25,3.25,3.25,3.25,3.25,3.25
1.80925,1.881,1.2866875,1.5458,1.6260000000000003,1.864866666666667,1.5561904761904766,1.5477692307692306,1.7855625000000002,1.9728,3.1405000000000003,1.8974545454545453,1.5205714285714287,2.1247407407407404,2.1289677419354844,2.0275,1.858109090909091,2.339,2.1133333333333333,2.5233999999999996,2.6996666666666664,3.2954000000000003,2.6253846153846156,2.3671470588235293,3.25,3.25,3.25,3.25,3.25,3.25,3.25,3.25,3.25,3.25,3.25
1.80925,1.881,1.2866875,1.5458,1.6260000000000003,1.864866666666667,1.5561904761904766,1.5477692307692306,1.7855625000000002,1.9728,3.1405000000000003,1.8974545454545453,1.5205714285714287,2.1247407407407404,2.1289677419354844,2.0275,1.858109090909091,2.339,2.1133333333333333,2.5233999999999996,2.6996666666666664,3.2954000000000003,2.6253846153846156,2.3671470588235293,3.25,3.25,3.25,3.25,3.25,3.25,3.25,3.25,3.25,3.25,3.25
1.80925,1.881,1.2866875,1.5458,1.6260000000000003,1.864866666666667,1.5561904761904766,1.5477692307692306,1.7855625000000002,1.9728,3.1405000000000003,1.8974545454545453,1.5205714285714287,2.1247407407407404,2.1289677419354844,2.0275,1.858109090909091,2.339,2.1133333333333333,2.5233999999999996,2.6996666666666664,3.2954000000000003,2.6253846153846156,2.3671470588235293,3.25,3.25,3.25,3.25,3.25,3.25,3.25,3.25,3.25,3.25,3.25
1.80925,1.881,1.2866875,1.5458,1.6260000000000003,1.864866666666667,1.5561904761904766,1.5477692307692306,1.7855625000000002,1.9728,3.1405000000000003,1.8974545454545453,1.5205714285714287,2.1247407407407404,2.1289677419354844,2.0275,1.858109090909091,2.339,2.1133333333333333,2.5233999999999996,2.6996666666666664,3.2954000000000003,2.6253846153846156,2.3671470588235293,3.25,3.25,3.25,3.25,3.25,3.25,3.25,3.25,3.25,3.25,3.25
1.80925,1.881,1.2866875,1.5458,1.6260000000000003,1.864866666666667,1.5561904761904766,1.5477692307692306,1.7855625000000002,1.9728,3.1405000000000003,1.8974545454545453,1.5205714285714287,2.1247407407407404,2.1289677419354844,2.0275,1.858109090909091,2.339,2.1133333333333333,2.5233999999999996,2.6996666666666664,3.2954000000000003,2.6253846153846156,2.3671470588235293,3.25,3.25,3.25,3.25,3.25,3.25,3.25,3.25,3.25,3.25,3.25
1.80925,1.881,1.2866875,1.5458,1.6260000000000003,1.864866666666667,1.5561904761904766,1.5477692307692306,1.7855625000000002,1.9728,3.1405000000000003,1.8974545454545453,1.5205714285714287,2.1247407407407404,2.1289677419354844,2.0275,1.858109090909091,2.339,2.1133333333333333,2.5233999999999996,2.6996666666666664,3.2954000000000003,2.6253846153846156,2.3671470588235293,3.25,3.25,3.25,3.25,3.25,3.25,3.25,3.25,3.25,3.25,3.25
1.80925,1.881,1.2866875,1.5458,1.6260000000000003,1.864866666666667,1.5561904761904766,1.5477692307692306,1.7855625000000002,1.9728,3.1405000000000003,1.8974545454545453,1.5205714285714287,2.1247407407407404,2.1289677419354844,2.0275,1.858109090909091,2.339,2.1133333333333333,2.5233999999999996,2.6996666666666664,3.2954000000000003,2.6253846153846156,2.3671470588235293,3.25,3.25,3.25,3.25,3.25,3.25,3.25,3.25,3.25,3.25,3.25
1.80925,1.881,1.2866875,1.5458,1.6260000000000003,1.864866666666667,1.5561904761904766,1.5477692307692306,1.7855625000000002,1.9728,3.1405000000000003,1.8974545454545453,1.5205714285714287,2.1247407407407404,2.1289677419354844,2.0275,1.858109090909091,2.339,2.1133333333333333,2.5233999999999996,2.6996666666666664,3.2954000000000003,2.6253846153846156,2.3671470588235293,3.25,3.25,3.25,3.25,3.25,3.25,3.25,3.25,3.25,3.25,3.25
1.80925,1.881,1.2866875,1.5458,1.6260000000000003,1.864866666666667,1.5561904761904766,1.5477692307692306,1.7855625000000002,1.9728,3.1405000000000003,1.8974545454545453,1.5205714285714287,2.1247407407407404,2.1289677419354844,2.0275,1.858109090909091,2.339,2.1133333333333333,2.5233999999999996,2.6996666666666664,3.2954000000000003,2.6253846153846156,2.3671470588235293,3.25,3.25,3.25,3.25,3.25,3.25,3.25,3.25,3.25,3.25,3.25
1.80925,1.881,1.2866875,1.5458,1.6260000000000003,1.864866666666667,1.5561904761904766,1.5477692307692306,1.7855625000000002,1.9728,3.1405000000000003,1.8974545454545453,1.5205714285714287,2.1247407407407404,2.1289677419354844,2.0275,1.858109090909091,2.339,2.1133333333333333,2.5233999999999996,2.6996666666666664,3.2954000000000003,2.6253846153846156,2.3671470588235293,3.25,3.25,3.25,3.25,3.25,3.25,3.25,3.25,3.25,3.25,3.25
1.80925,1.881,1.2866875,1.5458,1.6260000000000003,1.864866666666667,1.5561904761904766,1.5477692307692306,1.7855625000000002,1.9728,3.1405000000000003,1.8974545454545453,1.5205714285714287,2.1247407407407404,2.1289677419354844,2.0275,1.858109090909091,2.339,2.1133333333333333,2.5233999999999996,2.6996666666666664,3.2954000000000003,2.6253846153846156,2.3671470588235293,3.25,3.25,3.25,3.25,3.25,3.25,3.25,3.25,3.25,3.25,3.25
1.80925,1.881,1.2866875,1.5458,1.6260000000000003,1.864866666666667,1.5561904761904766,1.5477692307692306,1.7855625000000002,1.9728,3.1405000000000003,1.8974545454545453,1.5205714285714287,2.1247407407407404,2.1289677419354844,2.0275,1.858109090909091,2.339,2.1133333333333333,2.5233999999999996,2.6996666666666664,3.2954000000000003,2.6253846153846156,2.3671470588235293,3.25,3.25,3.25,3.25,3.25,3.25,3.25,3.25,3.25,3.25,3.25
1.80925,1.881,1.2866875,1.5458,1.6260000000000003,1.864866666666667,1.5561904761904766,1.5477692307692306,1.7855625000000002,1.9728,3.1405000000000003,1.8974545454545453,1.5205714285714287,2.1247407407407404,2.1289677419354844,2.0275,1.858109090909091,2.339,2.1133333333333333,2.5233999999999996,2.6996666666666664,3.2954000000000003,2.6253846153846156,2.3671470588235293,3.25,3.25,3.25,3.25,3.25,3.25,3.25,3.25,3.25,3.25,3.25
1.80925,1.881,1.2866875,1.5458,1.6260000000000003,1.864866666666667,1.5561904761904766,1.5477692307692306,1.7855625000000002,1.9728,3.1405000000000003,1.8974545454545453,1.5205714285714287,2.1247407407407404,2.1289677419354844,2.0275,1.858109090909091,2.339,2.1133333333333333,2.5233999999999996,2.6996666666666664,3.2954000000000003,2.6253846153846156,2.3671470588235293,3.25,3.25,3.25,3.25,3.25,3.25,3.25,3.25,3.25,3.25,3.25
1.80925,1.881,1.2866875,1.5458,1.6260000000000003,1.864866666666667,1.5561904761904766,1.5477692307692306,1.7855625000000002,1.9728,3.1405000000000003,1.8974545454545453,1.5205714285714287,2.1247407407407404,2.1289677419354844,2.0275,1.858109090909091,2.339,2.1133333333333333,2.5233999999999996,2.6996666666666664,3.2954000000000003,2.6253846153846156,2.3671470588235293,3.25,3.25,3.25,3.25,3.25,3.25,3.25,3.25,3.25,3.25,3.25
1.80925,1.881,1.2866875,1.5458,1.6260000000000003,1.864866666666667,1.5561904761904766,1.5477692307692306,1.7855625000000002,1.9728,3.1405000000000003,1.8974545454545453,1.5205714285714287,2.1247407407407404,2.1289677419354844,2.0275,1.858109090909091,2.339,2.1133333333333333,2.5233999999999996,2.6996666666666664,3.2954000000000003,2.6253846153846156,2.3671470588235293,3.25,3.25,3.25,3.25,3.25,3.25,3.25,3.25,3.25,3.25,3.25
1.80925,1.881,1.2866875,1.5458,1.6260000000000003,1.864866666666667,1.5561904761904766,1.5477692307692306,1.7855625000000002,1.9728,3.1405000000000003,1.8974545454545453,1.5205714285714287,2.1247407407407404,2.1289677419354844,2.0275,1.858109090909091,2.339,2.1133333333333333,2.5233999999999996,2.6996666666666664,3.2954000000000003,2.6253846153846156,2.3671470588235293,3.25,3.25,3.25,3.25,3.25,3.25,3.25,3.25,3.25,3.25,3.25
1.80925,1.881,1.2866875,1.5458,1.6260000000000003,1.864866666666667,1.5561904761904766,1.5477692307692306,1.7855625000000002,1.9728,3.1405000000000003,1.8974545454545453,1.5205714285714287,2.1247407407407404,2.1289677419354844,2.0275,1.858109090909091,2.339,2.1133333333333333,2.5233999999999996,2.6996666666666664,3.2954000000000003,2.6253846153846156,2.3671470588235293,3.25,3.25,3.25,3.25,3.25,3.25,3.25,3.25,3.25,3.25,3.25
1.80925,1.881,1.2866875,1.5458,1.6260000000000003,1.864866666666667,1.5561904761904766,1.5477692307692306,1.7855625000000002,1.9728,3.1405000000000003,1.8974545454545453,1.5205714285714287,2.1247407407407404,2.1289677419354844,2.0275,1.858109090909091,2.339,2.1133333333333333,2.5233999999999996,2.6996666666666664,3.2954000000000003,2.6253846153846156,2.3671470588235293,3.25,3.25,3.25,3.25,3.25,3.25,3.25,3.25,3.25,3.25,3.25
1.62,2.057,1.3039333333333332,1.5594999999999999,1.712625,1.8668,1.543473684210526,1.5081599999999997,1.77175,5.802888888888888,3.1310000000000002,1.8223809523809527,1.5435714285714286,2.08616,2.147566666666666,2.0595000000000003,1.8322666666666672,2.1721999999999997,2.369888888888889,2.408888888888889,2.679785714285714,3.3354166666666667,2.6416086956521743,2.340651162790698,3.25,3.25,3.25,3.25,3.25,3.25,3.25,3.25,3.25,3.25,3.25
1.62,2.057,1.3039333333333332,1.5594999999999999,1.712625,1.8668,1.543473684210526,1.5081599999999997,1.77175,5.802888888888888,3.1310000000000002,1.8223809523809527,1.5435714285714286,2.08616,2.147566666666666,2.0595000000000003,1.8322666666666672,2.1721999999999997,2.369888888888889,2.408888888888889,2.679785714285714,3.3354166666666667,2.6416086956521743,2.340651162790698,3.25,3.25,3.25,3.25,3.25,3.25,3.25,3.25,3.25,3.25,3.25
1.62,2.057,1.3039333333333332,1.5594999999999999,1.712625,1.8668,1.543473684210526,1.5081599999999997,1.77175,5.802888888888888,3.1310000000000002,1.8223809523809527,1.5435714285714286,2.08616,2.147566666666666,2.0595000000000003,1.8322666666666672,2.1721999999999997,2.369888888888889,2.408888888888889,2.679785714285714,3.3354166666666667,2.6416086956521743,2.340651162790698,3.25,3.25,3.25,3.25,3.25,3.25,3.25,3.25,3.25,3.25,3.25
1.62,2.057,1.3039333333333332,1.5594999999999999,1.712625,1.8668,1.543473684210526,1.5081599999999997,1.77175,5.802888888888888,3.1310000000000002,1.8223809523809527,1.5435714285714286,2.08616,2.147566666666666,2.0595000000000003,1.8322666666666672,2.1721999999999997,2.369888888888889,2.408888888888889,2.679785714285714,3.3354166666666667,2.6416086956521743,2.340651162790698,3.25,3.25,3.25,3.25,3.25,3.25,3.25,3.25,3.25,3.25,3.25
1.62,2.057,1.3039333333333332,1.5594999999999999,1.712625,1.8668,1.543473684210526,1.5081599999999997,1.77175,5.802888888888888,3.1310000000000002,1.8223809523809527,1.5435714285714286,2.08616,2.147566666666666,2.0595000000000003,1.8322666666666672,2.1721999999999997,2.369888888888889,2.408888888888889,2.679785714285714,3.3354166666666667,2.6416086956521743,2.340651162790698,3.25,3.25,3.25,3.25,3.25,3.25,3.25,3.25,3.25,3.25,3.25
1.62,2.057,1.3039333333333332,1.5594999999999999,1.712625,1.8668,1.543473684210526,1.5081599999999997,1.77175,5.802888888888888,3.1310000000000002,1.8223809523809527,1.5435714285714286,2.08616,2.147566666666666,2.0595000000000003,1.8322666666666672,2.1721999999999997,2.369888888888889,2.408888888888889,2.679785714285714,3.3354166666666667,2.6416086956521743,2.340651162790698,3.25,3.25,3.25,3.25,3.25,3.25,3.25,3.25,3.25,3.25,3.25
1.62,2.057,1.3039333333333332,1.5594999999999999,1.712625,1.8668,1.543473684210526,1.5081599999999997,1.77175,5.802888888888888,3.1310000000000002,1.8223809523809527,1.5435714285714286,2.08616,2.147566666666666,2.0595000000000003,1.8322666666666672,2.1721999999999997,2.369888888888889,2.408888888888889,2.679785714285714,3.3354166666666667,2.6416086956521743,2.340651162790698,3.25,3.25,3.25,3.25,3.25,3.25,3.25,3.25,3.25,3.25,3.25
1.62,2.057,1.3039333333333332,1.5594999999999999,1.712625,1.8668,1.543473684210526,1.5081599999999997,1.77175,5.802888888888888,3.1310000000000002,1.8223809523809527,1.5435714285714286,2.08616,2.147566666666666,2.0595000000000003,1.8322666666666672,2.1721999999999997,2.369888888888889,2.408888888888889,2.679785714285714,3.3354166666666667,2.6416086956521743,2.340651162790698,3.25,3.25,3.25,3.25,3.25,3.25,3.25,3.25,3.25,3.25,3.25
1.62,2.057,1.3039333333333332,1.5594999999999999,1.712625,1.8668,1.543473684210526,1.5081599999999997,1.77175,5.802888888888888,3.1310000000000002,1.8223809523809527,1.5435714285714286,2.08616,2.147566666666666,2.0595000000000003,1.8322666666666672,2.1721999999999997,2.369888888888889,2.408888888888889,2.679785714285714,3.3354166666666667,2.6416086956521743,2.340651162790698,3.25,3.25,3.25,3.25,3.25,3.25,3.25,3.25,3.25,3.25,3.25
1.62,2.057,1.3039333333333332,1.5594999999999999,1.712625,1.8668,1.543473684210526,1.5081599999999997,1.77175,5.802888888888888,3.1310000000000002,1.8223809523809527,1.5435714285714286,2.08616,2.147566666666666,2.0595000000000003,1.8322666666666672,2.1721999999999997,2.369888888888889,2.408888888888889,2.679785714285714,3.3354166666666667,2.6416086956521743,2.340651162790698,3.25,3.25,3.25,3.25,3.25,3.25,3.25,3.25,3.25,3.25,3.25
1.62,2.057,1.3039333333333332,1.5594999999999999,1.712625,1.8668,1.543473684210526,1.5081599999999997,1.77175,5.802888888888888,3.1310000000000002,1.8223809523809527,1.5435714285714286,2.08616,2.147566666666666,2.0595000000000003,1.8322666666666672,2.1721999999999997,2.369888888888889,2.408888888888889,2.679785714285714,3.3354166666666667,2.6416086956521743,2.340651162790698,3.25,3.25,3.25,3.25,3.25,3.25,3.25,3.25,3.25,3.25,3.25
1.62,2.057,1.3039333333333332,1.5594999999999999,1.712625,1.8668,1.543473684210526,1.5081599999999997,1.77175,5.802888888888888,3.1310000000000002,1.8223809523809527,1.5435714285714286,2.08616,2.147566666666666,2.0595000000000003,1.8322666666666672,2.1721999999999997,2.369888888888889,2.408888888888889,2.679785714285714,3.3354166666666667,2.6416086956521743,2.340651162790698,3.25,3.25,3.25,3.25,3.25,3.25,3.25,3.25,3.25,3.25,3.25
1.62,2.057,1.3039333333333332,1.5594999999999999,1.712625,1.8668,1.543473684210526,1.5081599999999997,1.77175,5.802888888888888,3.1310000000000002,1.8223809523809527,1.5435714285714286,2.08616,2.147566666666666,2.0595000000000003,1.8322666666666672,2.1721999999999997,2.369888888888889,2.408888888888889,2.679785714285714,3.3354166666666667,2.6416086956521743,2.340651162790698,3.25,3.25,3.25,3.25,3.25,3.25,3.25,3.25,3.25,3.25,3.25
1.62,2.057,1.3039333333333332,1.5594999999999999,1.712625,1.8668,1.543473684210526,1.5081599999999997,1.77175,5.802888888888888,3.1310000000000002,1.8223809523809527,1.5435714285714286,2.08616,2.147566666666666,2.0595000000000003,1.8322666666666672,2.1721999999999997,2.369888888888889,2.408888888888889,2.679785714285714,3.3354166666666667,2.6416086956521743,2.340651162790698,3.25,3.25,3.25,3.25,3.25,3.25,3.25,3.25,3.25,3.25,3.25
1.62,2.057,1.3039333333333332,1.5594999999999999,1.712625,1.8668,1.543473684210526,1.5081599999999997,1.77175,5.802888888888888,3.1310000000000002,1.8223809523809527,1.5435714285714286,2.08616,2.147566666666666,2.0595000000000003,1.8322666666666672,2.1721999999999997,2.369888888888889,2.408888888888889,2.679785714285714,3.3354166666666667,2.6416086956521743,2.340651162790698,3.25,3.25,3.25,3.25,3.25,3.25,3.25,3.25,3.25,3.25,3.25
1.62,2.057,1.3039333333333332,1.5594999999999999,1.712625,1.8668,1.543473684210526,1.5081599999999997,1.77175,5.802888888888888,3.1310000000000002,1.8223809523809527,1.5435714285714286,2.08616,2.147566666666666,2.0595000000000003,1.8322666666666672,2.1721999999999997,2.369888888888889,2.408888888888889,2.679785714285714,3.3354166666666667,2.6416086956521743,2.340651162790698,3.25,3.25,3.25,3.25,3.25,3.25,3.25,3.25,3.25,3.25,3.25
1.62,2.057,1.3039333333333332,1.5594999999999999,1.712625,1.8668,1.543473684210526,1.5081599999999997,1.77175,5.802888888888888,3.1310000000000002,1.8223809523809527,1.5435714285714286,2.08616,2.147566666666666,2.0595000000000003,1.8322666666666672,2.1721999999999997,2.369888888888889,2.408888888888889,2.679785714285714,3.3354166666666667,2.6416086956521743,2.340651162790698,3.25,3.25,3.25,3.25,3.25,3.25,3.25,3.25,3.25,3.25,3.25
1.62,2.057,1.3039333333333332,1.5594999999999999,1.712625,1.8668,1.543473684210526,1.5081599999999997,1.77175,5.802888888888888,3.1310000000000002,1.8223809523809527,1.5435714285714286,2.08616,2.147566666666666,2.0595000000000003,1.8322666666666672,2.1721999999999997,2.369888888888889,2.408888888888889,2.679785714285714,3.3354166666666667,2.6416086956521743,2.340651162790698,3.25,3.25,3.25,3.25,3.25,3.25,3.25,3.25,3.25,3.25,3.25
1.62,2.057,1.3039333333333332,1.5594999999999999,1.712625,1.8668,1.543473684210526,1.5081599999999997,1.77175,5.802888888888888,3.1310000000000002,1.8223809523809527,1.5435714285714286,2.08616,2.147566666666666,2.0595000000000003,1.8322666666666672,2.1721999999999997,2.369888888888889,2.408888888888889,2.679785714285714,3.3354166666666667,2.6416086956521743,2.340651162790698,3.25,3.25,3.25,3.25,3.25,3.25,3.25,3.25,3.25,3.25,3.25
1.62,2.057,1.3039333333333332,1.5594999999999999,1.712625,1.8668,1.543473684210526,1.5081599999999997,1.77175,5.802888888888888,3.1310000000000002,1.8223809523809527,1.5435714285714286,2.08616,2.147566666666666,2.0595000000000003,1.8322666666666672,2.1721999999999997,2.369888888888889,2.408888888888889,2.679785714285714,3.3354166666666667,2.6416086956521743,2.340651162790698,3.25,3.25,3.25,3.25,3.25,3.25,3.25,3.25,3.25,3.25,3.25
1.62,2.057,1.3039333333333332,1.5594999999999999,1.712625,1.8668,1.543473684210526,1.5081599999999997,1.77175,5.802888888888888,3.1310000000000002,1.8223809523809527,1.5435714285714286,2.08616,2.147566666666666,2.0595000000000003,1.8322666666666672,2.1721999999999997,2.369888888888889,2.408888888888889,2.679785714285714,3.3354166666666667,2.6416086956521743,2.340651162790698,3.25,3.25,3.25,3.25,3.25,3.25,3.25,3.25,3.25,3.25,3.25
1.62,2.057,1.3039333333333332,1.5594999999999999,1.712625,1.8668,1.543473684210526,1.5081599999999997,1.77175,5.802888888888888,3.1310000000000002,1.8223809523809527,1.5435714285714286,2.08616,2.147566666666666,2.0595000000000003,1.8322666666666672,2.1721999999999997,2.369888888888889,2.408888888888889,2.679785714285714,3.3354166666666667,2.6416086956521743,2.340651162790698,3.25,3.25,3.25,3.25,3.25,3.25,3.25,3.25,3.25,3.25,3.25
1.62,2.057,1.3039333333333332,1.5594999999999999,1.712625,1.8668,1.543473684210526,1.5081599999999997,1.77175,5.802888888888888,3.1310000000000002,1.8223809523809527,1.5435714285714286,2.08616,2.147566666666666,2.0595000000000003,1.8322666666666672,2.1721999999999997,2.369888888888889,2.408888888888889,2.679785714285714,3.3354166666666667,2.6416086956521743,2.340651162790698,3.25,3.25,3.25,3.25,3.25,3.25,3.25,3.25,3.25,3.25,3.25
1.62,2.057,1.3039333333333332,1.5594999999999999,1.712625,1.8668,1.543473684210526,1.5081599999999997,1.77175,5.802888888888888,3.1310000000000002,1.8223809523809527,1.5435714285714286,2.08616,2.147566666666666,2.0595000000000003,1.8322666666666672,2.1721999999999997,2.369888888888889,2.408888888888889,2.679785714285714,3.3354166666666667,2.6416086956521743,2.340651162790698,3.25,3.25,3.25,3.25,3.25,3.25,3.25,3.25,3.25,3.25,3.25
1.62,2.057,1.3039333333333332,1.5594999999999999,1.712625,1.8668,1.543473684210526,1.5081599999999997,1.77175,5.802888888888888,3.1310000000000002,1.8223809523809527,1.5435714285714286,2.08616,2.147566666666666,2.0595000000000003,1.8322666666666672,2.1721999999999997,2.369888888888889,2.408888888888889,2.679785714285714,3.3354166666666667,2.6416086956521743,2.340651162790698,3.25,3.25,3.25,3.25,3.25,3.25,3.25,3.25,3.25,3.25,3.25
1.62,2.057,1.3039333333333332,1.5594999999999999,1.712625,1.8668,1.543473684210526,1.5081599999999997,1.77175,5.802888888888888,3.1310000000000002,1.8223809523809527,1.5435714285714286,2.08616,2.147566666666666,2.0595000000000003,1.8322666666666672,2.1721999999999997,2.369888888888889,2.408888888888889,2.679785714285714,3.3354166666666667,2.6416086956521743,2.340651162790698,3.25,3.25,3.25,3.25,3.25,3.25,3.25,3.25,3.25,3.25,3.25
1.62,2.057,1.3039333333333332,1.5594999999999999,1.712625,1.8668,1.543473684210526,1.5081599999999997,1.77175,5.802888888888888,3.1310000000000002,1.8223809523809527,1.5435714285714286,2.08616,2.147566666666666,2.0595000000000003,1.8322666666666672,2.1721999999999997,2.369888888888889,2.408888888888889,2.679785714285714,3.3354166666666667,2.6416086956521743,2.340651162790698,3.25,3.25,3.25,3.25,3.25,3.25,3.25,3.25,3.25,3.25,3.25
1.62,2.057,1.3039333333333332,1.5594999999999999,1.712625,1.8668,1.543473684210526,1.5081599999999997,1.77175,5.802888888888888,3.1310000000000002,1.8223809523809527,1.5435714285714286,2.08616,2.147566666666666,2.0595000000000003,1.8322666666666672,2.1721999999999997,2.369888888888889,2.408888888888889,2.679785714285714,3.3354166666666667,2.6416086956521743,2.340651162790698,3.25,3.25,3.25,3.25,3.25,3.25,3.25,3.25,3.25,3.25,3.25
1.62,2.057,1.3039333333333332,1.5594999999999999,1.712625,1.8668,1.543473684210526,1.5081599999999997,1.77175,5.802888888888888,3.1310000000000002,1.8223809523809527,1.5435714285714286,2.08616,2.147566666666666,2.0595000000000003,1.8322666666666672,2.1721999999999997,2.369888888888889,2.408888888888889,2.679785714285714,3.3354166666666667,2.6416086956521743,2.340651162790698,3.25,3.25,3.25,3.25,3.25,3.25,3.25,3.25,3.25,3.25,3.25
1.62,2.057,1.3039333333333332,1.5594999999999999,1.712625,1.8668,1.543473684210526,1.5081599999999997,1.77175,5.802888888888888,3.1310000000000002,1.8223809523809527,1.5435714285714286,2.08616,2.147566666666666,2.0595000000000003,1.8322666666666672,2.1721999999999997,2.369888888888889,2.408888888888889,2.679785714285714,3.3354166666666667,2.6416086956521743,2.340651162790698,3.25,3.25,3.25,3.25,3.25,3.25,3.25,3.25,3.25,3.25,3.25
1.62,2.057,1.3039333333333332,1.5594999999999999,1.712625,1.8668,1.543473684210526,1.5081599999999997,1.77175,5.802888888888888,3.1310000000000002,1.8223809523809527,1.5435714285714286,2.08616,2.147566666666666,2.0595000000000003,1.8322666666666672,2.1721999999999997,2.369888888888889,2.408888888888889,2.679785714285714,3.3354166666666667,2.6416086956521743,2.340651162790698,3.25,3.25,3.25,3.25,3.25,3.25,3.25,3.25,3.25,3.25,3.25
1.8071111111111111,1.9480000000000002,1.3240666666666667,1.4866111111111115,1.618125,1.8802,1.5487222222222221,1.526740740740741,1.9240000000000004,9.456,2.546,1.8716190476190477,1.560142857142857,2.065272727272727,2.113344827586207,2.044333333333333,1.8476825396825398,2.2908,2.1279999999999997,2.4689166666666664,2.583307692307692,3.332615384615384,2.4658333333333333,2.4492258064516133,3.25,3.25,3.25,3.25,3.25,3.25,3.25,3.25,3.25,3.25,3.25
1.8071111111111111,1.9480000000000002,1.3240666666666667,1.4866111111111115,1.618125,1.8802,1.5487222222222221,1.526740740740741,1.9240000000000004,9.456,2.546,1.8716190476190477,1.560142857142857,2.065272727272727,2.113344827586207,2.044333333333333,1.8476825396825398,2.2908,2.1279999999999997,2.4689166666666664,2.583307692307692,3.332615384615384,2.4658333333333333,2.4492258064516133,3.25,3.25,3.25,3.25,3.25,3.25,3.25,3.25,3.25,3.25,3.25
1.8071111111111111,1.9480000000000002,1.3240666666666667,1.4866111111111115,1.618125,1.8802,1.5487222222222221,1.526740740740741,1.9240000000000004,9.456,2.546,1.8716190476190477,1.560142857142857,2.065272727272727,2.113344827586207,2.044333333333333,1.8476825396825398,2.2908,2.1279999999999997,2.4689166666666664,2.583307692307692,3.332615384615384,2.4658333333333333,2.4492258064516133,3.25,3.25,3.25,3.25,3.25,3.25,3.25,3.25,3.25,3.25,3.25
1.8071111111111111,1.9480000000000002,1.3240666666666667,1.4866111111111115,1.618125,1.8802,1.5487222222222221,1.526740740740741,1.9240000000000004,9.456,2.546,1.8716190476190477,1.560142857142857,2.065272727272727,2.113344827586207,2.044333333333333,1.8476825396825398,2.2908,2.1279999999999997,2.4689166666666664,2.583307692307692,3.332615384615384,2.4658333333333333,2.4492258064516133,3.25,3.25,3.25,3.25,3.25,3.25,3.25,3.25,3.25,3.25,3.25
1.8071111111111111,1.9480000000000002,1.3240666666666667,1.4866111111111115,1.618125,1.8802,1.5487222222222221,1.526740740740741,1.9240000000000004,9.456,2.546,1.8716190476190477,1.560142857142857,2.065272727272727,2.113344827586207,2.044333333333333,1.8476825396825398,2.2908,2.1279999999999997,2.4689166666666664,2.583307692307692,3.332615384615384,2.4658333333333333,2.4492258064516133,3.25,3.25,3.25,3.25,3.25,3.25,3.25,3.25,3.25,3.25,3.25
1.8071111111111111,1.9480000000000002,1.3240666666666667,1.4866111111111115,1.618125,1.8802,1.5487222222222221,1.526740740740741,1.9240000000000004,9.456,2.546,1.8716190476190477,1.560142857142857,2.065272727272727,2.113344827586207,2.044333333333333,1.8476825396825398,2.2908,2.1279999999999997,2.4689166666666664,2.583307692307692,3.332615384615384,2.4658333333333333,2.4492258064516133,3.25,3.25,3.25,3.25,3.25,3.25,3.25,3.25,3.25,3.25,3.25
1.8071111111111111,1.9480000000000002,1.3240666666666667,1.4866111111111115,1.618125,1.8802,1.5487222222222221,1.526740740740741,1.9240000000000004,9.456,2.546,1.8716190476190477,1.560142857142857,2.065272727272727,2.113344827586207,2.044333333333333,1.8476825396825398,2.2908,2.1279999999999997,2.4689166666666664,2.583307692307692,3.332615384615384,2.4658333333333333,2.4492258064516133,3.25,3.25,3.25,3.25,3.25,3.25,3.25,3.25,3.25,3.25,3.25
1.8071111111111111,1.9480000000000002,1.3240666666666667,1.4866111111111115,1.618125,1.8802,1.5487222222222221,1.526740740740741,1.9240000000000004,9.456,2.546,1.8716190476190477,1.560142857142857,2.065272727272727,2.113344827586207,2.044333333333333,1.8476825396825398,2.2908,2.1279999999999997,2.4689166666666664,2.583307692307692,3.332615384615384,2.4658333333333333,2.4492258064516133,3.25,3.25,3.25,3.25,3.25,3.25,3.25,3.25,3.25,3.25,3.25
1.8071111111111111,1.9480000000000002,1.3240666666666667,1.4866111111111115,1.618125,1.8802,1.5487222222222221,1.526740740740741,1.9240000000000004,9.456,2.546,1.8716190476190477,1.560142857142857,2.065272727272727,2.113344827586207,2.044333333333333,1.8476825396825398,2.2908,2.1279999999999997,2.4689166666666664,2.583307692307692,3.332615384615384,2.4658333333333333,2.4492258064516133,3.25,3.25,3.25,3.25,3.25,3.25,3.25,3.25,3.25,3.25,3.25
1.8071111111111111,1.9480000000000002,1.3240666666666667,1.4866111111111115,1.618125,1.8802,1.5487222222222221,1.526740740740741,1.9240000000000004,9.456,2.546,1.8716190476190477,1.560142857142857,2.065272727272727,2.113344827586207,2.044333333333333,1.8476825396825398,2.2908,2.1279999999999997,2.4689166666666664,2.583307692307692,3.332615384615384,2.4658333333333333,2.4492258064516133,3.25,3.25,3.25,3.25,3.25,3.25,3.25,3.25,3.25,3.25,3.25
1.8071111111111111,1.9480000000000002,1.3240666666666667,1.4866111111111115,1.618125,1.8802,1.5487222222222221,1.526740740740741,1.9240000000000004,9.456,2.546,1.8716190476190477,1.560142857142857,2.065272727272727,2.113344827586207,2.044333333333333,1.8476825396825398,2.2908,2.1279999999999997,2.4689166666666664,2.583307692307692,3.332615384615384,2.4658333333333333,2.4492258064516133,3.25,3.25,3.25,3.25,3.25,3.25,3.25,3.25,3.25,3.25,3.25
1.8071111111111111,1.9480000000000002,1.3240666666666667,1.4866111111111115,1.618125,1.8802,1.5487222222222221,1.526740740740741,1.9240000000000004,9.456,2.546,1.8716190476190477,1.560142857142857,2.065272727272727,2.113344827586207,2.044333333333333,1.8476825396825398,2.2908,2.1279999999999997,2.4689166666666664,2.583307692307692,3.332615384615384,2.4658333333333333,2.4492258064516133,3.25,3.25,3.25,3.25,3.25,3.25,3.25,3.25,3.25,3.25,3.25
1.8071111111111111,1.9480000000000002,1.3240666666666667,1.4866111111111115,1.618125,1.8802,1.5487222222222221,1.526740740740741,1.9240000000000004,9.456,2.546,1.8716190476190477,1.560142857142857,2.065272727272727,2.113344827586207,2.044333333333333,1.8476825396825398,2.2908,2.1279999999999997,2.4689166666666664,2.583307692307692,3.332615384615384,2.4658333333333333,2.4492258064516133,3.25,3.25,3.25,3.25,3.25,3.25,3.25,3.25,3.25,3.25,3.25
1.8071111111111111,1.9480000000000002,1.3240666666666667,1.4866111111111115,1.618125,1.8802,1.5487222222222221,1.526740740740741,1.9240000000000004,9.456,2.546,1.8716190476190477,1.560142857142857,2.065272727272727,2.113344827586207,2.044333333333333,1.8476825396825398,2.2908,2.1279999999999997,2.4689166666666664,2.583307692307692,3.332615384615384,2.4658333333333333,2.4492258064516133,3.25,3.25,3.25,3.25,3.25,3.25,3.25,3.25,3.25,3.25,3.25
1.8071111111111111,1.9480000000000002,1.3240666666666667,1.4866111111111115,1.618125,1.8802,1.5487222222222221,1.526740740740741,1.9240000000000004,9.456,2.546,1.8716190476190477,1.560142857142857,2.065272727272727,2.113344827586207,2.044333333333333,1.8476825396825398,2.2908,2.1279999999999997,2.4689166666666664,2.583307692307692,3.332615384615384,2.4658333333333333,2.4492258064516133,3.25,3.25,3.25,3.25,3.25,3.25,3.25,3.25,3.25,3.25,3.25
1.8071111111111111,1.9480000000000002,1.3240666666666667,1.4866111111111115,1.618125,1.8802,1.5487222222222221,1.526740740740741,1.9240000000000004,9.456,2.546,1.8716190476190477,1.560142857142857,2.065272727272727,2.113344827586207,2.044333333333333,1.8476825396825398,2.2908,2.1279999999999997,2.4689166666666664,2.583307692307692,3.332615384615384,2.4658333333333333,2.4492258064516133,3.25,3.25,3.25,3.25,3.25,3.25,3.25,3.25,3.25,3.25,3.25
1.8071111111111111,1.9480000000000002,1.3240666666666667,1.4866111111111115,1.618125,1.8802,1.5487222222222221,1.526740740740741,1.9240000000000004,9.456,2.546,1.8716190476190477,1.560142857142857,2.065272727272727,2.113344827586207,2.044333333333333,1.8476825396825398,2.2908,2.1279999999999997,2.4689166666666664,2.583307692307692,3.332615384615384,2.4658333333333333,2.4492258064516133,3.25,3.25,3.25,3.25,3.25,3.25,3.25,3.25,3.25,3.25,3.25
1.8071111111111111,1.9480000000000002,1.3240666666666667,1.4866111111111115,1.618125,1.8802,1.5487222222222221,1.526740740740741,1.9240000000000004,9.456,2.546,1.8716190476190477,1.560142857142857,2.065272727272727,2.113344827586207,2.044333333333333,1.8476825396825398,2.2908,2.1279999999999997,2.4689166666666664,2.583307692307692,3.332615384615384,2.4658333333333333,2.4492258064516133,3.25,3.25,3.25,3.25,3.25,3.25,3.25,3.25,3.25,3.25,3.25
1.8071111111111111,1.9480000000000002,1.3240666666666667,1.4866111111111115,1.618125,1.8802,1.5487222222222221,1.526740740740741,1.9240000000000004,9.456,2.546,1.8716190476190477,1.560142857142857,2.065272727272727,2.113344827586207,2.044333333333333,1.8476825396825398,2.2908,2.1279999999999997,2.4689166666666664,2.583307692307692,3.332615384615384,2.4658333333333333,2.4492258064516133,3.25,3.25,3.25,3.25,3.25,3.25,3.25,3.25,3.25,3.25,3.25
1.8071111111111111,1.9480000000000002,1.3240666666666667,1.4866111111111115,1.618125,1.8802,1.5487222222222221,1.526740740740741,1.9240000000000004,9.456,2.546,1.8716190476190477,1.560142857142857,2.065272727272727,2.113344827586207,2.044333333333333,1.8476825396825398,2.2908,2.1279999999999997,2.4689166666666664,2.583307692307692,3.332615384615384,2.4658333333333333,2.4492258064516133,3.25,3.25,3.25,3.25,3.25,3.25,3.25,3.25,3.25,3.25,3.25
1.8071111111111111,1.9480000000000002,1.3240666666666667,1.4866111111111115,1.618125,1.8802,1.5487222222222221,1.526740740740741,1.9240000000000004,9.456,2.546,1.8716190476190477,1.560142857142857,2.065272727272727,2.113344827586207,2.044333333333333,1.8476825396825398,2.2908,2.1279999999999997,2.4689166666666664,2.583307692307692,3.332615384615384,2.4658333333333333,2.4492258064516133,3.25,3.25,3.25,3.25,3.25,3.25,3.25,3.25,3.25,3.25,3.25
1.8071111111111111,1.9480000000000002,1.3240666666666667,1.4866111111111115,1.618125,1.8802,1.5487222222222221,1.526740740740741,1.9240000000000004,9.456,2.546,1.8716190476190477,1.560142857142857,2.065272727272727,2.113344827586207,2.044333333333333,1.8476825396825398,2.2908,2.1279999999999997,2.4689166666666664,2.583307692307692,3.332615384615384,2.4658333333333333,2.4492258064516133,3.25,3.25,3.25,3.25,3.25,3.25,3.25,3.25,3.25,3.25,3.25
1.8071111111111111,1.9480000000000002,1.3240666666666667,1.4866111111111115,1.618125,1.8802,1.5487222222222221,1.526740740740741,1.9240000000000004,9.456,2.546,1.8716190476190477,1.560142857142857,2.065272727272727,2.113344827586207,2.044333333333333,1.8476825396825398,2.2908,2.1279999999999997,2.4689166666666664,2.583307692307692,3.332615384615384,2.4658333333333333,2.4492258064516133,3.25,3.25,3.25,3.25,3.25,3.25,3.25,3.25,3.25,3.25,3.25
1.8071111111111111,1.9480000000000002,1.3240666666666667,1.4866111111111115,1.618125,1.8802,1.5487222222222221,1.526740740740741,1.9240000000000004,9.456,2.546,1.8716190476190477,1.560142857142857,2.065272727272727,2.113344827586207,2.044333333333333,1.8476825396825398,2.2908,2.1279999999999997,2.4689166666666664,2.583307692307692,3.332615384615384,2.4658333333333333,2.4492258064516133,3.25,3.25,3.25,3.25,3.25,3.25,3.25,3.25,3.25,3.25,3.25
1.8071111111111111,1.9480000000000002,1.3240666666666667,1.4866111111111115,1.618125,1.8802,1.5487222222222221,1.526740740740741,1.9240000000000004,9.456,2.546,1.8716190476190477,1.560142857142857,2.065272727272727,2.113344827586207,2.044333333333333,1.8476825396825398,2.2908,2.1279999999999997,2.4689166666666664,2.583307692307692,3.332615384615384,2.4658333333333333,2.4492258064516133,3.25,3.25,3.25,3.25,3.25,3.25,3.25,3.25,3.25,3.25,3.25
1.8071111111111111,1.9480000000000002,1.3240666666666667,1.4866111111111115,1.618125,1.8802,1.5487222222222221,1.526740740740741,1.9240000000000004,9.456,2.546,1.8716190476190477,1.560142857142857,2.065272727272727,2.113344827586207,2.044333333333333,1.8476825396825398,2.2908,2.1279999999999997,2.4689166666666664,2.583307692307692,3.332615384615384,2.4658333333333333,2.4492258064516133,3.25,3.25,3.25,3.25,3.25,3.25,3.25,3.25,3.25,3.25,3.25
1.8071111111111111,1.9480000000000002,1.3240666666666667,1.4866111111111115,1.618125,1.8802,1.5487222222222221,1.526740740740741,1.9240000000000004,9.456,2.546,1.8716190476190477,1.560142857142857,2.065272727272727,2.113344827586207,2.044333333333333,1.8476825396825398,2.2908,2.1279999999999997,2.4689166666666664,2.583307692307692,3.332615384615384,2.4658333333333333,2.4492258064516133,3.25,3.25,3.25,3.25,3.25,3.25,3.25,3.25,3.25,3.25,3.25
1.8071111111111111,1.9480000000000002,1.3240666666666667,1.4866111111111115,1.618125,1.8802,1.5487222222222221,1.526740740740741,1.9240000000000004,9.456,2.546,1.8716190476190477,1.560142857142857,2.065272727272727,2.113344827586207,2.044333333333333,1.8476825396825398,2.2908,2.1279999999999997,2.4689166666666664,2.583307692307692,3.332615384615384,2.4658333333333333,2.4492258064516133,3.25,3.25,3.25,3.25,3.25,3.25,3.25,3.25,3.25,3.25,3.25
1.8071111111111111,1.9480000000000002,1.3240666666666667,1.4866111111111115,1.618125,1.8802,1.5487222222222221,1.526740740740741,1.9240000000000004,9.456,2.546,1.8716190476190477,1.560142857142857,2.065272727272727,2.113344827586207,2.044333333333333,1.8476825396825398,2.2908,2.1279999999999997,2.4689166666666664,2.583307692307692,3.332615384615384,2.4658333333333333,2.4492258064516133,3.25,3.25,3.25,3.25,3.25,3.25,3.25,3.25,3.25,3.25,3.25
1.8071111111111111,1.9480000000000002,1.3240666666666667,1.4866111111111115,1.618125,1.8802,1.5487222222222221,1.526740740740741,1.9240000000000004,9.456,2.546,1.8716190476190477,1.560142857142857,2.065272727272727,2.113344827586207,2.044333333333333,1.8476825396825398,2.2908,2.1279999999999997,2.4689166666666664,2.583307692307692,3.332615384615384,2.4658333333333333,2.4492258064516133,3.25,3.25,3.25,3.25,3.25,3.25,3.25,3.25,3.25,3.25,3.25
1.816625,1.864,1.305,1.6007,1.6153333333333333,1.9260000000000002,1.5066428571428574,1.4830454545454543,1.9833076923076924,10.83525,2.158,1.9163333333333334,1.6237142857142857,2.0922916666666667,2.1705,2.275,1.8330545454545453,2.0901666666666667,2.1070000000000007,2.439545454545455,2.648642857142857,3.2410714285714284,2.5625,2.375891891891892,3.25,3.25,3.25,3.25,3.25,3.25,3.25,3.25,3.25,3.25,3.25
1.816625,1.864,1.305,1.6007,1.6153333333333333,1.9260000000000002,1.5066428571428574,1.4830454545454543,1.9833076923076924,10.83525,2.158,1.9163333333333334,1.6237142857142857,2.0922916666666667,2.1705,2.275,1.8330545454545453,2.0901666666666667,2.1070000000000007,2.439545454545455,2.648642857142857,3.2410714285714284,2.5625,2.375891891891892,3.25,3.25,3.25,3.25,3.25,3.25,3.25,3.25,3.25,3.25,3.25
1.816625,1.864,1.305,1.6007,1.6153333333333333,1.9260000000000002,1.5066428571428574,1.4830454545454543,1.9833076923076924,10.83525,2.158,1.9163333333333334,1.6237142857142857,2.0922916666666667,2.1705,2.275,1.8330545454545453,2.0901666666666667,2.1070000000000007,2.439545454545455,2.648642857142857,3.2410714285714284,2.5625,2.375891891891892,3.25,3.25,3.25,3.25,3.25,3.25,3.25,3.25,3.25,3.25,3.25
1.816625,1.864,1.305,1.6007,1.6153333333333333,1.9260000000000002,1.5066428571428574,1.4830454545454543,1.9833076923076924,10.83525,2.158,1.9163333333333334,1.6237142857142857,2.0922916666666667,2.1705,2.275,1.8330545454545453,2.0901666666666667,2.1070000000000007,2.439545454545455,2.648642857142857,3.2410714285714284,2.5625,2.375891891891892,3.25,3.25,3.25,3.25,3.25,3.25,3.25,3.25,3.25,3.25,3.25
1.816625,1.864,1.305,1.6007,1.6153333333333333,1.9260000000000002,1.5066428571428574,1.4830454545454543,1.9833076923076924,10.83525,2.158,1.9163333333333334,1.6237142857142857,2.0922916666666667,2.1705,2.275,1.8330545454545453,2.0901666666666667,2.1070000000000007,2.439545454545455,2.648642857142857,3.2410714285714284,2.5625,2.375891891891892,3.25,3.25,3.25,3.25,3.25,3.25,3.25,3.25,3.25,3.25,3.25
1.816625,1.864,1.305,1.6007,1.6153333333333333,1.9260000000000002,1.5066428571428574,1.4830454545454543,1.9833076923076924,10.83525,2.158,1.9163333333333334,1.6237142857142857,2.0922916666666667,2.1705,2.275,1.8330545454545453,2.0901666666666667,2.1070000000000007,2.439545454545455,2.648642857142857,3.2410714285714284,2.5625,2.375891891891892,3.25,3.25,3.25,3.25,3.25,3.25,3.25,3.25,3.25,3.25,3.25
1.816625,1.864,1.305,1.6007,1.6153333333333333,1.9260000000000002,1.5066428571428574,1.4830454545454543,1.9833076923076924,10.83525,2.158,1.9163333333333334,1.6237142857142857,2.0922916666666667,2.1705,2.275,1.8330545454545453,2.0901666666666667,2.1070000000000007,2.439545454545455,2.648642857142857,3.2410714285714284,2.5625,2.375891891891892,3.25,3.25,3.25,3.25,3.25,3.25,3.25,3.25,3.25,3.25,3.25
1.816625,1.864,1.305,1.6007,1.6153333333333333,1.9260000000000002,1.5066428571428574,1.4830454545454543,1.9833076923076924,10.83525,2.158,1.9163333333333334,1.6237142857142857,2.0922916666666667,2.1705,2.275,1.8330545454545453,2.0901666666666667,2.1070000000000007,2.439545454545455,2.648642857142857,3.2410714285714284,2.5625,2.375891891891892,3.25,3.25,3.25,3.25,3.25,3.25,3.25,3.25,3.25,3.25,3.25
1.816625,1.864,1.305,1.6007,1.6153333333333333,1.9260000000000002,1.5066428571428574,1.4830454545454543,1.9833076923076924,10.83525,2.158,1.9163333333333334,1.6237142857142857,2.0922916666666667,2.1705,2.275,1.8330545454545453,2.0901666666666667,2.1070000000000007,2.439545454545455,2.648642857142857,3.2410714285714284,2.5625,2.375891891891892,3.25,3.25,3.25,3.25,3.25,3.25,3.25,3.25,3.25,3.25,3.25
1.816625,1.864,1.305,1.6007,1.6153333333333333,1.9260000000000002,1.5066428571428574,1.4830454545454543,1.9833076923076924,10.83525,2.158,1.9163333333333334,1.6237142857142857,2.0922916666666667,2.1705,2.275,1.8330545454545453,2.0901666666666667,2.1070000000000007,2.439545454545455,2.648642857142857,3.2410714285714284,2.5625,2.375891891891892,3.25,3.25,3.25,3.25,3.25,3.25,3.25,3.25,3.25,3.25,3.25
1.816625,1.864,1.305,1.6007,1.6153333333333333,1.9260000000000002,1.5066428571428574,1.4830454545454543,1.9833076923076924,10.83525,2.158,1.9163333333333334,1.6237142857142857,2.0922916666666667,2.1705,2.275,1.8330545454545453,2.0901666666666667,2.1070000000000007,2.439545454545455,2.648642857142857,3.2410714285714284,2.5625,2.375891891891892,3.25,3.25,3.25,3.25,3.25,3.25,3.25,3.25,3.25,3.25,3.25
1.816625,1.864,1.305,1.6007,1.6153333333333333,1.9260000000000002,1.5066428571428574,1.4830454545454543,1.9833076923076924,10.83525,2.158,1.9163333333333334,1.6237142857142857,2.0922916666666667,2.1705,2.275,1.8330545454545453,2.0901666666666667,2.1070000000000007,2.439545454545455,2.648642857142857,3.2410714285714284,2.5625,2.375891891891892,3.25,3.25,3.25,3.25,3.25,3.25,3.25,3.25,3.25,3.25,3.25
1.816625,1.864,1.305,1.6007,1.6153333333333333,1.9260000000000002,1.5066428571428574,1.4830454545454543,1.9833076923076924,10.83525,2.158,1.9163333333333334,1.6237142857142857,2.0922916666666667,2.1705,2.275,1.8330545454545453,2.0901666666666667,2.1070000000000007,2.439545454545455,2.648642857142857,3.2410714285714284,2.5625,2.375891891891892,3.25,3.25,3.25,3.25,3.25,3.25,3.25,3.25,3.25,3.25,3.25
1.816625,1.864,1.305,1.6007,1.6153333333333333,1.9260000000000002,1.5066428571428574,1.4830454545454543,1.9833076923076924,10.83525,2.158,1.9163333333333334,1.6237142857142857,2.0922916666666667,2.1705,2.275,1.8330545454545453,2.0901666666666667,2.1070000000000007,2.439545454545455,2.648642857142857,3.2410714285714284,2.5625,2.375891891891892,3.25,3.25,3.25,3.25,3.25,3.25,3.25,3.25,3.25,3.25,3.25
1.816625,1.864,1.305,1.6007,1.6153333333333333,1.9260000000000002,1.5066428571428574,1.4830454545454543,1.9833076923076924,10.83525,2.158,1.9163333333333334,1.6237142857142857,2.0922916666666667,2.1705,2.275,1.8330545454545453,2.0901666666666667,2.1070000000000007,2.439545454545455,2.648642857142857,3.2410714285714284,2.5625,2.375891891891892,3.25,3.25,3.25,3.25,3.25,3.25,3.25,3.25,3.25,3.25,3.25
1.816625,1.864,1.305,1.6007,1.6153333333333333,1.9260000000000002,1.5066428571428574,1.4830454545454543,1.9833076923076924,10.83525,2.158,1.9163333333333334,1.6237142857142857,2.0922916666666667,2.1705,2.275,1.8330545454545453,2.0901666666666667,2.1070000000000007,2.439545454545455,2.648642857142857,3.2410714285714284,2.5625,2.375891891891892,3.25,3.25,3.25,3.25,3.25,3.25,3.25,3.25,3.25,3.25,3.25
1.816625,1.864,1.305,1.6007,1.6153333333333333,1.9260000000000002,1.5066428571428574,1.4830454545454543,1.9833076923076924,10.83525,2.158,1.9163333333333334,1.6237142857142857,2.0922916666666667,2.1705,2.275,1.8330545454545453,2.0901666666666667,2.1070000000000007,2.439545454545455,2.648642857142857,3.2410714285714284,2.5625,2.375891891891892,3.25,3.25,3.25,3.25,3.25,3.25,3.25,3.25,3.25,3.25,3.25
1.816625,1.864,1.305,1.6007,1.6153333333333333,1.9260000000000002,1.5066428571428574,1.4830454545454543,1.9833076923076924,10.83525,2.158,1.9163333333333334,1.6237142857142857,2.0922916666666667,2.1705,2.275,1.8330545454545453,2.0901666666666667,2.1070000000000007,2.439545454545455,2.648642857142857,3.2410714285714284,2.5625,2.375891891891892,3.25,3.25,3.25,3.25,3.25,3.25,3.25,3.25,3.25,3.25,3.25
1.816625,1.864,1.305,1.6007,1.6153333333333333,1.9260000000000002,1.5066428571428574,1.4830454545454543,1.9833076923076924,10.83525,2.158,1.9163333333333334,1.6237142857142857,2.0922916666666667,2.1705,2.275,1.8330545454545453,2.0901666666666667,2.1070000000000007,2.439545454545455,2.648642857142857,3.2410714285714284,2.5625,2.375891891891892,3.25,3.25,3.25,3.25,3.25,3.25,3.25,3.25,3.25,3.25,3.25
1.816625,1.864,1.305,1.6007,1.6153333333333333,1.9260000000000002,1.5066428571428574,1.4830454545454543,1.9833076923076924,10.83525,2.158,1.9163333333333334,1.6237142857142857,2.0922916666666667,2.1705,2.275,1.8330545454545453,2.0901666666666667,2.1070000000000007,2.439545454545455,2.648642857142857,3.2410714285714284,2.5625,2.375891891891892,3.25,3.25,3.25,3.25,3.25,3.25,3.25,3.25,3.25,3.25,3.25
1.816625,1.864,1.305,1.6007,1.6153333333333333,1.9260000000000002,1.5066428571428574,1.4830454545454543,1.9833076923076924,10.83525,2.158,1.9163333333333334,1.6237142857142857,2.0922916666666667,2.1705,2.275,1.8330545454545453,2.0901666666666667,2.1070000000000007,2.439545454545455,2.648642857142857,3.2410714285714284,2.5625,2.375891891891892,3.25,3.25,3.25,3.25,3.25,3.25,3.25,3.25,3.25,3.25,3.25
1.816625,1.864,1.305,1.6007,1.6153333333333333,1.9260000000000002,1.5066428571428574,1.4830454545454543,1.9833076923076924,10.83525,2.158,1.9163333333333334,1.6237142857142857,2.0922916666666667,2.1705,2.275,1.8330545454545453,2.0901666666666667,2.1070000000000007,2.439545454545455,2.648642857142857,3.2410714285714284,2.5625,2.375891891891892,3.25,3.25,3.25,3.25,3.25,3.25,3.25,3.25,3.25,3.25,3.25
1.816625,1.864,1.305,1.6007,1.6153333333333333,1.9260000000000002,1.5066428571428574,1.4830454545454543,1.9833076923076924,10.83525,2.158,1.9163333333333334,1.6237142857142857,2.0922916666666667,2.1705,2.275,1.8330545454545453,2.0901666666666667,2.1070000000000007,2.439545454545455,2.648642857142857,3.2410714285714284,2.5625,2.375891891891892,3.25,3.25,3.25,3.25,3.25,3.25,3.25,3.25,3.25,3.25,3.25
1.816625,1.864,1.305,1.6007,1.6153333333333333,1.9260000000000002,1.5066428571428574,1.4830454545454543,1.9833076923076924,10.83525,2.158,1.9163333333333334,1.6237142857142857,2.0922916666666667,2.1705,2.275,1.8330545454545453,2.0901666666666667,2.1070000000000007,2.439545454545455,2.648642857142857,3.2410714285714284,2.5625,2.375891891891892,3.25,3.25,3.25,3.25,3.25,3.25,3.25,3.25,3.25,3.25,3.25
1.816625,1.864,1.305,1.6007,1.6153333333333333,1.9260000000000002,1.5066428571428574,1.4830454545454543,1.9833076923076924,10.83525,2.158,1.9163333333333334,1.6237142857142857,2.0922916666666667,2.1705,2.275,1.8330545454545453,2.0901666666666667,2.1070000000000007,2.439545454545455,2.648642857142857,3.2410714285714284,2.5625,2.375891891891892,3.25,3.25,3.25,3.25,3.25,3.25,3.25,3.25,3.25,3.25,3.25
1.816625,1.864,1.305,1.6007,1.6153333333333333,1.9260000000000002,1.5066428571428574,1.4830454545454543,1.9833076923076924,10.83525,2.158,1.9163333333333334,1.6237142857142857,2.0922916666666667,2.1705,2.275,1.8330545454545453,2.0901666666666667,2.1070000000000007,2.439545454545455,2.648642857142857,3.2410714285714284,2.5625,2.375891891891892,3.25,3.25,3.25,3.25,3.25,3.25,3.25,3.25,3.25,3.25,3.25
1.816625,1.864,1.305,1.6007,1.6153333333333333,1.9260000000000002,1.5066428571428574,1.4830454545454543,1.9833076923076924,10.83525,2.158,1.9163333333333334,1.6237142857142857,2.0922916666666667,2.1705,2.275,1.8330545454545453,2.0901666666666667,2.1070000000000007,2.439545454545455,2.648642857142857,3.2410714285714284,2.5625,2.375891891891892,3.25,3.25,3.25,3.25,3.25,3.25,3.25,3.25,3.25,3.25,3.25
1.816625,1.864,1.305,1.6007,1.6153333333333333,1.9260000000000002,1.5066428571428574,1.4830454545454543,1.9833076923076924,10.83525,2.158,1.9163333333333334,1.6237142857142857,2.0922916666666667,2.1705,2.275,1.8330545454545453,2.0901666666666667,2.1070000000000007,2.439545454545455,2.648642857142857,3.2410714285714284,2.5625,2.375891891891892,3.25,3.25,3.25,3.25,3.25,3.25,3.25,3.25,3.25,3.25,3.25
1.816625,1.864,1.305,1.6007,1.6153333333333333,1.9260000000000002,1.5066428571428574,1.4830454545454543,1.9833076923076924,10.83525,2.158,1.9163333333333334,1.6237142857142857,2.0922916666666667,2.1705,2.275,1.8330545454545453,2.0901666666666667,2.1070000000000007,2.439545454545455,2.648642857142857,3.2410714285714284,2.5625,2.375891891891892,3.25,3.25,3.25,3.25,3.25,3.25,3.25,3.25,3.25,3.25,3.25
1.816625,1.864,1.305,1.6007,1.6153333333333333,1.9260000000000002,1.5066428571428574,1.4830454545454543,1.9833076923076924,10.83525,2.158,1.9163333333333334,1.6237142857142857,2.0922916666666667,2.1705,2.275,1.8330545454545453,2.0901666666666667,2.1070000000000007,2.439545454545455,2.648642857142857,3.2410714285714284,2.5625,2.375891891891892,3.25,3.25,3.25,3.25,3.25,3.25,3.25,3.25,3.25,3.25,3.25
1.816625,1.864,1.305,1.6007,1.6153333333333333,1.9260000000000002,1.5066428571428574,1.4830454545454543,1.9833076923076924,10.83525,2.158,1.9163333333333334,1.6237142857142857,2.0922916666666667,2.1705,2.275,1.8330545454545453,2.0901666666666667,2.1070000000000007,2.439545454545455,2.648642857142857,3.2410714285714284,2.5625,2.375891891891892,3.25,3.25,3.25,3.25,3.25,3.25,3.25,3.25,3.25,3.25,3.25
1.7183749999999998,1.6030000000000002,1.2657142857142858,1.5963333333333336,1.7126,1.9540000000000006,1.5094,1.4652592592592588,1.886785714285714,11.190999999999999,2.0486000000000004,1.947684210526316,1.6094285714285712,2.0695,2.1791481481481485,2.0238,1.808,1.8205,2.283,2.5125,2.6774,3.2334444444444443,2.481115384615384,2.4105294117647063,3.25,3.25,3.25,3.25,3.25,3.25,3.25,3.25,3.25,3.25,3.25
1.7183749999999998,1.6030000000000002,1.2657142857142858,1.5963333333333336,1.7126,1.9540000000000006,1.5094,1.4652592592592588,1.886785714285714,11.190999999999999,2.0486000000000004,1.947684210526316,1.6094285714285712,2.0695,2.1791481481481485,2.0238,1.808,1.8205,2.283,2.5125,2.6774,3.2334444444444443,2.481115384615384,2.4105294117647063,3.25,3.25,3.25,3.25,3.25,3.25,3.25,3.25,3.25,3.25,3.25
1.7183749999999998,1.6030000000000002,1.2657142857142858,1.5963333333333336,1.7126,1.9540000000000006,1.5094,1.4652592592592588,1.886785714285714,11.190999999999999,2.0486000000000004,1.947684210526316,1.6094285714285712,2.0695,2.1791481481481485,2.0238,1.808,1.8205,2.283,2.5125,2.6774,3.2334444444444443,2.481115384615384,2.4105294117647063,3.25,3.25,3.25,3.25,3.25,3.25,3.25,3.25,3.25,3.25,3.25
1.7183749999999998,1.6030000000000002,1.2657142857142858,1.5963333333333336,1.7126,1.9540000000000006,1.5094,1.4652592592592588,1.886785714285714,11.190999999999999,2.0486000000000004,1.947684210526316,1.6094285714285712,2.0695,2.1791481481481485,2.0238,1.808,1.8205,2.283,2.5125,2.6774,3.2334444444444443,2.481115384615384,2.4105294117647063,3.25,3.25,3.25,3.25,3.25,3.25,3.25,3.25,3.25,3.25,3.25
1.7183749999999998,1.6030000000000002,1.2657142857142858,1.5963333333333336,1.7126,1.9540000000000006,1.5094,1.4652592592592588,1.886785714285714,11.190999999999999,2.0486000000000004,1.947684210526316,1.6094285714285712,2.0695,2.1791481481481485,2.0238,1.808,1.8205,2.283,2.5125,2.6774,3.2334444444444443,2.481115384615384,2.4105294117647063,3.25,3.25,3.25,3.25,3.25,3.25,3.25,3.25,3.25,3.25,3.25
1.7183749999999998,1.6030000000000002,1.2657142857142858,1.5963333333333336,1.7126,1.9540000000000006,1.5094,1.4652592592592588,1.886785714285714,11.190999999999999,2.0486000000000004,1.947684210526316,1.6094285714285712,2.0695,2.1791481481481485,2.0238,1.808,1.8205,2.283,2.5125,2.6774,3.2334444444444443,2.481115384615384,2.4105294117647063,3.25,3.25,3.25,3.25,3.25,3.25,3.25,3.25,3.25,3.25,3.25
1.7183749999999998,1.6030000000000002,1.2657142857142858,1.5963333333333336,1.7126,1.9540000000000006,1.5094,1.4652592592592588,1.886785714285714,11.190999999999999,2.0486000000000004,1.947684210526316,1.6094285714285712,2.0695,2.1791481481481485,2.0238,1.808,1.8205,2.283,2.5125,2.6774,3.2334444444444443,2.481115384615384,2.4105294117647063,3.25,3.25,3.25,3.25,3.25,3.25,3.25,3.25,3.25,3.25,3.25
1.7183749999999998,1.6030000000000002,1.2657142857142858,1.5963333333333336,1.7126,1.9540000000000006,1.5094,1.4652592592592588,1.886785714285714,11.190999999999999,2.0486000000000004,1.947684210526316,1.6094285714285712,2.0695,2.1791481481481485,2.0238,1.808,1.8205,2.283,2.5125,2.6774,3.2334444444444443,2.481115384615384,2.4105294117647063,3.25,3.25,3.25,3.25,3.25,3.25,3.25,3.25,3.25,3.25,3.25
1.7183749999999998,1.6030000000000002,1.2657142857142858,1.5963333333333336,1.7126,1.9540000000000006,1.5094,1.4652592592592588,1.886785714285714,11.190999999999999,2.0486000000000004,1.947684210526316,1.6094285714285712,2.0695,2.1791481481481485,2.0238,1.808,1.8205,2.283,2.5125,2.6774,3.2334444444444443,2.481115384615384,2.4105294117647063,3.25,3.25,3.25,3.25,3.25,3.25,3.25,3.25,3.25,3.25,3.25
1.7183749999999998,1.6030000000000002,1.2657142857142858,1.5963333333333336,1.7126,1.9540000000000006,1.5094,1.4652592592592588,1.886785714285714,11.190999999999999,2.0486000000000004,1.947684210526316,1.6094285714285712,2.0695,2.1791481481481485,2.0238,1.808,1.8205,2.283,2.5125,2.6774,3.2334444444444443,2.481115384615384,2.4105294117647063,3.25,3.25,3.25,3.25,3.25,3.25,3.25,3.25,3.25,3.25,3.25
1.7183749999999998,1.6030000000000002,1.2657142857142858,1.5963333333333336,1.7126,1.9540000000000006,1.5094,1.4652592592592588,1.886785714285714,11.190999999999999,2.0486000000000004,1.947684210526316,1.6094285714285712,2.0695,2.1791481481481485,2.0238,1.808,1.8205,2.283,2.5125,2.6774,3.2334444444444443,2.481115384615384,2.4105294117647063,3.25,3.25,3.25,3.25,3.25,3.25,3.25,3.25,3.25,3.25,3.25
1.7183749999999998,1.6030000000000002,1.2657142857142858,1.5963333333333336,1.7126,1.9540000000000006,1.5094,1.4652592592592588,1.886785714285714,11.190999999999999,2.0486000000000004,1.947684210526316,1.6094285714285712,2.0695,2.1791481481481485,2.0238,1.808,1.8205,2.283,2.5125,2.6774,3.2334444444444443,2.481115384615384,2.4105294117647063,3.25,3.25,3.25,3.25,3.25,3.25,3.25,3.25,3.25,3.25,3.25
1.7183749999999998,1.6030000000000002,1.2657142857142858,1.5963333333333336,1.7126,1.9540000000000006,1.5094,1.4652592592592588,1.886785714285714,11.190999999999999,2.0486000000000004,1.947684210526316,1.6094285714285712,2.0695,2.1791481481481485,2.0238,1.808,1.8205,2.283,2.5125,2.6774,3.2334444444444443,2.481115384615384,2.4105294117647063,3.25,3.25,3.25,3.25,3.25,3.25,3.25,3.25,3.25,3.25,3.25
1.7183749999999998,1.6030000000000002,1.2657142857142858,1.5963333333333336,1.7126,1.9540000000000006,1.5094,1.4652592592592588,1.886785714285714,11.190999999999999,2.0486000000000004,1.947684210526316,1.6094285714285712,2.0695,2.1791481481481485,2.0238,1.808,1.8205,2.283,2.5125,2.6774,3.2334444444444443,2.481115384615384,2.4105294117647063,3.25,3.25,3.25,3.25,3.25,3.25,3.25,3.25,3.25,3.25,3.25
1.7183749999999998,1.6030000000000002,1.2657142857142858,1.5963333333333336,1.7126,1.9540000000000006,1.5094,1.4652592592592588,1.886785714285714,11.190999999999999,2.0486000000000004,1.947684210526316,1.6094285714285712,2.0695,2.1791481481481485,2.0238,1.808,1.8205,2.283,2.5125,2.6774,3.2334444444444443,2.481115384615384,2.4105294117647063,3.25,3.25,3.25,3.25,3.25,3.25,3.25,3.25,3.25,3.25,3.25
1.7183749999999998,1.6030000000000002,1.2657142857142858,1.5963333333333336,1.7126,1.9540000000000006,1.5094,1.4652592592592588,1.886785714285714,11.190999999999999,2.0486000000000004,1.947684210526316,1.6094285714285712,2.0695,2.1791481481481485,2.0238,1.808,1.8205,2.283,2.5125,2.6774,3.2334444444444443,2.481115384615384,2.4105294117647063,3.25,3.25,3.25,3.25,3.25,3.25,3.25,3.25,3.25,3.25,3.25
1.7183749999999998,1.6030000000000002,1.2657142857142858,1.5963333333333336,1.7126,1.9540000000000006,1.5094,1.4652592592592588,1.886785714285714,11.190999999999999,2.0486000000000004,1.947684210526316,1.6094285714285712,2.0695,2.1791481481481485,2.0238,1.808,1.8205,2.283,2.5125,2.6774,3.2334444444444443,2.481115384615384,2.4105294117647063,3.25,3.25,3.25,3.25,3.25,3.25,3.25,3.25,3.25,3.25,3.25
1.7183749999999998,1.6030000000000002,1.2657142857142858,1.5963333333333336,1.7126,1.9540000000000006,1.5094,1.4652592592592588,1.886785714285714,11.190999999999999,2.0486000000000004,1.947684210526316,1.6094285714285712,2.0695,2.1791481481481485,2.0238,1.808,1.8205,2.283,2.5125,2.6774,3.2334444444444443,2.481115384615384,2.4105294117647063,3.25,3.25,3.25,3.25,3.25,3.25,3.25,3.25,3.25,3.25,3.25
1.7183749999999998,1.6030000000000002,1.2657142857142858,1.5963333333333336,1.7126,1.9540000000000006,1.5094,1.4652592592592588,1.886785714285714,11.190999999999999,2.0486000000000004,1.947684210526316,1.6094285714285712,2.0695,2.1791481481481485,2.0238,1.808,1.8205,2.283,2.5125,2.6774,3.2334444444444443,2.481115384615384,2.4105294117647063,3.25,3.25,3.25,3.25,3.25,3.25,3.25,3.25,3.25,3.25,3.25
1.7183749999999998,1.6030000000000002,1.2657142857142858,1.5963333333333336,1.7126,1.9540000000000006,1.5094,1.4652592592592588,1.886785714285714,11.190999999999999,2.0486000000000004,1.947684210526316,1.6094285714285712,2.0695,2.1791481481481485,2.0238,1.808,1.8205,2.283,2.5125,2.6774,3.2334444444444443,2.481115384615384,2.4105294117647063,3.25,3.25,3.25,3.25,3.25,3.25,3.25,3.25,3.25,3.25,3.25
1.7183749999999998,1.6030000000000002,1.2657142857142858,1.5963333333333336,1.7126,1.9540000000000006,1.5094,1.4652592592592588,1.886785714285714,11.190999999999999,2.0486000000000004,1.947684210526316,1.6094285714285712,2.0695,2.1791481481481485,2.0238,1.808,1.8205,2.283,2.5125,2.6774,3.2334444444444443,2.481115384615384,2.4105294117647063,3.25,3.25,3.25,3.25,3.25,3.25,3.25,3.25,3.25,3.25,3.25
1.7183749999999998,1.6030000000000002,1.2657142857142858,1.5963333333333336,1.7126,1.9540000000000006,1.5094,1.4652592592592588,1.886785714285714,11.190999999999999,2.0486000000000004,1.947684210526316,1.6094285714285712,2.0695,2.1791481481481485,2.0238,1.808,1.8205,2.283,2.5125,2.6774,3.2334444444444443,2.481115384615384,2.4105294117647063,3.25,3.25,3.25,3.25,3.25,3.25,3.25,3.25,3.25,3.25,3.25
1.7183749999999998,1.6030000000000002,1.2657142857142858,1.5963333333333336,1.7126,1.9540000000000006,1.5094,1.4652592592592588,1.886785714285714,11.190999999999999,2.0486000000000004,1.947684210526316,1.6094285714285712,2.0695,2.1791481481481485,2.0238,1.808,1.8205,2.283,2.5125,2.6774,3.2334444444444443,2.481115384615384,2.4105294117647063,3.25,3.25,3.25,3.25,3.25,3.25,3.25,3.25,3.25,3.25,3.25
1.7183749999999998,1.6030000000000002,1.2657142857142858,1.5963333333333336,1.7126,1.9540000000000006,1.5094,1.4652592592592588,1.886785714285714,11.190999999999999,2.0486000000000004,1.947684210526316,1.6094285714285712,2.0695,2.1791481481481485,2.0238,1.808,1.8205,2.283,2.5125,2.6774,3.2334444444444443,2.481115384615384,2.4105294117647063,3.25,3.25,3.25,3.25,3.25,3.25,3.25,3.25,3.25,3.25,3.25
1.7183749999999998,1.6030000000000002,1.2657142857142858,1.5963333333333336,1.7126,1.9540000000000006,1.5094,1.4652592592592588,1.886785714285714,11.190999999999999,2.0486000000000004,1.947684210526316,1.6094285714285712,2.0695,2.1791481481481485,2.0238,1.808,1.8205,2.283,2.5125,2.6774,3.2334444444444443,2.481115384615384,2.4105294117647063,3.25,3.25,3.25,3.25,3.25,3.25,3.25,3.25,3.25,3.25,3.25
1.7183749999999998,1.6030000000000002,1.2657142857142858,1.5963333333333336,1.7126,1.9540000000000006,1.5094,1.4652592592592588,1.886785714285714,11.190999999999999,2.0486000000000004,1.947684210526316,1.6094285714285712,2.0695,2.1791481481481485,2.0238,1.808,1.8205,2.283,2.5125,2.6774,3.2334444444444443,2.481115384615384,2.4105294117647063,3.25,3.25,3.25,3.25,3.25,3.25,3.25,3.25,3.25,3.25,3.25
1.7183749999999998,1.6030000000000002,1.2657142857142858,1.5963333333333336,1.7126,1.9540000000000006,1.5094,1.4652592592592588,1.886785714285714,11.190999999999999,2.0486000000000004,1.947684210526316,1.6094285714285712,2.0695,2.1791481481481485,2.0238,1.808,1.8205,2.283,2.5125,2.6774,3.2334444444444443,2.481115384615384,2.4105294117647063,3.25,3.25,3.25,3.25,3.25,3.25,3.25,3.25,3.25,3.25,3.25
1.7183749999999998,1.6030000000000002,1.2657142857142858,1.5963333333333336,1.7126,1.9540000000000006,1.5094,1.4652592592592588,1.886785714285714,11.190999999999999,2.0486000000000004,1.947684210526316,1.6094285714285712,2.0695,2.1791481481481485,2.0238,1.808,1.8205,2.283,2.5125,2.6774,3.2334444444444443,2.481115384615384,2.4105294117647063,3.25,3.25,3.25,3.25,3.25,3.25,3.25,3.25,3.25,3.25,3.25
1.7183749999999998,1.6030000000000002,1.2657142857142858,1.5963333333333336,1.7126,1.9540000000000006,1.5094,1.4652592592592588,1.886785714285714,11.190999999999999,2.0486000000000004,1.947684210526316,1.6094285714285712,2.0695,2.1791481481481485,2.0238,1.808,1.8205,2.283,2.5125,2.6774,3.2334444444444443,2.481115384615384,2.4105294117647063,3.25,3.25,3.25,3.25,3.25,3.25,3.25,3.25,3.25,3.25,3.25
1.7183749999999998,1.6030000000000002,1.2657142857142858,1.5963333333333336,1.7126,1.9540000000000006,1.5094,1.4652592592592588,1.886785714285714,11.190999999999999,2.0486000000000004,1.947684210526316,1.6094285714285712,2.0695,2.1791481481481485,2.0238,1.808,1.8205,2.283,2.5125,2.6774,3.2334444444444443,2.481115384615384,2.4105294117647063,3.25,3.25,3.25,3.25,3.25,3.25,3.25,3.25,3.25,3.25,3.25
1.8388749999999998,1.895,1.2655000000000003,1.563538461538461,1.8456000000000001,1.9949999999999997,1.5094,1.508217391304348,2.028166666666667,13.788333333333332,2.597,1.9558636363636361,1.5847142857142855,2.0605200000000004,2.22572,2.045666666666667,1.781046875,1.8828,2.265714285714286,2.448466666666667,2.6691999999999996,3.2296111111111117,2.59055,2.3906562500000006,3.25,3.25,3.25,3.25,3.25,3.25,3.25,3.25,3.25,3.25,3.25
1.8388749999999998,1.895,1.2655000000000003,1.563538461538461,1.8456000000000001,1.9949999999999997,1.5094,1.508217391304348,2.028166666666667,13.788333333333332,2.597,1.9558636363636361,1.5847142857142855,2.0605200000000004,2.22572,2.045666666666667,1.781046875,1.8828,2.265714285714286,2.448466666666667,2.6691999999999996,3.2296111111111117,2.59055,2.3906562500000006,3.25,3.25,3.25,3.25,3.25,3.25,3.25,3.25,3.25,3.25,3.25
1.8388749999999998,1.895,1.2655000000000003,1.563538461538461,1.8456000000000001,1.9949999999999997,1.5094,1.508217391304348,2.028166666666667,13.788333333333332,2.597,1.9558636363636361,1.5847142857142855,2.0605200000000004,2.22572,2.045666666666667,1.781046875,1.8828,2.265714285714286,2.448466666666667,2.6691999999999996,3.2296111111111117,2.59055,2.3906562500000006,3.25,3.25,3.25,3.25,3.25,3.25,3.25,3.25,3.25,3.25,3.25
1.8388749999999998,1.895,1.2655000000000003,1.563538461538461,1.8456000000000001,1.9949999999999997,1.5094,1.508217391304348,2.028166666666667,13.788333333333332,2.597,1.9558636363636361,1.5847142857142855,2.0605200000000004,2.22572,2.045666666666667,1.781046875,1.8828,2.265714285714286,2.448466666666667,2.6691999999999996,3.2296111111111117,2.59055,2.3906562500000006,3.25,3.25,3.25,3.25,3.25,3.25,3.25,3.25,3.25,3.25,3.25
1.8388749999999998,1.895,1.2655000000000003,1.563538461538461,1.8456000000000001,1.9949999999999997,1.5094,1.508217391304348,2.028166666666667,13.788333333333332,2.597,1.9558636363636361,1.5847142857142855,2.0605200000000004,2.22572,2.045666666666667,1.781046875,1.8828,2.265714285714286,2.448466666666667,2.6691999999999996,3.2296111111111117,2.59055,2.3906562500000006,3.25,3.25,3.25,3.25,3.25,3.25,3.25,3.25,3.25,3.25,3.25
1.8388749999999998,1.895,1.2655000000000003,1.563538461538461,1.8456000000000001,1.9949999999999997,1.5094,1.508217391304348,2.028166666666667,13.788333333333332,2.597,1.9558636363636361,1.5847142857142855,2.0605200000000004,2.22572,2.045666666666667,1.781046875,1.8828,2.265714285714286,2.448466666666667,2.6691999999999996,3.2296111111111117,2.59055,2.3906562500000006,3.25,3.25,3.25,3.25,3.25,3.25,3.25,3.25,3.25,3.25,3.25
1.8388749999999998,1.895,1.2655000000000003,1.563538461538461,1.8456000000000001,1.9949999999999997,1.5094,1.508217391304348,2.028166666666667,13.788333333333332,2.597,1.9558636363636361,1.5847142857142855,2.0605200000000004,2.22572,2.045666666666667,1.781046875,1.8828,2.265714285714286,2.448466666666667,2.6691999999999996,3.2296111111111117,2.59055,2.3906562500000006,3.25,3.25,3.25,3.25,3.25,3.25,3.25,3.25,3.25,3.25,3.25
1.8388749999999998,1.895,1.2655000000000003,1.563538461538461,1.8456000000000001,1.9949999999999997,1.5094,1.508217391304348,2.028166666666667,13.788333333333332,2.597,1.9558636363636361,1.5847142857142855,2.0605200000000004,2.22572,2.045666666666667,1.781046875,1.8828,2.265714285714286,2.448466666666667,2.6691999999999996,3.2296111111111117,2.59055,2.3906562500000006,3.25,3.25,3.25,3.25,3.25,3.25,3.25,3.25,3.25,3.25,3.25
1.8388749999999998,1.895,1.2655000000000003,1.563538461538461,1.8456000000000001,1.9949999999999997,1.5094,1.508217391304348,2.028166666666667,13.788333333333332,2.597,1.9558636363636361,1.5847142857142855,2.0605200000000004,2.22572,2.045666666666667,1.781046875,1.8828,2.265714285714286,2.448466666666667,2.6691999999999996,3.2296111111111117,2.59055,2.3906562500000006,3.25,3.25,3.25,3.25,3.25,3.25,3.25,3.25,3.25,3.25,3.25
1.8388749999999998,1.895,1.2655000000000003,1.563538461538461,1.8456000000000001,1.9949999999999997,1.5094,1.508217391304348,2.028166666666667,13.788333333333332,2.597,1.9558636363636361,1.5847142857142855,2.0605200000000004,2.22572,2.045666666666667,1.781046875,1.8828,2.265714285714286,2.448466666666667,2.6691999999999996,3.2296111111111117,2.59055,2.3906562500000006,3.25,3.25,3.25,3.25,3.25,3.25,3.25,3.25,3.25,3.25,3.25
1.8388749999999998,1.895,1.2655000000000003,1.563538461538461,1.8456000000000001,1.9949999999999997,1.5094,1.508217391304348,2.028166666666667,13.788333333333332,2.597,1.9558636363636361,1.5847142857142855,2.0605200000000004,2.22572,2.045666666666667,1.781046875,1.8828,2.265714285714286,2.448466666666667,2.6691999999999996,3.2296111111111117,2.59055,2.3906562500000006,3.25,3.25,3.25,3.25,3.25,3.25,3.25,3.25,3.25,3.25,3.25
1.8388749999999998,1.895,1.2655000000000003,1.563538461538461,1.8456000000000001,1.9949999999999997,1.5094,1.508217391304348,2.028166666666667,13.788333333333332,2.597,1.9558636363636361,1.5847142857142855,2.0605200000000004,2.22572,2.045666666666667,1.781046875,1.8828,2.265714285714286,2.448466666666667,2.6691999999999996,3.2296111111111117,2.59055,2.3906562500000006,3.25,3.25,3.25,3.25,3.25,3.25,3.25,3.25,3.25,3.25,3.25
1.8388749999999998,1.895,1.2655000000000003,1.563538461538461,1.8456000000000001,1.9949999999999997,1.5094,1.508217391304348,2.028166666666667,13.788333333333332,2.597,1.9558636363636361,1.5847142857142855,2.0605200000000004,2.22572,2.045666666666667,1.781046875,1.8828,2.265714285714286,2.448466666666667,2.6691999999999996,3.2296111111111117,2.59055,2.3906562500000006,3.25,3.25,3.25,3.25,3.25,3.25,3.25,3.25,3.25,3.25,3.25
1.8388749999999998,1.895,1.2655000000000003,1.563538461538461,1.8456000000000001,1.9949999999999997,1.5094,1.508217391304348,2.028166666666667,13.788333333333332,2.597,1.9558636363636361,1.5847142857142855,2.0605200000000004,2.22572,2.045666666666667,1.781046875,1.8828,2.265714285714286,2.448466666666667,2.6691999999999996,3.2296111111111117,2.59055,2.3906562500000006,3.25,3.25,3.25,3.25,3.25,3.25,3.25,3.25,3.25,3.25,3.25
1.8388749999999998,1.895,1.2655000000000003,1.563538461538461,1.8456000000000001,1.9949999999999997,1.5094,1.508217391304348,2.028166666666667,13.788333333333332,2.597,1.9558636363636361,1.5847142857142855,2.0605200000000004,2.22572,2.045666666666667,1.781046875,1.8828,2.265714285714286,2.448466666666667,2.6691999999999996,3.2296111111111117,2.59055,2.3906562500000006,3.25,3.25,3.25,3.25,3.25,3.25,3.25,3.25,3.25,3.25,3.25
1.8388749999999998,1.895,1.2655000000000003,1.563538461538461,1.8456000000000001,1.9949999999999997,1.5094,1.508217391304348,2.028166666666667,13.788333333333332,2.597,1.9558636363636361,1.5847142857142855,2.0605200000000004,2.22572,2.045666666666667,1.781046875,1.8828,2.265714285714286,2.448466666666667,2.6691999999999996,3.2296111111111117,2.59055,2.3906562500000006,3.25,3.25,3.25,3.25,3.25,3.25,3.25,3.25,3.25,3.25,3.25
1.8388749999999998,1.895,1.2655000000000003,1.563538461538461,1.8456000000000001,1.9949999999999997,1.5094,1.508217391304348,2.028166666666667,13.788333333333332,2.597,1.9558636363636361,1.5847142857142855,2.0605200000000004,2.22572,2.045666666666667,1.781046875,1.8828,2.265714285714286,2.448466666666667,2.6691999999999996,3.2296111111111117,2.59055,2.3906562500000006,3.25,3.25,3.25,3.25,3.25,3.25,3.25,3.25,3.25,3.25,3.25
1.8388749999999998,1.895,1.2655000000000003,1.563538461538461,1.8456000000000001,1.9949999999999997,1.5094,1.508217391304348,2.028166666666667,13.788333333333332,2.597,1.9558636363636361,1.5847142857142855,2.0605200000000004,2.22572,2.045666666666667,1.781046875,1.8828,2.265714285714286,2.448466666666667,2.6691999999999996,3.2296111111111117,2.59055,2.3906562500000006,3.25,3.25,3.25,3.25,3.25,3.25,3.25,3.25,3.25,3.25,3.25
1.8388749999999998,1.895,1.2655000000000003,1.563538461538461,1.8456000000000001,1.9949999999999997,1.5094,1.508217391304348,2.028166666666667,13.788333333333332,2.597,1.9558636363636361,1.5847142857142855,2.0605200000000004,2.22572,2.045666666666667,1.781046875,1.8828,2.265714285714286,2.448466666666667,2.6691999999999996,3.2296111111111117,2.59055,2.3906562500000006,3.25,3.25,3.25,3.25,3.25,3.25,3.25,3.25,3.25,3.25,3.25
1.8388749999999998,1.895,1.2655000000000003,1.563538461538461,1.8456000000000001,1.9949999999999997,1.5094,1.508217391304348,2.028166666666667,13.788333333333332,2.597,1.9558636363636361,1.5847142857142855,2.0605200000000004,2.22572,2.045666666666667,1.781046875,1.8828,2.265714285714286,2.448466666666667,2.6691999999999996,3.2296111111111117,2.59055,2.3906562500000006,3.25,3.25,3.25,3.25,3.25,3.25,3.25,3.25,3.25,3.25,3.25
1.8388749999999998,1.895,1.2655000000000003,1.563538461538461,1.8456000000000001,1.9949999999999997,1.5094,1.508217391304348,2.028166666666667,13.788333333333332,2.597,1.9558636363636361,1.5847142857142855,2.0605200000000004,2.22572,2.045666666666667,1.781046875,1.8828,2.265714285714286,2.448466666666667,2.6691999999999996,3.2296111111111117,2.59055,2.3906562500000006,3.25,3.25,3.25,3.25,3.25,3.25,3.25,3.25,3.25,3.25,3.25
1.8388749999999998,1.895,1.2655000000000003,1.563538461538461,1.8456000000000001,1.9949999999999997,1.5094,1.508217391304348,2.028166666666667,13.788333333333332,2.597,1.9558636363636361,1.5847142857142855,2.0605200000000004,2.22572,2.045666666666667,1.781046875,1.8828,2.265714285714286,2.448466666666667,2.6691999999999996,3.2296111111111117,2.59055,2.3906562500000006,3.25,3.25,3.25,3.25,3.25,3.25,3.25,3.25,3.25,3.25,3.25
1.8388749999999998,1.895,1.2655000000000003,1.563538461538461,1.8456000000000001,1.9949999999999997,1.5094,1.508217391304348,2.028166666666667,13.788333333333332,2.597,1.9558636363636361,1.5847142857142855,2.0605200000000004,2.22572,2.045666666666667,1.781046875,1.8828,2.265714285714286,2.448466666666667,2.6691999999999996,3.2296111111111117,2.59055,2.3906562500000006,3.25,3.25,3.25,3.25,3.25,3.25,3.25,3.25,3.25,3.25,3.25
1.8388749999999998,1.895,1.2655000000000003,1.563538461538461,1.8456000000000001,1.9949999999999997,1.5094,1.508217391304348,2.028166666666667,13.788333333333332,2.597,1.9558636363636361,1.5847142857142855,2.0605200000000004,2.22572,2.045666666666667,1.781046875,1.8828,2.265714285714286,2.448466666666667,2.6691999999999996,3.2296111111111117,2.59055,2.3906562500000006,3.25,3.25,3.25,3.25,3.25,3.25,3.25,3.25,3.25,3.25,3.25
1.8388749999999998,1.895,1.2655000000000003,1.563538461538461,1.8456000000000001,1.9949999999999997,1.5094,1.508217391304348,2.028166666666667,13.788333333333332,2.597,1.9558636363636361,1.5847142857142855,2.0605200000000004,2.22572,2.045666666666667,1.781046875,1.8828,2.265714285714286,2.448466666666667,2.6691999999999996,3.2296111111111117,2.59055,2.3906562500000006,3.25,3.25,3.25,3.25,3.25,3.25,3.25,3.25,3.25,3.25,3.25
1.8388749999999998,1.895,1.2655000000000003,1.563538461538461,1.8456000000000001,1.9949999999999997,1.5094,1.508217391304348,2.028166666666667,13.788333333333332,2.597,1.9558636363636361,1.5847142857142855,2.0605200000000004,2.22572,2.045666666666667,1.781046875,1.8828,2.265714285714286,2.448466666666667,2.6691999999999996,3.2296111111111117,2.59055,2.3906562500000006,3.25,3.25,3.25,3.25,3.25,3.25,3.25,3.25,3.25,3.25,3.25
1.8388749999999998,1.895,1.2655000000000003,1.563538461538461,1.8456000000000001,1.9949999999999997,1.5094,1.508217391304348,2.028166666666667,13.788333333333332,2.597,1.9558636363636361,1.5847142857142855,2.0605200000000004,2.22572,2.045666666666667,1.781046875,1.8828,2.265714285714286,2.448466666666667,2.6691999999999996,3.2296111111111117,2.59055,2.3906562500000006,3.25,3.25,3.25,3.25,3.25,3.25,3.25,3.25,3.25,3.25,3.25
1.8388749999999998,1.895,1.2655000000000003,1.563538461538461,1.8456000000000001,1.9949999999999997,1.5094,1.508217391304348,2.028166666666667,13.788333333333332,2.597,1.9558636363636361,1.5847142857142855,2.0605200000000004,2.22572,2.045666666666667,1.781046875,1.8828,2.265714285714286,2.448466666666667,2.6691999999999996,3.2296111111111117,2.59055,2.3906562500000006,3.25,3.25,3.25,3.25,3.25,3.25,3.25,3.25,3.25,3.25,3.25
1.8388749999999998,1.895,1.2655000000000003,1.563538461538461,1.8456000000000001,1.9949999999999997,1.5094,1.508217391304348,2.028166666666667,13.788333333333332,2.597,1.9558636363636361,1.5847142857142855,2.0605200000000004,2.22572,2.045666666666667,1.781046875,1.8828,2.265714285714286,2.448466666666667,2.6691999999999996,3.2296111111111117,2.59055,2.3906562500000006,3.25,3.25,3.25,3.25,3.25,3.25,3.25,3.25,3.25,3.25,3.25
1.8388749999999998,1.895,1.2655000000000003,1.563538461538461,1.8456000000000001,1.9949999999999997,1.5094,1.508217391304348,2.028166666666667,13.788333333333332,2.597,1.9558636363636361,1.5847142857142855,2.0605200000000004,2.22572,2.045666666666667,1.781046875,1.8828,2.265714285714286,2.448466666666667,2.6691999999999996,3.2296111111111117,2.59055,2.3906562500000006,3.25,3.25,3.25,3.25,3.25,3.25,3.25,3.25,3.25,3.25,3.25
1.8388749999999998,1.895,1.2655000000000003,1.563538461538461,1.8456000000000001,1.9949999999999997,1.5094,1.508217391304348,2.028166666666667,13.788333333333332,2.597,1.9558636363636361,1.5847142857142855,2.0605200000000004,2.22572,2.045666666666667,1.781046875,1.8828,2.265714285714286,2.448466666666667,2.6691999999999996,3.2296111111111117,2.59055,2.3906562500000006,3.25,3.25,3.25,3.25,3.25,3.25,3.25,3.25,3.25,3.25,3.25
