ND,SD,NE,KS,OK,MN,IA,MO,AR,LA,MS,WI,IL,MI,IN,OH,KY,TN,AL,FL,GA,SC,NC,WV,MD,DE,PA,NJ,NY,NH,CT,RI,MA,VT,ME
1.6762499999999998,2.084,1.3458461538461537,1.6788124999999996,1.7299999999999998,2.1011176470588238,1.7095925925925928,1.723421052631579,1.9121935483870969,1.9000769230769234,3.0729999999999995,2.2375250000000007,1.7253076923076924,2.3245384615384617,2.2306046511627913,2.0673636363636367,1.9796000000000005,2.2441818181818185,2.2369375,2.9817142857142858,2.6337142857142855,3.36404,3.1026129032258063,2.34201724137931,3.25,3.25,3.25,3.25,3.25,3.613,3.25,3.25,3.25,3.25,3.25
1.6762499999999998,2.084,1.3458461538461537,1.6788124999999996,1.7299999999999998,2.1011176470588238,1.7095925925925928,1.723421052631579,1.9121935483870969,1.9000769230769234,3.0729999999999995,2.2375250000000007,1.7253076923076924,2.3245384615384617,2.2306046511627913,2.0673636363636367,1.9796000000000005,2.2441818181818185,2.2369375,2.9817142857142858,2.6337142857142855,3.36404,3.1026129032258063,2.34201724137931,3.25,3.25,3.25,3.25,3.25,3.613,3.25,3.25,3.25,3.25,3.25
1.6762499999999998,2.084,1.3458461538461537,1.6788124999999996,1.7299999999999998,2.1011176470588238,1.7095925925925928,1.723421052631579,1.9121935483870969,1.9000769230769234,3.0729999999999995,2.2375250000000007,1.7253076923076924,2.3245384615384617,2.2306046511627913,2.0673636363636367,1.9796000000000005,2.2441818181818185,2.2369375,2.9817142857142858,2.6337142857142855,3.36404,3.1026129032258063,2.34201724137931,3.25,3.25,3.25,3.25,3.25,3.613,3.25,3.25,3.25,3.25,3.25
1.6762499999999998,2.084,1.3458461538461537,1.6788124999999996,1.7299999999999998,2.1011176470588238,1.7095925925925928,1.723421052631579,1.9121935483870969,1.9000769230769234,3.0729999999999995,2.2375250000000007,1.7253076923076924,2.3245384615384617,2.2306046511627913,2.0673636363636367,1.9796000000000005,2.2441818181818185,2.2369375,2.9817142857142858,2.6337142857142855,3.36404,3.1026129032258063,2.34201724137931,3.25,3.25,3.25,3.25,3.25,3.613,3.25,3.25,3.25,3.25,3.25
1.6762499999999998,2.084,1.3458461538461537,1.6788124999999996,1.7299999999999998,2.1011176470588238,1.7095925925925928,1.723421052631579,1.9121935483870969,1.9000769230769234,3.0729999999999995,2.2375250000000007,1.7253076923076924,2.3245384615384617,2.2306046511627913,2.0673636363636367,1.9796000000000005,2.2441818181818185,2.2369375,2.9817142857142858,2.6337142857142855,3.36404,3.1026129032258063,2.34201724137931,3.25,3.25,3.25,3.25,3.25,3.613,3.25,3.25,3.25,3.25,3.25
1.6762499999999998,2.084,1.3458461538461537,1.6788124999999996,1.7299999999999998,2.1011176470588238,1.7095925925925928,1.723421052631579,1.9121935483870969,1.9000769230769234,3.0729999999999995,2.2375250000000007,1.7253076923076924,2.3245384615384617,2.2306046511627913,2.0673636363636367,1.9796000000000005,2.2441818181818185,2.2369375,2.9817142857142858,2.6337142857142855,3.36404,3.1026129032258063,2.34201724137931,3.25,3.25,3.25,3.25,3.25,3.613,3.25,3.25,3.25,3.25,3.25
1.6762499999999998,2.084,1.3458461538461537,1.6788124999999996,1.7299999999999998,2.1011176470588238,1.7095925925925928,1.723421052631579,1.9121935483870969,1.9000769230769234,3.0729999999999995,2.2375250000000007,1.7253076923076924,2.3245384615384617,2.2306046511627913,2.0673636363636367,1.9796000000000005,2.2441818181818185,2.2369375,2.9817142857142858,2.6337142857142855,3.36404,3.1026129032258063,2.34201724137931,3.25,3.25,3.25,3.25,3.25,3.613,3.25,3.25,3.25,3.25,3.25
1.6762499999999998,2.084,1.3458461538461537,1.6788124999999996,1.7299999999999998,2.1011176470588238,1.7095925925925928,1.723421052631579,1.9121935483870969,1.9000769230769234,3.0729999999999995,2.2375250000000007,1.7253076923076924,2.3245384615384617,2.2306046511627913,2.0673636363636367,1.9796000000000005,2.2441818181818185,2.2369375,2.9817142857142858,2.6337142857142855,3.36404,3.1026129032258063,2.34201724137931,3.25,3.25,3.25,3.25,3.25,3.613,3.25,3.25,3.25,3.25,3.25
1.6762499999999998,2.084,1.3458461538461537,1.6788124999999996,1.7299999999999998,2.1011176470588238,1.7095925925925928,1.723421052631579,1.9121935483870969,1.9000769230769234,3.0729999999999995,2.2375250000000007,1.7253076923076924,2.3245384615384617,2.2306046511627913,2.0673636363636367,1.9796000000000005,2.2441818181818185,2.2369375,2.9817142857142858,2.6337142857142855,3.36404,3.1026129032258063,2.34201724137931,3.25,3.25,3.25,3.25,3.25,3.613,3.25,3.25,3.25,3.25,3.25
1.6762499999999998,2.084,1.3458461538461537,1.6788124999999996,1.7299999999999998,2.1011176470588238,1.7095925925925928,1.723421052631579,1.9121935483870969,1.9000769230769234,3.0729999999999995,2.2375250000000007,1.7253076923076924,2.3245384615384617,2.2306046511627913,2.0673636363636367,1.9796000000000005,2.2441818181818185,2.2369375,2.9817142857142858,2.6337142857142855,3.36404,3.1026129032258063,2.34201724137931,3.25,3.25,3.25,3.25,3.25,3.613,3.25,3.25,3.25,3.25,3.25
1.6762499999999998,2.084,1.3458461538461537,1.6788124999999996,1.7299999999999998,2.1011176470588238,1.7095925925925928,1.723421052631579,1.9121935483870969,1.9000769230769234,3.0729999999999995,2.2375250000000007,1.7253076923076924,2.3245384615384617,2.2306046511627913,2.0673636363636367,1.9796000000000005,2.2441818181818185,2.2369375,2.9817142857142858,2.6337142857142855,3.36404,3.1026129032258063,2.34201724137931,3.25,3.25,3.25,3.25,3.25,3.613,3.25,3.25,3.25,3.25,3.25
1.6762499999999998,2.084,1.3458461538461537,1.6788124999999996,1.7299999999999998,2.1011176470588238,1.7095925925925928,1.723421052631579,1.9121935483870969,1.9000769230769234,3.0729999999999995,2.2375250000000007,1.7253076923076924,2.3245384615384617,2.2306046511627913,2.0673636363636367,1.9796000000000005,2.2441818181818185,2.2369375,2.9817142857142858,2.6337142857142855,3.36404,3.1026129032258063,2.34201724137931,3.25,3.25,3.25,3.25,3.25,3.613,3.25,3.25,3.25,3.25,3.25
1.6762499999999998,2.084,1.3458461538461537,1.6788124999999996,1.7299999999999998,2.1011176470588238,1.7095925925925928,1.723421052631579,1.9121935483870969,1.9000769230769234,3.0729999999999995,2.2375250000000007,1.7253076923076924,2.3245384615384617,2.2306046511627913,2.0673636363636367,1.9796000000000005,2.2441818181818185,2.2369375,2.9817142857142858,2.6337142857142855,3.36404,3.1026129032258063,2.34201724137931,3.25,3.25,3.25,3.25,3.25,3.613,3.25,3.25,3.25,3.25,3.25
1.6762499999999998,2.084,1.3458461538461537,1.6788124999999996,1.7299999999999998,2.1011176470588238,1.7095925925925928,1.723421052631579,1.9121935483870969,1.9000769230769234,3.0729999999999995,2.2375250000000007,1.7253076923076924,2.3245384615384617,2.2306046511627913,2.0673636363636367,1.9796000000000005,2.2441818181818185,2.2369375,2.9817142857142858,2.6337142857142855,3.36404,3.1026129032258063,2.34201724137931,3.25,3.25,3.25,3.25,3.25,3.613,3.25,3.25,3.25,3.25,3.25
1.6762499999999998,2.084,1.3458461538461537,1.6788124999999996,1.7299999999999998,2.1011176470588238,1.7095925925925928,1.723421052631579,1.9121935483870969,1.9000769230769234,3.0729999999999995,2.2375250000000007,1.7253076923076924,2.3245384615384617,2.2306046511627913,2.0673636363636367,1.9796000000000005,2.2441818181818185,2.2369375,2.9817142857142858,2.6337142857142855,3.36404,3.1026129032258063,2.34201724137931,3.25,3.25,3.25,3.25,3.25,3.613,3.25,3.25,3.25,3.25,3.25
1.6762499999999998,2.084,1.3458461538461537,1.6788124999999996,1.7299999999999998,2.1011176470588238,1.7095925925925928,1.723421052631579,1.9121935483870969,1.9000769230769234,3.0729999999999995,2.2375250000000007,1.7253076923076924,2.3245384615384617,2.2306046511627913,2.0673636363636367,1.9796000000000005,2.2441818181818185,2.2369375,2.9817142857142858,2.6337142857142855,3.36404,3.1026129032258063,2.34201724137931,3.25,3.25,3.25,3.25,3.25,3.613,3.25,3.25,3.25,3.25,3.25
1.6762499999999998,2.084,1.3458461538461537,1.6788124999999996,1.7299999999999998,2.1011176470588238,1.7095925925925928,1.723421052631579,1.9121935483870969,1.9000769230769234,3.0729999999999995,2.2375250000000007,1.7253076923076924,2.3245384615384617,2.2306046511627913,2.0673636363636367,1.9796000000000005,2.2441818181818185,2.2369375,2.9817142857142858,2.6337142857142855,3.36404,3.1026129032258063,2.34201724137931,3.25,3.25,3.25,3.25,3.25,3.613,3.25,3.25,3.25,3.25,3.25
1.6762499999999998,2.084,1.3458461538461537,1.6788124999999996,1.7299999999999998,2.1011176470588238,1.7095925925925928,1.723421052631579,1.9121935483870969,1.9000769230769234,3.0729999999999995,2.2375250000000007,1.7253076923076924,2.3245384615384617,2.2306046511627913,2.0673636363636367,1.9796000000000005,2.2441818181818185,2.2369375,2.9817142857142858,2.6337142857142855,3.36404,3.1026129032258063,2.34201724137931,3.25,3.25,3.25,3.25,3.25,3.613,3.25,3.25,3.25,3.25,3.25
1.6762499999999998,2.084,1.3458461538461537,1.6788124999999996,1.7299999999999998,2.1011176470588238,1.7095925925925928,1.723421052631579,1.9121935483870969,1.9000769230769234,3.0729999999999995,2.2375250000000007,1.7253076923076924,2.3245384615384617,2.2306046511627913,2.0673636363636367,1.9796000000000005,2.2441818181818185,2.2369375,2.9817142857142858,2.6337142857142855,3.36404,3.1026129032258063,2.34201724137931,3.25,3.25,3.25,3.25,3.25,3.613,3.25,3.25,3.25,3.25,3.25
1.6762499999999998,2.084,1.3458461538461537,1.6788124999999996,1.7299999999999998,2.1011176470588238,1.7095925925925928,1.723421052631579,1.9121935483870969,1.9000769230769234,3.0729999999999995,2.2375250000000007,1.7253076923076924,2.3245384615384617,2.2306046511627913,2.0673636363636367,1.9796000000000005,2.2441818181818185,2.2369375,2.9817142857142858,2.6337142857142855,3.36404,3.1026129032258063,2.34201724137931,3.25,3.25,3.25,3.25,3.25,3.613,3.25,3.25,3.25,3.25,3.25
1.6762499999999998,2.084,1.3458461538461537,1.6788124999999996,1.7299999999999998,2.1011176470588238,1.7095925925925928,1.723421052631579,1.9121935483870969,1.9000769230769234,3.0729999999999995,2.2375250000000007,1.7253076923076924,2.3245384615384617,2.2306046511627913,2.0673636363636367,1.9796000000000005,2.2441818181818185,2.2369375,2.9817142857142858,2.6337142857142855,3.36404,3.1026129032258063,2.34201724137931,3.25,3.25,3.25,3.25,3.25,3.613,3.25,3.25,3.25,3.25,3.25
1.6762499999999998,2.084,1.3458461538461537,1.6788124999999996,1.7299999999999998,2.1011176470588238,1.7095925925925928,1.723421052631579,1.9121935483870969,1.9000769230769234,3.0729999999999995,2.2375250000000007,1.7253076923076924,2.3245384615384617,2.2306046511627913,2.0673636363636367,1.9796000000000005,2.2441818181818185,2.2369375,2.9817142857142858,2.6337142857142855,3.36404,3.1026129032258063,2.34201724137931,3.25,3.25,3.25,3.25,3.25,3.613,3.25,3.25,3.25,3.25,3.25
1.6762499999999998,2.084,1.3458461538461537,1.6788124999999996,1.7299999999999998,2.1011176470588238,1.7095925925925928,1.723421052631579,1.9121935483870969,1.9000769230769234,3.0729999999999995,2.2375250000000007,1.7253076923076924,2.3245384615384617,2.2306046511627913,2.0673636363636367,1.9796000000000005,2.2441818181818185,2.2369375,2.9817142857142858,2.6337142857142855,3.36404,3.1026129032258063,2.34201724137931,3.25,3.25,3.25,3.25,3.25,3.613,3.25,3.25,3.25,3.25,3.25
1.6762499999999998,2.084,1.3458461538461537,1.6788124999999996,1.7299999999999998,2.1011176470588238,1.7095925925925928,1.723421052631579,1.9121935483870969,1.9000769230769234,3.0729999999999995,2.2375250000000007,1.7253076923076924,2.3245384615384617,2.2306046511627913,2.0673636363636367,1.9796000000000005,2.2441818181818185,2.2369375,2.9817142857142858,2.6337142857142855,3.36404,3.1026129032258063,2.34201724137931,3.25,3.25,3.25,3.25,3.25,3.613,3.25,3.25,3.25,3.25,3.25
1.6762499999999998,2.084,1.3458461538461537,1.6788124999999996,1.7299999999999998,2.1011176470588238,1.7095925925925928,1.723421052631579,1.9121935483870969,1.9000769230769234,3.0729999999999995,2.2375250000000007,1.7253076923076924,2.3245384615384617,2.2306046511627913,2.0673636363636367,1.9796000000000005,2.2441818181818185,2.2369375,2.9817142857142858,2.6337142857142855,3.36404,3.1026129032258063,2.34201724137931,3.25,3.25,3.25,3.25,3.25,3.613,3.25,3.25,3.25,3.25,3.25
1.6762499999999998,2.084,1.3458461538461537,1.6788124999999996,1.7299999999999998,2.1011176470588238,1.7095925925925928,1.723421052631579,1.9121935483870969,1.9000769230769234,3.0729999999999995,2.2375250000000007,1.7253076923076924,2.3245384615384617,2.2306046511627913,2.0673636363636367,1.9796000000000005,2.2441818181818185,2.2369375,2.9817142857142858,2.6337142857142855,3.36404,3.1026129032258063,2.34201724137931,3.25,3.25,3.25,3.25,3.25,3.613,3.25,3.25,3.25,3.25,3.25
1.6762499999999998,2.084,1.3458461538461537,1.6788124999999996,1.7299999999999998,2.1011176470588238,1.7095925925925928,1.723421052631579,1.9121935483870969,1.9000769230769234,3.0729999999999995,2.2375250000000007,1.7253076923076924,2.3245384615384617,2.2306046511627913,2.0673636363636367,1.9796000000000005,2.2441818181818185,2.2369375,2.9817142857142858,2.6337142857142855,3.36404,3.1026129032258063,2.34201724137931,3.25,3.25,3.25,3.25,3.25,3.613,3.25,3.25,3.25,3.25,3.25
1.6762499999999998,2.084,1.3458461538461537,1.6788124999999996,1.7299999999999998,2.1011176470588238,1.7095925925925928,1.723421052631579,1.9121935483870969,1.9000769230769234,3.0729999999999995,2.2375250000000007,1.7253076923076924,2.3245384615384617,2.2306046511627913,2.0673636363636367,1.9796000000000005,2.2441818181818185,2.2369375,2.9817142857142858,2.6337142857142855,3.36404,3.1026129032258063,2.34201724137931,3.25,3.25,3.25,3.25,3.25,3.613,3.25,3.25,3.25,3.25,3.25
1.6762499999999998,2.084,1.3458461538461537,1.6788124999999996,1.7299999999999998,2.1011176470588238,1.7095925925925928,1.723421052631579,1.9121935483870969,1.9000769230769234,3.0729999999999995,2.2375250000000007,1.7253076923076924,2.3245384615384617,2.2306046511627913,2.0673636363636367,1.9796000000000005,2.2441818181818185,2.2369375,2.9817142857142858,2.6337142857142855,3.36404,3.1026129032258063,2.34201724137931,3.25,3.25,3.25,3.25,3.25,3.613,3.25,3.25,3.25,3.25,3.25
1.6762499999999998,2.084,1.3458461538461537,1.6788124999999996,1.7299999999999998,2.1011176470588238,1.7095925925925928,1.723421052631579,1.9121935483870969,1.9000769230769234,3.0729999999999995,2.2375250000000007,1.7253076923076924,2.3245384615384617,2.2306046511627913,2.0673636363636367,1.9796000000000005,2.2441818181818185,2.2369375,2.9817142857142858,2.6337142857142855,3.36404,3.1026129032258063,2.34201724137931,3.25,3.25,3.25,3.25,3.25,3.613,3.25,3.25,3.25,3.25,3.25
1.6762499999999998,2.084,1.3458461538461537,1.6788124999999996,1.7299999999999998,2.1011176470588238,1.7095925925925928,1.723421052631579,1.9121935483870969,1.9000769230769234,3.0729999999999995,2.2375250000000007,1.7253076923076924,2.3245384615384617,2.2306046511627913,2.0673636363636367,1.9796000000000005,2.2441818181818185,2.2369375,2.9817142857142858,2.6337142857142855,3.36404,3.1026129032258063,2.34201724137931,3.25,3.25,3.25,3.25,3.25,3.613,3.25,3.25,3.25,3.25,3.25
1.699375,1.771,1.3091333333333333,1.7156363636363636,1.7255,2.1305625,1.7608500000000005,1.7846249999999997,1.9197142857142857,2.2169999999999996,3.076,2.28208,1.7446153846153842,2.2592,2.2200697674418612,2.1235,2.0107261904761895,2.3026999999999997,2.347375,2.852,2.6001428571428566,3.492800000000001,3.096419354838709,2.389510204081632,3.25,3.25,3.25,3.25,3.25,3.25,3.25,3.25,3.25,3.25,3.25
1.699375,1.771,1.3091333333333333,1.7156363636363636,1.7255,2.1305625,1.7608500000000005,1.7846249999999997,1.9197142857142857,2.2169999999999996,3.076,2.28208,1.7446153846153842,2.2592,2.2200697674418612,2.1235,2.0107261904761895,2.3026999999999997,2.347375,2.852,2.6001428571428566,3.492800000000001,3.096419354838709,2.389510204081632,3.25,3.25,3.25,3.25,3.25,3.25,3.25,3.25,3.25,3.25,3.25
1.699375,1.771,1.3091333333333333,1.7156363636363636,1.7255,2.1305625,1.7608500000000005,1.7846249999999997,1.9197142857142857,2.2169999999999996,3.076,2.28208,1.7446153846153842,2.2592,2.2200697674418612,2.1235,2.0107261904761895,2.3026999999999997,2.347375,2.852,2.6001428571428566,3.492800000000001,3.096419354838709,2.389510204081632,3.25,3.25,3.25,3.25,3.25,3.25,3.25,3.25,3.25,3.25,3.25
1.699375,1.771,1.3091333333333333,1.7156363636363636,1.7255,2.1305625,1.7608500000000005,1.7846249999999997,1.9197142857142857,2.2169999999999996,3.076,2.28208,1.7446153846153842,2.2592,2.2200697674418612,2.1235,2.0107261904761895,2.3026999999999997,2.347375,2.852,2.6001428571428566,3.492800000000001,3.096419354838709,2.389510204081632,3.25,3.25,3.25,3.25,3.25,3.25,3.25,3.25,3.25,3.25,3.25
1.699375,1.771,1.3091333333333333,1.7156363636363636,1.7255,2.1305625,1.7608500000000005,1.7846249999999997,1.9197142857142857,2.2169999999999996,3.076,2.28208,1.7446153846153842,2.2592,2.2200697674418612,2.1235,2.0107261904761895,2.3026999999999997,2.347375,2.852,2.6001428571428566,3.492800000000001,3.096419354838709,2.389510204081632,3.25,3.25,3.25,3.25,3.25,3.25,3.25,3.25,3.25,3.25,3.25
1.699375,1.771,1.3091333333333333,1.7156363636363636,1.7255,2.1305625,1.7608500000000005,1.7846249999999997,1.9197142857142857,2.2169999999999996,3.076,2.28208,1.7446153846153842,2.2592,2.2200697674418612,2.1235,2.0107261904761895,2.3026999999999997,2.347375,2.852,2.6001428571428566,3.492800000000001,3.096419354838709,2.389510204081632,3.25,3.25,3.25,3.25,3.25,3.25,3.25,3.25,3.25,3.25,3.25
1.699375,1.771,1.3091333333333333,1.7156363636363636,1.7255,2.1305625,1.7608500000000005,1.7846249999999997,1.9197142857142857,2.2169999999999996,3.076,2.28208,1.7446153846153842,2.2592,2.2200697674418612,2.1235,2.0107261904761895,2.3026999999999997,2.347375,2.852,2.6001428571428566,3.492800000000001,3.096419354838709,2.389510204081632,3.25,3.25,3.25,3.25,3.25,3.25,3.25,3.25,3.25,3.25,3.25
1.699375,1.771,1.3091333333333333,1.7156363636363636,1.7255,2.1305625,1.7608500000000005,1.7846249999999997,1.9197142857142857,2.2169999999999996,3.076,2.28208,1.7446153846153842,2.2592,2.2200697674418612,2.1235,2.0107261904761895,2.3026999999999997,2.347375,2.852,2.6001428571428566,3.492800000000001,3.096419354838709,2.389510204081632,3.25,3.25,3.25,3.25,3.25,3.25,3.25,3.25,3.25,3.25,3.25
1.699375,1.771,1.3091333333333333,1.7156363636363636,1.7255,2.1305625,1.7608500000000005,1.7846249999999997,1.9197142857142857,2.2169999999999996,3.076,2.28208,1.7446153846153842,2.2592,2.2200697674418612,2.1235,2.0107261904761895,2.3026999999999997,2.347375,2.852,2.6001428571428566,3.492800000000001,3.096419354838709,2.389510204081632,3.25,3.25,3.25,3.25,3.25,3.25,3.25,3.25,3.25,3.25,3.25
1.699375,1.771,1.3091333333333333,1.7156363636363636,1.7255,2.1305625,1.7608500000000005,1.7846249999999997,1.9197142857142857,2.2169999999999996,3.076,2.28208,1.7446153846153842,2.2592,2.2200697674418612,2.1235,2.0107261904761895,2.3026999999999997,2.347375,2.852,2.6001428571428566,3.492800000000001,3.096419354838709,2.389510204081632,3.25,3.25,3.25,3.25,3.25,3.25,3.25,3.25,3.25,3.25,3.25
1.699375,1.771,1.3091333333333333,1.7156363636363636,1.7255,2.1305625,1.7608500000000005,1.7846249999999997,1.9197142857142857,2.2169999999999996,3.076,2.28208,1.7446153846153842,2.2592,2.2200697674418612,2.1235,2.0107261904761895,2.3026999999999997,2.347375,2.852,2.6001428571428566,3.492800000000001,3.096419354838709,2.389510204081632,3.25,3.25,3.25,3.25,3.25,3.25,3.25,3.25,3.25,3.25,3.25
1.699375,1.771,1.3091333333333333,1.7156363636363636,1.7255,2.1305625,1.7608500000000005,1.7846249999999997,1.9197142857142857,2.2169999999999996,3.076,2.28208,1.7446153846153842,2.2592,2.2200697674418612,2.1235,2.0107261904761895,2.3026999999999997,2.347375,2.852,2.6001428571428566,3.492800000000001,3.096419354838709,2.389510204081632,3.25,3.25,3.25,3.25,3.25,3.25,3.25,3.25,3.25,3.25,3.25
1.699375,1.771,1.3091333333333333,1.7156363636363636,1.7255,2.1305625,1.7608500000000005,1.7846249999999997,1.9197142857142857,2.2169999999999996,3.076,2.28208,1.7446153846153842,2.2592,2.2200697674418612,2.1235,2.0107261904761895,2.3026999999999997,2.347375,2.852,2.6001428571428566,3.492800000000001,3.096419354838709,2.389510204081632,3.25,3.25,3.25,3.25,3.25,3.25,3.25,3.25,3.25,3.25,3.25
1.699375,1.771,1.3091333333333333,1.7156363636363636,1.7255,2.1305625,1.7608500000000005,1.7846249999999997,1.9197142857142857,2.2169999999999996,3.076,2.28208,1.7446153846153842,2.2592,2.2200697674418612,2.1235,2.0107261904761895,2.3026999999999997,2.347375,2.852,2.6001428571428566,3.492800000000001,3.096419354838709,2.389510204081632,3.25,3.25,3.25,3.25,3.25,3.25,3.25,3.25,3.25,3.25,3.25
1.699375,1.771,1.3091333333333333,1.7156363636363636,1.7255,2.1305625,1.7608500000000005,1.7846249999999997,1.9197142857142857,2.2169999999999996,3.076,2.28208,1.7446153846153842,2.2592,2.2200697674418612,2.1235,2.0107261904761895,2.3026999999999997,2.347375,2.852,2.6001428571428566,3.492800000000001,3.096419354838709,2.389510204081632,3.25,3.25,3.25,3.25,3.25,3.25,3.25,3.25,3.25,3.25,3.25
1.699375,1.771,1.3091333333333333,1.7156363636363636,1.7255,2.1305625,1.7608500000000005,1.7846249999999997,1.9197142857142857,2.2169999999999996,3.076,2.28208,1.7446153846153842,2.2592,2.2200697674418612,2.1235,2.0107261904761895,2.3026999999999997,2.347375,2.852,2.6001428571428566,3.492800000000001,3.096419354838709,2.389510204081632,3.25,3.25,3.25,3.25,3.25,3.25,3.25,3.25,3.25,3.25,3.25
1.699375,1.771,1.3091333333333333,1.7156363636363636,1.7255,2.1305625,1.7608500000000005,1.7846249999999997,1.9197142857142857,2.2169999999999996,3.076,2.28208,1.7446153846153842,2.2592,2.2200697674418612,2.1235,2.0107261904761895,2.3026999999999997,2.347375,2.852,2.6001428571428566,3.492800000000001,3.096419354838709,2.389510204081632,3.25,3.25,3.25,3.25,3.25,3.25,3.25,3.25,3.25,3.25,3.25
1.699375,1.771,1.3091333333333333,1.7156363636363636,1.7255,2.1305625,1.7608500000000005,1.7846249999999997,1.9197142857142857,2.2169999999999996,3.076,2.28208,1.7446153846153842,2.2592,2.2200697674418612,2.1235,2.0107261904761895,2.3026999999999997,2.347375,2.852,2.6001428571428566,3.492800000000001,3.096419354838709,2.389510204081632,3.25,3.25,3.25,3.25,3.25,3.25,3.25,3.25,3.25,3.25,3.25
1.699375,1.771,1.3091333333333333,1.7156363636363636,1.7255,2.1305625,1.7608500000000005,1.7846249999999997,1.9197142857142857,2.2169999999999996,3.076,2.28208,1.7446153846153842,2.2592,2.2200697674418612,2.1235,2.0107261904761895,2.3026999999999997,2.347375,2.852,2.6001428571428566,3.492800000000001,3.096419354838709,2.389510204081632,3.25,3.25,3.25,3.25,3.25,3.25,3.25,3.25,3.25,3.25,3.25
1.699375,1.771,1.3091333333333333,1.7156363636363636,1.7255,2.1305625,1.7608500000000005,1.7846249999999997,1.9197142857142857,2.2169999999999996,3.076,2.28208,1.7446153846153842,2.2592,2.2200697674418612,2.1235,2.0107261904761895,2.3026999999999997,2.347375,2.852,2.6001428571428566,3.492800000000001,3.096419354838709,2.389510204081632,3.25,3.25,3.25,3.25,3.25,3.25,3.25,3.25,3.25,3.25,3.25
1.699375,1.771,1.3091333333333333,1.7156363636363636,1.7255,2.1305625,1.7608500000000005,1.7846249999999997,1.9197142857142857,2.2169999999999996,3.076,2.28208,1.7446153846153842,2.2592,2.2200697674418612,2.1235,2.0107261904761895,2.3026999999999997,2.347375,2.852,2.6001428571428566,3.492800000000001,3.096419354838709,2.389510204081632,3.25,3.25,3.25,3.25,3.25,3.25,3.25,3.25,3.25,3.25,3.25
1.699375,1.771,1.3091333333333333,1.7156363636363636,1.7255,2.1305625,1.7608500000000005,1.7846249999999997,1.9197142857142857,2.2169999999999996,3.076,2.28208,1.7446153846153842,2.2592,2.2200697674418612,2.1235,2.0107261904761895,2.3026999999999997,2.347375,2.852,2.6001428571428566,3.492800000000001,3.096419354838709,2.389510204081632,3.25,3.25,3.25,3.25,3.25,3.25,3.25,3.25,3.25,3.25,3.25
1.699375,1.771,1.3091333333333333,1.7156363636363636,1.7255,2.1305625,1.7608500000000005,1.7846249999999997,1.9197142857142857,2.2169999999999996,3.076,2.28208,1.7446153846153842,2.2592,2.2200697674418612,2.1235,2.0107261904761895,2.3026999999999997,2.347375,2.852,2.6001428571428566,3.492800000000001,3.096419354838709,2.389510204081632,3.25,3.25,3.25,3.25,3.25,3.25,3.25,3.25,3.25,3.25,3.25
1.699375,1.771,1.3091333333333333,1.7156363636363636,1.7255,2.1305625,1.7608500000000005,1.7846249999999997,1.9197142857142857,2.2169999999999996,3.076,2.28208,1.7446153846153842,2.2592,2.2200697674418612,2.1235,2.0107261904761895,2.3026999999999997,2.347375,2.852,2.6001428571428566,3.492800000000001,3.096419354838709,2.389510204081632,3.25,3.25,3.25,3.25,3.25,3.25,3.25,3.25,3.25,3.25,3.25
1.699375,1.771,1.3091333333333333,1.7156363636363636,1.7255,2.1305625,1.7608500000000005,1.7846249999999997,1.9197142857142857,2.2169999999999996,3.076,2.28208,1.7446153846153842,2.2592,2.2200697674418612,2.1235,2.0107261904761895,2.3026999999999997,2.347375,2.852,2.6001428571428566,3.492800000000001,3.096419354838709,2.389510204081632,3.25,3.25,3.25,3.25,3.25,3.25,3.25,3.25,3.25,3.25,3.25
1.699375,1.771,1.3091333333333333,1.7156363636363636,1.7255,2.1305625,1.7608500000000005,1.7846249999999997,1.9197142857142857,2.2169999999999996,3.076,2.28208,1.7446153846153842,2.2592,2.2200697674418612,2.1235,2.0107261904761895,2.3026999999999997,2.347375,2.852,2.6001428571428566,3.492800000000001,3.096419354838709,2.389510204081632,3.25,3.25,3.25,3.25,3.25,3.25,3.25,3.25,3.25,3.25,3.25
1.699375,1.771,1.3091333333333333,1.7156363636363636,1.7255,2.1305625,1.7608500000000005,1.7846249999999997,1.9197142857142857,2.2169999999999996,3.076,2.28208,1.7446153846153842,2.2592,2.2200697674418612,2.1235,2.0107261904761895,2.3026999999999997,2.347375,2.852,2.6001428571428566,3.492800000000001,3.096419354838709,2.389510204081632,3.25,3.25,3.25,3.25,3.25,3.25,3.25,3.25,3.25,3.25,3.25
1.699375,1.771,1.3091333333333333,1.7156363636363636,1.7255,2.1305625,1.7608500000000005,1.7846249999999997,1.9197142857142857,2.2169999999999996,3.076,2.28208,1.7446153846153842,2.2592,2.2200697674418612,2.1235,2.0107261904761895,2.3026999999999997,2.347375,2.852,2.6001428571428566,3.492800000000001,3.096419354838709,2.389510204081632,3.25,3.25,3.25,3.25,3.25,3.25,3.25,3.25,3.25,3.25,3.25
1.7530000000000001,1.8330000000000002,1.3294285714285714,1.682,1.7147999999999999,2.142947368421053,1.7603846153846154,1.7590625,1.9987777777777773,2.02375,3.0985,2.2723636363636364,1.73125,2.18804,2.2560000000000007,1.9877500000000001,1.96441052631579,2.343,2.3138999999999994,2.8605,2.5004999999999997,3.3200454545454545,3.1388333333333325,2.3569347826086955,3.25,3.25,3.25,3.25,3.25,3.25,3.25,3.25,3.25,3.25,3.25
1.7530000000000001,1.8330000000000002,1.3294285714285714,1.682,1.7147999999999999,2.142947368421053,1.7603846153846154,1.7590625,1.9987777777777773,2.02375,3.0985,2.2723636363636364,1.73125,2.18804,2.2560000000000007,1.9877500000000001,1.96441052631579,2.343,2.3138999999999994,2.8605,2.5004999999999997,3.3200454545454545,3.1388333333333325,2.3569347826086955,3.25,3.25,3.25,3.25,3.25,3.25,3.25,3.25,3.25,3.25,3.25
1.7530000000000001,1.8330000000000002,1.3294285714285714,1.682,1.7147999999999999,2.142947368421053,1.7603846153846154,1.7590625,1.9987777777777773,2.02375,3.0985,2.2723636363636364,1.73125,2.18804,2.2560000000000007,1.9877500000000001,1.96441052631579,2.343,2.3138999999999994,2.8605,2.5004999999999997,3.3200454545454545,3.1388333333333325,2.3569347826086955,3.25,3.25,3.25,3.25,3.25,3.25,3.25,3.25,3.25,3.25,3.25
1.7530000000000001,1.8330000000000002,1.3294285714285714,1.682,1.7147999999999999,2.142947368421053,1.7603846153846154,1.7590625,1.9987777777777773,2.02375,3.0985,2.2723636363636364,1.73125,2.18804,2.2560000000000007,1.9877500000000001,1.96441052631579,2.343,2.3138999999999994,2.8605,2.5004999999999997,3.3200454545454545,3.1388333333333325,2.3569347826086955,3.25,3.25,3.25,3.25,3.25,3.25,3.25,3.25,3.25,3.25,3.25
1.7530000000000001,1.8330000000000002,1.3294285714285714,1.682,1.7147999999999999,2.142947368421053,1.7603846153846154,1.7590625,1.9987777777777773,2.02375,3.0985,2.2723636363636364,1.73125,2.18804,2.2560000000000007,1.9877500000000001,1.96441052631579,2.343,2.3138999999999994,2.8605,2.5004999999999997,3.3200454545454545,3.1388333333333325,2.3569347826086955,3.25,3.25,3.25,3.25,3.25,3.25,3.25,3.25,3.25,3.25,3.25
1.7530000000000001,1.8330000000000002,1.3294285714285714,1.682,1.7147999999999999,2.142947368421053,1.7603846153846154,1.7590625,1.9987777777777773,2.02375,3.0985,2.2723636363636364,1.73125,2.18804,2.2560000000000007,1.9877500000000001,1.96441052631579,2.343,2.3138999999999994,2.8605,2.5004999999999997,3.3200454545454545,3.1388333333333325,2.3569347826086955,3.25,3.25,3.25,3.25,3.25,3.25,3.25,3.25,3.25,3.25,3.25
1.7530000000000001,1.8330000000000002,1.3294285714285714,1.682,1.7147999999999999,2.142947368421053,1.7603846153846154,1.7590625,1.9987777777777773,2.02375,3.0985,2.2723636363636364,1.73125,2.18804,2.2560000000000007,1.9877500000000001,1.96441052631579,2.343,2.3138999999999994,2.8605,2.5004999999999997,3.3200454545454545,3.1388333333333325,2.3569347826086955,3.25,3.25,3.25,3.25,3.25,3.25,3.25,3.25,3.25,3.25,3.25
1.7530000000000001,1.8330000000000002,1.3294285714285714,1.682,1.7147999999999999,2.142947368421053,1.7603846153846154,1.7590625,1.9987777777777773,2.02375,3.0985,2.2723636363636364,1.73125,2.18804,2.2560000000000007,1.9877500000000001,1.96441052631579,2.343,2.3138999999999994,2.8605,2.5004999999999997,3.3200454545454545,3.1388333333333325,2.3569347826086955,3.25,3.25,3.25,3.25,3.25,3.25,3.25,3.25,3.25,3.25,3.25
1.7530000000000001,1.8330000000000002,1.3294285714285714,1.682,1.7147999999999999,2.142947368421053,1.7603846153846154,1.7590625,1.9987777777777773,2.02375,3.0985,2.2723636363636364,1.73125,2.18804,2.2560000000000007,1.9877500000000001,1.96441052631579,2.343,2.3138999999999994,2.8605,2.5004999999999997,3.3200454545454545,3.1388333333333325,2.3569347826086955,3.25,3.25,3.25,3.25,3.25,3.25,3.25,3.25,3.25,3.25,3.25
1.7530000000000001,1.8330000000000002,1.3294285714285714,1.682,1.7147999999999999,2.142947368421053,1.7603846153846154,1.7590625,1.9987777777777773,2.02375,3.0985,2.2723636363636364,1.73125,2.18804,2.2560000000000007,1.9877500000000001,1.96441052631579,2.343,2.3138999999999994,2.8605,2.5004999999999997,3.3200454545454545,3.1388333333333325,2.3569347826086955,3.25,3.25,3.25,3.25,3.25,3.25,3.25,3.25,3.25,3.25,3.25
1.7530000000000001,1.8330000000000002,1.3294285714285714,1.682,1.7147999999999999,2.142947368421053,1.7603846153846154,1.7590625,1.9987777777777773,2.02375,3.0985,2.2723636363636364,1.73125,2.18804,2.2560000000000007,1.9877500000000001,1.96441052631579,2.343,2.3138999999999994,2.8605,2.5004999999999997,3.3200454545454545,3.1388333333333325,2.3569347826086955,3.25,3.25,3.25,3.25,3.25,3.25,3.25,3.25,3.25,3.25,3.25
1.7530000000000001,1.8330000000000002,1.3294285714285714,1.682,1.7147999999999999,2.142947368421053,1.7603846153846154,1.7590625,1.9987777777777773,2.02375,3.0985,2.2723636363636364,1.73125,2.18804,2.2560000000000007,1.9877500000000001,1.96441052631579,2.343,2.3138999999999994,2.8605,2.5004999999999997,3.3200454545454545,3.1388333333333325,2.3569347826086955,3.25,3.25,3.25,3.25,3.25,3.25,3.25,3.25,3.25,3.25,3.25
1.7530000000000001,1.8330000000000002,1.3294285714285714,1.682,1.7147999999999999,2.142947368421053,1.7603846153846154,1.7590625,1.9987777777777773,2.02375,3.0985,2.2723636363636364,1.73125,2.18804,2.2560000000000007,1.9877500000000001,1.96441052631579,2.343,2.3138999999999994,2.8605,2.5004999999999997,3.3200454545454545,3.1388333333333325,2.3569347826086955,3.25,3.25,3.25,3.25,3.25,3.25,3.25,3.25,3.25,3.25,3.25
1.7530000000000001,1.8330000000000002,1.3294285714285714,1.682,1.7147999999999999,2.142947368421053,1.7603846153846154,1.7590625,1.9987777777777773,2.02375,3.0985,2.2723636363636364,1.73125,2.18804,2.2560000000000007,1.9877500000000001,1.96441052631579,2.343,2.3138999999999994,2.8605,2.5004999999999997,3.3200454545454545,3.1388333333333325,2.3569347826086955,3.25,3.25,3.25,3.25,3.25,3.25,3.25,3.25,3.25,3.25,3.25
1.7530000000000001,1.8330000000000002,1.3294285714285714,1.682,1.7147999999999999,2.142947368421053,1.7603846153846154,1.7590625,1.9987777777777773,2.02375,3.0985,2.2723636363636364,1.73125,2.18804,2.2560000000000007,1.9877500000000001,1.96441052631579,2.343,2.3138999999999994,2.8605,2.5004999999999997,3.3200454545454545,3.1388333333333325,2.3569347826086955,3.25,3.25,3.25,3.25,3.25,3.25,3.25,3.25,3.25,3.25,3.25
1.7530000000000001,1.8330000000000002,1.3294285714285714,1.682,1.7147999999999999,2.142947368421053,1.7603846153846154,1.7590625,1.9987777777777773,2.02375,3.0985,2.2723636363636364,1.73125,2.18804,2.2560000000000007,1.9877500000000001,1.96441052631579,2.343,2.3138999999999994,2.8605,2.5004999999999997,3.3200454545454545,3.1388333333333325,2.3569347826086955,3.25,3.25,3.25,3.25,3.25,3.25,3.25,3.25,3.25,3.25,3.25
1.7530000000000001,1.8330000000000002,1.3294285714285714,1.682,1.7147999999999999,2.142947368421053,1.7603846153846154,1.7590625,1.9987777777777773,2.02375,3.0985,2.2723636363636364,1.73125,2.18804,2.2560000000000007,1.9877500000000001,1.96441052631579,2.343,2.3138999999999994,2.8605,2.5004999999999997,3.3200454545454545,3.1388333333333325,2.3569347826086955,3.25,3.25,3.25,3.25,3.25,3.25,3.25,3.25,3.25,3.25,3.25
1.7530000000000001,1.8330000000000002,1.3294285714285714,1.682,1.7147999999999999,2.142947368421053,1.7603846153846154,1.7590625,1.9987777777777773,2.02375,3.0985,2.2723636363636364,1.73125,2.18804,2.2560000000000007,1.9877500000000001,1.96441052631579,2.343,2.3138999999999994,2.8605,2.5004999999999997,3.3200454545454545,3.1388333333333325,2.3569347826086955,3.25,3.25,3.25,3.25,3.25,3.25,3.25,3.25,3.25,3.25,3.25
1.7530000000000001,1.8330000000000002,1.3294285714285714,1.682,1.7147999999999999,2.142947368421053,1.7603846153846154,1.7590625,1.9987777777777773,2.02375,3.0985,2.2723636363636364,1.73125,2.18804,2.2560000000000007,1.9877500000000001,1.96441052631579,2.343,2.3138999999999994,2.8605,2.5004999999999997,3.3200454545454545,3.1388333333333325,2.3569347826086955,3.25,3.25,3.25,3.25,3.25,3.25,3.25,3.25,3.25,3.25,3.25
1.7530000000000001,1.8330000000000002,1.3294285714285714,1.682,1.7147999999999999,2.142947368421053,1.7603846153846154,1.7590625,1.9987777777777773,2.02375,3.0985,2.2723636363636364,1.73125,2.18804,2.2560000000000007,1.9877500000000001,1.96441052631579,2.343,2.3138999999999994,2.8605,2.5004999999999997,3.3200454545454545,3.1388333333333325,2.3569347826086955,3.25,3.25,3.25,3.25,3.25,3.25,3.25,3.25,3.25,3.25,3.25
1.7530000000000001,1.8330000000000002,1.3294285714285714,1.682,1.7147999999999999,2.142947368421053,1.7603846153846154,1.7590625,1.9987777777777773,2.02375,3.0985,2.2723636363636364,1.73125,2.18804,2.2560000000000007,1.9877500000000001,1.96441052631579,2.343,2.3138999999999994,2.8605,2.5004999999999997,3.3200454545454545,3.1388333333333325,2.3569347826086955,3.25,3.25,3.25,3.25,3.25,3.25,3.25,3.25,3.25,3.25,3.25
1.7530000000000001,1.8330000000000002,1.3294285714285714,1.682,1.7147999999999999,2.142947368421053,1.7603846153846154,1.7590625,1.9987777777777773,2.02375,3.0985,2.2723636363636364,1.73125,2.18804,2.2560000000000007,1.9877500000000001,1.96441052631579,2.343,2.3138999999999994,2.8605,2.5004999999999997,3.3200454545454545,3.1388333333333325,2.3569347826086955,3.25,3.25,3.25,3.25,3.25,3.25,3.25,3.25,3.25,3.25,3.25
1.7530000000000001,1.8330000000000002,1.3294285714285714,1.682,1.7147999999999999,2.142947368421053,1.7603846153846154,1.7590625,1.9987777777777773,2.02375,3.0985,2.2723636363636364,1.73125,2.18804,2.2560000000000007,1.9877500000000001,1.96441052631579,2.343,2.3138999999999994,2.8605,2.5004999999999997,3.3200454545454545,3.1388333333333325,2.3569347826086955,3.25,3.25,3.25,3.25,3.25,3.25,3.25,3.25,3.25,3.25,3.25
1.7530000000000001,1.8330000000000002,1.3294285714285714,1.682,1.7147999999999999,2.142947368421053,1.7603846153846154,1.7590625,1.9987777777777773,2.02375,3.0985,2.2723636363636364,1.73125,2.18804,2.2560000000000007,1.9877500000000001,1.96441052631579,2.343,2.3138999999999994,2.8605,2.5004999999999997,3.3200454545454545,3.1388333333333325,2.3569347826086955,3.25,3.25,3.25,3.25,3.25,3.25,3.25,3.25,3.25,3.25,3.25
1.7530000000000001,1.8330000000000002,1.3294285714285714,1.682,1.7147999999999999,2.142947368421053,1.7603846153846154,1.7590625,1.9987777777777773,2.02375,3.0985,2.2723636363636364,1.73125,2.18804,2.2560000000000007,1.9877500000000001,1.96441052631579,2.343,2.3138999999999994,2.8605,2.5004999999999997,3.3200454545454545,3.1388333333333325,2.3569347826086955,3.25,3.25,3.25,3.25,3.25,3.25,3.25,3.25,3.25,3.25,3.25
1.7530000000000001,1.8330000000000002,1.3294285714285714,1.682,1.7147999999999999,2.142947368421053,1.7603846153846154,1.7590625,1.9987777777777773,2.02375,3.0985,2.2723636363636364,1.73125,2.18804,2.2560000000000007,1.9877500000000001,1.96441052631579,2.343,2.3138999999999994,2.8605,2.5004999999999997,3.3200454545454545,3.1388333333333325,2.3569347826086955,3.25,3.25,3.25,3.25,3.25,3.25,3.25,3.25,3.25,3.25,3.25
1.7530000000000001,1.8330000000000002,1.3294285714285714,1.682,1.7147999999999999,2.142947368421053,1.7603846153846154,1.7590625,1.9987777777777773,2.02375,3.0985,2.2723636363636364,1.73125,2.18804,2.2560000000000007,1.9877500000000001,1.96441052631579,2.343,2.3138999999999994,2.8605,2.5004999999999997,3.3200454545454545,3.1388333333333325,2.3569347826086955,3.25,3.25,3.25,3.25,3.25,3.25,3.25,3.25,3.25,3.25,3.25
1.7530000000000001,1.8330000000000002,1.3294285714285714,1.682,1.7147999999999999,2.142947368421053,1.7603846153846154,1.7590625,1.9987777777777773,2.02375,3.0985,2.2723636363636364,1.73125,2.18804,2.2560000000000007,1.9877500000000001,1.96441052631579,2.343,2.3138999999999994,2.8605,2.5004999999999997,3.3200454545454545,3.1388333333333325,2.3569347826086955,3.25,3.25,3.25,3.25,3.25,3.25,3.25,3.25,3.25,3.25,3.25
1.7530000000000001,1.8330000000000002,1.3294285714285714,1.682,1.7147999999999999,2.142947368421053,1.7603846153846154,1.7590625,1.9987777777777773,2.02375,3.0985,2.2723636363636364,1.73125,2.18804,2.2560000000000007,1.9877500000000001,1.96441052631579,2.343,2.3138999999999994,2.8605,2.5004999999999997,3.3200454545454545,3.1388333333333325,2.3569347826086955,3.25,3.25,3.25,3.25,3.25,3.25,3.25,3.25,3.25,3.25,3.25
1.7530000000000001,1.8330000000000002,1.3294285714285714,1.682,1.7147999999999999,2.142947368421053,1.7603846153846154,1.7590625,1.9987777777777773,2.02375,3.0985,2.2723636363636364,1.73125,2.18804,2.2560000000000007,1.9877500000000001,1.96441052631579,2.343,2.3138999999999994,2.8605,2.5004999999999997,3.3200454545454545,3.1388333333333325,2.3569347826086955,3.25,3.25,3.25,3.25,3.25,3.25,3.25,3.25,3.25,3.25,3.25
1.7530000000000001,1.8330000000000002,1.3294285714285714,1.682,1.7147999999999999,2.142947368421053,1.7603846153846154,1.7590625,1.9987777777777773,2.02375,3.0985,2.2723636363636364,1.73125,2.18804,2.2560000000000007,1.9877500000000001,1.96441052631579,2.343,2.3138999999999994,2.8605,2.5004999999999997,3.3200454545454545,3.1388333333333325,2.3569347826086955,3.25,3.25,3.25,3.25,3.25,3.25,3.25,3.25,3.25,3.25,3.25
1.751875,2.0180000000000002,1.3336428571428574,1.7066666666666666,1.7648333333333333,2.2361666666666666,1.7923478260869563,1.736807692307692,2.003933333333334,2.044625,2.613,2.35909375,1.754333333333333,2.2565714285714282,2.2512222222222222,2.029428571428571,1.9390389610389616,2.3053333333333335,2.4402857142857144,2.9438999999999997,2.6618333333333335,3.3678823529411765,3.1708181818181815,2.3196363636363646,3.25,3.25,3.25,3.25,3.25,3.25,3.25,3.25,3.25,3.25,3.25
1.751875,2.0180000000000002,1.3336428571428574,1.7066666666666666,1.7648333333333333,2.2361666666666666,1.7923478260869563,1.736807692307692,2.003933333333334,2.044625,2.613,2.35909375,1.754333333333333,2.2565714285714282,2.2512222222222222,2.029428571428571,1.9390389610389616,2.3053333333333335,2.4402857142857144,2.9438999999999997,2.6618333333333335,3.3678823529411765,3.1708181818181815,2.3196363636363646,3.25,3.25,3.25,3.25,3.25,3.25,3.25,3.25,3.25,3.25,3.25
1.751875,2.0180000000000002,1.3336428571428574,1.7066666666666666,1.7648333333333333,2.2361666666666666,1.7923478260869563,1.736807692307692,2.003933333333334,2.044625,2.613,2.35909375,1.754333333333333,2.2565714285714282,2.2512222222222222,2.029428571428571,1.9390389610389616,2.3053333333333335,2.4402857142857144,2.9438999999999997,2.6618333333333335,3.3678823529411765,3.1708181818181815,2.3196363636363646,3.25,3.25,3.25,3.25,3.25,3.25,3.25,3.25,3.25,3.25,3.25
1.751875,2.0180000000000002,1.3336428571428574,1.7066666666666666,1.7648333333333333,2.2361666666666666,1.7923478260869563,1.736807692307692,2.003933333333334,2.044625,2.613,2.35909375,1.754333333333333,2.2565714285714282,2.2512222222222222,2.029428571428571,1.9390389610389616,2.3053333333333335,2.4402857142857144,2.9438999999999997,2.6618333333333335,3.3678823529411765,3.1708181818181815,2.3196363636363646,3.25,3.25,3.25,3.25,3.25,3.25,3.25,3.25,3.25,3.25,3.25
1.751875,2.0180000000000002,1.3336428571428574,1.7066666666666666,1.7648333333333333,2.2361666666666666,1.7923478260869563,1.736807692307692,2.003933333333334,2.044625,2.613,2.35909375,1.754333333333333,2.2565714285714282,2.2512222222222222,2.029428571428571,1.9390389610389616,2.3053333333333335,2.4402857142857144,2.9438999999999997,2.6618333333333335,3.3678823529411765,3.1708181818181815,2.3196363636363646,3.25,3.25,3.25,3.25,3.25,3.25,3.25,3.25,3.25,3.25,3.25
1.751875,2.0180000000000002,1.3336428571428574,1.7066666666666666,1.7648333333333333,2.2361666666666666,1.7923478260869563,1.736807692307692,2.003933333333334,2.044625,2.613,2.35909375,1.754333333333333,2.2565714285714282,2.2512222222222222,2.029428571428571,1.9390389610389616,2.3053333333333335,2.4402857142857144,2.9438999999999997,2.6618333333333335,3.3678823529411765,3.1708181818181815,2.3196363636363646,3.25,3.25,3.25,3.25,3.25,3.25,3.25,3.25,3.25,3.25,3.25
1.751875,2.0180000000000002,1.3336428571428574,1.7066666666666666,1.7648333333333333,2.2361666666666666,1.7923478260869563,1.736807692307692,2.003933333333334,2.044625,2.613,2.35909375,1.754333333333333,2.2565714285714282,2.2512222222222222,2.029428571428571,1.9390389610389616,2.3053333333333335,2.4402857142857144,2.9438999999999997,2.6618333333333335,3.3678823529411765,3.1708181818181815,2.3196363636363646,3.25,3.25,3.25,3.25,3.25,3.25,3.25,3.25,3.25,3.25,3.25
1.751875,2.0180000000000002,1.3336428571428574,1.7066666666666666,1.7648333333333333,2.2361666666666666,1.7923478260869563,1.736807692307692,2.003933333333334,2.044625,2.613,2.35909375,1.754333333333333,2.2565714285714282,2.2512222222222222,2.029428571428571,1.9390389610389616,2.3053333333333335,2.4402857142857144,2.9438999999999997,2.6618333333333335,3.3678823529411765,3.1708181818181815,2.3196363636363646,3.25,3.25,3.25,3.25,3.25,3.25,3.25,3.25,3.25,3.25,3.25
1.751875,2.0180000000000002,1.3336428571428574,1.7066666666666666,1.7648333333333333,2.2361666666666666,1.7923478260869563,1.736807692307692,2.003933333333334,2.044625,2.613,2.35909375,1.754333333333333,2.2565714285714282,2.2512222222222222,2.029428571428571,1.9390389610389616,2.3053333333333335,2.4402857142857144,2.9438999999999997,2.6618333333333335,3.3678823529411765,3.1708181818181815,2.3196363636363646,3.25,3.25,3.25,3.25,3.25,3.25,3.25,3.25,3.25,3.25,3.25
1.751875,2.0180000000000002,1.3336428571428574,1.7066666666666666,1.7648333333333333,2.2361666666666666,1.7923478260869563,1.736807692307692,2.003933333333334,2.044625,2.613,2.35909375,1.754333333333333,2.2565714285714282,2.2512222222222222,2.029428571428571,1.9390389610389616,2.3053333333333335,2.4402857142857144,2.9438999999999997,2.6618333333333335,3.3678823529411765,3.1708181818181815,2.3196363636363646,3.25,3.25,3.25,3.25,3.25,3.25,3.25,3.25,3.25,3.25,3.25
1.751875,2.0180000000000002,1.3336428571428574,1.7066666666666666,1.7648333333333333,2.2361666666666666,1.7923478260869563,1.736807692307692,2.003933333333334,2.044625,2.613,2.35909375,1.754333333333333,2.2565714285714282,2.2512222222222222,2.029428571428571,1.9390389610389616,2.3053333333333335,2.4402857142857144,2.9438999999999997,2.6618333333333335,3.3678823529411765,3.1708181818181815,2.3196363636363646,3.25,3.25,3.25,3.25,3.25,3.25,3.25,3.25,3.25,3.25,3.25
1.751875,2.0180000000000002,1.3336428571428574,1.7066666666666666,1.7648333333333333,2.2361666666666666,1.7923478260869563,1.736807692307692,2.003933333333334,2.044625,2.613,2.35909375,1.754333333333333,2.2565714285714282,2.2512222222222222,2.029428571428571,1.9390389610389616,2.3053333333333335,2.4402857142857144,2.9438999999999997,2.6618333333333335,3.3678823529411765,3.1708181818181815,2.3196363636363646,3.25,3.25,3.25,3.25,3.25,3.25,3.25,3.25,3.25,3.25,3.25
1.751875,2.0180000000000002,1.3336428571428574,1.7066666666666666,1.7648333333333333,2.2361666666666666,1.7923478260869563,1.736807692307692,2.003933333333334,2.044625,2.613,2.35909375,1.754333333333333,2.2565714285714282,2.2512222222222222,2.029428571428571,1.9390389610389616,2.3053333333333335,2.4402857142857144,2.9438999999999997,2.6618333333333335,3.3678823529411765,3.1708181818181815,2.3196363636363646,3.25,3.25,3.25,3.25,3.25,3.25,3.25,3.25,3.25,3.25,3.25
1.751875,2.0180000000000002,1.3336428571428574,1.7066666666666666,1.7648333333333333,2.2361666666666666,1.7923478260869563,1.736807692307692,2.003933333333334,2.044625,2.613,2.35909375,1.754333333333333,2.2565714285714282,2.2512222222222222,2.029428571428571,1.9390389610389616,2.3053333333333335,2.4402857142857144,2.9438999999999997,2.6618333333333335,3.3678823529411765,3.1708181818181815,2.3196363636363646,3.25,3.25,3.25,3.25,3.25,3.25,3.25,3.25,3.25,3.25,3.25
1.751875,2.0180000000000002,1.3336428571428574,1.7066666666666666,1.7648333333333333,2.2361666666666666,1.7923478260869563,1.736807692307692,2.003933333333334,2.044625,2.613,2.35909375,1.754333333333333,2.2565714285714282,2.2512222222222222,2.029428571428571,1.9390389610389616,2.3053333333333335,2.4402857142857144,2.9438999999999997,2.6618333333333335,3.3678823529411765,3.1708181818181815,2.3196363636363646,3.25,3.25,3.25,3.25,3.25,3.25,3.25,3.25,3.25,3.25,3.25
1.751875,2.0180000000000002,1.3336428571428574,1.7066666666666666,1.7648333333333333,2.2361666666666666,1.7923478260869563,1.736807692307692,2.003933333333334,2.044625,2.613,2.35909375,1.754333333333333,2.2565714285714282,2.2512222222222222,2.029428571428571,1.9390389610389616,2.3053333333333335,2.4402857142857144,2.9438999999999997,2.6618333333333335,3.3678823529411765,3.1708181818181815,2.3196363636363646,3.25,3.25,3.25,3.25,3.25,3.25,3.25,3.25,3.25,3.25,3.25
1.751875,2.0180000000000002,1.3336428571428574,1.7066666666666666,1.7648333333333333,2.2361666666666666,1.7923478260869563,1.736807692307692,2.003933333333334,2.044625,2.613,2.35909375,1.754333333333333,2.2565714285714282,2.2512222222222222,2.029428571428571,1.9390389610389616,2.3053333333333335,2.4402857142857144,2.9438999999999997,2.6618333333333335,3.3678823529411765,3.1708181818181815,2.3196363636363646,3.25,3.25,3.25,3.25,3.25,3.25,3.25,3.25,3.25,3.25,3.25
1.751875,2.0180000000000002,1.3336428571428574,1.7066666666666666,1.7648333333333333,2.2361666666666666,1.7923478260869563,1.736807692307692,2.003933333333334,2.044625,2.613,2.35909375,1.754333333333333,2.2565714285714282,2.2512222222222222,2.029428571428571,1.9390389610389616,2.3053333333333335,2.4402857142857144,2.9438999999999997,2.6618333333333335,3.3678823529411765,3.1708181818181815,2.3196363636363646,3.25,3.25,3.25,3.25,3.25,3.25,3.25,3.25,3.25,3.25,3.25
1.751875,2.0180000000000002,1.3336428571428574,1.7066666666666666,1.7648333333333333,2.2361666666666666,1.7923478260869563,1.736807692307692,2.003933333333334,2.044625,2.613,2.35909375,1.754333333333333,2.2565714285714282,2.2512222222222222,2.029428571428571,1.9390389610389616,2.3053333333333335,2.4402857142857144,2.9438999999999997,2.6618333333333335,3.3678823529411765,3.1708181818181815,2.3196363636363646,3.25,3.25,3.25,3.25,3.25,3.25,3.25,3.25,3.25,3.25,3.25
1.751875,2.0180000000000002,1.3336428571428574,1.7066666666666666,1.7648333333333333,2.2361666666666666,1.7923478260869563,1.736807692307692,2.003933333333334,2.044625,2.613,2.35909375,1.754333333333333,2.2565714285714282,2.2512222222222222,2.029428571428571,1.9390389610389616,2.3053333333333335,2.4402857142857144,2.9438999999999997,2.6618333333333335,3.3678823529411765,3.1708181818181815,2.3196363636363646,3.25,3.25,3.25,3.25,3.25,3.25,3.25,3.25,3.25,3.25,3.25
1.751875,2.0180000000000002,1.3336428571428574,1.7066666666666666,1.7648333333333333,2.2361666666666666,1.7923478260869563,1.736807692307692,2.003933333333334,2.044625,2.613,2.35909375,1.754333333333333,2.2565714285714282,2.2512222222222222,2.029428571428571,1.9390389610389616,2.3053333333333335,2.4402857142857144,2.9438999999999997,2.6618333333333335,3.3678823529411765,3.1708181818181815,2.3196363636363646,3.25,3.25,3.25,3.25,3.25,3.25,3.25,3.25,3.25,3.25,3.25
1.751875,2.0180000000000002,1.3336428571428574,1.7066666666666666,1.7648333333333333,2.2361666666666666,1.7923478260869563,1.736807692307692,2.003933333333334,2.044625,2.613,2.35909375,1.754333333333333,2.2565714285714282,2.2512222222222222,2.029428571428571,1.9390389610389616,2.3053333333333335,2.4402857142857144,2.9438999999999997,2.6618333333333335,3.3678823529411765,3.1708181818181815,2.3196363636363646,3.25,3.25,3.25,3.25,3.25,3.25,3.25,3.25,3.25,3.25,3.25
1.751875,2.0180000000000002,1.3336428571428574,1.7066666666666666,1.7648333333333333,2.2361666666666666,1.7923478260869563,1.736807692307692,2.003933333333334,2.044625,2.613,2.35909375,1.754333333333333,2.2565714285714282,2.2512222222222222,2.029428571428571,1.9390389610389616,2.3053333333333335,2.4402857142857144,2.9438999999999997,2.6618333333333335,3.3678823529411765,3.1708181818181815,2.3196363636363646,3.25,3.25,3.25,3.25,3.25,3.25,3.25,3.25,3.25,3.25,3.25
1.751875,2.0180000000000002,1.3336428571428574,1.7066666666666666,1.7648333333333333,2.2361666666666666,1.7923478260869563,1.736807692307692,2.003933333333334,2.044625,2.613,2.35909375,1.754333333333333,2.2565714285714282,2.2512222222222222,2.029428571428571,1.9390389610389616,2.3053333333333335,2.4402857142857144,2.9438999999999997,2.6618333333333335,3.3678823529411765,3.1708181818181815,2.3196363636363646,3.25,3.25,3.25,3.25,3.25,3.25,3.25,3.25,3.25,3.25,3.25
1.751875,2.0180000000000002,1.3336428571428574,1.7066666666666666,1.7648333333333333,2.2361666666666666,1.7923478260869563,1.736807692307692,2.003933333333334,2.044625,2.613,2.35909375,1.754333333333333,2.2565714285714282,2.2512222222222222,2.029428571428571,1.9390389610389616,2.3053333333333335,2.4402857142857144,2.9438999999999997,2.6618333333333335,3.3678823529411765,3.1708181818181815,2.3196363636363646,3.25,3.25,3.25,3.25,3.25,3.25,3.25,3.25,3.25,3.25,3.25
1.751875,2.0180000000000002,1.3336428571428574,1.7066666666666666,1.7648333333333333,2.2361666666666666,1.7923478260869563,1.736807692307692,2.003933333333334,2.044625,2.613,2.35909375,1.754333333333333,2.2565714285714282,2.2512222222222222,2.029428571428571,1.9390389610389616,2.3053333333333335,2.4402857142857144,2.9438999999999997,2.6618333333333335,3.3678823529411765,3.1708181818181815,2.3196363636363646,3.25,3.25,3.25,3.25,3.25,3.25,3.25,3.25,3.25,3.25,3.25
1.751875,2.0180000000000002,1.3336428571428574,1.7066666666666666,1.7648333333333333,2.2361666666666666,1.7923478260869563,1.736807692307692,2.003933333333334,2.044625,2.613,2.35909375,1.754333333333333,2.2565714285714282,2.2512222222222222,2.029428571428571,1.9390389610389616,2.3053333333333335,2.4402857142857144,2.9438999999999997,2.6618333333333335,3.3678823529411765,3.1708181818181815,2.3196363636363646,3.25,3.25,3.25,3.25,3.25,3.25,3.25,3.25,3.25,3.25,3.25
1.751875,2.0180000000000002,1.3336428571428574,1.7066666666666666,1.7648333333333333,2.2361666666666666,1.7923478260869563,1.736807692307692,2.003933333333334,2.044625,2.613,2.35909375,1.754333333333333,2.2565714285714282,2.2512222222222222,2.029428571428571,1.9390389610389616,2.3053333333333335,2.4402857142857144,2.9438999999999997,2.6618333333333335,3.3678823529411765,3.1708181818181815,2.3196363636363646,3.25,3.25,3.25,3.25,3.25,3.25,3.25,3.25,3.25,3.25,3.25
1.751875,2.0180000000000002,1.3336428571428574,1.7066666666666666,1.7648333333333333,2.2361666666666666,1.7923478260869563,1.736807692307692,2.003933333333334,2.044625,2.613,2.35909375,1.754333333333333,2.2565714285714282,2.2512222222222222,2.029428571428571,1.9390389610389616,2.3053333333333335,2.4402857142857144,2.9438999999999997,2.6618333333333335,3.3678823529411765,3.1708181818181815,2.3196363636363646,3.25,3.25,3.25,3.25,3.25,3.25,3.25,3.25,3.25,3.25,3.25
1.751875,2.0180000000000002,1.3336428571428574,1.7066666666666666,1.7648333333333333,2.2361666666666666,1.7923478260869563,1.736807692307692,2.003933333333334,2.044625,2.613,2.35909375,1.754333333333333,2.2565714285714282,2.2512222222222222,2.029428571428571,1.9390389610389616,2.3053333333333335,2.4402857142857144,2.9438999999999997,2.6618333333333335,3.3678823529411765,3.1708181818181815,2.3196363636363646,3.25,3.25,3.25,3.25,3.25,3.25,3.25,3.25,3.25,3.25,3.25
1.775375,1.9225,1.3174666666666663,1.7152307692307693,1.9297499999999996,2.2220666666666666,1.7232962962962963,1.6959354838709677,1.8675000000000004,2.361,2.276333333333333,2.3105333333333333,1.7604999999999997,2.149028571428572,2.227191489361701,2.079909090909091,1.922134615384615,2.1216000000000004,2.24,2.866272727272727,2.7445714285714287,3.2962222222222226,3.1794230769230767,2.3593548387096783,3.25,3.25,3.25,3.25,3.25,3.25,3.25,3.25,3.25,3.25,3.25
1.775375,1.9225,1.3174666666666663,1.7152307692307693,1.9297499999999996,2.2220666666666666,1.7232962962962963,1.6959354838709677,1.8675000000000004,2.361,2.276333333333333,2.3105333333333333,1.7604999999999997,2.149028571428572,2.227191489361701,2.079909090909091,1.922134615384615,2.1216000000000004,2.24,2.866272727272727,2.7445714285714287,3.2962222222222226,3.1794230769230767,2.3593548387096783,3.25,3.25,3.25,3.25,3.25,3.25,3.25,3.25,3.25,3.25,3.25
1.775375,1.9225,1.3174666666666663,1.7152307692307693,1.9297499999999996,2.2220666666666666,1.7232962962962963,1.6959354838709677,1.8675000000000004,2.361,2.276333333333333,2.3105333333333333,1.7604999999999997,2.149028571428572,2.227191489361701,2.079909090909091,1.922134615384615,2.1216000000000004,2.24,2.866272727272727,2.7445714285714287,3.2962222222222226,3.1794230769230767,2.3593548387096783,3.25,3.25,3.25,3.25,3.25,3.25,3.25,3.25,3.25,3.25,3.25
1.775375,1.9225,1.3174666666666663,1.7152307692307693,1.9297499999999996,2.2220666666666666,1.7232962962962963,1.6959354838709677,1.8675000000000004,2.361,2.276333333333333,2.3105333333333333,1.7604999999999997,2.149028571428572,2.227191489361701,2.079909090909091,1.922134615384615,2.1216000000000004,2.24,2.866272727272727,2.7445714285714287,3.2962222222222226,3.1794230769230767,2.3593548387096783,3.25,3.25,3.25,3.25,3.25,3.25,3.25,3.25,3.25,3.25,3.25
1.775375,1.9225,1.3174666666666663,1.7152307692307693,1.9297499999999996,2.2220666666666666,1.7232962962962963,1.6959354838709677,1.8675000000000004,2.361,2.276333333333333,2.3105333333333333,1.7604999999999997,2.149028571428572,2.227191489361701,2.079909090909091,1.922134615384615,2.1216000000000004,2.24,2.866272727272727,2.7445714285714287,3.2962222222222226,3.1794230769230767,2.3593548387096783,3.25,3.25,3.25,3.25,3.25,3.25,3.25,3.25,3.25,3.25,3.25
1.775375,1.9225,1.3174666666666663,1.7152307692307693,1.9297499999999996,2.2220666666666666,1.7232962962962963,1.6959354838709677,1.8675000000000004,2.361,2.276333333333333,2.3105333333333333,1.7604999999999997,2.149028571428572,2.227191489361701,2.079909090909091,1.922134615384615,2.1216000000000004,2.24,2.866272727272727,2.7445714285714287,3.2962222222222226,3.1794230769230767,2.3593548387096783,3.25,3.25,3.25,3.25,3.25,3.25,3.25,3.25,3.25,3.25,3.25
1.775375,1.9225,1.3174666666666663,1.7152307692307693,1.9297499999999996,2.2220666666666666,1.7232962962962963,1.6959354838709677,1.8675000000000004,2.361,2.276333333333333,2.3105333333333333,1.7604999999999997,2.149028571428572,2.227191489361701,2.079909090909091,1.922134615384615,2.1216000000000004,2.24,2.866272727272727,2.7445714285714287,3.2962222222222226,3.1794230769230767,2.3593548387096783,3.25,3.25,3.25,3.25,3.25,3.25,3.25,3.25,3.25,3.25,3.25
1.775375,1.9225,1.3174666666666663,1.7152307692307693,1.9297499999999996,2.2220666666666666,1.7232962962962963,1.6959354838709677,1.8675000000000004,2.361,2.276333333333333,2.3105333333333333,1.7604999999999997,2.149028571428572,2.227191489361701,2.079909090909091,1.922134615384615,2.1216000000000004,2.24,2.866272727272727,2.7445714285714287,3.2962222222222226,3.1794230769230767,2.3593548387096783,3.25,3.25,3.25,3.25,3.25,3.25,3.25,3.25,3.25,3.25,3.25
1.775375,1.9225,1.3174666666666663,1.7152307692307693,1.9297499999999996,2.2220666666666666,1.7232962962962963,1.6959354838709677,1.8675000000000004,2.361,2.276333333333333,2.3105333333333333,1.7604999999999997,2.149028571428572,2.227191489361701,2.079909090909091,1.922134615384615,2.1216000000000004,2.24,2.866272727272727,2.7445714285714287,3.2962222222222226,3.1794230769230767,2.3593548387096783,3.25,3.25,3.25,3.25,3.25,3.25,3.25,3.25,3.25,3.25,3.25
1.775375,1.9225,1.3174666666666663,1.7152307692307693,1.9297499999999996,2.2220666666666666,1.7232962962962963,1.6959354838709677,1.8675000000000004,2.361,2.276333333333333,2.3105333333333333,1.7604999999999997,2.149028571428572,2.227191489361701,2.079909090909091,1.922134615384615,2.1216000000000004,2.24,2.866272727272727,2.7445714285714287,3.2962222222222226,3.1794230769230767,2.3593548387096783,3.25,3.25,3.25,3.25,3.25,3.25,3.25,3.25,3.25,3.25,3.25
1.775375,1.9225,1.3174666666666663,1.7152307692307693,1.9297499999999996,2.2220666666666666,1.7232962962962963,1.6959354838709677,1.8675000000000004,2.361,2.276333333333333,2.3105333333333333,1.7604999999999997,2.149028571428572,2.227191489361701,2.079909090909091,1.922134615384615,2.1216000000000004,2.24,2.866272727272727,2.7445714285714287,3.2962222222222226,3.1794230769230767,2.3593548387096783,3.25,3.25,3.25,3.25,3.25,3.25,3.25,3.25,3.25,3.25,3.25
1.775375,1.9225,1.3174666666666663,1.7152307692307693,1.9297499999999996,2.2220666666666666,1.7232962962962963,1.6959354838709677,1.8675000000000004,2.361,2.276333333333333,2.3105333333333333,1.7604999999999997,2.149028571428572,2.227191489361701,2.079909090909091,1.922134615384615,2.1216000000000004,2.24,2.866272727272727,2.7445714285714287,3.2962222222222226,3.1794230769230767,2.3593548387096783,3.25,3.25,3.25,3.25,3.25,3.25,3.25,3.25,3.25,3.25,3.25
1.775375,1.9225,1.3174666666666663,1.7152307692307693,1.9297499999999996,2.2220666666666666,1.7232962962962963,1.6959354838709677,1.8675000000000004,2.361,2.276333333333333,2.3105333333333333,1.7604999999999997,2.149028571428572,2.227191489361701,2.079909090909091,1.922134615384615,2.1216000000000004,2.24,2.866272727272727,2.7445714285714287,3.2962222222222226,3.1794230769230767,2.3593548387096783,3.25,3.25,3.25,3.25,3.25,3.25,3.25,3.25,3.25,3.25,3.25
1.775375,1.9225,1.3174666666666663,1.7152307692307693,1.9297499999999996,2.2220666666666666,1.7232962962962963,1.6959354838709677,1.8675000000000004,2.361,2.276333333333333,2.3105333333333333,1.7604999999999997,2.149028571428572,2.227191489361701,2.079909090909091,1.922134615384615,2.1216000000000004,2.24,2.866272727272727,2.7445714285714287,3.2962222222222226,3.1794230769230767,2.3593548387096783,3.25,3.25,3.25,3.25,3.25,3.25,3.25,3.25,3.25,3.25,3.25
1.775375,1.9225,1.3174666666666663,1.7152307692307693,1.9297499999999996,2.2220666666666666,1.7232962962962963,1.6959354838709677,1.8675000000000004,2.361,2.276333333333333,2.3105333333333333,1.7604999999999997,2.149028571428572,2.227191489361701,2.079909090909091,1.922134615384615,2.1216000000000004,2.24,2.866272727272727,2.7445714285714287,3.2962222222222226,3.1794230769230767,2.3593548387096783,3.25,3.25,3.25,3.25,3.25,3.25,3.25,3.25,3.25,3.25,3.25
1.775375,1.9225,1.3174666666666663,1.7152307692307693,1.9297499999999996,2.2220666666666666,1.7232962962962963,1.6959354838709677,1.8675000000000004,2.361,2.276333333333333,2.3105333333333333,1.7604999999999997,2.149028571428572,2.227191489361701,2.079909090909091,1.922134615384615,2.1216000000000004,2.24,2.866272727272727,2.7445714285714287,3.2962222222222226,3.1794230769230767,2.3593548387096783,3.25,3.25,3.25,3.25,3.25,3.25,3.25,3.25,3.25,3.25,3.25
1.775375,1.9225,1.3174666666666663,1.7152307692307693,1.9297499999999996,2.2220666666666666,1.7232962962962963,1.6959354838709677,1.8675000000000004,2.361,2.276333333333333,2.3105333333333333,1.7604999999999997,2.149028571428572,2.227191489361701,2.079909090909091,1.922134615384615,2.1216000000000004,2.24,2.866272727272727,2.7445714285714287,3.2962222222222226,3.1794230769230767,2.3593548387096783,3.25,3.25,3.25,3.25,3.25,3.25,3.25,3.25,3.25,3.25,3.25
1.775375,1.9225,1.3174666666666663,1.7152307692307693,1.9297499999999996,2.2220666666666666,1.7232962962962963,1.6959354838709677,1.8675000000000004,2.361,2.276333333333333,2.3105333333333333,1.7604999999999997,2.149028571428572,2.227191489361701,2.079909090909091,1.922134615384615,2.1216000000000004,2.24,2.866272727272727,2.7445714285714287,3.2962222222222226,3.1794230769230767,2.3593548387096783,3.25,3.25,3.25,3.25,3.25,3.25,3.25,3.25,3.25,3.25,3.25
1.775375,1.9225,1.3174666666666663,1.7152307692307693,1.9297499999999996,2.2220666666666666,1.7232962962962963,1.6959354838709677,1.8675000000000004,2.361,2.276333333333333,2.3105333333333333,1.7604999999999997,2.149028571428572,2.227191489361701,2.079909090909091,1.922134615384615,2.1216000000000004,2.24,2.866272727272727,2.7445714285714287,3.2962222222222226,3.1794230769230767,2.3593548387096783,3.25,3.25,3.25,3.25,3.25,3.25,3.25,3.25,3.25,3.25,3.25
1.775375,1.9225,1.3174666666666663,1.7152307692307693,1.9297499999999996,2.2220666666666666,1.7232962962962963,1.6959354838709677,1.8675000000000004,2.361,2.276333333333333,2.3105333333333333,1.7604999999999997,2.149028571428572,2.227191489361701,2.079909090909091,1.922134615384615,2.1216000000000004,2.24,2.866272727272727,2.7445714285714287,3.2962222222222226,3.1794230769230767,2.3593548387096783,3.25,3.25,3.25,3.25,3.25,3.25,3.25,3.25,3.25,3.25,3.25
1.775375,1.9225,1.3174666666666663,1.7152307692307693,1.9297499999999996,2.2220666666666666,1.7232962962962963,1.6959354838709677,1.8675000000000004,2.361,2.276333333333333,2.3105333333333333,1.7604999999999997,2.149028571428572,2.227191489361701,2.079909090909091,1.922134615384615,2.1216000000000004,2.24,2.866272727272727,2.7445714285714287,3.2962222222222226,3.1794230769230767,2.3593548387096783,3.25,3.25,3.25,3.25,3.25,3.25,3.25,3.25,3.25,3.25,3.25
1.775375,1.9225,1.3174666666666663,1.7152307692307693,1.9297499999999996,2.2220666666666666,1.7232962962962963,1.6959354838709677,1.8675000000000004,2.361,2.276333333333333,2.3105333333333333,1.7604999999999997,2.149028571428572,2.227191489361701,2.079909090909091,1.922134615384615,2.1216000000000004,2.24,2.866272727272727,2.7445714285714287,3.2962222222222226,3.1794230769230767,2.3593548387096783,3.25,3.25,3.25,3.25,3.25,3.25,3.25,3.25,3.25,3.25,3.25
1.775375,1.9225,1.3174666666666663,1.7152307692307693,1.9297499999999996,2.2220666666666666,1.7232962962962963,1.6959354838709677,1.8675000000000004,2.361,2.276333333333333,2.3105333333333333,1.7604999999999997,2.149028571428572,2.227191489361701,2.079909090909091,1.922134615384615,2.1216000000000004,2.24,2.866272727272727,2.7445714285714287,3.2962222222222226,3.1794230769230767,2.3593548387096783,3.25,3.25,3.25,3.25,3.25,3.25,3.25,3.25,3.25,3.25,3.25
1.775375,1.9225,1.3174666666666663,1.7152307692307693,1.9297499999999996,2.2220666666666666,1.7232962962962963,1.6959354838709677,1.8675000000000004,2.361,2.276333333333333,2.3105333333333333,1.7604999999999997,2.149028571428572,2.227191489361701,2.079909090909091,1.922134615384615,2.1216000000000004,2.24,2.866272727272727,2.7445714285714287,3.2962222222222226,3.1794230769230767,2.3593548387096783,3.25,3.25,3.25,3.25,3.25,3.25,3.25,3.25,3.25,3.25,3.25
1.775375,1.9225,1.3174666666666663,1.7152307692307693,1.9297499999999996,2.2220666666666666,1.7232962962962963,1.6959354838709677,1.8675000000000004,2.361,2.276333333333333,2.3105333333333333,1.7604999999999997,2.149028571428572,2.227191489361701,2.079909090909091,1.922134615384615,2.1216000000000004,2.24,2.866272727272727,2.7445714285714287,3.2962222222222226,3.1794230769230767,2.3593548387096783,3.25,3.25,3.25,3.25,3.25,3.25,3.25,3.25,3.25,3.25,3.25
1.775375,1.9225,1.3174666666666663,1.7152307692307693,1.9297499999999996,2.2220666666666666,1.7232962962962963,1.6959354838709677,1.8675000000000004,2.361,2.276333333333333,2.3105333333333333,1.7604999999999997,2.149028571428572,2.227191489361701,2.079909090909091,1.922134615384615,2.1216000000000004,2.24,2.866272727272727,2.7445714285714287,3.2962222222222226,3.1794230769230767,2.3593548387096783,3.25,3.25,3.25,3.25,3.25,3.25,3.25,3.25,3.25,3.25,3.25
1.775375,1.9225,1.3174666666666663,1.7152307692307693,1.9297499999999996,2.2220666666666666,1.7232962962962963,1.6959354838709677,1.8675000000000004,2.361,2.276333333333333,2.3105333333333333,1.7604999999999997,2.149028571428572,2.227191489361701,2.079909090909091,1.922134615384615,2.1216000000000004,2.24,2.866272727272727,2.7445714285714287,3.2962222222222226,3.1794230769230767,2.3593548387096783,3.25,3.25,3.25,3.25,3.25,3.25,3.25,3.25,3.25,3.25,3.25
1.775375,1.9225,1.3174666666666663,1.7152307692307693,1.9297499999999996,2.2220666666666666,1.7232962962962963,1.6959354838709677,1.8675000000000004,2.361,2.276333333333333,2.3105333333333333,1.7604999999999997,2.149028571428572,2.227191489361701,2.079909090909091,1.922134615384615,2.1216000000000004,2.24,2.866272727272727,2.7445714285714287,3.2962222222222226,3.1794230769230767,2.3593548387096783,3.25,3.25,3.25,3.25,3.25,3.25,3.25,3.25,3.25,3.25,3.25
1.775375,1.9225,1.3174666666666663,1.7152307692307693,1.9297499999999996,2.2220666666666666,1.7232962962962963,1.6959354838709677,1.8675000000000004,2.361,2.276333333333333,2.3105333333333333,1.7604999999999997,2.149028571428572,2.227191489361701,2.079909090909091,1.922134615384615,2.1216000000000004,2.24,2.866272727272727,2.7445714285714287,3.2962222222222226,3.1794230769230767,2.3593548387096783,3.25,3.25,3.25,3.25,3.25,3.25,3.25,3.25,3.25,3.25,3.25
1.775375,1.9225,1.3174666666666663,1.7152307692307693,1.9297499999999996,2.2220666666666666,1.7232962962962963,1.6959354838709677,1.8675000000000004,2.361,2.276333333333333,2.3105333333333333,1.7604999999999997,2.149028571428572,2.227191489361701,2.079909090909091,1.922134615384615,2.1216000000000004,2.24,2.866272727272727,2.7445714285714287,3.2962222222222226,3.1794230769230767,2.3593548387096783,3.25,3.25,3.25,3.25,3.25,3.25,3.25,3.25,3.25,3.25,3.25
1.775375,1.9225,1.3174666666666663,1.7152307692307693,1.9297499999999996,2.2220666666666666,1.7232962962962963,1.6959354838709677,1.8675000000000004,2.361,2.276333333333333,2.3105333333333333,1.7604999999999997,2.149028571428572,2.227191489361701,2.079909090909091,1.922134615384615,2.1216000000000004,2.24,2.866272727272727,2.7445714285714287,3.2962222222222226,3.1794230769230767,2.3593548387096783,3.25,3.25,3.25,3.25,3.25,3.25,3.25,3.25,3.25,3.25,3.25
1.8105000000000002,1.8955000000000002,1.2955999999999996,1.7365625000000002,1.8063999999999998,2.210933333333333,1.6777727272727274,1.6768,1.9387999999999999,2.4419,2.25575,2.367933333333333,1.7275000000000003,2.185655172413793,2.241826086956522,2.5145,1.9522574257425742,2.3499090909090907,2.2464615384615385,2.843047619047619,2.7467857142857146,3.374000000000001,3.186631578947368,2.296688888888889,3.25,3.25,3.25,3.25,3.25,3.25,3.25,3.25,3.25,3.25,3.25
1.8105000000000002,1.8955000000000002,1.2955999999999996,1.7365625000000002,1.8063999999999998,2.210933333333333,1.6777727272727274,1.6768,1.9387999999999999,2.4419,2.25575,2.367933333333333,1.7275000000000003,2.185655172413793,2.241826086956522,2.5145,1.9522574257425742,2.3499090909090907,2.2464615384615385,2.843047619047619,2.7467857142857146,3.374000000000001,3.186631578947368,2.296688888888889,3.25,3.25,3.25,3.25,3.25,3.25,3.25,3.25,3.25,3.25,3.25
1.8105000000000002,1.8955000000000002,1.2955999999999996,1.7365625000000002,1.8063999999999998,2.210933333333333,1.6777727272727274,1.6768,1.9387999999999999,2.4419,2.25575,2.367933333333333,1.7275000000000003,2.185655172413793,2.241826086956522,2.5145,1.9522574257425742,2.3499090909090907,2.2464615384615385,2.843047619047619,2.7467857142857146,3.374000000000001,3.186631578947368,2.296688888888889,3.25,3.25,3.25,3.25,3.25,3.25,3.25,3.25,3.25,3.25,3.25
1.8105000000000002,1.8955000000000002,1.2955999999999996,1.7365625000000002,1.8063999999999998,2.210933333333333,1.6777727272727274,1.6768,1.9387999999999999,2.4419,2.25575,2.367933333333333,1.7275000000000003,2.185655172413793,2.241826086956522,2.5145,1.9522574257425742,2.3499090909090907,2.2464615384615385,2.843047619047619,2.7467857142857146,3.374000000000001,3.186631578947368,2.296688888888889,3.25,3.25,3.25,3.25,3.25,3.25,3.25,3.25,3.25,3.25,3.25
1.8105000000000002,1.8955000000000002,1.2955999999999996,1.7365625000000002,1.8063999999999998,2.210933333333333,1.6777727272727274,1.6768,1.9387999999999999,2.4419,2.25575,2.367933333333333,1.7275000000000003,2.185655172413793,2.241826086956522,2.5145,1.9522574257425742,2.3499090909090907,2.2464615384615385,2.843047619047619,2.7467857142857146,3.374000000000001,3.186631578947368,2.296688888888889,3.25,3.25,3.25,3.25,3.25,3.25,3.25,3.25,3.25,3.25,3.25
1.8105000000000002,1.8955000000000002,1.2955999999999996,1.7365625000000002,1.8063999999999998,2.210933333333333,1.6777727272727274,1.6768,1.9387999999999999,2.4419,2.25575,2.367933333333333,1.7275000000000003,2.185655172413793,2.241826086956522,2.5145,1.9522574257425742,2.3499090909090907,2.2464615384615385,2.843047619047619,2.7467857142857146,3.374000000000001,3.186631578947368,2.296688888888889,3.25,3.25,3.25,3.25,3.25,3.25,3.25,3.25,3.25,3.25,3.25
1.8105000000000002,1.8955000000000002,1.2955999999999996,1.7365625000000002,1.8063999999999998,2.210933333333333,1.6777727272727274,1.6768,1.9387999999999999,2.4419,2.25575,2.367933333333333,1.7275000000000003,2.185655172413793,2.241826086956522,2.5145,1.9522574257425742,2.3499090909090907,2.2464615384615385,2.843047619047619,2.7467857142857146,3.374000000000001,3.186631578947368,2.296688888888889,3.25,3.25,3.25,3.25,3.25,3.25,3.25,3.25,3.25,3.25,3.25
1.8105000000000002,1.8955000000000002,1.2955999999999996,1.7365625000000002,1.8063999999999998,2.210933333333333,1.6777727272727274,1.6768,1.9387999999999999,2.4419,2.25575,2.367933333333333,1.7275000000000003,2.185655172413793,2.241826086956522,2.5145,1.9522574257425742,2.3499090909090907,2.2464615384615385,2.843047619047619,2.7467857142857146,3.374000000000001,3.186631578947368,2.296688888888889,3.25,3.25,3.25,3.25,3.25,3.25,3.25,3.25,3.25,3.25,3.25
1.8105000000000002,1.8955000000000002,1.2955999999999996,1.7365625000000002,1.8063999999999998,2.210933333333333,1.6777727272727274,1.6768,1.9387999999999999,2.4419,2.25575,2.367933333333333,1.7275000000000003,2.185655172413793,2.241826086956522,2.5145,1.9522574257425742,2.3499090909090907,2.2464615384615385,2.843047619047619,2.7467857142857146,3.374000000000001,3.186631578947368,2.296688888888889,3.25,3.25,3.25,3.25,3.25,3.25,3.25,3.25,3.25,3.25,3.25
1.8105000000000002,1.8955000000000002,1.2955999999999996,1.7365625000000002,1.8063999999999998,2.210933333333333,1.6777727272727274,1.6768,1.9387999999999999,2.4419,2.25575,2.367933333333333,1.7275000000000003,2.185655172413793,2.241826086956522,2.5145,1.9522574257425742,2.3499090909090907,2.2464615384615385,2.843047619047619,2.7467857142857146,3.374000000000001,3.186631578947368,2.296688888888889,3.25,3.25,3.25,3.25,3.25,3.25,3.25,3.25,3.25,3.25,3.25
1.8105000000000002,1.8955000000000002,1.2955999999999996,1.7365625000000002,1.8063999999999998,2.210933333333333,1.6777727272727274,1.6768,1.9387999999999999,2.4419,2.25575,2.367933333333333,1.7275000000000003,2.185655172413793,2.241826086956522,2.5145,1.9522574257425742,2.3499090909090907,2.2464615384615385,2.843047619047619,2.7467857142857146,3.374000000000001,3.186631578947368,2.296688888888889,3.25,3.25,3.25,3.25,3.25,3.25,3.25,3.25,3.25,3.25,3.25
1.8105000000000002,1.8955000000000002,1.2955999999999996,1.7365625000000002,1.8063999999999998,2.210933333333333,1.6777727272727274,1.6768,1.9387999999999999,2.4419,2.25575,2.367933333333333,1.7275000000000003,2.185655172413793,2.241826086956522,2.5145,1.9522574257425742,2.3499090909090907,2.2464615384615385,2.843047619047619,2.7467857142857146,3.374000000000001,3.186631578947368,2.296688888888889,3.25,3.25,3.25,3.25,3.25,3.25,3.25,3.25,3.25,3.25,3.25
1.8105000000000002,1.8955000000000002,1.2955999999999996,1.7365625000000002,1.8063999999999998,2.210933333333333,1.6777727272727274,1.6768,1.9387999999999999,2.4419,2.25575,2.367933333333333,1.7275000000000003,2.185655172413793,2.241826086956522,2.5145,1.9522574257425742,2.3499090909090907,2.2464615384615385,2.843047619047619,2.7467857142857146,3.374000000000001,3.186631578947368,2.296688888888889,3.25,3.25,3.25,3.25,3.25,3.25,3.25,3.25,3.25,3.25,3.25
1.8105000000000002,1.8955000000000002,1.2955999999999996,1.7365625000000002,1.8063999999999998,2.210933333333333,1.6777727272727274,1.6768,1.9387999999999999,2.4419,2.25575,2.367933333333333,1.7275000000000003,2.185655172413793,2.241826086956522,2.5145,1.9522574257425742,2.3499090909090907,2.2464615384615385,2.843047619047619,2.7467857142857146,3.374000000000001,3.186631578947368,2.296688888888889,3.25,3.25,3.25,3.25,3.25,3.25,3.25,3.25,3.25,3.25,3.25
1.8105000000000002,1.8955000000000002,1.2955999999999996,1.7365625000000002,1.8063999999999998,2.210933333333333,1.6777727272727274,1.6768,1.9387999999999999,2.4419,2.25575,2.367933333333333,1.7275000000000003,2.185655172413793,2.241826086956522,2.5145,1.9522574257425742,2.3499090909090907,2.2464615384615385,2.843047619047619,2.7467857142857146,3.374000000000001,3.186631578947368,2.296688888888889,3.25,3.25,3.25,3.25,3.25,3.25,3.25,3.25,3.25,3.25,3.25
1.8105000000000002,1.8955000000000002,1.2955999999999996,1.7365625000000002,1.8063999999999998,2.210933333333333,1.6777727272727274,1.6768,1.9387999999999999,2.4419,2.25575,2.367933333333333,1.7275000000000003,2.185655172413793,2.241826086956522,2.5145,1.9522574257425742,2.3499090909090907,2.2464615384615385,2.843047619047619,2.7467857142857146,3.374000000000001,3.186631578947368,2.296688888888889,3.25,3.25,3.25,3.25,3.25,3.25,3.25,3.25,3.25,3.25,3.25
1.8105000000000002,1.8955000000000002,1.2955999999999996,1.7365625000000002,1.8063999999999998,2.210933333333333,1.6777727272727274,1.6768,1.9387999999999999,2.4419,2.25575,2.367933333333333,1.7275000000000003,2.185655172413793,2.241826086956522,2.5145,1.9522574257425742,2.3499090909090907,2.2464615384615385,2.843047619047619,2.7467857142857146,3.374000000000001,3.186631578947368,2.296688888888889,3.25,3.25,3.25,3.25,3.25,3.25,3.25,3.25,3.25,3.25,3.25
1.8105000000000002,1.8955000000000002,1.2955999999999996,1.7365625000000002,1.8063999999999998,2.210933333333333,1.6777727272727274,1.6768,1.9387999999999999,2.4419,2.25575,2.367933333333333,1.7275000000000003,2.185655172413793,2.241826086956522,2.5145,1.9522574257425742,2.3499090909090907,2.2464615384615385,2.843047619047619,2.7467857142857146,3.374000000000001,3.186631578947368,2.296688888888889,3.25,3.25,3.25,3.25,3.25,3.25,3.25,3.25,3.25,3.25,3.25
1.8105000000000002,1.8955000000000002,1.2955999999999996,1.7365625000000002,1.8063999999999998,2.210933333333333,1.6777727272727274,1.6768,1.9387999999999999,2.4419,2.25575,2.367933333333333,1.7275000000000003,2.185655172413793,2.241826086956522,2.5145,1.9522574257425742,2.3499090909090907,2.2464615384615385,2.843047619047619,2.7467857142857146,3.374000000000001,3.186631578947368,2.296688888888889,3.25,3.25,3.25,3.25,3.25,3.25,3.25,3.25,3.25,3.25,3.25
1.8105000000000002,1.8955000000000002,1.2955999999999996,1.7365625000000002,1.8063999999999998,2.210933333333333,1.6777727272727274,1.6768,1.9387999999999999,2.4419,2.25575,2.367933333333333,1.7275000000000003,2.185655172413793,2.241826086956522,2.5145,1.9522574257425742,2.3499090909090907,2.2464615384615385,2.843047619047619,2.7467857142857146,3.374000000000001,3.186631578947368,2.296688888888889,3.25,3.25,3.25,3.25,3.25,3.25,3.25,3.25,3.25,3.25,3.25
1.8105000000000002,1.8955000000000002,1.2955999999999996,1.7365625000000002,1.8063999999999998,2.210933333333333,1.6777727272727274,1.6768,1.9387999999999999,2.4419,2.25575,2.367933333333333,1.7275000000000003,2.185655172413793,2.241826086956522,2.5145,1.9522574257425742,2.3499090909090907,2.2464615384615385,2.843047619047619,2.7467857142857146,3.374000000000001,3.186631578947368,2.296688888888889,3.25,3.25,3.25,3.25,3.25,3.25,3.25,3.25,3.25,3.25,3.25
1.8105000000000002,1.8955000000000002,1.2955999999999996,1.7365625000000002,1.8063999999999998,2.210933333333333,1.6777727272727274,1.6768,1.9387999999999999,2.4419,2.25575,2.367933333333333,1.7275000000000003,2.185655172413793,2.241826086956522,2.5145,1.9522574257425742,2.3499090909090907,2.2464615384615385,2.843047619047619,2.7467857142857146,3.374000000000001,3.186631578947368,2.296688888888889,3.25,3.25,3.25,3.25,3.25,3.25,3.25,3.25,3.25,3.25,3.25
1.8105000000000002,1.8955000000000002,1.2955999999999996,1.7365625000000002,1.8063999999999998,2.210933333333333,1.6777727272727274,1.6768,1.9387999999999999,2.4419,2.25575,2.367933333333333,1.7275000000000003,2.185655172413793,2.241826086956522,2.5145,1.9522574257425742,2.3499090909090907,2.2464615384615385,2.843047619047619,2.7467857142857146,3.374000000000001,3.186631578947368,2.296688888888889,3.25,3.25,3.25,3.25,3.25,3.25,3.25,3.25,3.25,3.25,3.25
1.8105000000000002,1.8955000000000002,1.2955999999999996,1.7365625000000002,1.8063999999999998,2.210933333333333,1.6777727272727274,1.6768,1.9387999999999999,2.4419,2.25575,2.367933333333333,1.7275000000000003,2.185655172413793,2.241826086956522,2.5145,1.9522574257425742,2.3499090909090907,2.2464615384615385,2.843047619047619,2.7467857142857146,3.374000000000001,3.186631578947368,2.296688888888889,3.25,3.25,3.25,3.25,3.25,3.25,3.25,3.25,3.25,3.25,3.25
1.8105000000000002,1.8955000000000002,1.2955999999999996,1.7365625000000002,1.8063999999999998,2.210933333333333,1.6777727272727274,1.6768,1.9387999999999999,2.4419,2.25575,2.367933333333333,1.7275000000000003,2.185655172413793,2.241826086956522,2.5145,1.9522574257425742,2.3499090909090907,2.2464615384615385,2.843047619047619,2.7467857142857146,3.374000000000001,3.186631578947368,2.296688888888889,3.25,3.25,3.25,3.25,3.25,3.25,3.25,3.25,3.25,3.25,3.25
1.8105000000000002,1.8955000000000002,1.2955999999999996,1.7365625000000002,1.8063999999999998,2.210933333333333,1.6777727272727274,1.6768,1.9387999999999999,2.4419,2.25575,2.367933333333333,1.7275000000000003,2.185655172413793,2.241826086956522,2.5145,1.9522574257425742,2.3499090909090907,2.2464615384615385,2.843047619047619,2.7467857142857146,3.374000000000001,3.186631578947368,2.296688888888889,3.25,3.25,3.25,3.25,3.25,3.25,3.25,3.25,3.25,3.25,3.25
1.8105000000000002,1.8955000000000002,1.2955999999999996,1.7365625000000002,1.8063999999999998,2.210933333333333,1.6777727272727274,1.6768,1.9387999999999999,2.4419,2.25575,2.367933333333333,1.7275000000000003,2.185655172413793,2.241826086956522,2.5145,1.9522574257425742,2.3499090909090907,2.2464615384615385,2.843047619047619,2.7467857142857146,3.374000000000001,3.186631578947368,2.296688888888889,3.25,3.25,3.25,3.25,3.25,3.25,3.25,3.25,3.25,3.25,3.25
1.8105000000000002,1.8955000000000002,1.2955999999999996,1.7365625000000002,1.8063999999999998,2.210933333333333,1.6777727272727274,1.6768,1.9387999999999999,2.4419,2.25575,2.367933333333333,1.7275000000000003,2.185655172413793,2.241826086956522,2.5145,1.9522574257425742,2.3499090909090907,2.2464615384615385,2.843047619047619,2.7467857142857146,3.374000000000001,3.186631578947368,2.296688888888889,3.25,3.25,3.25,3.25,3.25,3.25,3.25,3.25,3.25,3.25,3.25
1.8105000000000002,1.8955000000000002,1.2955999999999996,1.7365625000000002,1.8063999999999998,2.210933333333333,1.6777727272727274,1.6768,1.9387999999999999,2.4419,2.25575,2.367933333333333,1.7275000000000003,2.185655172413793,2.241826086956522,2.5145,1.9522574257425742,2.3499090909090907,2.2464615384615385,2.843047619047619,2.7467857142857146,3.374000000000001,3.186631578947368,2.296688888888889,3.25,3.25,3.25,3.25,3.25,3.25,3.25,3.25,3.25,3.25,3.25
1.8105000000000002,1.8955000000000002,1.2955999999999996,1.7365625000000002,1.8063999999999998,2.210933333333333,1.6777727272727274,1.6768,1.9387999999999999,2.4419,2.25575,2.367933333333333,1.7275000000000003,2.185655172413793,2.241826086956522,2.5145,1.9522574257425742,2.3499090909090907,2.2464615384615385,2.843047619047619,2.7467857142857146,3.374000000000001,3.186631578947368,2.296688888888889,3.25,3.25,3.25,3.25,3.25,3.25,3.25,3.25,3.25,3.25,3.25
1.7407499999999998,2.03425,1.2942666666666665,1.7426666666666668,1.7424285714285717,2.2296,1.7303199999999999,1.7908536585365857,2.002045454545455,2.3042222222222226,2.2096666666666667,2.3382500000000004,1.7825833333333332,2.2019999999999995,2.2640000000000002,2.5444999999999998,1.9680190476190473,2.337333333333333,2.3163333333333336,2.79855,2.63875,3.251333333333333,3.2423823529411764,2.365282608695652,3.25,3.25,3.25,3.25,3.25,3.25,3.25,3.25,3.25,3.25,3.25
1.7407499999999998,2.03425,1.2942666666666665,1.7426666666666668,1.7424285714285717,2.2296,1.7303199999999999,1.7908536585365857,2.002045454545455,2.3042222222222226,2.2096666666666667,2.3382500000000004,1.7825833333333332,2.2019999999999995,2.2640000000000002,2.5444999999999998,1.9680190476190473,2.337333333333333,2.3163333333333336,2.79855,2.63875,3.251333333333333,3.2423823529411764,2.365282608695652,3.25,3.25,3.25,3.25,3.25,3.25,3.25,3.25,3.25,3.25,3.25
1.7407499999999998,2.03425,1.2942666666666665,1.7426666666666668,1.7424285714285717,2.2296,1.7303199999999999,1.7908536585365857,2.002045454545455,2.3042222222222226,2.2096666666666667,2.3382500000000004,1.7825833333333332,2.2019999999999995,2.2640000000000002,2.5444999999999998,1.9680190476190473,2.337333333333333,2.3163333333333336,2.79855,2.63875,3.251333333333333,3.2423823529411764,2.365282608695652,3.25,3.25,3.25,3.25,3.25,3.25,3.25,3.25,3.25,3.25,3.25
1.7407499999999998,2.03425,1.2942666666666665,1.7426666666666668,1.7424285714285717,2.2296,1.7303199999999999,1.7908536585365857,2.002045454545455,2.3042222222222226,2.2096666666666667,2.3382500000000004,1.7825833333333332,2.2019999999999995,2.2640000000000002,2.5444999999999998,1.9680190476190473,2.337333333333333,2.3163333333333336,2.79855,2.63875,3.251333333333333,3.2423823529411764,2.365282608695652,3.25,3.25,3.25,3.25,3.25,3.25,3.25,3.25,3.25,3.25,3.25
1.7407499999999998,2.03425,1.2942666666666665,1.7426666666666668,1.7424285714285717,2.2296,1.7303199999999999,1.7908536585365857,2.002045454545455,2.3042222222222226,2.2096666666666667,2.3382500000000004,1.7825833333333332,2.2019999999999995,2.2640000000000002,2.5444999999999998,1.9680190476190473,2.337333333333333,2.3163333333333336,2.79855,2.63875,3.251333333333333,3.2423823529411764,2.365282608695652,3.25,3.25,3.25,3.25,3.25,3.25,3.25,3.25,3.25,3.25,3.25
1.7407499999999998,2.03425,1.2942666666666665,1.7426666666666668,1.7424285714285717,2.2296,1.7303199999999999,1.7908536585365857,2.002045454545455,2.3042222222222226,2.2096666666666667,2.3382500000000004,1.7825833333333332,2.2019999999999995,2.2640000000000002,2.5444999999999998,1.9680190476190473,2.337333333333333,2.3163333333333336,2.79855,2.63875,3.251333333333333,3.2423823529411764,2.365282608695652,3.25,3.25,3.25,3.25,3.25,3.25,3.25,3.25,3.25,3.25,3.25
1.7407499999999998,2.03425,1.2942666666666665,1.7426666666666668,1.7424285714285717,2.2296,1.7303199999999999,1.7908536585365857,2.002045454545455,2.3042222222222226,2.2096666666666667,2.3382500000000004,1.7825833333333332,2.2019999999999995,2.2640000000000002,2.5444999999999998,1.9680190476190473,2.337333333333333,2.3163333333333336,2.79855,2.63875,3.251333333333333,3.2423823529411764,2.365282608695652,3.25,3.25,3.25,3.25,3.25,3.25,3.25,3.25,3.25,3.25,3.25
1.7407499999999998,2.03425,1.2942666666666665,1.7426666666666668,1.7424285714285717,2.2296,1.7303199999999999,1.7908536585365857,2.002045454545455,2.3042222222222226,2.2096666666666667,2.3382500000000004,1.7825833333333332,2.2019999999999995,2.2640000000000002,2.5444999999999998,1.9680190476190473,2.337333333333333,2.3163333333333336,2.79855,2.63875,3.251333333333333,3.2423823529411764,2.365282608695652,3.25,3.25,3.25,3.25,3.25,3.25,3.25,3.25,3.25,3.25,3.25
1.7407499999999998,2.03425,1.2942666666666665,1.7426666666666668,1.7424285714285717,2.2296,1.7303199999999999,1.7908536585365857,2.002045454545455,2.3042222222222226,2.2096666666666667,2.3382500000000004,1.7825833333333332,2.2019999999999995,2.2640000000000002,2.5444999999999998,1.9680190476190473,2.337333333333333,2.3163333333333336,2.79855,2.63875,3.251333333333333,3.2423823529411764,2.365282608695652,3.25,3.25,3.25,3.25,3.25,3.25,3.25,3.25,3.25,3.25,3.25
1.7407499999999998,2.03425,1.2942666666666665,1.7426666666666668,1.7424285714285717,2.2296,1.7303199999999999,1.7908536585365857,2.002045454545455,2.3042222222222226,2.2096666666666667,2.3382500000000004,1.7825833333333332,2.2019999999999995,2.2640000000000002,2.5444999999999998,1.9680190476190473,2.337333333333333,2.3163333333333336,2.79855,2.63875,3.251333333333333,3.2423823529411764,2.365282608695652,3.25,3.25,3.25,3.25,3.25,3.25,3.25,3.25,3.25,3.25,3.25
1.7407499999999998,2.03425,1.2942666666666665,1.7426666666666668,1.7424285714285717,2.2296,1.7303199999999999,1.7908536585365857,2.002045454545455,2.3042222222222226,2.2096666666666667,2.3382500000000004,1.7825833333333332,2.2019999999999995,2.2640000000000002,2.5444999999999998,1.9680190476190473,2.337333333333333,2.3163333333333336,2.79855,2.63875,3.251333333333333,3.2423823529411764,2.365282608695652,3.25,3.25,3.25,3.25,3.25,3.25,3.25,3.25,3.25,3.25,3.25
1.7407499999999998,2.03425,1.2942666666666665,1.7426666666666668,1.7424285714285717,2.2296,1.7303199999999999,1.7908536585365857,2.002045454545455,2.3042222222222226,2.2096666666666667,2.3382500000000004,1.7825833333333332,2.2019999999999995,2.2640000000000002,2.5444999999999998,1.9680190476190473,2.337333333333333,2.3163333333333336,2.79855,2.63875,3.251333333333333,3.2423823529411764,2.365282608695652,3.25,3.25,3.25,3.25,3.25,3.25,3.25,3.25,3.25,3.25,3.25
1.7407499999999998,2.03425,1.2942666666666665,1.7426666666666668,1.7424285714285717,2.2296,1.7303199999999999,1.7908536585365857,2.002045454545455,2.3042222222222226,2.2096666666666667,2.3382500000000004,1.7825833333333332,2.2019999999999995,2.2640000000000002,2.5444999999999998,1.9680190476190473,2.337333333333333,2.3163333333333336,2.79855,2.63875,3.251333333333333,3.2423823529411764,2.365282608695652,3.25,3.25,3.25,3.25,3.25,3.25,3.25,3.25,3.25,3.25,3.25
1.7407499999999998,2.03425,1.2942666666666665,1.7426666666666668,1.7424285714285717,2.2296,1.7303199999999999,1.7908536585365857,2.002045454545455,2.3042222222222226,2.2096666666666667,2.3382500000000004,1.7825833333333332,2.2019999999999995,2.2640000000000002,2.5444999999999998,1.9680190476190473,2.337333333333333,2.3163333333333336,2.79855,2.63875,3.251333333333333,3.2423823529411764,2.365282608695652,3.25,3.25,3.25,3.25,3.25,3.25,3.25,3.25,3.25,3.25,3.25
1.7407499999999998,2.03425,1.2942666666666665,1.7426666666666668,1.7424285714285717,2.2296,1.7303199999999999,1.7908536585365857,2.002045454545455,2.3042222222222226,2.2096666666666667,2.3382500000000004,1.7825833333333332,2.2019999999999995,2.2640000000000002,2.5444999999999998,1.9680190476190473,2.337333333333333,2.3163333333333336,2.79855,2.63875,3.251333333333333,3.2423823529411764,2.365282608695652,3.25,3.25,3.25,3.25,3.25,3.25,3.25,3.25,3.25,3.25,3.25
1.7407499999999998,2.03425,1.2942666666666665,1.7426666666666668,1.7424285714285717,2.2296,1.7303199999999999,1.7908536585365857,2.002045454545455,2.3042222222222226,2.2096666666666667,2.3382500000000004,1.7825833333333332,2.2019999999999995,2.2640000000000002,2.5444999999999998,1.9680190476190473,2.337333333333333,2.3163333333333336,2.79855,2.63875,3.251333333333333,3.2423823529411764,2.365282608695652,3.25,3.25,3.25,3.25,3.25,3.25,3.25,3.25,3.25,3.25,3.25
1.7407499999999998,2.03425,1.2942666666666665,1.7426666666666668,1.7424285714285717,2.2296,1.7303199999999999,1.7908536585365857,2.002045454545455,2.3042222222222226,2.2096666666666667,2.3382500000000004,1.7825833333333332,2.2019999999999995,2.2640000000000002,2.5444999999999998,1.9680190476190473,2.337333333333333,2.3163333333333336,2.79855,2.63875,3.251333333333333,3.2423823529411764,2.365282608695652,3.25,3.25,3.25,3.25,3.25,3.25,3.25,3.25,3.25,3.25,3.25
1.7407499999999998,2.03425,1.2942666666666665,1.7426666666666668,1.7424285714285717,2.2296,1.7303199999999999,1.7908536585365857,2.002045454545455,2.3042222222222226,2.2096666666666667,2.3382500000000004,1.7825833333333332,2.2019999999999995,2.2640000000000002,2.5444999999999998,1.9680190476190473,2.337333333333333,2.3163333333333336,2.79855,2.63875,3.251333333333333,3.2423823529411764,2.365282608695652,3.25,3.25,3.25,3.25,3.25,3.25,3.25,3.25,3.25,3.25,3.25
1.7407499999999998,2.03425,1.2942666666666665,1.7426666666666668,1.7424285714285717,2.2296,1.7303199999999999,1.7908536585365857,2.002045454545455,2.3042222222222226,2.2096666666666667,2.3382500000000004,1.7825833333333332,2.2019999999999995,2.2640000000000002,2.5444999999999998,1.9680190476190473,2.337333333333333,2.3163333333333336,2.79855,2.63875,3.251333333333333,3.2423823529411764,2.365282608695652,3.25,3.25,3.25,3.25,3.25,3.25,3.25,3.25,3.25,3.25,3.25
1.7407499999999998,2.03425,1.2942666666666665,1.7426666666666668,1.7424285714285717,2.2296,1.7303199999999999,1.7908536585365857,2.002045454545455,2.3042222222222226,2.2096666666666667,2.3382500000000004,1.7825833333333332,2.2019999999999995,2.2640000000000002,2.5444999999999998,1.9680190476190473,2.337333333333333,2.3163333333333336,2.79855,2.63875,3.251333333333333,3.2423823529411764,2.365282608695652,3.25,3.25,3.25,3.25,3.25,3.25,3.25,3.25,3.25,3.25,3.25
1.7407499999999998,2.03425,1.2942666666666665,1.7426666666666668,1.7424285714285717,2.2296,1.7303199999999999,1.7908536585365857,2.002045454545455,2.3042222222222226,2.2096666666666667,2.3382500000000004,1.7825833333333332,2.2019999999999995,2.2640000000000002,2.5444999999999998,1.9680190476190473,2.337333333333333,2.3163333333333336,2.79855,2.63875,3.251333333333333,3.2423823529411764,2.365282608695652,3.25,3.25,3.25,3.25,3.25,3.25,3.25,3.25,3.25,3.25,3.25
1.7407499999999998,2.03425,1.2942666666666665,1.7426666666666668,1.7424285714285717,2.2296,1.7303199999999999,1.7908536585365857,2.002045454545455,2.3042222222222226,2.2096666666666667,2.3382500000000004,1.7825833333333332,2.2019999999999995,2.2640000000000002,2.5444999999999998,1.9680190476190473,2.337333333333333,2.3163333333333336,2.79855,2.63875,3.251333333333333,3.2423823529411764,2.365282608695652,3.25,3.25,3.25,3.25,3.25,3.25,3.25,3.25,3.25,3.25,3.25
1.7407499999999998,2.03425,1.2942666666666665,1.7426666666666668,1.7424285714285717,2.2296,1.7303199999999999,1.7908536585365857,2.002045454545455,2.3042222222222226,2.2096666666666667,2.3382500000000004,1.7825833333333332,2.2019999999999995,2.2640000000000002,2.5444999999999998,1.9680190476190473,2.337333333333333,2.3163333333333336,2.79855,2.63875,3.251333333333333,3.2423823529411764,2.365282608695652,3.25,3.25,3.25,3.25,3.25,3.25,3.25,3.25,3.25,3.25,3.25
1.7407499999999998,2.03425,1.2942666666666665,1.7426666666666668,1.7424285714285717,2.2296,1.7303199999999999,1.7908536585365857,2.002045454545455,2.3042222222222226,2.2096666666666667,2.3382500000000004,1.7825833333333332,2.2019999999999995,2.2640000000000002,2.5444999999999998,1.9680190476190473,2.337333333333333,2.3163333333333336,2.79855,2.63875,3.251333333333333,3.2423823529411764,2.365282608695652,3.25,3.25,3.25,3.25,3.25,3.25,3.25,3.25,3.25,3.25,3.25
1.7407499999999998,2.03425,1.2942666666666665,1.7426666666666668,1.7424285714285717,2.2296,1.7303199999999999,1.7908536585365857,2.002045454545455,2.3042222222222226,2.2096666666666667,2.3382500000000004,1.7825833333333332,2.2019999999999995,2.2640000000000002,2.5444999999999998,1.9680190476190473,2.337333333333333,2.3163333333333336,2.79855,2.63875,3.251333333333333,3.2423823529411764,2.365282608695652,3.25,3.25,3.25,3.25,3.25,3.25,3.25,3.25,3.25,3.25,3.25
1.7407499999999998,2.03425,1.2942666666666665,1.7426666666666668,1.7424285714285717,2.2296,1.7303199999999999,1.7908536585365857,2.002045454545455,2.3042222222222226,2.2096666666666667,2.3382500000000004,1.7825833333333332,2.2019999999999995,2.2640000000000002,2.5444999999999998,1.9680190476190473,2.337333333333333,2.3163333333333336,2.79855,2.63875,3.251333333333333,3.2423823529411764,2.365282608695652,3.25,3.25,3.25,3.25,3.25,3.25,3.25,3.25,3.25,3.25,3.25
1.7407499999999998,2.03425,1.2942666666666665,1.7426666666666668,1.7424285714285717,2.2296,1.7303199999999999,1.7908536585365857,2.002045454545455,2.3042222222222226,2.2096666666666667,2.3382500000000004,1.7825833333333332,2.2019999999999995,2.2640000000000002,2.5444999999999998,1.9680190476190473,2.337333333333333,2.3163333333333336,2.79855,2.63875,3.251333333333333,3.2423823529411764,2.365282608695652,3.25,3.25,3.25,3.25,3.25,3.25,3.25,3.25,3.25,3.25,3.25
1.7407499999999998,2.03425,1.2942666666666665,1.7426666666666668,1.7424285714285717,2.2296,1.7303199999999999,1.7908536585365857,2.002045454545455,2.3042222222222226,2.2096666666666667,2.3382500000000004,1.7825833333333332,2.2019999999999995,2.2640000000000002,2.5444999999999998,1.9680190476190473,2.337333333333333,2.3163333333333336,2.79855,2.63875,3.251333333333333,3.2423823529411764,2.365282608695652,3.25,3.25,3.25,3.25,3.25,3.25,3.25,3.25,3.25,3.25,3.25
1.7407499999999998,2.03425,1.2942666666666665,1.7426666666666668,1.7424285714285717,2.2296,1.7303199999999999,1.7908536585365857,2.002045454545455,2.3042222222222226,2.2096666666666667,2.3382500000000004,1.7825833333333332,2.2019999999999995,2.2640000000000002,2.5444999999999998,1.9680190476190473,2.337333333333333,2.3163333333333336,2.79855,2.63875,3.251333333333333,3.2423823529411764,2.365282608695652,3.25,3.25,3.25,3.25,3.25,3.25,3.25,3.25,3.25,3.25,3.25
1.7407499999999998,2.03425,1.2942666666666665,1.7426666666666668,1.7424285714285717,2.2296,1.7303199999999999,1.7908536585365857,2.002045454545455,2.3042222222222226,2.2096666666666667,2.3382500000000004,1.7825833333333332,2.2019999999999995,2.2640000000000002,2.5444999999999998,1.9680190476190473,2.337333333333333,2.3163333333333336,2.79855,2.63875,3.251333333333333,3.2423823529411764,2.365282608695652,3.25,3.25,3.25,3.25,3.25,3.25,3.25,3.25,3.25,3.25,3.25
1.7407499999999998,2.03425,1.2942666666666665,1.7426666666666668,1.7424285714285717,2.2296,1.7303199999999999,1.7908536585365857,2.002045454545455,2.3042222222222226,2.2096666666666667,2.3382500000000004,1.7825833333333332,2.2019999999999995,2.2640000000000002,2.5444999999999998,1.9680190476190473,2.337333333333333,2.3163333333333336,2.79855,2.63875,3.251333333333333,3.2423823529411764,2.365282608695652,3.25,3.25,3.25,3.25,3.25,3.25,3.25,3.25,3.25,3.25,3.25
1.8135,1.9210000000000003,1.28825,1.6871428571428573,1.7817499999999997,2.2147058823529413,1.7120416666666665,1.778571428571429,2.0161363636363636,2.4676666666666667,3.0704999999999996,2.3446538461538466,1.7658333333333334,2.2065428571428574,2.2222727272727267,2.57375,1.9857304347826084,2.349272727272727,2.166,2.7791052631578945,2.700071428571428,3.322791666666667,3.2209230769230777,2.330166666666667,3.25,3.25,3.25,3.25,3.25,3.25,3.25,3.25,3.25,3.25,3.25
1.8135,1.9210000000000003,1.28825,1.6871428571428573,1.7817499999999997,2.2147058823529413,1.7120416666666665,1.778571428571429,2.0161363636363636,2.4676666666666667,3.0704999999999996,2.3446538461538466,1.7658333333333334,2.2065428571428574,2.2222727272727267,2.57375,1.9857304347826084,2.349272727272727,2.166,2.7791052631578945,2.700071428571428,3.322791666666667,3.2209230769230777,2.330166666666667,3.25,3.25,3.25,3.25,3.25,3.25,3.25,3.25,3.25,3.25,3.25
1.8135,1.9210000000000003,1.28825,1.6871428571428573,1.7817499999999997,2.2147058823529413,1.7120416666666665,1.778571428571429,2.0161363636363636,2.4676666666666667,3.0704999999999996,2.3446538461538466,1.7658333333333334,2.2065428571428574,2.2222727272727267,2.57375,1.9857304347826084,2.349272727272727,2.166,2.7791052631578945,2.700071428571428,3.322791666666667,3.2209230769230777,2.330166666666667,3.25,3.25,3.25,3.25,3.25,3.25,3.25,3.25,3.25,3.25,3.25
1.8135,1.9210000000000003,1.28825,1.6871428571428573,1.7817499999999997,2.2147058823529413,1.7120416666666665,1.778571428571429,2.0161363636363636,2.4676666666666667,3.0704999999999996,2.3446538461538466,1.7658333333333334,2.2065428571428574,2.2222727272727267,2.57375,1.9857304347826084,2.349272727272727,2.166,2.7791052631578945,2.700071428571428,3.322791666666667,3.2209230769230777,2.330166666666667,3.25,3.25,3.25,3.25,3.25,3.25,3.25,3.25,3.25,3.25,3.25
1.8135,1.9210000000000003,1.28825,1.6871428571428573,1.7817499999999997,2.2147058823529413,1.7120416666666665,1.778571428571429,2.0161363636363636,2.4676666666666667,3.0704999999999996,2.3446538461538466,1.7658333333333334,2.2065428571428574,2.2222727272727267,2.57375,1.9857304347826084,2.349272727272727,2.166,2.7791052631578945,2.700071428571428,3.322791666666667,3.2209230769230777,2.330166666666667,3.25,3.25,3.25,3.25,3.25,3.25,3.25,3.25,3.25,3.25,3.25
1.8135,1.9210000000000003,1.28825,1.6871428571428573,1.7817499999999997,2.2147058823529413,1.7120416666666665,1.778571428571429,2.0161363636363636,2.4676666666666667,3.0704999999999996,2.3446538461538466,1.7658333333333334,2.2065428571428574,2.2222727272727267,2.57375,1.9857304347826084,2.349272727272727,2.166,2.7791052631578945,2.700071428571428,3.322791666666667,3.2209230769230777,2.330166666666667,3.25,3.25,3.25,3.25,3.25,3.25,3.25,3.25,3.25,3.25,3.25
1.8135,1.9210000000000003,1.28825,1.6871428571428573,1.7817499999999997,2.2147058823529413,1.7120416666666665,1.778571428571429,2.0161363636363636,2.4676666666666667,3.0704999999999996,2.3446538461538466,1.7658333333333334,2.2065428571428574,2.2222727272727267,2.57375,1.9857304347826084,2.349272727272727,2.166,2.7791052631578945,2.700071428571428,3.322791666666667,3.2209230769230777,2.330166666666667,3.25,3.25,3.25,3.25,3.25,3.25,3.25,3.25,3.25,3.25,3.25
1.8135,1.9210000000000003,1.28825,1.6871428571428573,1.7817499999999997,2.2147058823529413,1.7120416666666665,1.778571428571429,2.0161363636363636,2.4676666666666667,3.0704999999999996,2.3446538461538466,1.7658333333333334,2.2065428571428574,2.2222727272727267,2.57375,1.9857304347826084,2.349272727272727,2.166,2.7791052631578945,2.700071428571428,3.322791666666667,3.2209230769230777,2.330166666666667,3.25,3.25,3.25,3.25,3.25,3.25,3.25,3.25,3.25,3.25,3.25
1.8135,1.9210000000000003,1.28825,1.6871428571428573,1.7817499999999997,2.2147058823529413,1.7120416666666665,1.778571428571429,2.0161363636363636,2.4676666666666667,3.0704999999999996,2.3446538461538466,1.7658333333333334,2.2065428571428574,2.2222727272727267,2.57375,1.9857304347826084,2.349272727272727,2.166,2.7791052631578945,2.700071428571428,3.322791666666667,3.2209230769230777,2.330166666666667,3.25,3.25,3.25,3.25,3.25,3.25,3.25,3.25,3.25,3.25,3.25
1.8135,1.9210000000000003,1.28825,1.6871428571428573,1.7817499999999997,2.2147058823529413,1.7120416666666665,1.778571428571429,2.0161363636363636,2.4676666666666667,3.0704999999999996,2.3446538461538466,1.7658333333333334,2.2065428571428574,2.2222727272727267,2.57375,1.9857304347826084,2.349272727272727,2.166,2.7791052631578945,2.700071428571428,3.322791666666667,3.2209230769230777,2.330166666666667,3.25,3.25,3.25,3.25,3.25,3.25,3.25,3.25,3.25,3.25,3.25
1.8135,1.9210000000000003,1.28825,1.6871428571428573,1.7817499999999997,2.2147058823529413,1.7120416666666665,1.778571428571429,2.0161363636363636,2.4676666666666667,3.0704999999999996,2.3446538461538466,1.7658333333333334,2.2065428571428574,2.2222727272727267,2.57375,1.9857304347826084,2.349272727272727,2.166,2.7791052631578945,2.700071428571428,3.322791666666667,3.2209230769230777,2.330166666666667,3.25,3.25,3.25,3.25,3.25,3.25,3.25,3.25,3.25,3.25,3.25
1.8135,1.9210000000000003,1.28825,1.6871428571428573,1.7817499999999997,2.2147058823529413,1.7120416666666665,1.778571428571429,2.0161363636363636,2.4676666666666667,3.0704999999999996,2.3446538461538466,1.7658333333333334,2.2065428571428574,2.2222727272727267,2.57375,1.9857304347826084,2.349272727272727,2.166,2.7791052631578945,2.700071428571428,3.322791666666667,3.2209230769230777,2.330166666666667,3.25,3.25,3.25,3.25,3.25,3.25,3.25,3.25,3.25,3.25,3.25
1.8135,1.9210000000000003,1.28825,1.6871428571428573,1.7817499999999997,2.2147058823529413,1.7120416666666665,1.778571428571429,2.0161363636363636,2.4676666666666667,3.0704999999999996,2.3446538461538466,1.7658333333333334,2.2065428571428574,2.2222727272727267,2.57375,1.9857304347826084,2.349272727272727,2.166,2.7791052631578945,2.700071428571428,3.322791666666667,3.2209230769230777,2.330166666666667,3.25,3.25,3.25,3.25,3.25,3.25,3.25,3.25,3.25,3.25,3.25
1.8135,1.9210000000000003,1.28825,1.6871428571428573,1.7817499999999997,2.2147058823529413,1.7120416666666665,1.778571428571429,2.0161363636363636,2.4676666666666667,3.0704999999999996,2.3446538461538466,1.7658333333333334,2.2065428571428574,2.2222727272727267,2.57375,1.9857304347826084,2.349272727272727,2.166,2.7791052631578945,2.700071428571428,3.322791666666667,3.2209230769230777,2.330166666666667,3.25,3.25,3.25,3.25,3.25,3.25,3.25,3.25,3.25,3.25,3.25
1.8135,1.9210000000000003,1.28825,1.6871428571428573,1.7817499999999997,2.2147058823529413,1.7120416666666665,1.778571428571429,2.0161363636363636,2.4676666666666667,3.0704999999999996,2.3446538461538466,1.7658333333333334,2.2065428571428574,2.2222727272727267,2.57375,1.9857304347826084,2.349272727272727,2.166,2.7791052631578945,2.700071428571428,3.322791666666667,3.2209230769230777,2.330166666666667,3.25,3.25,3.25,3.25,3.25,3.25,3.25,3.25,3.25,3.25,3.25
1.8135,1.9210000000000003,1.28825,1.6871428571428573,1.7817499999999997,2.2147058823529413,1.7120416666666665,1.778571428571429,2.0161363636363636,2.4676666666666667,3.0704999999999996,2.3446538461538466,1.7658333333333334,2.2065428571428574,2.2222727272727267,2.57375,1.9857304347826084,2.349272727272727,2.166,2.7791052631578945,2.700071428571428,3.322791666666667,3.2209230769230777,2.330166666666667,3.25,3.25,3.25,3.25,3.25,3.25,3.25,3.25,3.25,3.25,3.25
1.8135,1.9210000000000003,1.28825,1.6871428571428573,1.7817499999999997,2.2147058823529413,1.7120416666666665,1.778571428571429,2.0161363636363636,2.4676666666666667,3.0704999999999996,2.3446538461538466,1.7658333333333334,2.2065428571428574,2.2222727272727267,2.57375,1.9857304347826084,2.349272727272727,2.166,2.7791052631578945,2.700071428571428,3.322791666666667,3.2209230769230777,2.330166666666667,3.25,3.25,3.25,3.25,3.25,3.25,3.25,3.25,3.25,3.25,3.25
1.8135,1.9210000000000003,1.28825,1.6871428571428573,1.7817499999999997,2.2147058823529413,1.7120416666666665,1.778571428571429,2.0161363636363636,2.4676666666666667,3.0704999999999996,2.3446538461538466,1.7658333333333334,2.2065428571428574,2.2222727272727267,2.57375,1.9857304347826084,2.349272727272727,2.166,2.7791052631578945,2.700071428571428,3.322791666666667,3.2209230769230777,2.330166666666667,3.25,3.25,3.25,3.25,3.25,3.25,3.25,3.25,3.25,3.25,3.25
1.8135,1.9210000000000003,1.28825,1.6871428571428573,1.7817499999999997,2.2147058823529413,1.7120416666666665,1.778571428571429,2.0161363636363636,2.4676666666666667,3.0704999999999996,2.3446538461538466,1.7658333333333334,2.2065428571428574,2.2222727272727267,2.57375,1.9857304347826084,2.349272727272727,2.166,2.7791052631578945,2.700071428571428,3.322791666666667,3.2209230769230777,2.330166666666667,3.25,3.25,3.25,3.25,3.25,3.25,3.25,3.25,3.25,3.25,3.25
1.8135,1.9210000000000003,1.28825,1.6871428571428573,1.7817499999999997,2.2147058823529413,1.7120416666666665,1.778571428571429,2.0161363636363636,2.4676666666666667,3.0704999999999996,2.3446538461538466,1.7658333333333334,2.2065428571428574,2.2222727272727267,2.57375,1.9857304347826084,2.349272727272727,2.166,2.7791052631578945,2.700071428571428,3.322791666666667,3.2209230769230777,2.330166666666667,3.25,3.25,3.25,3.25,3.25,3.25,3.25,3.25,3.25,3.25,3.25
1.8135,1.9210000000000003,1.28825,1.6871428571428573,1.7817499999999997,2.2147058823529413,1.7120416666666665,1.778571428571429,2.0161363636363636,2.4676666666666667,3.0704999999999996,2.3446538461538466,1.7658333333333334,2.2065428571428574,2.2222727272727267,2.57375,1.9857304347826084,2.349272727272727,2.166,2.7791052631578945,2.700071428571428,3.322791666666667,3.2209230769230777,2.330166666666667,3.25,3.25,3.25,3.25,3.25,3.25,3.25,3.25,3.25,3.25,3.25
1.8135,1.9210000000000003,1.28825,1.6871428571428573,1.7817499999999997,2.2147058823529413,1.7120416666666665,1.778571428571429,2.0161363636363636,2.4676666666666667,3.0704999999999996,2.3446538461538466,1.7658333333333334,2.2065428571428574,2.2222727272727267,2.57375,1.9857304347826084,2.349272727272727,2.166,2.7791052631578945,2.700071428571428,3.322791666666667,3.2209230769230777,2.330166666666667,3.25,3.25,3.25,3.25,3.25,3.25,3.25,3.25,3.25,3.25,3.25
1.8135,1.9210000000000003,1.28825,1.6871428571428573,1.7817499999999997,2.2147058823529413,1.7120416666666665,1.778571428571429,2.0161363636363636,2.4676666666666667,3.0704999999999996,2.3446538461538466,1.7658333333333334,2.2065428571428574,2.2222727272727267,2.57375,1.9857304347826084,2.349272727272727,2.166,2.7791052631578945,2.700071428571428,3.322791666666667,3.2209230769230777,2.330166666666667,3.25,3.25,3.25,3.25,3.25,3.25,3.25,3.25,3.25,3.25,3.25
1.8135,1.9210000000000003,1.28825,1.6871428571428573,1.7817499999999997,2.2147058823529413,1.7120416666666665,1.778571428571429,2.0161363636363636,2.4676666666666667,3.0704999999999996,2.3446538461538466,1.7658333333333334,2.2065428571428574,2.2222727272727267,2.57375,1.9857304347826084,2.349272727272727,2.166,2.7791052631578945,2.700071428571428,3.322791666666667,3.2209230769230777,2.330166666666667,3.25,3.25,3.25,3.25,3.25,3.25,3.25,3.25,3.25,3.25,3.25
1.8135,1.9210000000000003,1.28825,1.6871428571428573,1.7817499999999997,2.2147058823529413,1.7120416666666665,1.778571428571429,2.0161363636363636,2.4676666666666667,3.0704999999999996,2.3446538461538466,1.7658333333333334,2.2065428571428574,2.2222727272727267,2.57375,1.9857304347826084,2.349272727272727,2.166,2.7791052631578945,2.700071428571428,3.322791666666667,3.2209230769230777,2.330166666666667,3.25,3.25,3.25,3.25,3.25,3.25,3.25,3.25,3.25,3.25,3.25
1.8135,1.9210000000000003,1.28825,1.6871428571428573,1.7817499999999997,2.2147058823529413,1.7120416666666665,1.778571428571429,2.0161363636363636,2.4676666666666667,3.0704999999999996,2.3446538461538466,1.7658333333333334,2.2065428571428574,2.2222727272727267,2.57375,1.9857304347826084,2.349272727272727,2.166,2.7791052631578945,2.700071428571428,3.322791666666667,3.2209230769230777,2.330166666666667,3.25,3.25,3.25,3.25,3.25,3.25,3.25,3.25,3.25,3.25,3.25
1.8135,1.9210000000000003,1.28825,1.6871428571428573,1.7817499999999997,2.2147058823529413,1.7120416666666665,1.778571428571429,2.0161363636363636,2.4676666666666667,3.0704999999999996,2.3446538461538466,1.7658333333333334,2.2065428571428574,2.2222727272727267,2.57375,1.9857304347826084,2.349272727272727,2.166,2.7791052631578945,2.700071428571428,3.322791666666667,3.2209230769230777,2.330166666666667,3.25,3.25,3.25,3.25,3.25,3.25,3.25,3.25,3.25,3.25,3.25
1.8135,1.9210000000000003,1.28825,1.6871428571428573,1.7817499999999997,2.2147058823529413,1.7120416666666665,1.778571428571429,2.0161363636363636,2.4676666666666667,3.0704999999999996,2.3446538461538466,1.7658333333333334,2.2065428571428574,2.2222727272727267,2.57375,1.9857304347826084,2.349272727272727,2.166,2.7791052631578945,2.700071428571428,3.322791666666667,3.2209230769230777,2.330166666666667,3.25,3.25,3.25,3.25,3.25,3.25,3.25,3.25,3.25,3.25,3.25
1.8135,1.9210000000000003,1.28825,1.6871428571428573,1.7817499999999997,2.2147058823529413,1.7120416666666665,1.778571428571429,2.0161363636363636,2.4676666666666667,3.0704999999999996,2.3446538461538466,1.7658333333333334,2.2065428571428574,2.2222727272727267,2.57375,1.9857304347826084,2.349272727272727,2.166,2.7791052631578945,2.700071428571428,3.322791666666667,3.2209230769230777,2.330166666666667,3.25,3.25,3.25,3.25,3.25,3.25,3.25,3.25,3.25,3.25,3.25
1.8135,1.9210000000000003,1.28825,1.6871428571428573,1.7817499999999997,2.2147058823529413,1.7120416666666665,1.778571428571429,2.0161363636363636,2.4676666666666667,3.0704999999999996,2.3446538461538466,1.7658333333333334,2.2065428571428574,2.2222727272727267,2.57375,1.9857304347826084,2.349272727272727,2.166,2.7791052631578945,2.700071428571428,3.322791666666667,3.2209230769230777,2.330166666666667,3.25,3.25,3.25,3.25,3.25,3.25,3.25,3.25,3.25,3.25,3.25
1.8135,1.9210000000000003,1.28825,1.6871428571428573,1.7817499999999997,2.2147058823529413,1.7120416666666665,1.778571428571429,2.0161363636363636,2.4676666666666667,3.0704999999999996,2.3446538461538466,1.7658333333333334,2.2065428571428574,2.2222727272727267,2.57375,1.9857304347826084,2.349272727272727,2.166,2.7791052631578945,2.700071428571428,3.322791666666667,3.2209230769230777,2.330166666666667,3.25,3.25,3.25,3.25,3.25,3.25,3.25,3.25,3.25,3.25,3.25
1.7925,1.59,1.3093157894736842,1.7032500000000002,1.7818333333333332,2.210722222222222,1.693166666666667,1.7210909090909094,1.99785,2.4526000000000003,3.0614999999999997,2.3625999999999996,1.6691666666666665,2.218424242424242,2.242318181818182,2.3701999999999996,2.009841121495328,2.0941666666666667,2.1733571428571428,2.773842105263158,2.746375,3.3490555555555552,3.3276829268292683,2.3545333333333325,3.25,3.25,3.25,3.25,3.25,3.25,3.25,3.25,3.25,3.25,3.25
1.7925,1.59,1.3093157894736842,1.7032500000000002,1.7818333333333332,2.210722222222222,1.693166666666667,1.7210909090909094,1.99785,2.4526000000000003,3.0614999999999997,2.3625999999999996,1.6691666666666665,2.218424242424242,2.242318181818182,2.3701999999999996,2.009841121495328,2.0941666666666667,2.1733571428571428,2.773842105263158,2.746375,3.3490555555555552,3.3276829268292683,2.3545333333333325,3.25,3.25,3.25,3.25,3.25,3.25,3.25,3.25,3.25,3.25,3.25
1.7925,1.59,1.3093157894736842,1.7032500000000002,1.7818333333333332,2.210722222222222,1.693166666666667,1.7210909090909094,1.99785,2.4526000000000003,3.0614999999999997,2.3625999999999996,1.6691666666666665,2.218424242424242,2.242318181818182,2.3701999999999996,2.009841121495328,2.0941666666666667,2.1733571428571428,2.773842105263158,2.746375,3.3490555555555552,3.3276829268292683,2.3545333333333325,3.25,3.25,3.25,3.25,3.25,3.25,3.25,3.25,3.25,3.25,3.25
1.7925,1.59,1.3093157894736842,1.7032500000000002,1.7818333333333332,2.210722222222222,1.693166666666667,1.7210909090909094,1.99785,2.4526000000000003,3.0614999999999997,2.3625999999999996,1.6691666666666665,2.218424242424242,2.242318181818182,2.3701999999999996,2.009841121495328,2.0941666666666667,2.1733571428571428,2.773842105263158,2.746375,3.3490555555555552,3.3276829268292683,2.3545333333333325,3.25,3.25,3.25,3.25,3.25,3.25,3.25,3.25,3.25,3.25,3.25
1.7925,1.59,1.3093157894736842,1.7032500000000002,1.7818333333333332,2.210722222222222,1.693166666666667,1.7210909090909094,1.99785,2.4526000000000003,3.0614999999999997,2.3625999999999996,1.6691666666666665,2.218424242424242,2.242318181818182,2.3701999999999996,2.009841121495328,2.0941666666666667,2.1733571428571428,2.773842105263158,2.746375,3.3490555555555552,3.3276829268292683,2.3545333333333325,3.25,3.25,3.25,3.25,3.25,3.25,3.25,3.25,3.25,3.25,3.25
1.7925,1.59,1.3093157894736842,1.7032500000000002,1.7818333333333332,2.210722222222222,1.693166666666667,1.7210909090909094,1.99785,2.4526000000000003,3.0614999999999997,2.3625999999999996,1.6691666666666665,2.218424242424242,2.242318181818182,2.3701999999999996,2.009841121495328,2.0941666666666667,2.1733571428571428,2.773842105263158,2.746375,3.3490555555555552,3.3276829268292683,2.3545333333333325,3.25,3.25,3.25,3.25,3.25,3.25,3.25,3.25,3.25,3.25,3.25
1.7925,1.59,1.3093157894736842,1.7032500000000002,1.7818333333333332,2.210722222222222,1.693166666666667,1.7210909090909094,1.99785,2.4526000000000003,3.0614999999999997,2.3625999999999996,1.6691666666666665,2.218424242424242,2.242318181818182,2.3701999999999996,2.009841121495328,2.0941666666666667,2.1733571428571428,2.773842105263158,2.746375,3.3490555555555552,3.3276829268292683,2.3545333333333325,3.25,3.25,3.25,3.25,3.25,3.25,3.25,3.25,3.25,3.25,3.25
1.7925,1.59,1.3093157894736842,1.7032500000000002,1.7818333333333332,2.210722222222222,1.693166666666667,1.7210909090909094,1.99785,2.4526000000000003,3.0614999999999997,2.3625999999999996,1.6691666666666665,2.218424242424242,2.242318181818182,2.3701999999999996,2.009841121495328,2.0941666666666667,2.1733571428571428,2.773842105263158,2.746375,3.3490555555555552,3.3276829268292683,2.3545333333333325,3.25,3.25,3.25,3.25,3.25,3.25,3.25,3.25,3.25,3.25,3.25
1.7925,1.59,1.3093157894736842,1.7032500000000002,1.7818333333333332,2.210722222222222,1.693166666666667,1.7210909090909094,1.99785,2.4526000000000003,3.0614999999999997,2.3625999999999996,1.6691666666666665,2.218424242424242,2.242318181818182,2.3701999999999996,2.009841121495328,2.0941666666666667,2.1733571428571428,2.773842105263158,2.746375,3.3490555555555552,3.3276829268292683,2.3545333333333325,3.25,3.25,3.25,3.25,3.25,3.25,3.25,3.25,3.25,3.25,3.25
1.7925,1.59,1.3093157894736842,1.7032500000000002,1.7818333333333332,2.210722222222222,1.693166666666667,1.7210909090909094,1.99785,2.4526000000000003,3.0614999999999997,2.3625999999999996,1.6691666666666665,2.218424242424242,2.242318181818182,2.3701999999999996,2.009841121495328,2.0941666666666667,2.1733571428571428,2.773842105263158,2.746375,3.3490555555555552,3.3276829268292683,2.3545333333333325,3.25,3.25,3.25,3.25,3.25,3.25,3.25,3.25,3.25,3.25,3.25
1.7925,1.59,1.3093157894736842,1.7032500000000002,1.7818333333333332,2.210722222222222,1.693166666666667,1.7210909090909094,1.99785,2.4526000000000003,3.0614999999999997,2.3625999999999996,1.6691666666666665,2.218424242424242,2.242318181818182,2.3701999999999996,2.009841121495328,2.0941666666666667,2.1733571428571428,2.773842105263158,2.746375,3.3490555555555552,3.3276829268292683,2.3545333333333325,3.25,3.25,3.25,3.25,3.25,3.25,3.25,3.25,3.25,3.25,3.25
1.7925,1.59,1.3093157894736842,1.7032500000000002,1.7818333333333332,2.210722222222222,1.693166666666667,1.7210909090909094,1.99785,2.4526000000000003,3.0614999999999997,2.3625999999999996,1.6691666666666665,2.218424242424242,2.242318181818182,2.3701999999999996,2.009841121495328,2.0941666666666667,2.1733571428571428,2.773842105263158,2.746375,3.3490555555555552,3.3276829268292683,2.3545333333333325,3.25,3.25,3.25,3.25,3.25,3.25,3.25,3.25,3.25,3.25,3.25
1.7925,1.59,1.3093157894736842,1.7032500000000002,1.7818333333333332,2.210722222222222,1.693166666666667,1.7210909090909094,1.99785,2.4526000000000003,3.0614999999999997,2.3625999999999996,1.6691666666666665,2.218424242424242,2.242318181818182,2.3701999999999996,2.009841121495328,2.0941666666666667,2.1733571428571428,2.773842105263158,2.746375,3.3490555555555552,3.3276829268292683,2.3545333333333325,3.25,3.25,3.25,3.25,3.25,3.25,3.25,3.25,3.25,3.25,3.25
1.7925,1.59,1.3093157894736842,1.7032500000000002,1.7818333333333332,2.210722222222222,1.693166666666667,1.7210909090909094,1.99785,2.4526000000000003,3.0614999999999997,2.3625999999999996,1.6691666666666665,2.218424242424242,2.242318181818182,2.3701999999999996,2.009841121495328,2.0941666666666667,2.1733571428571428,2.773842105263158,2.746375,3.3490555555555552,3.3276829268292683,2.3545333333333325,3.25,3.25,3.25,3.25,3.25,3.25,3.25,3.25,3.25,3.25,3.25
1.7925,1.59,1.3093157894736842,1.7032500000000002,1.7818333333333332,2.210722222222222,1.693166666666667,1.7210909090909094,1.99785,2.4526000000000003,3.0614999999999997,2.3625999999999996,1.6691666666666665,2.218424242424242,2.242318181818182,2.3701999999999996,2.009841121495328,2.0941666666666667,2.1733571428571428,2.773842105263158,2.746375,3.3490555555555552,3.3276829268292683,2.3545333333333325,3.25,3.25,3.25,3.25,3.25,3.25,3.25,3.25,3.25,3.25,3.25
1.7925,1.59,1.3093157894736842,1.7032500000000002,1.7818333333333332,2.210722222222222,1.693166666666667,1.7210909090909094,1.99785,2.4526000000000003,3.0614999999999997,2.3625999999999996,1.6691666666666665,2.218424242424242,2.242318181818182,2.3701999999999996,2.009841121495328,2.0941666666666667,2.1733571428571428,2.773842105263158,2.746375,3.3490555555555552,3.3276829268292683,2.3545333333333325,3.25,3.25,3.25,3.25,3.25,3.25,3.25,3.25,3.25,3.25,3.25
1.7925,1.59,1.3093157894736842,1.7032500000000002,1.7818333333333332,2.210722222222222,1.693166666666667,1.7210909090909094,1.99785,2.4526000000000003,3.0614999999999997,2.3625999999999996,1.6691666666666665,2.218424242424242,2.242318181818182,2.3701999999999996,2.009841121495328,2.0941666666666667,2.1733571428571428,2.773842105263158,2.746375,3.3490555555555552,3.3276829268292683,2.3545333333333325,3.25,3.25,3.25,3.25,3.25,3.25,3.25,3.25,3.25,3.25,3.25
1.7925,1.59,1.3093157894736842,1.7032500000000002,1.7818333333333332,2.210722222222222,1.693166666666667,1.7210909090909094,1.99785,2.4526000000000003,3.0614999999999997,2.3625999999999996,1.6691666666666665,2.218424242424242,2.242318181818182,2.3701999999999996,2.009841121495328,2.0941666666666667,2.1733571428571428,2.773842105263158,2.746375,3.3490555555555552,3.3276829268292683,2.3545333333333325,3.25,3.25,3.25,3.25,3.25,3.25,3.25,3.25,3.25,3.25,3.25
1.7925,1.59,1.3093157894736842,1.7032500000000002,1.7818333333333332,2.210722222222222,1.693166666666667,1.7210909090909094,1.99785,2.4526000000000003,3.0614999999999997,2.3625999999999996,1.6691666666666665,2.218424242424242,2.242318181818182,2.3701999999999996,2.009841121495328,2.0941666666666667,2.1733571428571428,2.773842105263158,2.746375,3.3490555555555552,3.3276829268292683,2.3545333333333325,3.25,3.25,3.25,3.25,3.25,3.25,3.25,3.25,3.25,3.25,3.25
1.7925,1.59,1.3093157894736842,1.7032500000000002,1.7818333333333332,2.210722222222222,1.693166666666667,1.7210909090909094,1.99785,2.4526000000000003,3.0614999999999997,2.3625999999999996,1.6691666666666665,2.218424242424242,2.242318181818182,2.3701999999999996,2.009841121495328,2.0941666666666667,2.1733571428571428,2.773842105263158,2.746375,3.3490555555555552,3.3276829268292683,2.3545333333333325,3.25,3.25,3.25,3.25,3.25,3.25,3.25,3.25,3.25,3.25,3.25
1.7925,1.59,1.3093157894736842,1.7032500000000002,1.7818333333333332,2.210722222222222,1.693166666666667,1.7210909090909094,1.99785,2.4526000000000003,3.0614999999999997,2.3625999999999996,1.6691666666666665,2.218424242424242,2.242318181818182,2.3701999999999996,2.009841121495328,2.0941666666666667,2.1733571428571428,2.773842105263158,2.746375,3.3490555555555552,3.3276829268292683,2.3545333333333325,3.25,3.25,3.25,3.25,3.25,3.25,3.25,3.25,3.25,3.25,3.25
1.7925,1.59,1.3093157894736842,1.7032500000000002,1.7818333333333332,2.210722222222222,1.693166666666667,1.7210909090909094,1.99785,2.4526000000000003,3.0614999999999997,2.3625999999999996,1.6691666666666665,2.218424242424242,2.242318181818182,2.3701999999999996,2.009841121495328,2.0941666666666667,2.1733571428571428,2.773842105263158,2.746375,3.3490555555555552,3.3276829268292683,2.3545333333333325,3.25,3.25,3.25,3.25,3.25,3.25,3.25,3.25,3.25,3.25,3.25
1.7925,1.59,1.3093157894736842,1.7032500000000002,1.7818333333333332,2.210722222222222,1.693166666666667,1.7210909090909094,1.99785,2.4526000000000003,3.0614999999999997,2.3625999999999996,1.6691666666666665,2.218424242424242,2.242318181818182,2.3701999999999996,2.009841121495328,2.0941666666666667,2.1733571428571428,2.773842105263158,2.746375,3.3490555555555552,3.3276829268292683,2.3545333333333325,3.25,3.25,3.25,3.25,3.25,3.25,3.25,3.25,3.25,3.25,3.25
1.7925,1.59,1.3093157894736842,1.7032500000000002,1.7818333333333332,2.210722222222222,1.693166666666667,1.7210909090909094,1.99785,2.4526000000000003,3.0614999999999997,2.3625999999999996,1.6691666666666665,2.218424242424242,2.242318181818182,2.3701999999999996,2.009841121495328,2.0941666666666667,2.1733571428571428,2.773842105263158,2.746375,3.3490555555555552,3.3276829268292683,2.3545333333333325,3.25,3.25,3.25,3.25,3.25,3.25,3.25,3.25,3.25,3.25,3.25
1.7925,1.59,1.3093157894736842,1.7032500000000002,1.7818333333333332,2.210722222222222,1.693166666666667,1.7210909090909094,1.99785,2.4526000000000003,3.0614999999999997,2.3625999999999996,1.6691666666666665,2.218424242424242,2.242318181818182,2.3701999999999996,2.009841121495328,2.0941666666666667,2.1733571428571428,2.773842105263158,2.746375,3.3490555555555552,3.3276829268292683,2.3545333333333325,3.25,3.25,3.25,3.25,3.25,3.25,3.25,3.25,3.25,3.25,3.25
1.7925,1.59,1.3093157894736842,1.7032500000000002,1.7818333333333332,2.210722222222222,1.693166666666667,1.7210909090909094,1.99785,2.4526000000000003,3.0614999999999997,2.3625999999999996,1.6691666666666665,2.218424242424242,2.242318181818182,2.3701999999999996,2.009841121495328,2.0941666666666667,2.1733571428571428,2.773842105263158,2.746375,3.3490555555555552,3.3276829268292683,2.3545333333333325,3.25,3.25,3.25,3.25,3.25,3.25,3.25,3.25,3.25,3.25,3.25
1.7925,1.59,1.3093157894736842,1.7032500000000002,1.7818333333333332,2.210722222222222,1.693166666666667,1.7210909090909094,1.99785,2.4526000000000003,3.0614999999999997,2.3625999999999996,1.6691666666666665,2.218424242424242,2.242318181818182,2.3701999999999996,2.009841121495328,2.0941666666666667,2.1733571428571428,2.773842105263158,2.746375,3.3490555555555552,3.3276829268292683,2.3545333333333325,3.25,3.25,3.25,3.25,3.25,3.25,3.25,3.25,3.25,3.25,3.25
1.7925,1.59,1.3093157894736842,1.7032500000000002,1.7818333333333332,2.210722222222222,1.693166666666667,1.7210909090909094,1.99785,2.4526000000000003,3.0614999999999997,2.3625999999999996,1.6691666666666665,2.218424242424242,2.242318181818182,2.3701999999999996,2.009841121495328,2.0941666666666667,2.1733571428571428,2.773842105263158,2.746375,3.3490555555555552,3.3276829268292683,2.3545333333333325,3.25,3.25,3.25,3.25,3.25,3.25,3.25,3.25,3.25,3.25,3.25
1.7925,1.59,1.3093157894736842,1.7032500000000002,1.7818333333333332,2.210722222222222,1.693166666666667,1.7210909090909094,1.99785,2.4526000000000003,3.0614999999999997,2.3625999999999996,1.6691666666666665,2.218424242424242,2.242318181818182,2.3701999999999996,2.009841121495328,2.0941666666666667,2.1733571428571428,2.773842105263158,2.746375,3.3490555555555552,3.3276829268292683,2.3545333333333325,3.25,3.25,3.25,3.25,3.25,3.25,3.25,3.25,3.25,3.25,3.25
1.7925,1.59,1.3093157894736842,1.7032500000000002,1.7818333333333332,2.210722222222222,1.693166666666667,1.7210909090909094,1.99785,2.4526000000000003,3.0614999999999997,2.3625999999999996,1.6691666666666665,2.218424242424242,2.242318181818182,2.3701999999999996,2.009841121495328,2.0941666666666667,2.1733571428571428,2.773842105263158,2.746375,3.3490555555555552,3.3276829268292683,2.3545333333333325,3.25,3.25,3.25,3.25,3.25,3.25,3.25,3.25,3.25,3.25,3.25
1.8170000000000002,1.7,1.2544090909090908,1.7537333333333334,1.7102000000000002,2.214909090909091,1.6177500000000002,1.7291333333333336,2.0112380952380953,2.6343,2.46075,2.386392857142857,1.8917857142857142,2.19275,2.248111111111112,2.178,2.046651685393258,2.327571428571428,2.199866666666667,2.8108421052631574,2.7295555555555557,3.3233333333333333,3.31825,2.4080377358490574,3.25,3.25,3.25,3.25,3.25,3.25,3.25,3.25,3.25,3.25,3.25
1.8170000000000002,1.7,1.2544090909090908,1.7537333333333334,1.7102000000000002,2.214909090909091,1.6177500000000002,1.7291333333333336,2.0112380952380953,2.6343,2.46075,2.386392857142857,1.8917857142857142,2.19275,2.248111111111112,2.178,2.046651685393258,2.327571428571428,2.199866666666667,2.8108421052631574,2.7295555555555557,3.3233333333333333,3.31825,2.4080377358490574,3.25,3.25,3.25,3.25,3.25,3.25,3.25,3.25,3.25,3.25,3.25
1.8170000000000002,1.7,1.2544090909090908,1.7537333333333334,1.7102000000000002,2.214909090909091,1.6177500000000002,1.7291333333333336,2.0112380952380953,2.6343,2.46075,2.386392857142857,1.8917857142857142,2.19275,2.248111111111112,2.178,2.046651685393258,2.327571428571428,2.199866666666667,2.8108421052631574,2.7295555555555557,3.3233333333333333,3.31825,2.4080377358490574,3.25,3.25,3.25,3.25,3.25,3.25,3.25,3.25,3.25,3.25,3.25
1.8170000000000002,1.7,1.2544090909090908,1.7537333333333334,1.7102000000000002,2.214909090909091,1.6177500000000002,1.7291333333333336,2.0112380952380953,2.6343,2.46075,2.386392857142857,1.8917857142857142,2.19275,2.248111111111112,2.178,2.046651685393258,2.327571428571428,2.199866666666667,2.8108421052631574,2.7295555555555557,3.3233333333333333,3.31825,2.4080377358490574,3.25,3.25,3.25,3.25,3.25,3.25,3.25,3.25,3.25,3.25,3.25
1.8170000000000002,1.7,1.2544090909090908,1.7537333333333334,1.7102000000000002,2.214909090909091,1.6177500000000002,1.7291333333333336,2.0112380952380953,2.6343,2.46075,2.386392857142857,1.8917857142857142,2.19275,2.248111111111112,2.178,2.046651685393258,2.327571428571428,2.199866666666667,2.8108421052631574,2.7295555555555557,3.3233333333333333,3.31825,2.4080377358490574,3.25,3.25,3.25,3.25,3.25,3.25,3.25,3.25,3.25,3.25,3.25
1.8170000000000002,1.7,1.2544090909090908,1.7537333333333334,1.7102000000000002,2.214909090909091,1.6177500000000002,1.7291333333333336,2.0112380952380953,2.6343,2.46075,2.386392857142857,1.8917857142857142,2.19275,2.248111111111112,2.178,2.046651685393258,2.327571428571428,2.199866666666667,2.8108421052631574,2.7295555555555557,3.3233333333333333,3.31825,2.4080377358490574,3.25,3.25,3.25,3.25,3.25,3.25,3.25,3.25,3.25,3.25,3.25
1.8170000000000002,1.7,1.2544090909090908,1.7537333333333334,1.7102000000000002,2.214909090909091,1.6177500000000002,1.7291333333333336,2.0112380952380953,2.6343,2.46075,2.386392857142857,1.8917857142857142,2.19275,2.248111111111112,2.178,2.046651685393258,2.327571428571428,2.199866666666667,2.8108421052631574,2.7295555555555557,3.3233333333333333,3.31825,2.4080377358490574,3.25,3.25,3.25,3.25,3.25,3.25,3.25,3.25,3.25,3.25,3.25
1.8170000000000002,1.7,1.2544090909090908,1.7537333333333334,1.7102000000000002,2.214909090909091,1.6177500000000002,1.7291333333333336,2.0112380952380953,2.6343,2.46075,2.386392857142857,1.8917857142857142,2.19275,2.248111111111112,2.178,2.046651685393258,2.327571428571428,2.199866666666667,2.8108421052631574,2.7295555555555557,3.3233333333333333,3.31825,2.4080377358490574,3.25,3.25,3.25,3.25,3.25,3.25,3.25,3.25,3.25,3.25,3.25
1.8170000000000002,1.7,1.2544090909090908,1.7537333333333334,1.7102000000000002,2.214909090909091,1.6177500000000002,1.7291333333333336,2.0112380952380953,2.6343,2.46075,2.386392857142857,1.8917857142857142,2.19275,2.248111111111112,2.178,2.046651685393258,2.327571428571428,2.199866666666667,2.8108421052631574,2.7295555555555557,3.3233333333333333,3.31825,2.4080377358490574,3.25,3.25,3.25,3.25,3.25,3.25,3.25,3.25,3.25,3.25,3.25
1.8170000000000002,1.7,1.2544090909090908,1.7537333333333334,1.7102000000000002,2.214909090909091,1.6177500000000002,1.7291333333333336,2.0112380952380953,2.6343,2.46075,2.386392857142857,1.8917857142857142,2.19275,2.248111111111112,2.178,2.046651685393258,2.327571428571428,2.199866666666667,2.8108421052631574,2.7295555555555557,3.3233333333333333,3.31825,2.4080377358490574,3.25,3.25,3.25,3.25,3.25,3.25,3.25,3.25,3.25,3.25,3.25
1.8170000000000002,1.7,1.2544090909090908,1.7537333333333334,1.7102000000000002,2.214909090909091,1.6177500000000002,1.7291333333333336,2.0112380952380953,2.6343,2.46075,2.386392857142857,1.8917857142857142,2.19275,2.248111111111112,2.178,2.046651685393258,2.327571428571428,2.199866666666667,2.8108421052631574,2.7295555555555557,3.3233333333333333,3.31825,2.4080377358490574,3.25,3.25,3.25,3.25,3.25,3.25,3.25,3.25,3.25,3.25,3.25
1.8170000000000002,1.7,1.2544090909090908,1.7537333333333334,1.7102000000000002,2.214909090909091,1.6177500000000002,1.7291333333333336,2.0112380952380953,2.6343,2.46075,2.386392857142857,1.8917857142857142,2.19275,2.248111111111112,2.178,2.046651685393258,2.327571428571428,2.199866666666667,2.8108421052631574,2.7295555555555557,3.3233333333333333,3.31825,2.4080377358490574,3.25,3.25,3.25,3.25,3.25,3.25,3.25,3.25,3.25,3.25,3.25
1.8170000000000002,1.7,1.2544090909090908,1.7537333333333334,1.7102000000000002,2.214909090909091,1.6177500000000002,1.7291333333333336,2.0112380952380953,2.6343,2.46075,2.386392857142857,1.8917857142857142,2.19275,2.248111111111112,2.178,2.046651685393258,2.327571428571428,2.199866666666667,2.8108421052631574,2.7295555555555557,3.3233333333333333,3.31825,2.4080377358490574,3.25,3.25,3.25,3.25,3.25,3.25,3.25,3.25,3.25,3.25,3.25
1.8170000000000002,1.7,1.2544090909090908,1.7537333333333334,1.7102000000000002,2.214909090909091,1.6177500000000002,1.7291333333333336,2.0112380952380953,2.6343,2.46075,2.386392857142857,1.8917857142857142,2.19275,2.248111111111112,2.178,2.046651685393258,2.327571428571428,2.199866666666667,2.8108421052631574,2.7295555555555557,3.3233333333333333,3.31825,2.4080377358490574,3.25,3.25,3.25,3.25,3.25,3.25,3.25,3.25,3.25,3.25,3.25
1.8170000000000002,1.7,1.2544090909090908,1.7537333333333334,1.7102000000000002,2.214909090909091,1.6177500000000002,1.7291333333333336,2.0112380952380953,2.6343,2.46075,2.386392857142857,1.8917857142857142,2.19275,2.248111111111112,2.178,2.046651685393258,2.327571428571428,2.199866666666667,2.8108421052631574,2.7295555555555557,3.3233333333333333,3.31825,2.4080377358490574,3.25,3.25,3.25,3.25,3.25,3.25,3.25,3.25,3.25,3.25,3.25
1.8170000000000002,1.7,1.2544090909090908,1.7537333333333334,1.7102000000000002,2.214909090909091,1.6177500000000002,1.7291333333333336,2.0112380952380953,2.6343,2.46075,2.386392857142857,1.8917857142857142,2.19275,2.248111111111112,2.178,2.046651685393258,2.327571428571428,2.199866666666667,2.8108421052631574,2.7295555555555557,3.3233333333333333,3.31825,2.4080377358490574,3.25,3.25,3.25,3.25,3.25,3.25,3.25,3.25,3.25,3.25,3.25
1.8170000000000002,1.7,1.2544090909090908,1.7537333333333334,1.7102000000000002,2.214909090909091,1.6177500000000002,1.7291333333333336,2.0112380952380953,2.6343,2.46075,2.386392857142857,1.8917857142857142,2.19275,2.248111111111112,2.178,2.046651685393258,2.327571428571428,2.199866666666667,2.8108421052631574,2.7295555555555557,3.3233333333333333,3.31825,2.4080377358490574,3.25,3.25,3.25,3.25,3.25,3.25,3.25,3.25,3.25,3.25,3.25
1.8170000000000002,1.7,1.2544090909090908,1.7537333333333334,1.7102000000000002,2.214909090909091,1.6177500000000002,1.7291333333333336,2.0112380952380953,2.6343,2.46075,2.386392857142857,1.8917857142857142,2.19275,2.248111111111112,2.178,2.046651685393258,2.327571428571428,2.199866666666667,2.8108421052631574,2.7295555555555557,3.3233333333333333,3.31825,2.4080377358490574,3.25,3.25,3.25,3.25,3.25,3.25,3.25,3.25,3.25,3.25,3.25
1.8170000000000002,1.7,1.2544090909090908,1.7537333333333334,1.7102000000000002,2.214909090909091,1.6177500000000002,1.7291333333333336,2.0112380952380953,2.6343,2.46075,2.386392857142857,1.8917857142857142,2.19275,2.248111111111112,2.178,2.046651685393258,2.327571428571428,2.199866666666667,2.8108421052631574,2.7295555555555557,3.3233333333333333,3.31825,2.4080377358490574,3.25,3.25,3.25,3.25,3.25,3.25,3.25,3.25,3.25,3.25,3.25
1.8170000000000002,1.7,1.2544090909090908,1.7537333333333334,1.7102000000000002,2.214909090909091,1.6177500000000002,1.7291333333333336,2.0112380952380953,2.6343,2.46075,2.386392857142857,1.8917857142857142,2.19275,2.248111111111112,2.178,2.046651685393258,2.327571428571428,2.199866666666667,2.8108421052631574,2.7295555555555557,3.3233333333333333,3.31825,2.4080377358490574,3.25,3.25,3.25,3.25,3.25,3.25,3.25,3.25,3.25,3.25,3.25
1.8170000000000002,1.7,1.2544090909090908,1.7537333333333334,1.7102000000000002,2.214909090909091,1.6177500000000002,1.7291333333333336,2.0112380952380953,2.6343,2.46075,2.386392857142857,1.8917857142857142,2.19275,2.248111111111112,2.178,2.046651685393258,2.327571428571428,2.199866666666667,2.8108421052631574,2.7295555555555557,3.3233333333333333,3.31825,2.4080377358490574,3.25,3.25,3.25,3.25,3.25,3.25,3.25,3.25,3.25,3.25,3.25
1.8170000000000002,1.7,1.2544090909090908,1.7537333333333334,1.7102000000000002,2.214909090909091,1.6177500000000002,1.7291333333333336,2.0112380952380953,2.6343,2.46075,2.386392857142857,1.8917857142857142,2.19275,2.248111111111112,2.178,2.046651685393258,2.327571428571428,2.199866666666667,2.8108421052631574,2.7295555555555557,3.3233333333333333,3.31825,2.4080377358490574,3.25,3.25,3.25,3.25,3.25,3.25,3.25,3.25,3.25,3.25,3.25
1.8170000000000002,1.7,1.2544090909090908,1.7537333333333334,1.7102000000000002,2.214909090909091,1.6177500000000002,1.7291333333333336,2.0112380952380953,2.6343,2.46075,2.386392857142857,1.8917857142857142,2.19275,2.248111111111112,2.178,2.046651685393258,2.327571428571428,2.199866666666667,2.8108421052631574,2.7295555555555557,3.3233333333333333,3.31825,2.4080377358490574,3.25,3.25,3.25,3.25,3.25,3.25,3.25,3.25,3.25,3.25,3.25
1.8170000000000002,1.7,1.2544090909090908,1.7537333333333334,1.7102000000000002,2.214909090909091,1.6177500000000002,1.7291333333333336,2.0112380952380953,2.6343,2.46075,2.386392857142857,1.8917857142857142,2.19275,2.248111111111112,2.178,2.046651685393258,2.327571428571428,2.199866666666667,2.8108421052631574,2.7295555555555557,3.3233333333333333,3.31825,2.4080377358490574,3.25,3.25,3.25,3.25,3.25,3.25,3.25,3.25,3.25,3.25,3.25
1.8170000000000002,1.7,1.2544090909090908,1.7537333333333334,1.7102000000000002,2.214909090909091,1.6177500000000002,1.7291333333333336,2.0112380952380953,2.6343,2.46075,2.386392857142857,1.8917857142857142,2.19275,2.248111111111112,2.178,2.046651685393258,2.327571428571428,2.199866666666667,2.8108421052631574,2.7295555555555557,3.3233333333333333,3.31825,2.4080377358490574,3.25,3.25,3.25,3.25,3.25,3.25,3.25,3.25,3.25,3.25,3.25
1.8170000000000002,1.7,1.2544090909090908,1.7537333333333334,1.7102000000000002,2.214909090909091,1.6177500000000002,1.7291333333333336,2.0112380952380953,2.6343,2.46075,2.386392857142857,1.8917857142857142,2.19275,2.248111111111112,2.178,2.046651685393258,2.327571428571428,2.199866666666667,2.8108421052631574,2.7295555555555557,3.3233333333333333,3.31825,2.4080377358490574,3.25,3.25,3.25,3.25,3.25,3.25,3.25,3.25,3.25,3.25,3.25
1.8170000000000002,1.7,1.2544090909090908,1.7537333333333334,1.7102000000000002,2.214909090909091,1.6177500000000002,1.7291333333333336,2.0112380952380953,2.6343,2.46075,2.386392857142857,1.8917857142857142,2.19275,2.248111111111112,2.178,2.046651685393258,2.327571428571428,2.199866666666667,2.8108421052631574,2.7295555555555557,3.3233333333333333,3.31825,2.4080377358490574,3.25,3.25,3.25,3.25,3.25,3.25,3.25,3.25,3.25,3.25,3.25
1.8170000000000002,1.7,1.2544090909090908,1.7537333333333334,1.7102000000000002,2.214909090909091,1.6177500000000002,1.7291333333333336,2.0112380952380953,2.6343,2.46075,2.386392857142857,1.8917857142857142,2.19275,2.248111111111112,2.178,2.046651685393258,2.327571428571428,2.199866666666667,2.8108421052631574,2.7295555555555557,3.3233333333333333,3.31825,2.4080377358490574,3.25,3.25,3.25,3.25,3.25,3.25,3.25,3.25,3.25,3.25,3.25
1.8170000000000002,1.7,1.2544090909090908,1.7537333333333334,1.7102000000000002,2.214909090909091,1.6177500000000002,1.7291333333333336,2.0112380952380953,2.6343,2.46075,2.386392857142857,1.8917857142857142,2.19275,2.248111111111112,2.178,2.046651685393258,2.327571428571428,2.199866666666667,2.8108421052631574,2.7295555555555557,3.3233333333333333,3.31825,2.4080377358490574,3.25,3.25,3.25,3.25,3.25,3.25,3.25,3.25,3.25,3.25,3.25
1.8170000000000002,1.7,1.2544090909090908,1.7537333333333334,1.7102000000000002,2.214909090909091,1.6177500000000002,1.7291333333333336,2.0112380952380953,2.6343,2.46075,2.386392857142857,1.8917857142857142,2.19275,2.248111111111112,2.178,2.046651685393258,2.327571428571428,2.199866666666667,2.8108421052631574,2.7295555555555557,3.3233333333333333,3.31825,2.4080377358490574,3.25,3.25,3.25,3.25,3.25,3.25,3.25,3.25,3.25,3.25,3.25
1.8170000000000002,1.7,1.2544090909090908,1.7537333333333334,1.7102000000000002,2.214909090909091,1.6177500000000002,1.7291333333333336,2.0112380952380953,2.6343,2.46075,2.386392857142857,1.8917857142857142,2.19275,2.248111111111112,2.178,2.046651685393258,2.327571428571428,2.199866666666667,2.8108421052631574,2.7295555555555557,3.3233333333333333,3.31825,2.4080377358490574,3.25,3.25,3.25,3.25,3.25,3.25,3.25,3.25,3.25,3.25,3.25
2.1710000000000003,1.587,1.2731052631578947,1.7653333333333334,1.7773999999999999,2.2405000000000004,1.61648,1.7863750000000003,2.0666818181818187,3.5303000000000004,2.6297499999999996,2.365099999999999,1.7686363636363638,2.2286400000000004,2.257888888888889,2.4111999999999996,2.015158878504673,2.4599999999999995,2.147249999999999,2.896736842105263,2.7681875000000002,3.4358181818181817,3.285272727272728,2.3897916666666665,3.25,3.25,3.25,3.25,3.25,3.25,3.25,3.25,3.25,3.25,3.25
2.1710000000000003,1.587,1.2731052631578947,1.7653333333333334,1.7773999999999999,2.2405000000000004,1.61648,1.7863750000000003,2.0666818181818187,3.5303000000000004,2.6297499999999996,2.365099999999999,1.7686363636363638,2.2286400000000004,2.257888888888889,2.4111999999999996,2.015158878504673,2.4599999999999995,2.147249999999999,2.896736842105263,2.7681875000000002,3.4358181818181817,3.285272727272728,2.3897916666666665,3.25,3.25,3.25,3.25,3.25,3.25,3.25,3.25,3.25,3.25,3.25
2.1710000000000003,1.587,1.2731052631578947,1.7653333333333334,1.7773999999999999,2.2405000000000004,1.61648,1.7863750000000003,2.0666818181818187,3.5303000000000004,2.6297499999999996,2.365099999999999,1.7686363636363638,2.2286400000000004,2.257888888888889,2.4111999999999996,2.015158878504673,2.4599999999999995,2.147249999999999,2.896736842105263,2.7681875000000002,3.4358181818181817,3.285272727272728,2.3897916666666665,3.25,3.25,3.25,3.25,3.25,3.25,3.25,3.25,3.25,3.25,3.25
2.1710000000000003,1.587,1.2731052631578947,1.7653333333333334,1.7773999999999999,2.2405000000000004,1.61648,1.7863750000000003,2.0666818181818187,3.5303000000000004,2.6297499999999996,2.365099999999999,1.7686363636363638,2.2286400000000004,2.257888888888889,2.4111999999999996,2.015158878504673,2.4599999999999995,2.147249999999999,2.896736842105263,2.7681875000000002,3.4358181818181817,3.285272727272728,2.3897916666666665,3.25,3.25,3.25,3.25,3.25,3.25,3.25,3.25,3.25,3.25,3.25
2.1710000000000003,1.587,1.2731052631578947,1.7653333333333334,1.7773999999999999,2.2405000000000004,1.61648,1.7863750000000003,2.0666818181818187,3.5303000000000004,2.6297499999999996,2.365099999999999,1.7686363636363638,2.2286400000000004,2.257888888888889,2.4111999999999996,2.015158878504673,2.4599999999999995,2.147249999999999,2.896736842105263,2.7681875000000002,3.4358181818181817,3.285272727272728,2.3897916666666665,3.25,3.25,3.25,3.25,3.25,3.25,3.25,3.25,3.25,3.25,3.25
2.1710000000000003,1.587,1.2731052631578947,1.7653333333333334,1.7773999999999999,2.2405000000000004,1.61648,1.7863750000000003,2.0666818181818187,3.5303000000000004,2.6297499999999996,2.365099999999999,1.7686363636363638,2.2286400000000004,2.257888888888889,2.4111999999999996,2.015158878504673,2.4599999999999995,2.147249999999999,2.896736842105263,2.7681875000000002,3.4358181818181817,3.285272727272728,2.3897916666666665,3.25,3.25,3.25,3.25,3.25,3.25,3.25,3.25,3.25,3.25,3.25
2.1710000000000003,1.587,1.2731052631578947,1.7653333333333334,1.7773999999999999,2.2405000000000004,1.61648,1.7863750000000003,2.0666818181818187,3.5303000000000004,2.6297499999999996,2.365099999999999,1.7686363636363638,2.2286400000000004,2.257888888888889,2.4111999999999996,2.015158878504673,2.4599999999999995,2.147249999999999,2.896736842105263,2.7681875000000002,3.4358181818181817,3.285272727272728,2.3897916666666665,3.25,3.25,3.25,3.25,3.25,3.25,3.25,3.25,3.25,3.25,3.25
2.1710000000000003,1.587,1.2731052631578947,1.7653333333333334,1.7773999999999999,2.2405000000000004,1.61648,1.7863750000000003,2.0666818181818187,3.5303000000000004,2.6297499999999996,2.365099999999999,1.7686363636363638,2.2286400000000004,2.257888888888889,2.4111999999999996,2.015158878504673,2.4599999999999995,2.147249999999999,2.896736842105263,2.7681875000000002,3.4358181818181817,3.285272727272728,2.3897916666666665,3.25,3.25,3.25,3.25,3.25,3.25,3.25,3.25,3.25,3.25,3.25
2.1710000000000003,1.587,1.2731052631578947,1.7653333333333334,1.7773999999999999,2.2405000000000004,1.61648,1.7863750000000003,2.0666818181818187,3.5303000000000004,2.6297499999999996,2.365099999999999,1.7686363636363638,2.2286400000000004,2.257888888888889,2.4111999999999996,2.015158878504673,2.4599999999999995,2.147249999999999,2.896736842105263,2.7681875000000002,3.4358181818181817,3.285272727272728,2.3897916666666665,3.25,3.25,3.25,3.25,3.25,3.25,3.25,3.25,3.25,3.25,3.25
2.1710000000000003,1.587,1.2731052631578947,1.7653333333333334,1.7773999999999999,2.2405000000000004,1.61648,1.7863750000000003,2.0666818181818187,3.5303000000000004,2.6297499999999996,2.365099999999999,1.7686363636363638,2.2286400000000004,2.257888888888889,2.4111999999999996,2.015158878504673,2.4599999999999995,2.147249999999999,2.896736842105263,2.7681875000000002,3.4358181818181817,3.285272727272728,2.3897916666666665,3.25,3.25,3.25,3.25,3.25,3.25,3.25,3.25,3.25,3.25,3.25
2.1710000000000003,1.587,1.2731052631578947,1.7653333333333334,1.7773999999999999,2.2405000000000004,1.61648,1.7863750000000003,2.0666818181818187,3.5303000000000004,2.6297499999999996,2.365099999999999,1.7686363636363638,2.2286400000000004,2.257888888888889,2.4111999999999996,2.015158878504673,2.4599999999999995,2.147249999999999,2.896736842105263,2.7681875000000002,3.4358181818181817,3.285272727272728,2.3897916666666665,3.25,3.25,3.25,3.25,3.25,3.25,3.25,3.25,3.25,3.25,3.25
2.1710000000000003,1.587,1.2731052631578947,1.7653333333333334,1.7773999999999999,2.2405000000000004,1.61648,1.7863750000000003,2.0666818181818187,3.5303000000000004,2.6297499999999996,2.365099999999999,1.7686363636363638,2.2286400000000004,2.257888888888889,2.4111999999999996,2.015158878504673,2.4599999999999995,2.147249999999999,2.896736842105263,2.7681875000000002,3.4358181818181817,3.285272727272728,2.3897916666666665,3.25,3.25,3.25,3.25,3.25,3.25,3.25,3.25,3.25,3.25,3.25
2.1710000000000003,1.587,1.2731052631578947,1.7653333333333334,1.7773999999999999,2.2405000000000004,1.61648,1.7863750000000003,2.0666818181818187,3.5303000000000004,2.6297499999999996,2.365099999999999,1.7686363636363638,2.2286400000000004,2.257888888888889,2.4111999999999996,2.015158878504673,2.4599999999999995,2.147249999999999,2.896736842105263,2.7681875000000002,3.4358181818181817,3.285272727272728,2.3897916666666665,3.25,3.25,3.25,3.25,3.25,3.25,3.25,3.25,3.25,3.25,3.25
2.1710000000000003,1.587,1.2731052631578947,1.7653333333333334,1.7773999999999999,2.2405000000000004,1.61648,1.7863750000000003,2.0666818181818187,3.5303000000000004,2.6297499999999996,2.365099999999999,1.7686363636363638,2.2286400000000004,2.257888888888889,2.4111999999999996,2.015158878504673,2.4599999999999995,2.147249999999999,2.896736842105263,2.7681875000000002,3.4358181818181817,3.285272727272728,2.3897916666666665,3.25,3.25,3.25,3.25,3.25,3.25,3.25,3.25,3.25,3.25,3.25
2.1710000000000003,1.587,1.2731052631578947,1.7653333333333334,1.7773999999999999,2.2405000000000004,1.61648,1.7863750000000003,2.0666818181818187,3.5303000000000004,2.6297499999999996,2.365099999999999,1.7686363636363638,2.2286400000000004,2.257888888888889,2.4111999999999996,2.015158878504673,2.4599999999999995,2.147249999999999,2.896736842105263,2.7681875000000002,3.4358181818181817,3.285272727272728,2.3897916666666665,3.25,3.25,3.25,3.25,3.25,3.25,3.25,3.25,3.25,3.25,3.25
2.1710000000000003,1.587,1.2731052631578947,1.7653333333333334,1.7773999999999999,2.2405000000000004,1.61648,1.7863750000000003,2.0666818181818187,3.5303000000000004,2.6297499999999996,2.365099999999999,1.7686363636363638,2.2286400000000004,2.257888888888889,2.4111999999999996,2.015158878504673,2.4599999999999995,2.147249999999999,2.896736842105263,2.7681875000000002,3.4358181818181817,3.285272727272728,2.3897916666666665,3.25,3.25,3.25,3.25,3.25,3.25,3.25,3.25,3.25,3.25,3.25
2.1710000000000003,1.587,1.2731052631578947,1.7653333333333334,1.7773999999999999,2.2405000000000004,1.61648,1.7863750000000003,2.0666818181818187,3.5303000000000004,2.6297499999999996,2.365099999999999,1.7686363636363638,2.2286400000000004,2.257888888888889,2.4111999999999996,2.015158878504673,2.4599999999999995,2.147249999999999,2.896736842105263,2.7681875000000002,3.4358181818181817,3.285272727272728,2.3897916666666665,3.25,3.25,3.25,3.25,3.25,3.25,3.25,3.25,3.25,3.25,3.25
2.1710000000000003,1.587,1.2731052631578947,1.7653333333333334,1.7773999999999999,2.2405000000000004,1.61648,1.7863750000000003,2.0666818181818187,3.5303000000000004,2.6297499999999996,2.365099999999999,1.7686363636363638,2.2286400000000004,2.257888888888889,2.4111999999999996,2.015158878504673,2.4599999999999995,2.147249999999999,2.896736842105263,2.7681875000000002,3.4358181818181817,3.285272727272728,2.3897916666666665,3.25,3.25,3.25,3.25,3.25,3.25,3.25,3.25,3.25,3.25,3.25
2.1710000000000003,1.587,1.2731052631578947,1.7653333333333334,1.7773999999999999,2.2405000000000004,1.61648,1.7863750000000003,2.0666818181818187,3.5303000000000004,2.6297499999999996,2.365099999999999,1.7686363636363638,2.2286400000000004,2.257888888888889,2.4111999999999996,2.015158878504673,2.4599999999999995,2.147249999999999,2.896736842105263,2.7681875000000002,3.4358181818181817,3.285272727272728,2.3897916666666665,3.25,3.25,3.25,3.25,3.25,3.25,3.25,3.25,3.25,3.25,3.25
2.1710000000000003,1.587,1.2731052631578947,1.7653333333333334,1.7773999999999999,2.2405000000000004,1.61648,1.7863750000000003,2.0666818181818187,3.5303000000000004,2.6297499999999996,2.365099999999999,1.7686363636363638,2.2286400000000004,2.257888888888889,2.4111999999999996,2.015158878504673,2.4599999999999995,2.147249999999999,2.896736842105263,2.7681875000000002,3.4358181818181817,3.285272727272728,2.3897916666666665,3.25,3.25,3.25,3.25,3.25,3.25,3.25,3.25,3.25,3.25,3.25
2.1710000000000003,1.587,1.2731052631578947,1.7653333333333334,1.7773999999999999,2.2405000000000004,1.61648,1.7863750000000003,2.0666818181818187,3.5303000000000004,2.6297499999999996,2.365099999999999,1.7686363636363638,2.2286400000000004,2.257888888888889,2.4111999999999996,2.015158878504673,2.4599999999999995,2.147249999999999,2.896736842105263,2.7681875000000002,3.4358181818181817,3.285272727272728,2.3897916666666665,3.25,3.25,3.25,3.25,3.25,3.25,3.25,3.25,3.25,3.25,3.25
2.1710000000000003,1.587,1.2731052631578947,1.7653333333333334,1.7773999999999999,2.2405000000000004,1.61648,1.7863750000000003,2.0666818181818187,3.5303000000000004,2.6297499999999996,2.365099999999999,1.7686363636363638,2.2286400000000004,2.257888888888889,2.4111999999999996,2.015158878504673,2.4599999999999995,2.147249999999999,2.896736842105263,2.7681875000000002,3.4358181818181817,3.285272727272728,2.3897916666666665,3.25,3.25,3.25,3.25,3.25,3.25,3.25,3.25,3.25,3.25,3.25
2.1710000000000003,1.587,1.2731052631578947,1.7653333333333334,1.7773999999999999,2.2405000000000004,1.61648,1.7863750000000003,2.0666818181818187,3.5303000000000004,2.6297499999999996,2.365099999999999,1.7686363636363638,2.2286400000000004,2.257888888888889,2.4111999999999996,2.015158878504673,2.4599999999999995,2.147249999999999,2.896736842105263,2.7681875000000002,3.4358181818181817,3.285272727272728,2.3897916666666665,3.25,3.25,3.25,3.25,3.25,3.25,3.25,3.25,3.25,3.25,3.25
2.1710000000000003,1.587,1.2731052631578947,1.7653333333333334,1.7773999999999999,2.2405000000000004,1.61648,1.7863750000000003,2.0666818181818187,3.5303000000000004,2.6297499999999996,2.365099999999999,1.7686363636363638,2.2286400000000004,2.257888888888889,2.4111999999999996,2.015158878504673,2.4599999999999995,2.147249999999999,2.896736842105263,2.7681875000000002,3.4358181818181817,3.285272727272728,2.3897916666666665,3.25,3.25,3.25,3.25,3.25,3.25,3.25,3.25,3.25,3.25,3.25
2.1710000000000003,1.587,1.2731052631578947,1.7653333333333334,1.7773999999999999,2.2405000000000004,1.61648,1.7863750000000003,2.0666818181818187,3.5303000000000004,2.6297499999999996,2.365099999999999,1.7686363636363638,2.2286400000000004,2.257888888888889,2.4111999999999996,2.015158878504673,2.4599999999999995,2.147249999999999,2.896736842105263,2.7681875000000002,3.4358181818181817,3.285272727272728,2.3897916666666665,3.25,3.25,3.25,3.25,3.25,3.25,3.25,3.25,3.25,3.25,3.25
2.1710000000000003,1.587,1.2731052631578947,1.7653333333333334,1.7773999999999999,2.2405000000000004,1.61648,1.7863750000000003,2.0666818181818187,3.5303000000000004,2.6297499999999996,2.365099999999999,1.7686363636363638,2.2286400000000004,2.257888888888889,2.4111999999999996,2.015158878504673,2.4599999999999995,2.147249999999999,2.896736842105263,2.7681875000000002,3.4358181818181817,3.285272727272728,2.3897916666666665,3.25,3.25,3.25,3.25,3.25,3.25,3.25,3.25,3.25,3.25,3.25
2.1710000000000003,1.587,1.2731052631578947,1.7653333333333334,1.7773999999999999,2.2405000000000004,1.61648,1.7863750000000003,2.0666818181818187,3.5303000000000004,2.6297499999999996,2.365099999999999,1.7686363636363638,2.2286400000000004,2.257888888888889,2.4111999999999996,2.015158878504673,2.4599999999999995,2.147249999999999,2.896736842105263,2.7681875000000002,3.4358181818181817,3.285272727272728,2.3897916666666665,3.25,3.25,3.25,3.25,3.25,3.25,3.25,3.25,3.25,3.25,3.25
2.1710000000000003,1.587,1.2731052631578947,1.7653333333333334,1.7773999999999999,2.2405000000000004,1.61648,1.7863750000000003,2.0666818181818187,3.5303000000000004,2.6297499999999996,2.365099999999999,1.7686363636363638,2.2286400000000004,2.257888888888889,2.4111999999999996,2.015158878504673,2.4599999999999995,2.147249999999999,2.896736842105263,2.7681875000000002,3.4358181818181817,3.285272727272728,2.3897916666666665,3.25,3.25,3.25,3.25,3.25,3.25,3.25,3.25,3.25,3.25,3.25
2.1710000000000003,1.587,1.2731052631578947,1.7653333333333334,1.7773999999999999,2.2405000000000004,1.61648,1.7863750000000003,2.0666818181818187,3.5303000000000004,2.6297499999999996,2.365099999999999,1.7686363636363638,2.2286400000000004,2.257888888888889,2.4111999999999996,2.015158878504673,2.4599999999999995,2.147249999999999,2.896736842105263,2.7681875000000002,3.4358181818181817,3.285272727272728,2.3897916666666665,3.25,3.25,3.25,3.25,3.25,3.25,3.25,3.25,3.25,3.25,3.25
2.1710000000000003,1.587,1.2731052631578947,1.7653333333333334,1.7773999999999999,2.2405000000000004,1.61648,1.7863750000000003,2.0666818181818187,3.5303000000000004,2.6297499999999996,2.365099999999999,1.7686363636363638,2.2286400000000004,2.257888888888889,2.4111999999999996,2.015158878504673,2.4599999999999995,2.147249999999999,2.896736842105263,2.7681875000000002,3.4358181818181817,3.285272727272728,2.3897916666666665,3.25,3.25,3.25,3.25,3.25,3.25,3.25,3.25,3.25,3.25,3.25
1.8911249999999997,1.818,1.2708095238095236,1.758923076923077,1.7904444444444443,2.2409,1.5835,1.7142258064516127,2.01875,4.313333333333333,3.0980000000000003,2.3332800000000002,1.7587777777777782,2.239826086956522,2.299418604651162,2.2585714285714285,1.998726315789474,2.47725,2.4568125000000003,3.0476842105263153,2.819125,3.4195769230769235,3.420361111111111,2.482297872340425,3.25,3.25,3.25,3.25,3.25,4.115,3.25,3.25,3.25,3.25,3.25
1.8911249999999997,1.818,1.2708095238095236,1.758923076923077,1.7904444444444443,2.2409,1.5835,1.7142258064516127,2.01875,4.313333333333333,3.0980000000000003,2.3332800000000002,1.7587777777777782,2.239826086956522,2.299418604651162,2.2585714285714285,1.998726315789474,2.47725,2.4568125000000003,3.0476842105263153,2.819125,3.4195769230769235,3.420361111111111,2.482297872340425,3.25,3.25,3.25,3.25,3.25,4.115,3.25,3.25,3.25,3.25,3.25
1.8911249999999997,1.818,1.2708095238095236,1.758923076923077,1.7904444444444443,2.2409,1.5835,1.7142258064516127,2.01875,4.313333333333333,3.0980000000000003,2.3332800000000002,1.7587777777777782,2.239826086956522,2.299418604651162,2.2585714285714285,1.998726315789474,2.47725,2.4568125000000003,3.0476842105263153,2.819125,3.4195769230769235,3.420361111111111,2.482297872340425,3.25,3.25,3.25,3.25,3.25,4.115,3.25,3.25,3.25,3.25,3.25
1.8911249999999997,1.818,1.2708095238095236,1.758923076923077,1.7904444444444443,2.2409,1.5835,1.7142258064516127,2.01875,4.313333333333333,3.0980000000000003,2.3332800000000002,1.7587777777777782,2.239826086956522,2.299418604651162,2.2585714285714285,1.998726315789474,2.47725,2.4568125000000003,3.0476842105263153,2.819125,3.4195769230769235,3.420361111111111,2.482297872340425,3.25,3.25,3.25,3.25,3.25,4.115,3.25,3.25,3.25,3.25,3.25
1.8911249999999997,1.818,1.2708095238095236,1.758923076923077,1.7904444444444443,2.2409,1.5835,1.7142258064516127,2.01875,4.313333333333333,3.0980000000000003,2.3332800000000002,1.7587777777777782,2.239826086956522,2.299418604651162,2.2585714285714285,1.998726315789474,2.47725,2.4568125000000003,3.0476842105263153,2.819125,3.4195769230769235,3.420361111111111,2.482297872340425,3.25,3.25,3.25,3.25,3.25,4.115,3.25,3.25,3.25,3.25,3.25
1.8911249999999997,1.818,1.2708095238095236,1.758923076923077,1.7904444444444443,2.2409,1.5835,1.7142258064516127,2.01875,4.313333333333333,3.0980000000000003,2.3332800000000002,1.7587777777777782,2.239826086956522,2.299418604651162,2.2585714285714285,1.998726315789474,2.47725,2.4568125000000003,3.0476842105263153,2.819125,3.4195769230769235,3.420361111111111,2.482297872340425,3.25,3.25,3.25,3.25,3.25,4.115,3.25,3.25,3.25,3.25,3.25
1.8911249999999997,1.818,1.2708095238095236,1.758923076923077,1.7904444444444443,2.2409,1.5835,1.7142258064516127,2.01875,4.313333333333333,3.0980000000000003,2.3332800000000002,1.7587777777777782,2.239826086956522,2.299418604651162,2.2585714285714285,1.998726315789474,2.47725,2.4568125000000003,3.0476842105263153,2.819125,3.4195769230769235,3.420361111111111,2.482297872340425,3.25,3.25,3.25,3.25,3.25,4.115,3.25,3.25,3.25,3.25,3.25
1.8911249999999997,1.818,1.2708095238095236,1.758923076923077,1.7904444444444443,2.2409,1.5835,1.7142258064516127,2.01875,4.313333333333333,3.0980000000000003,2.3332800000000002,1.7587777777777782,2.239826086956522,2.299418604651162,2.2585714285714285,1.998726315789474,2.47725,2.4568125000000003,3.0476842105263153,2.819125,3.4195769230769235,3.420361111111111,2.482297872340425,3.25,3.25,3.25,3.25,3.25,4.115,3.25,3.25,3.25,3.25,3.25
1.8911249999999997,1.818,1.2708095238095236,1.758923076923077,1.7904444444444443,2.2409,1.5835,1.7142258064516127,2.01875,4.313333333333333,3.0980000000000003,2.3332800000000002,1.7587777777777782,2.239826086956522,2.299418604651162,2.2585714285714285,1.998726315789474,2.47725,2.4568125000000003,3.0476842105263153,2.819125,3.4195769230769235,3.420361111111111,2.482297872340425,3.25,3.25,3.25,3.25,3.25,4.115,3.25,3.25,3.25,3.25,3.25
1.8911249999999997,1.818,1.2708095238095236,1.758923076923077,1.7904444444444443,2.2409,1.5835,1.7142258064516127,2.01875,4.313333333333333,3.0980000000000003,2.3332800000000002,1.7587777777777782,2.239826086956522,2.299418604651162,2.2585714285714285,1.998726315789474,2.47725,2.4568125000000003,3.0476842105263153,2.819125,3.4195769230769235,3.420361111111111,2.482297872340425,3.25,3.25,3.25,3.25,3.25,4.115,3.25,3.25,3.25,3.25,3.25
1.8911249999999997,1.818,1.2708095238095236,1.758923076923077,1.7904444444444443,2.2409,1.5835,1.7142258064516127,2.01875,4.313333333333333,3.0980000000000003,2.3332800000000002,1.7587777777777782,2.239826086956522,2.299418604651162,2.2585714285714285,1.998726315789474,2.47725,2.4568125000000003,3.0476842105263153,2.819125,3.4195769230769235,3.420361111111111,2.482297872340425,3.25,3.25,3.25,3.25,3.25,4.115,3.25,3.25,3.25,3.25,3.25
1.8911249999999997,1.818,1.2708095238095236,1.758923076923077,1.7904444444444443,2.2409,1.5835,1.7142258064516127,2.01875,4.313333333333333,3.0980000000000003,2.3332800000000002,1.7587777777777782,2.239826086956522,2.299418604651162,2.2585714285714285,1.998726315789474,2.47725,2.4568125000000003,3.0476842105263153,2.819125,3.4195769230769235,3.420361111111111,2.482297872340425,3.25,3.25,3.25,3.25,3.25,4.115,3.25,3.25,3.25,3.25,3.25
1.8911249999999997,1.818,1.2708095238095236,1.758923076923077,1.7904444444444443,2.2409,1.5835,1.7142258064516127,2.01875,4.313333333333333,3.0980000000000003,2.3332800000000002,1.7587777777777782,2.239826086956522,2.299418604651162,2.2585714285714285,1.998726315789474,2.47725,2.4568125000000003,3.0476842105263153,2.819125,3.4195769230769235,3.420361111111111,2.482297872340425,3.25,3.25,3.25,3.25,3.25,4.115,3.25,3.25,3.25,3.25,3.25
1.8911249999999997,1.818,1.2708095238095236,1.758923076923077,1.7904444444444443,2.2409,1.5835,1.7142258064516127,2.01875,4.313333333333333,3.0980000000000003,2.3332800000000002,1.7587777777777782,2.239826086956522,2.299418604651162,2.2585714285714285,1.998726315789474,2.47725,2.4568125000000003,3.0476842105263153,2.819125,3.4195769230769235,3.420361111111111,2.482297872340425,3.25,3.25,3.25,3.25,3.25,4.115,3.25,3.25,3.25,3.25,3.25
1.8911249999999997,1.818,1.2708095238095236,1.758923076923077,1.7904444444444443,2.2409,1.5835,1.7142258064516127,2.01875,4.313333333333333,3.0980000000000003,2.3332800000000002,1.7587777777777782,2.239826086956522,2.299418604651162,2.2585714285714285,1.998726315789474,2.47725,2.4568125000000003,3.0476842105263153,2.819125,3.4195769230769235,3.420361111111111,2.482297872340425,3.25,3.25,3.25,3.25,3.25,4.115,3.25,3.25,3.25,3.25,3.25
1.8911249999999997,1.818,1.2708095238095236,1.758923076923077,1.7904444444444443,2.2409,1.5835,1.7142258064516127,2.01875,4.313333333333333,3.0980000000000003,2.3332800000000002,1.7587777777777782,2.239826086956522,2.299418604651162,2.2585714285714285,1.998726315789474,2.47725,2.4568125000000003,3.0476842105263153,2.819125,3.4195769230769235,3.420361111111111,2.482297872340425,3.25,3.25,3.25,3.25,3.25,4.115,3.25,3.25,3.25,3.25,3.25
1.8911249999999997,1.818,1.2708095238095236,1.758923076923077,1.7904444444444443,2.2409,1.5835,1.7142258064516127,2.01875,4.313333333333333,3.0980000000000003,2.3332800000000002,1.7587777777777782,2.239826086956522,2.299418604651162,2.2585714285714285,1.998726315789474,2.47725,2.4568125000000003,3.0476842105263153,2.819125,3.4195769230769235,3.420361111111111,2.482297872340425,3.25,3.25,3.25,3.25,3.25,4.115,3.25,3.25,3.25,3.25,3.25
1.8911249999999997,1.818,1.2708095238095236,1.758923076923077,1.7904444444444443,2.2409,1.5835,1.7142258064516127,2.01875,4.313333333333333,3.0980000000000003,2.3332800000000002,1.7587777777777782,2.239826086956522,2.299418604651162,2.2585714285714285,1.998726315789474,2.47725,2.4568125000000003,3.0476842105263153,2.819125,3.4195769230769235,3.420361111111111,2.482297872340425,3.25,3.25,3.25,3.25,3.25,4.115,3.25,3.25,3.25,3.25,3.25
1.8911249999999997,1.818,1.2708095238095236,1.758923076923077,1.7904444444444443,2.2409,1.5835,1.7142258064516127,2.01875,4.313333333333333,3.0980000000000003,2.3332800000000002,1.7587777777777782,2.239826086956522,2.299418604651162,2.2585714285714285,1.998726315789474,2.47725,2.4568125000000003,3.0476842105263153,2.819125,3.4195769230769235,3.420361111111111,2.482297872340425,3.25,3.25,3.25,3.25,3.25,4.115,3.25,3.25,3.25,3.25,3.25
1.8911249999999997,1.818,1.2708095238095236,1.758923076923077,1.7904444444444443,2.2409,1.5835,1.7142258064516127,2.01875,4.313333333333333,3.0980000000000003,2.3332800000000002,1.7587777777777782,2.239826086956522,2.299418604651162,2.2585714285714285,1.998726315789474,2.47725,2.4568125000000003,3.0476842105263153,2.819125,3.4195769230769235,3.420361111111111,2.482297872340425,3.25,3.25,3.25,3.25,3.25,4.115,3.25,3.25,3.25,3.25,3.25
1.8911249999999997,1.818,1.2708095238095236,1.758923076923077,1.7904444444444443,2.2409,1.5835,1.7142258064516127,2.01875,4.313333333333333,3.0980000000000003,2.3332800000000002,1.7587777777777782,2.239826086956522,2.299418604651162,2.2585714285714285,1.998726315789474,2.47725,2.4568125000000003,3.0476842105263153,2.819125,3.4195769230769235,3.420361111111111,2.482297872340425,3.25,3.25,3.25,3.25,3.25,4.115,3.25,3.25,3.25,3.25,3.25
1.8911249999999997,1.818,1.2708095238095236,1.758923076923077,1.7904444444444443,2.2409,1.5835,1.7142258064516127,2.01875,4.313333333333333,3.0980000000000003,2.3332800000000002,1.7587777777777782,2.239826086956522,2.299418604651162,2.2585714285714285,1.998726315789474,2.47725,2.4568125000000003,3.0476842105263153,2.819125,3.4195769230769235,3.420361111111111,2.482297872340425,3.25,3.25,3.25,3.25,3.25,4.115,3.25,3.25,3.25,3.25,3.25
1.8911249999999997,1.818,1.2708095238095236,1.758923076923077,1.7904444444444443,2.2409,1.5835,1.7142258064516127,2.01875,4.313333333333333,3.0980000000000003,2.3332800000000002,1.7587777777777782,2.239826086956522,2.299418604651162,2.2585714285714285,1.998726315789474,2.47725,2.4568125000000003,3.0476842105263153,2.819125,3.4195769230769235,3.420361111111111,2.482297872340425,3.25,3.25,3.25,3.25,3.25,4.115,3.25,3.25,3.25,3.25,3.25
1.8911249999999997,1.818,1.2708095238095236,1.758923076923077,1.7904444444444443,2.2409,1.5835,1.7142258064516127,2.01875,4.313333333333333,3.0980000000000003,2.3332800000000002,1.7587777777777782,2.239826086956522,2.299418604651162,2.2585714285714285,1.998726315789474,2.47725,2.4568125000000003,3.0476842105263153,2.819125,3.4195769230769235,3.420361111111111,2.482297872340425,3.25,3.25,3.25,3.25,3.25,4.115,3.25,3.25,3.25,3.25,3.25
1.8911249999999997,1.818,1.2708095238095236,1.758923076923077,1.7904444444444443,2.2409,1.5835,1.7142258064516127,2.01875,4.313333333333333,3.0980000000000003,2.3332800000000002,1.7587777777777782,2.239826086956522,2.299418604651162,2.2585714285714285,1.998726315789474,2.47725,2.4568125000000003,3.0476842105263153,2.819125,3.4195769230769235,3.420361111111111,2.482297872340425,3.25,3.25,3.25,3.25,3.25,4.115,3.25,3.25,3.25,3.25,3.25
1.8911249999999997,1.818,1.2708095238095236,1.758923076923077,1.7904444444444443,2.2409,1.5835,1.7142258064516127,2.01875,4.313333333333333,3.0980000000000003,2.3332800000000002,1.7587777777777782,2.239826086956522,2.299418604651162,2.2585714285714285,1.998726315789474,2.47725,2.4568125000000003,3.0476842105263153,2.819125,3.4195769230769235,3.420361111111111,2.482297872340425,3.25,3.25,3.25,3.25,3.25,4.115,3.25,3.25,3.25,3.25,3.25
1.8911249999999997,1.818,1.2708095238095236,1.758923076923077,1.7904444444444443,2.2409,1.5835,1.7142258064516127,2.01875,4.313333333333333,3.0980000000000003,2.3332800000000002,1.7587777777777782,2.239826086956522,2.299418604651162,2.2585714285714285,1.998726315789474,2.47725,2.4568125000000003,3.0476842105263153,2.819125,3.4195769230769235,3.420361111111111,2.482297872340425,3.25,3.25,3.25,3.25,3.25,4.115,3.25,3.25,3.25,3.25,3.25
1.8911249999999997,1.818,1.2708095238095236,1.758923076923077,1.7904444444444443,2.2409,1.5835,1.7142258064516127,2.01875,4.313333333333333,3.0980000000000003,2.3332800000000002,1.7587777777777782,2.239826086956522,2.299418604651162,2.2585714285714285,1.998726315789474,2.47725,2.4568125000000003,3.0476842105263153,2.819125,3.4195769230769235,3.420361111111111,2.482297872340425,3.25,3.25,3.25,3.25,3.25,4.115,3.25,3.25,3.25,3.25,3.25
1.8911249999999997,1.818,1.2708095238095236,1.758923076923077,1.7904444444444443,2.2409,1.5835,1.7142258064516127,2.01875,4.313333333333333,3.0980000000000003,2.3332800000000002,1.7587777777777782,2.239826086956522,2.299418604651162,2.2585714285714285,1.998726315789474,2.47725,2.4568125000000003,3.0476842105263153,2.819125,3.4195769230769235,3.420361111111111,2.482297872340425,3.25,3.25,3.25,3.25,3.25,4.115,3.25,3.25,3.25,3.25,3.25
1.8911249999999997,1.818,1.2708095238095236,1.758923076923077,1.7904444444444443,2.2409,1.5835,1.7142258064516127,2.01875,4.313333333333333,3.0980000000000003,2.3332800000000002,1.7587777777777782,2.239826086956522,2.299418604651162,2.2585714285714285,1.998726315789474,2.47725,2.4568125000000003,3.0476842105263153,2.819125,3.4195769230769235,3.420361111111111,2.482297872340425,3.25,3.25,3.25,3.25,3.25,4.115,3.25,3.25,3.25,3.25,3.25
1.8911249999999997,1.818,1.2708095238095236,1.758923076923077,1.7904444444444443,2.2409,1.5835,1.7142258064516127,2.01875,4.313333333333333,3.0980000000000003,2.3332800000000002,1.7587777777777782,2.239826086956522,2.299418604651162,2.2585714285714285,1.998726315789474,2.47725,2.4568125000000003,3.0476842105263153,2.819125,3.4195769230769235,3.420361111111111,2.482297872340425,3.25,3.25,3.25,3.25,3.25,4.115,3.25,3.25,3.25,3.25,3.25
