ND,SD,NE,KS,OK,MN,IA,MO,AR,LA,MS,WI,IL,MI,IN,OH,KY,TN,AL,FL,GA,SC,NC,WV,MD,DE,PA,NJ,NY,NH,CT,RI,MA,VT,ME
1.5982999999999998,2.2485000000000004,1.3687777777777776,1.7353,1.9664444444444444,2.15305,1.6363421052631582,1.7915952380952382,2.2722999999999995,2.614,2.744,2.2821923076923074,1.9548333333333332,2.450893617021278,2.4142499999999996,2.096033333333333,2.1515,2.4895555555555555,2.483277777777777,2.9700384615384623,2.931277777777778,3.331468750000001,3.1445000000000003,2.3554423076923077,3.25,3.25,3.25,3.25,3.25,3.25,3.25,3.25,3.25,3.25,3.25
1.5982999999999998,2.2485000000000004,1.3687777777777776,1.7353,1.9664444444444444,2.15305,1.6363421052631582,1.7915952380952382,2.2722999999999995,2.614,2.744,2.2821923076923074,1.9548333333333332,2.450893617021278,2.4142499999999996,2.096033333333333,2.1515,2.4895555555555555,2.483277777777777,2.9700384615384623,2.931277777777778,3.331468750000001,3.1445000000000003,2.3554423076923077,3.25,3.25,3.25,3.25,3.25,3.25,3.25,3.25,3.25,3.25,3.25
1.5982999999999998,2.2485000000000004,1.3687777777777776,1.7353,1.9664444444444444,2.15305,1.6363421052631582,1.7915952380952382,2.2722999999999995,2.614,2.744,2.2821923076923074,1.9548333333333332,2.450893617021278,2.4142499999999996,2.096033333333333,2.1515,2.4895555555555555,2.483277777777777,2.9700384615384623,2.931277777777778,3.331468750000001,3.1445000000000003,2.3554423076923077,3.25,3.25,3.25,3.25,3.25,3.25,3.25,3.25,3.25,3.25,3.25
1.5982999999999998,2.2485000000000004,1.3687777777777776,1.7353,1.9664444444444444,2.15305,1.6363421052631582,1.7915952380952382,2.2722999999999995,2.614,2.744,2.2821923076923074,1.9548333333333332,2.450893617021278,2.4142499999999996,2.096033333333333,2.1515,2.4895555555555555,2.483277777777777,2.9700384615384623,2.931277777777778,3.331468750000001,3.1445000000000003,2.3554423076923077,3.25,3.25,3.25,3.25,3.25,3.25,3.25,3.25,3.25,3.25,3.25
1.5982999999999998,2.2485000000000004,1.3687777777777776,1.7353,1.9664444444444444,2.15305,1.6363421052631582,1.7915952380952382,2.2722999999999995,2.614,2.744,2.2821923076923074,1.9548333333333332,2.450893617021278,2.4142499999999996,2.096033333333333,2.1515,2.4895555555555555,2.483277777777777,2.9700384615384623,2.931277777777778,3.331468750000001,3.1445000000000003,2.3554423076923077,3.25,3.25,3.25,3.25,3.25,3.25,3.25,3.25,3.25,3.25,3.25
1.5982999999999998,2.2485000000000004,1.3687777777777776,1.7353,1.9664444444444444,2.15305,1.6363421052631582,1.7915952380952382,2.2722999999999995,2.614,2.744,2.2821923076923074,1.9548333333333332,2.450893617021278,2.4142499999999996,2.096033333333333,2.1515,2.4895555555555555,2.483277777777777,2.9700384615384623,2.931277777777778,3.331468750000001,3.1445000000000003,2.3554423076923077,3.25,3.25,3.25,3.25,3.25,3.25,3.25,3.25,3.25,3.25,3.25
1.5982999999999998,2.2485000000000004,1.3687777777777776,1.7353,1.9664444444444444,2.15305,1.6363421052631582,1.7915952380952382,2.2722999999999995,2.614,2.744,2.2821923076923074,1.9548333333333332,2.450893617021278,2.4142499999999996,2.096033333333333,2.1515,2.4895555555555555,2.483277777777777,2.9700384615384623,2.931277777777778,3.331468750000001,3.1445000000000003,2.3554423076923077,3.25,3.25,3.25,3.25,3.25,3.25,3.25,3.25,3.25,3.25,3.25
1.5982999999999998,2.2485000000000004,1.3687777777777776,1.7353,1.9664444444444444,2.15305,1.6363421052631582,1.7915952380952382,2.2722999999999995,2.614,2.744,2.2821923076923074,1.9548333333333332,2.450893617021278,2.4142499999999996,2.096033333333333,2.1515,2.4895555555555555,2.483277777777777,2.9700384615384623,2.931277777777778,3.331468750000001,3.1445000000000003,2.3554423076923077,3.25,3.25,3.25,3.25,3.25,3.25,3.25,3.25,3.25,3.25,3.25
1.5982999999999998,2.2485000000000004,1.3687777777777776,1.7353,1.9664444444444444,2.15305,1.6363421052631582,1.7915952380952382,2.2722999999999995,2.614,2.744,2.2821923076923074,1.9548333333333332,2.450893617021278,2.4142499999999996,2.096033333333333,2.1515,2.4895555555555555,2.483277777777777,2.9700384615384623,2.931277777777778,3.331468750000001,3.1445000000000003,2.3554423076923077,3.25,3.25,3.25,3.25,3.25,3.25,3.25,3.25,3.25,3.25,3.25
1.5982999999999998,2.2485000000000004,1.3687777777777776,1.7353,1.9664444444444444,2.15305,1.6363421052631582,1.7915952380952382,2.2722999999999995,2.614,2.744,2.2821923076923074,1.9548333333333332,2.450893617021278,2.4142499999999996,2.096033333333333,2.1515,2.4895555555555555,2.483277777777777,2.9700384615384623,2.931277777777778,3.331468750000001,3.1445000000000003,2.3554423076923077,3.25,3.25,3.25,3.25,3.25,3.25,3.25,3.25,3.25,3.25,3.25
1.5982999999999998,2.2485000000000004,1.3687777777777776,1.7353,1.9664444444444444,2.15305,1.6363421052631582,1.7915952380952382,2.2722999999999995,2.614,2.744,2.2821923076923074,1.9548333333333332,2.450893617021278,2.4142499999999996,2.096033333333333,2.1515,2.4895555555555555,2.483277777777777,2.9700384615384623,2.931277777777778,3.331468750000001,3.1445000000000003,2.3554423076923077,3.25,3.25,3.25,3.25,3.25,3.25,3.25,3.25,3.25,3.25,3.25
1.5982999999999998,2.2485000000000004,1.3687777777777776,1.7353,1.9664444444444444,2.15305,1.6363421052631582,1.7915952380952382,2.2722999999999995,2.614,2.744,2.2821923076923074,1.9548333333333332,2.450893617021278,2.4142499999999996,2.096033333333333,2.1515,2.4895555555555555,2.483277777777777,2.9700384615384623,2.931277777777778,3.331468750000001,3.1445000000000003,2.3554423076923077,3.25,3.25,3.25,3.25,3.25,3.25,3.25,3.25,3.25,3.25,3.25
1.5982999999999998,2.2485000000000004,1.3687777777777776,1.7353,1.9664444444444444,2.15305,1.6363421052631582,1.7915952380952382,2.2722999999999995,2.614,2.744,2.2821923076923074,1.9548333333333332,2.450893617021278,2.4142499999999996,2.096033333333333,2.1515,2.4895555555555555,2.483277777777777,2.9700384615384623,2.931277777777778,3.331468750000001,3.1445000000000003,2.3554423076923077,3.25,3.25,3.25,3.25,3.25,3.25,3.25,3.25,3.25,3.25,3.25
1.5982999999999998,2.2485000000000004,1.3687777777777776,1.7353,1.9664444444444444,2.15305,1.6363421052631582,1.7915952380952382,2.2722999999999995,2.614,2.744,2.2821923076923074,1.9548333333333332,2.450893617021278,2.4142499999999996,2.096033333333333,2.1515,2.4895555555555555,2.483277777777777,2.9700384615384623,2.931277777777778,3.331468750000001,3.1445000000000003,2.3554423076923077,3.25,3.25,3.25,3.25,3.25,3.25,3.25,3.25,3.25,3.25,3.25
1.5982999999999998,2.2485000000000004,1.3687777777777776,1.7353,1.9664444444444444,2.15305,1.6363421052631582,1.7915952380952382,2.2722999999999995,2.614,2.744,2.2821923076923074,1.9548333333333332,2.450893617021278,2.4142499999999996,2.096033333333333,2.1515,2.4895555555555555,2.483277777777777,2.9700384615384623,2.931277777777778,3.331468750000001,3.1445000000000003,2.3554423076923077,3.25,3.25,3.25,3.25,3.25,3.25,3.25,3.25,3.25,3.25,3.25
1.5982999999999998,2.2485000000000004,1.3687777777777776,1.7353,1.9664444444444444,2.15305,1.6363421052631582,1.7915952380952382,2.2722999999999995,2.614,2.744,2.2821923076923074,1.9548333333333332,2.450893617021278,2.4142499999999996,2.096033333333333,2.1515,2.4895555555555555,2.483277777777777,2.9700384615384623,2.931277777777778,3.331468750000001,3.1445000000000003,2.3554423076923077,3.25,3.25,3.25,3.25,3.25,3.25,3.25,3.25,3.25,3.25,3.25
1.5982999999999998,2.2485000000000004,1.3687777777777776,1.7353,1.9664444444444444,2.15305,1.6363421052631582,1.7915952380952382,2.2722999999999995,2.614,2.744,2.2821923076923074,1.9548333333333332,2.450893617021278,2.4142499999999996,2.096033333333333,2.1515,2.4895555555555555,2.483277777777777,2.9700384615384623,2.931277777777778,3.331468750000001,3.1445000000000003,2.3554423076923077,3.25,3.25,3.25,3.25,3.25,3.25,3.25,3.25,3.25,3.25,3.25
1.5982999999999998,2.2485000000000004,1.3687777777777776,1.7353,1.9664444444444444,2.15305,1.6363421052631582,1.7915952380952382,2.2722999999999995,2.614,2.744,2.2821923076923074,1.9548333333333332,2.450893617021278,2.4142499999999996,2.096033333333333,2.1515,2.4895555555555555,2.483277777777777,2.9700384615384623,2.931277777777778,3.331468750000001,3.1445000000000003,2.3554423076923077,3.25,3.25,3.25,3.25,3.25,3.25,3.25,3.25,3.25,3.25,3.25
1.5982999999999998,2.2485000000000004,1.3687777777777776,1.7353,1.9664444444444444,2.15305,1.6363421052631582,1.7915952380952382,2.2722999999999995,2.614,2.744,2.2821923076923074,1.9548333333333332,2.450893617021278,2.4142499999999996,2.096033333333333,2.1515,2.4895555555555555,2.483277777777777,2.9700384615384623,2.931277777777778,3.331468750000001,3.1445000000000003,2.3554423076923077,3.25,3.25,3.25,3.25,3.25,3.25,3.25,3.25,3.25,3.25,3.25
1.5982999999999998,2.2485000000000004,1.3687777777777776,1.7353,1.9664444444444444,2.15305,1.6363421052631582,1.7915952380952382,2.2722999999999995,2.614,2.744,2.2821923076923074,1.9548333333333332,2.450893617021278,2.4142499999999996,2.096033333333333,2.1515,2.4895555555555555,2.483277777777777,2.9700384615384623,2.931277777777778,3.331468750000001,3.1445000000000003,2.3554423076923077,3.25,3.25,3.25,3.25,3.25,3.25,3.25,3.25,3.25,3.25,3.25
1.5982999999999998,2.2485000000000004,1.3687777777777776,1.7353,1.9664444444444444,2.15305,1.6363421052631582,1.7915952380952382,2.2722999999999995,2.614,2.744,2.2821923076923074,1.9548333333333332,2.450893617021278,2.4142499999999996,2.096033333333333,2.1515,2.4895555555555555,2.483277777777777,2.9700384615384623,2.931277777777778,3.331468750000001,3.1445000000000003,2.3554423076923077,3.25,3.25,3.25,3.25,3.25,3.25,3.25,3.25,3.25,3.25,3.25
1.5982999999999998,2.2485000000000004,1.3687777777777776,1.7353,1.9664444444444444,2.15305,1.6363421052631582,1.7915952380952382,2.2722999999999995,2.614,2.744,2.2821923076923074,1.9548333333333332,2.450893617021278,2.4142499999999996,2.096033333333333,2.1515,2.4895555555555555,2.483277777777777,2.9700384615384623,2.931277777777778,3.331468750000001,3.1445000000000003,2.3554423076923077,3.25,3.25,3.25,3.25,3.25,3.25,3.25,3.25,3.25,3.25,3.25
1.5982999999999998,2.2485000000000004,1.3687777777777776,1.7353,1.9664444444444444,2.15305,1.6363421052631582,1.7915952380952382,2.2722999999999995,2.614,2.744,2.2821923076923074,1.9548333333333332,2.450893617021278,2.4142499999999996,2.096033333333333,2.1515,2.4895555555555555,2.483277777777777,2.9700384615384623,2.931277777777778,3.331468750000001,3.1445000000000003,2.3554423076923077,3.25,3.25,3.25,3.25,3.25,3.25,3.25,3.25,3.25,3.25,3.25
1.5982999999999998,2.2485000000000004,1.3687777777777776,1.7353,1.9664444444444444,2.15305,1.6363421052631582,1.7915952380952382,2.2722999999999995,2.614,2.744,2.2821923076923074,1.9548333333333332,2.450893617021278,2.4142499999999996,2.096033333333333,2.1515,2.4895555555555555,2.483277777777777,2.9700384615384623,2.931277777777778,3.331468750000001,3.1445000000000003,2.3554423076923077,3.25,3.25,3.25,3.25,3.25,3.25,3.25,3.25,3.25,3.25,3.25
1.5982999999999998,2.2485000000000004,1.3687777777777776,1.7353,1.9664444444444444,2.15305,1.6363421052631582,1.7915952380952382,2.2722999999999995,2.614,2.744,2.2821923076923074,1.9548333333333332,2.450893617021278,2.4142499999999996,2.096033333333333,2.1515,2.4895555555555555,2.483277777777777,2.9700384615384623,2.931277777777778,3.331468750000001,3.1445000000000003,2.3554423076923077,3.25,3.25,3.25,3.25,3.25,3.25,3.25,3.25,3.25,3.25,3.25
1.5982999999999998,2.2485000000000004,1.3687777777777776,1.7353,1.9664444444444444,2.15305,1.6363421052631582,1.7915952380952382,2.2722999999999995,2.614,2.744,2.2821923076923074,1.9548333333333332,2.450893617021278,2.4142499999999996,2.096033333333333,2.1515,2.4895555555555555,2.483277777777777,2.9700384615384623,2.931277777777778,3.331468750000001,3.1445000000000003,2.3554423076923077,3.25,3.25,3.25,3.25,3.25,3.25,3.25,3.25,3.25,3.25,3.25
1.5982999999999998,2.2485000000000004,1.3687777777777776,1.7353,1.9664444444444444,2.15305,1.6363421052631582,1.7915952380952382,2.2722999999999995,2.614,2.744,2.2821923076923074,1.9548333333333332,2.450893617021278,2.4142499999999996,2.096033333333333,2.1515,2.4895555555555555,2.483277777777777,2.9700384615384623,2.931277777777778,3.331468750000001,3.1445000000000003,2.3554423076923077,3.25,3.25,3.25,3.25,3.25,3.25,3.25,3.25,3.25,3.25,3.25
1.5982999999999998,2.2485000000000004,1.3687777777777776,1.7353,1.9664444444444444,2.15305,1.6363421052631582,1.7915952380952382,2.2722999999999995,2.614,2.744,2.2821923076923074,1.9548333333333332,2.450893617021278,2.4142499999999996,2.096033333333333,2.1515,2.4895555555555555,2.483277777777777,2.9700384615384623,2.931277777777778,3.331468750000001,3.1445000000000003,2.3554423076923077,3.25,3.25,3.25,3.25,3.25,3.25,3.25,3.25,3.25,3.25,3.25
1.5982999999999998,2.2485000000000004,1.3687777777777776,1.7353,1.9664444444444444,2.15305,1.6363421052631582,1.7915952380952382,2.2722999999999995,2.614,2.744,2.2821923076923074,1.9548333333333332,2.450893617021278,2.4142499999999996,2.096033333333333,2.1515,2.4895555555555555,2.483277777777777,2.9700384615384623,2.931277777777778,3.331468750000001,3.1445000000000003,2.3554423076923077,3.25,3.25,3.25,3.25,3.25,3.25,3.25,3.25,3.25,3.25,3.25
1.5982999999999998,2.2485000000000004,1.3687777777777776,1.7353,1.9664444444444444,2.15305,1.6363421052631582,1.7915952380952382,2.2722999999999995,2.614,2.744,2.2821923076923074,1.9548333333333332,2.450893617021278,2.4142499999999996,2.096033333333333,2.1515,2.4895555555555555,2.483277777777777,2.9700384615384623,2.931277777777778,3.331468750000001,3.1445000000000003,2.3554423076923077,3.25,3.25,3.25,3.25,3.25,3.25,3.25,3.25,3.25,3.25,3.25
1.5982999999999998,2.2485000000000004,1.3687777777777776,1.7353,1.9664444444444444,2.15305,1.6363421052631582,1.7915952380952382,2.2722999999999995,2.614,2.744,2.2821923076923074,1.9548333333333332,2.450893617021278,2.4142499999999996,2.096033333333333,2.1515,2.4895555555555555,2.483277777777777,2.9700384615384623,2.931277777777778,3.331468750000001,3.1445000000000003,2.3554423076923077,3.25,3.25,3.25,3.25,3.25,3.25,3.25,3.25,3.25,3.25,3.25
1.6207,2.155,1.3917000000000002,1.7721176470588238,1.915625,2.1341176470588237,1.6156944444444443,1.7275757575757575,2.2638125,2.547444444444444,2.6756,2.2782727272727277,1.894538461538461,2.4536153846153845,2.3343783783783794,2.03196,2.088410526315789,2.27975,2.5435714285714286,2.959125,3.076076923076923,3.150321428571429,3.04003125,2.2745952380952383,3.25,3.25,3.25,3.25,3.25,3.25,3.25,3.25,3.25,3.25,3.25
1.6207,2.155,1.3917000000000002,1.7721176470588238,1.915625,2.1341176470588237,1.6156944444444443,1.7275757575757575,2.2638125,2.547444444444444,2.6756,2.2782727272727277,1.894538461538461,2.4536153846153845,2.3343783783783794,2.03196,2.088410526315789,2.27975,2.5435714285714286,2.959125,3.076076923076923,3.150321428571429,3.04003125,2.2745952380952383,3.25,3.25,3.25,3.25,3.25,3.25,3.25,3.25,3.25,3.25,3.25
1.6207,2.155,1.3917000000000002,1.7721176470588238,1.915625,2.1341176470588237,1.6156944444444443,1.7275757575757575,2.2638125,2.547444444444444,2.6756,2.2782727272727277,1.894538461538461,2.4536153846153845,2.3343783783783794,2.03196,2.088410526315789,2.27975,2.5435714285714286,2.959125,3.076076923076923,3.150321428571429,3.04003125,2.2745952380952383,3.25,3.25,3.25,3.25,3.25,3.25,3.25,3.25,3.25,3.25,3.25
1.6207,2.155,1.3917000000000002,1.7721176470588238,1.915625,2.1341176470588237,1.6156944444444443,1.7275757575757575,2.2638125,2.547444444444444,2.6756,2.2782727272727277,1.894538461538461,2.4536153846153845,2.3343783783783794,2.03196,2.088410526315789,2.27975,2.5435714285714286,2.959125,3.076076923076923,3.150321428571429,3.04003125,2.2745952380952383,3.25,3.25,3.25,3.25,3.25,3.25,3.25,3.25,3.25,3.25,3.25
1.6207,2.155,1.3917000000000002,1.7721176470588238,1.915625,2.1341176470588237,1.6156944444444443,1.7275757575757575,2.2638125,2.547444444444444,2.6756,2.2782727272727277,1.894538461538461,2.4536153846153845,2.3343783783783794,2.03196,2.088410526315789,2.27975,2.5435714285714286,2.959125,3.076076923076923,3.150321428571429,3.04003125,2.2745952380952383,3.25,3.25,3.25,3.25,3.25,3.25,3.25,3.25,3.25,3.25,3.25
1.6207,2.155,1.3917000000000002,1.7721176470588238,1.915625,2.1341176470588237,1.6156944444444443,1.7275757575757575,2.2638125,2.547444444444444,2.6756,2.2782727272727277,1.894538461538461,2.4536153846153845,2.3343783783783794,2.03196,2.088410526315789,2.27975,2.5435714285714286,2.959125,3.076076923076923,3.150321428571429,3.04003125,2.2745952380952383,3.25,3.25,3.25,3.25,3.25,3.25,3.25,3.25,3.25,3.25,3.25
1.6207,2.155,1.3917000000000002,1.7721176470588238,1.915625,2.1341176470588237,1.6156944444444443,1.7275757575757575,2.2638125,2.547444444444444,2.6756,2.2782727272727277,1.894538461538461,2.4536153846153845,2.3343783783783794,2.03196,2.088410526315789,2.27975,2.5435714285714286,2.959125,3.076076923076923,3.150321428571429,3.04003125,2.2745952380952383,3.25,3.25,3.25,3.25,3.25,3.25,3.25,3.25,3.25,3.25,3.25
1.6207,2.155,1.3917000000000002,1.7721176470588238,1.915625,2.1341176470588237,1.6156944444444443,1.7275757575757575,2.2638125,2.547444444444444,2.6756,2.2782727272727277,1.894538461538461,2.4536153846153845,2.3343783783783794,2.03196,2.088410526315789,2.27975,2.5435714285714286,2.959125,3.076076923076923,3.150321428571429,3.04003125,2.2745952380952383,3.25,3.25,3.25,3.25,3.25,3.25,3.25,3.25,3.25,3.25,3.25
1.6207,2.155,1.3917000000000002,1.7721176470588238,1.915625,2.1341176470588237,1.6156944444444443,1.7275757575757575,2.2638125,2.547444444444444,2.6756,2.2782727272727277,1.894538461538461,2.4536153846153845,2.3343783783783794,2.03196,2.088410526315789,2.27975,2.5435714285714286,2.959125,3.076076923076923,3.150321428571429,3.04003125,2.2745952380952383,3.25,3.25,3.25,3.25,3.25,3.25,3.25,3.25,3.25,3.25,3.25
1.6207,2.155,1.3917000000000002,1.7721176470588238,1.915625,2.1341176470588237,1.6156944444444443,1.7275757575757575,2.2638125,2.547444444444444,2.6756,2.2782727272727277,1.894538461538461,2.4536153846153845,2.3343783783783794,2.03196,2.088410526315789,2.27975,2.5435714285714286,2.959125,3.076076923076923,3.150321428571429,3.04003125,2.2745952380952383,3.25,3.25,3.25,3.25,3.25,3.25,3.25,3.25,3.25,3.25,3.25
1.6207,2.155,1.3917000000000002,1.7721176470588238,1.915625,2.1341176470588237,1.6156944444444443,1.7275757575757575,2.2638125,2.547444444444444,2.6756,2.2782727272727277,1.894538461538461,2.4536153846153845,2.3343783783783794,2.03196,2.088410526315789,2.27975,2.5435714285714286,2.959125,3.076076923076923,3.150321428571429,3.04003125,2.2745952380952383,3.25,3.25,3.25,3.25,3.25,3.25,3.25,3.25,3.25,3.25,3.25
1.6207,2.155,1.3917000000000002,1.7721176470588238,1.915625,2.1341176470588237,1.6156944444444443,1.7275757575757575,2.2638125,2.547444444444444,2.6756,2.2782727272727277,1.894538461538461,2.4536153846153845,2.3343783783783794,2.03196,2.088410526315789,2.27975,2.5435714285714286,2.959125,3.076076923076923,3.150321428571429,3.04003125,2.2745952380952383,3.25,3.25,3.25,3.25,3.25,3.25,3.25,3.25,3.25,3.25,3.25
1.6207,2.155,1.3917000000000002,1.7721176470588238,1.915625,2.1341176470588237,1.6156944444444443,1.7275757575757575,2.2638125,2.547444444444444,2.6756,2.2782727272727277,1.894538461538461,2.4536153846153845,2.3343783783783794,2.03196,2.088410526315789,2.27975,2.5435714285714286,2.959125,3.076076923076923,3.150321428571429,3.04003125,2.2745952380952383,3.25,3.25,3.25,3.25,3.25,3.25,3.25,3.25,3.25,3.25,3.25
1.6207,2.155,1.3917000000000002,1.7721176470588238,1.915625,2.1341176470588237,1.6156944444444443,1.7275757575757575,2.2638125,2.547444444444444,2.6756,2.2782727272727277,1.894538461538461,2.4536153846153845,2.3343783783783794,2.03196,2.088410526315789,2.27975,2.5435714285714286,2.959125,3.076076923076923,3.150321428571429,3.04003125,2.2745952380952383,3.25,3.25,3.25,3.25,3.25,3.25,3.25,3.25,3.25,3.25,3.25
1.6207,2.155,1.3917000000000002,1.7721176470588238,1.915625,2.1341176470588237,1.6156944444444443,1.7275757575757575,2.2638125,2.547444444444444,2.6756,2.2782727272727277,1.894538461538461,2.4536153846153845,2.3343783783783794,2.03196,2.088410526315789,2.27975,2.5435714285714286,2.959125,3.076076923076923,3.150321428571429,3.04003125,2.2745952380952383,3.25,3.25,3.25,3.25,3.25,3.25,3.25,3.25,3.25,3.25,3.25
1.6207,2.155,1.3917000000000002,1.7721176470588238,1.915625,2.1341176470588237,1.6156944444444443,1.7275757575757575,2.2638125,2.547444444444444,2.6756,2.2782727272727277,1.894538461538461,2.4536153846153845,2.3343783783783794,2.03196,2.088410526315789,2.27975,2.5435714285714286,2.959125,3.076076923076923,3.150321428571429,3.04003125,2.2745952380952383,3.25,3.25,3.25,3.25,3.25,3.25,3.25,3.25,3.25,3.25,3.25
1.6207,2.155,1.3917000000000002,1.7721176470588238,1.915625,2.1341176470588237,1.6156944444444443,1.7275757575757575,2.2638125,2.547444444444444,2.6756,2.2782727272727277,1.894538461538461,2.4536153846153845,2.3343783783783794,2.03196,2.088410526315789,2.27975,2.5435714285714286,2.959125,3.076076923076923,3.150321428571429,3.04003125,2.2745952380952383,3.25,3.25,3.25,3.25,3.25,3.25,3.25,3.25,3.25,3.25,3.25
1.6207,2.155,1.3917000000000002,1.7721176470588238,1.915625,2.1341176470588237,1.6156944444444443,1.7275757575757575,2.2638125,2.547444444444444,2.6756,2.2782727272727277,1.894538461538461,2.4536153846153845,2.3343783783783794,2.03196,2.088410526315789,2.27975,2.5435714285714286,2.959125,3.076076923076923,3.150321428571429,3.04003125,2.2745952380952383,3.25,3.25,3.25,3.25,3.25,3.25,3.25,3.25,3.25,3.25,3.25
1.6207,2.155,1.3917000000000002,1.7721176470588238,1.915625,2.1341176470588237,1.6156944444444443,1.7275757575757575,2.2638125,2.547444444444444,2.6756,2.2782727272727277,1.894538461538461,2.4536153846153845,2.3343783783783794,2.03196,2.088410526315789,2.27975,2.5435714285714286,2.959125,3.076076923076923,3.150321428571429,3.04003125,2.2745952380952383,3.25,3.25,3.25,3.25,3.25,3.25,3.25,3.25,3.25,3.25,3.25
1.6207,2.155,1.3917000000000002,1.7721176470588238,1.915625,2.1341176470588237,1.6156944444444443,1.7275757575757575,2.2638125,2.547444444444444,2.6756,2.2782727272727277,1.894538461538461,2.4536153846153845,2.3343783783783794,2.03196,2.088410526315789,2.27975,2.5435714285714286,2.959125,3.076076923076923,3.150321428571429,3.04003125,2.2745952380952383,3.25,3.25,3.25,3.25,3.25,3.25,3.25,3.25,3.25,3.25,3.25
1.6207,2.155,1.3917000000000002,1.7721176470588238,1.915625,2.1341176470588237,1.6156944444444443,1.7275757575757575,2.2638125,2.547444444444444,2.6756,2.2782727272727277,1.894538461538461,2.4536153846153845,2.3343783783783794,2.03196,2.088410526315789,2.27975,2.5435714285714286,2.959125,3.076076923076923,3.150321428571429,3.04003125,2.2745952380952383,3.25,3.25,3.25,3.25,3.25,3.25,3.25,3.25,3.25,3.25,3.25
1.6207,2.155,1.3917000000000002,1.7721176470588238,1.915625,2.1341176470588237,1.6156944444444443,1.7275757575757575,2.2638125,2.547444444444444,2.6756,2.2782727272727277,1.894538461538461,2.4536153846153845,2.3343783783783794,2.03196,2.088410526315789,2.27975,2.5435714285714286,2.959125,3.076076923076923,3.150321428571429,3.04003125,2.2745952380952383,3.25,3.25,3.25,3.25,3.25,3.25,3.25,3.25,3.25,3.25,3.25
1.6207,2.155,1.3917000000000002,1.7721176470588238,1.915625,2.1341176470588237,1.6156944444444443,1.7275757575757575,2.2638125,2.547444444444444,2.6756,2.2782727272727277,1.894538461538461,2.4536153846153845,2.3343783783783794,2.03196,2.088410526315789,2.27975,2.5435714285714286,2.959125,3.076076923076923,3.150321428571429,3.04003125,2.2745952380952383,3.25,3.25,3.25,3.25,3.25,3.25,3.25,3.25,3.25,3.25,3.25
1.6207,2.155,1.3917000000000002,1.7721176470588238,1.915625,2.1341176470588237,1.6156944444444443,1.7275757575757575,2.2638125,2.547444444444444,2.6756,2.2782727272727277,1.894538461538461,2.4536153846153845,2.3343783783783794,2.03196,2.088410526315789,2.27975,2.5435714285714286,2.959125,3.076076923076923,3.150321428571429,3.04003125,2.2745952380952383,3.25,3.25,3.25,3.25,3.25,3.25,3.25,3.25,3.25,3.25,3.25
1.6207,2.155,1.3917000000000002,1.7721176470588238,1.915625,2.1341176470588237,1.6156944444444443,1.7275757575757575,2.2638125,2.547444444444444,2.6756,2.2782727272727277,1.894538461538461,2.4536153846153845,2.3343783783783794,2.03196,2.088410526315789,2.27975,2.5435714285714286,2.959125,3.076076923076923,3.150321428571429,3.04003125,2.2745952380952383,3.25,3.25,3.25,3.25,3.25,3.25,3.25,3.25,3.25,3.25,3.25
1.6207,2.155,1.3917000000000002,1.7721176470588238,1.915625,2.1341176470588237,1.6156944444444443,1.7275757575757575,2.2638125,2.547444444444444,2.6756,2.2782727272727277,1.894538461538461,2.4536153846153845,2.3343783783783794,2.03196,2.088410526315789,2.27975,2.5435714285714286,2.959125,3.076076923076923,3.150321428571429,3.04003125,2.2745952380952383,3.25,3.25,3.25,3.25,3.25,3.25,3.25,3.25,3.25,3.25,3.25
1.6207,2.155,1.3917000000000002,1.7721176470588238,1.915625,2.1341176470588237,1.6156944444444443,1.7275757575757575,2.2638125,2.547444444444444,2.6756,2.2782727272727277,1.894538461538461,2.4536153846153845,2.3343783783783794,2.03196,2.088410526315789,2.27975,2.5435714285714286,2.959125,3.076076923076923,3.150321428571429,3.04003125,2.2745952380952383,3.25,3.25,3.25,3.25,3.25,3.25,3.25,3.25,3.25,3.25,3.25
1.6207,2.155,1.3917000000000002,1.7721176470588238,1.915625,2.1341176470588237,1.6156944444444443,1.7275757575757575,2.2638125,2.547444444444444,2.6756,2.2782727272727277,1.894538461538461,2.4536153846153845,2.3343783783783794,2.03196,2.088410526315789,2.27975,2.5435714285714286,2.959125,3.076076923076923,3.150321428571429,3.04003125,2.2745952380952383,3.25,3.25,3.25,3.25,3.25,3.25,3.25,3.25,3.25,3.25,3.25
1.7266,2.427,1.3374444444444442,1.6462999999999999,1.8840000000000001,2.1166470588235295,1.6402352941176466,1.6595625,2.2807999999999997,2.615666666666667,2.4766666666666666,2.281388888888889,1.8885833333333335,2.3593333333333333,2.3694750000000004,1.9894583333333333,2.0576516853932585,2.339,2.555714285714285,3.048,3.050833333333334,3.2201538461538464,3.048035714285715,2.2989249999999997,3.25,3.25,3.25,3.25,3.25,3.25,3.25,3.25,3.25,3.25,3.25
1.7266,2.427,1.3374444444444442,1.6462999999999999,1.8840000000000001,2.1166470588235295,1.6402352941176466,1.6595625,2.2807999999999997,2.615666666666667,2.4766666666666666,2.281388888888889,1.8885833333333335,2.3593333333333333,2.3694750000000004,1.9894583333333333,2.0576516853932585,2.339,2.555714285714285,3.048,3.050833333333334,3.2201538461538464,3.048035714285715,2.2989249999999997,3.25,3.25,3.25,3.25,3.25,3.25,3.25,3.25,3.25,3.25,3.25
1.7266,2.427,1.3374444444444442,1.6462999999999999,1.8840000000000001,2.1166470588235295,1.6402352941176466,1.6595625,2.2807999999999997,2.615666666666667,2.4766666666666666,2.281388888888889,1.8885833333333335,2.3593333333333333,2.3694750000000004,1.9894583333333333,2.0576516853932585,2.339,2.555714285714285,3.048,3.050833333333334,3.2201538461538464,3.048035714285715,2.2989249999999997,3.25,3.25,3.25,3.25,3.25,3.25,3.25,3.25,3.25,3.25,3.25
1.7266,2.427,1.3374444444444442,1.6462999999999999,1.8840000000000001,2.1166470588235295,1.6402352941176466,1.6595625,2.2807999999999997,2.615666666666667,2.4766666666666666,2.281388888888889,1.8885833333333335,2.3593333333333333,2.3694750000000004,1.9894583333333333,2.0576516853932585,2.339,2.555714285714285,3.048,3.050833333333334,3.2201538461538464,3.048035714285715,2.2989249999999997,3.25,3.25,3.25,3.25,3.25,3.25,3.25,3.25,3.25,3.25,3.25
1.7266,2.427,1.3374444444444442,1.6462999999999999,1.8840000000000001,2.1166470588235295,1.6402352941176466,1.6595625,2.2807999999999997,2.615666666666667,2.4766666666666666,2.281388888888889,1.8885833333333335,2.3593333333333333,2.3694750000000004,1.9894583333333333,2.0576516853932585,2.339,2.555714285714285,3.048,3.050833333333334,3.2201538461538464,3.048035714285715,2.2989249999999997,3.25,3.25,3.25,3.25,3.25,3.25,3.25,3.25,3.25,3.25,3.25
1.7266,2.427,1.3374444444444442,1.6462999999999999,1.8840000000000001,2.1166470588235295,1.6402352941176466,1.6595625,2.2807999999999997,2.615666666666667,2.4766666666666666,2.281388888888889,1.8885833333333335,2.3593333333333333,2.3694750000000004,1.9894583333333333,2.0576516853932585,2.339,2.555714285714285,3.048,3.050833333333334,3.2201538461538464,3.048035714285715,2.2989249999999997,3.25,3.25,3.25,3.25,3.25,3.25,3.25,3.25,3.25,3.25,3.25
1.7266,2.427,1.3374444444444442,1.6462999999999999,1.8840000000000001,2.1166470588235295,1.6402352941176466,1.6595625,2.2807999999999997,2.615666666666667,2.4766666666666666,2.281388888888889,1.8885833333333335,2.3593333333333333,2.3694750000000004,1.9894583333333333,2.0576516853932585,2.339,2.555714285714285,3.048,3.050833333333334,3.2201538461538464,3.048035714285715,2.2989249999999997,3.25,3.25,3.25,3.25,3.25,3.25,3.25,3.25,3.25,3.25,3.25
1.7266,2.427,1.3374444444444442,1.6462999999999999,1.8840000000000001,2.1166470588235295,1.6402352941176466,1.6595625,2.2807999999999997,2.615666666666667,2.4766666666666666,2.281388888888889,1.8885833333333335,2.3593333333333333,2.3694750000000004,1.9894583333333333,2.0576516853932585,2.339,2.555714285714285,3.048,3.050833333333334,3.2201538461538464,3.048035714285715,2.2989249999999997,3.25,3.25,3.25,3.25,3.25,3.25,3.25,3.25,3.25,3.25,3.25
1.7266,2.427,1.3374444444444442,1.6462999999999999,1.8840000000000001,2.1166470588235295,1.6402352941176466,1.6595625,2.2807999999999997,2.615666666666667,2.4766666666666666,2.281388888888889,1.8885833333333335,2.3593333333333333,2.3694750000000004,1.9894583333333333,2.0576516853932585,2.339,2.555714285714285,3.048,3.050833333333334,3.2201538461538464,3.048035714285715,2.2989249999999997,3.25,3.25,3.25,3.25,3.25,3.25,3.25,3.25,3.25,3.25,3.25
1.7266,2.427,1.3374444444444442,1.6462999999999999,1.8840000000000001,2.1166470588235295,1.6402352941176466,1.6595625,2.2807999999999997,2.615666666666667,2.4766666666666666,2.281388888888889,1.8885833333333335,2.3593333333333333,2.3694750000000004,1.9894583333333333,2.0576516853932585,2.339,2.555714285714285,3.048,3.050833333333334,3.2201538461538464,3.048035714285715,2.2989249999999997,3.25,3.25,3.25,3.25,3.25,3.25,3.25,3.25,3.25,3.25,3.25
1.7266,2.427,1.3374444444444442,1.6462999999999999,1.8840000000000001,2.1166470588235295,1.6402352941176466,1.6595625,2.2807999999999997,2.615666666666667,2.4766666666666666,2.281388888888889,1.8885833333333335,2.3593333333333333,2.3694750000000004,1.9894583333333333,2.0576516853932585,2.339,2.555714285714285,3.048,3.050833333333334,3.2201538461538464,3.048035714285715,2.2989249999999997,3.25,3.25,3.25,3.25,3.25,3.25,3.25,3.25,3.25,3.25,3.25
1.7266,2.427,1.3374444444444442,1.6462999999999999,1.8840000000000001,2.1166470588235295,1.6402352941176466,1.6595625,2.2807999999999997,2.615666666666667,2.4766666666666666,2.281388888888889,1.8885833333333335,2.3593333333333333,2.3694750000000004,1.9894583333333333,2.0576516853932585,2.339,2.555714285714285,3.048,3.050833333333334,3.2201538461538464,3.048035714285715,2.2989249999999997,3.25,3.25,3.25,3.25,3.25,3.25,3.25,3.25,3.25,3.25,3.25
1.7266,2.427,1.3374444444444442,1.6462999999999999,1.8840000000000001,2.1166470588235295,1.6402352941176466,1.6595625,2.2807999999999997,2.615666666666667,2.4766666666666666,2.281388888888889,1.8885833333333335,2.3593333333333333,2.3694750000000004,1.9894583333333333,2.0576516853932585,2.339,2.555714285714285,3.048,3.050833333333334,3.2201538461538464,3.048035714285715,2.2989249999999997,3.25,3.25,3.25,3.25,3.25,3.25,3.25,3.25,3.25,3.25,3.25
1.7266,2.427,1.3374444444444442,1.6462999999999999,1.8840000000000001,2.1166470588235295,1.6402352941176466,1.6595625,2.2807999999999997,2.615666666666667,2.4766666666666666,2.281388888888889,1.8885833333333335,2.3593333333333333,2.3694750000000004,1.9894583333333333,2.0576516853932585,2.339,2.555714285714285,3.048,3.050833333333334,3.2201538461538464,3.048035714285715,2.2989249999999997,3.25,3.25,3.25,3.25,3.25,3.25,3.25,3.25,3.25,3.25,3.25
1.7266,2.427,1.3374444444444442,1.6462999999999999,1.8840000000000001,2.1166470588235295,1.6402352941176466,1.6595625,2.2807999999999997,2.615666666666667,2.4766666666666666,2.281388888888889,1.8885833333333335,2.3593333333333333,2.3694750000000004,1.9894583333333333,2.0576516853932585,2.339,2.555714285714285,3.048,3.050833333333334,3.2201538461538464,3.048035714285715,2.2989249999999997,3.25,3.25,3.25,3.25,3.25,3.25,3.25,3.25,3.25,3.25,3.25
1.7266,2.427,1.3374444444444442,1.6462999999999999,1.8840000000000001,2.1166470588235295,1.6402352941176466,1.6595625,2.2807999999999997,2.615666666666667,2.4766666666666666,2.281388888888889,1.8885833333333335,2.3593333333333333,2.3694750000000004,1.9894583333333333,2.0576516853932585,2.339,2.555714285714285,3.048,3.050833333333334,3.2201538461538464,3.048035714285715,2.2989249999999997,3.25,3.25,3.25,3.25,3.25,3.25,3.25,3.25,3.25,3.25,3.25
1.7266,2.427,1.3374444444444442,1.6462999999999999,1.8840000000000001,2.1166470588235295,1.6402352941176466,1.6595625,2.2807999999999997,2.615666666666667,2.4766666666666666,2.281388888888889,1.8885833333333335,2.3593333333333333,2.3694750000000004,1.9894583333333333,2.0576516853932585,2.339,2.555714285714285,3.048,3.050833333333334,3.2201538461538464,3.048035714285715,2.2989249999999997,3.25,3.25,3.25,3.25,3.25,3.25,3.25,3.25,3.25,3.25,3.25
1.7266,2.427,1.3374444444444442,1.6462999999999999,1.8840000000000001,2.1166470588235295,1.6402352941176466,1.6595625,2.2807999999999997,2.615666666666667,2.4766666666666666,2.281388888888889,1.8885833333333335,2.3593333333333333,2.3694750000000004,1.9894583333333333,2.0576516853932585,2.339,2.555714285714285,3.048,3.050833333333334,3.2201538461538464,3.048035714285715,2.2989249999999997,3.25,3.25,3.25,3.25,3.25,3.25,3.25,3.25,3.25,3.25,3.25
1.7266,2.427,1.3374444444444442,1.6462999999999999,1.8840000000000001,2.1166470588235295,1.6402352941176466,1.6595625,2.2807999999999997,2.615666666666667,2.4766666666666666,2.281388888888889,1.8885833333333335,2.3593333333333333,2.3694750000000004,1.9894583333333333,2.0576516853932585,2.339,2.555714285714285,3.048,3.050833333333334,3.2201538461538464,3.048035714285715,2.2989249999999997,3.25,3.25,3.25,3.25,3.25,3.25,3.25,3.25,3.25,3.25,3.25
1.7266,2.427,1.3374444444444442,1.6462999999999999,1.8840000000000001,2.1166470588235295,1.6402352941176466,1.6595625,2.2807999999999997,2.615666666666667,2.4766666666666666,2.281388888888889,1.8885833333333335,2.3593333333333333,2.3694750000000004,1.9894583333333333,2.0576516853932585,2.339,2.555714285714285,3.048,3.050833333333334,3.2201538461538464,3.048035714285715,2.2989249999999997,3.25,3.25,3.25,3.25,3.25,3.25,3.25,3.25,3.25,3.25,3.25
1.7266,2.427,1.3374444444444442,1.6462999999999999,1.8840000000000001,2.1166470588235295,1.6402352941176466,1.6595625,2.2807999999999997,2.615666666666667,2.4766666666666666,2.281388888888889,1.8885833333333335,2.3593333333333333,2.3694750000000004,1.9894583333333333,2.0576516853932585,2.339,2.555714285714285,3.048,3.050833333333334,3.2201538461538464,3.048035714285715,2.2989249999999997,3.25,3.25,3.25,3.25,3.25,3.25,3.25,3.25,3.25,3.25,3.25
1.7266,2.427,1.3374444444444442,1.6462999999999999,1.8840000000000001,2.1166470588235295,1.6402352941176466,1.6595625,2.2807999999999997,2.615666666666667,2.4766666666666666,2.281388888888889,1.8885833333333335,2.3593333333333333,2.3694750000000004,1.9894583333333333,2.0576516853932585,2.339,2.555714285714285,3.048,3.050833333333334,3.2201538461538464,3.048035714285715,2.2989249999999997,3.25,3.25,3.25,3.25,3.25,3.25,3.25,3.25,3.25,3.25,3.25
1.7266,2.427,1.3374444444444442,1.6462999999999999,1.8840000000000001,2.1166470588235295,1.6402352941176466,1.6595625,2.2807999999999997,2.615666666666667,2.4766666666666666,2.281388888888889,1.8885833333333335,2.3593333333333333,2.3694750000000004,1.9894583333333333,2.0576516853932585,2.339,2.555714285714285,3.048,3.050833333333334,3.2201538461538464,3.048035714285715,2.2989249999999997,3.25,3.25,3.25,3.25,3.25,3.25,3.25,3.25,3.25,3.25,3.25
1.7266,2.427,1.3374444444444442,1.6462999999999999,1.8840000000000001,2.1166470588235295,1.6402352941176466,1.6595625,2.2807999999999997,2.615666666666667,2.4766666666666666,2.281388888888889,1.8885833333333335,2.3593333333333333,2.3694750000000004,1.9894583333333333,2.0576516853932585,2.339,2.555714285714285,3.048,3.050833333333334,3.2201538461538464,3.048035714285715,2.2989249999999997,3.25,3.25,3.25,3.25,3.25,3.25,3.25,3.25,3.25,3.25,3.25
1.7266,2.427,1.3374444444444442,1.6462999999999999,1.8840000000000001,2.1166470588235295,1.6402352941176466,1.6595625,2.2807999999999997,2.615666666666667,2.4766666666666666,2.281388888888889,1.8885833333333335,2.3593333333333333,2.3694750000000004,1.9894583333333333,2.0576516853932585,2.339,2.555714285714285,3.048,3.050833333333334,3.2201538461538464,3.048035714285715,2.2989249999999997,3.25,3.25,3.25,3.25,3.25,3.25,3.25,3.25,3.25,3.25,3.25
1.7266,2.427,1.3374444444444442,1.6462999999999999,1.8840000000000001,2.1166470588235295,1.6402352941176466,1.6595625,2.2807999999999997,2.615666666666667,2.4766666666666666,2.281388888888889,1.8885833333333335,2.3593333333333333,2.3694750000000004,1.9894583333333333,2.0576516853932585,2.339,2.555714285714285,3.048,3.050833333333334,3.2201538461538464,3.048035714285715,2.2989249999999997,3.25,3.25,3.25,3.25,3.25,3.25,3.25,3.25,3.25,3.25,3.25
1.7266,2.427,1.3374444444444442,1.6462999999999999,1.8840000000000001,2.1166470588235295,1.6402352941176466,1.6595625,2.2807999999999997,2.615666666666667,2.4766666666666666,2.281388888888889,1.8885833333333335,2.3593333333333333,2.3694750000000004,1.9894583333333333,2.0576516853932585,2.339,2.555714285714285,3.048,3.050833333333334,3.2201538461538464,3.048035714285715,2.2989249999999997,3.25,3.25,3.25,3.25,3.25,3.25,3.25,3.25,3.25,3.25,3.25
1.7266,2.427,1.3374444444444442,1.6462999999999999,1.8840000000000001,2.1166470588235295,1.6402352941176466,1.6595625,2.2807999999999997,2.615666666666667,2.4766666666666666,2.281388888888889,1.8885833333333335,2.3593333333333333,2.3694750000000004,1.9894583333333333,2.0576516853932585,2.339,2.555714285714285,3.048,3.050833333333334,3.2201538461538464,3.048035714285715,2.2989249999999997,3.25,3.25,3.25,3.25,3.25,3.25,3.25,3.25,3.25,3.25,3.25
1.7266,2.427,1.3374444444444442,1.6462999999999999,1.8840000000000001,2.1166470588235295,1.6402352941176466,1.6595625,2.2807999999999997,2.615666666666667,2.4766666666666666,2.281388888888889,1.8885833333333335,2.3593333333333333,2.3694750000000004,1.9894583333333333,2.0576516853932585,2.339,2.555714285714285,3.048,3.050833333333334,3.2201538461538464,3.048035714285715,2.2989249999999997,3.25,3.25,3.25,3.25,3.25,3.25,3.25,3.25,3.25,3.25,3.25
1.7266,2.427,1.3374444444444442,1.6462999999999999,1.8840000000000001,2.1166470588235295,1.6402352941176466,1.6595625,2.2807999999999997,2.615666666666667,2.4766666666666666,2.281388888888889,1.8885833333333335,2.3593333333333333,2.3694750000000004,1.9894583333333333,2.0576516853932585,2.339,2.555714285714285,3.048,3.050833333333334,3.2201538461538464,3.048035714285715,2.2989249999999997,3.25,3.25,3.25,3.25,3.25,3.25,3.25,3.25,3.25,3.25,3.25
1.7266,2.427,1.3374444444444442,1.6462999999999999,1.8840000000000001,2.1166470588235295,1.6402352941176466,1.6595625,2.2807999999999997,2.615666666666667,2.4766666666666666,2.281388888888889,1.8885833333333335,2.3593333333333333,2.3694750000000004,1.9894583333333333,2.0576516853932585,2.339,2.555714285714285,3.048,3.050833333333334,3.2201538461538464,3.048035714285715,2.2989249999999997,3.25,3.25,3.25,3.25,3.25,3.25,3.25,3.25,3.25,3.25,3.25
1.7294444444444446,2.225,1.3641999999999999,1.6676470588235293,1.9224999999999997,2.096,1.6503428571428573,1.6913428571428575,2.1399999999999997,2.7319999999999998,2.616166666666666,2.2923888888888886,1.8170000000000002,2.382219512195122,2.343555555555555,1.9377142857142855,2.0751948051948044,2.565888888888889,2.391846153846154,3.1447894736842104,2.8539999999999996,3.322136363636363,3.087423076923077,2.307052631578947,3.25,3.25,3.25,3.25,3.25,3.9410000000000003,3.25,3.25,3.25,3.25,3.25
1.7294444444444446,2.225,1.3641999999999999,1.6676470588235293,1.9224999999999997,2.096,1.6503428571428573,1.6913428571428575,2.1399999999999997,2.7319999999999998,2.616166666666666,2.2923888888888886,1.8170000000000002,2.382219512195122,2.343555555555555,1.9377142857142855,2.0751948051948044,2.565888888888889,2.391846153846154,3.1447894736842104,2.8539999999999996,3.322136363636363,3.087423076923077,2.307052631578947,3.25,3.25,3.25,3.25,3.25,3.9410000000000003,3.25,3.25,3.25,3.25,3.25
1.7294444444444446,2.225,1.3641999999999999,1.6676470588235293,1.9224999999999997,2.096,1.6503428571428573,1.6913428571428575,2.1399999999999997,2.7319999999999998,2.616166666666666,2.2923888888888886,1.8170000000000002,2.382219512195122,2.343555555555555,1.9377142857142855,2.0751948051948044,2.565888888888889,2.391846153846154,3.1447894736842104,2.8539999999999996,3.322136363636363,3.087423076923077,2.307052631578947,3.25,3.25,3.25,3.25,3.25,3.9410000000000003,3.25,3.25,3.25,3.25,3.25
1.7294444444444446,2.225,1.3641999999999999,1.6676470588235293,1.9224999999999997,2.096,1.6503428571428573,1.6913428571428575,2.1399999999999997,2.7319999999999998,2.616166666666666,2.2923888888888886,1.8170000000000002,2.382219512195122,2.343555555555555,1.9377142857142855,2.0751948051948044,2.565888888888889,2.391846153846154,3.1447894736842104,2.8539999999999996,3.322136363636363,3.087423076923077,2.307052631578947,3.25,3.25,3.25,3.25,3.25,3.9410000000000003,3.25,3.25,3.25,3.25,3.25
1.7294444444444446,2.225,1.3641999999999999,1.6676470588235293,1.9224999999999997,2.096,1.6503428571428573,1.6913428571428575,2.1399999999999997,2.7319999999999998,2.616166666666666,2.2923888888888886,1.8170000000000002,2.382219512195122,2.343555555555555,1.9377142857142855,2.0751948051948044,2.565888888888889,2.391846153846154,3.1447894736842104,2.8539999999999996,3.322136363636363,3.087423076923077,2.307052631578947,3.25,3.25,3.25,3.25,3.25,3.9410000000000003,3.25,3.25,3.25,3.25,3.25
1.7294444444444446,2.225,1.3641999999999999,1.6676470588235293,1.9224999999999997,2.096,1.6503428571428573,1.6913428571428575,2.1399999999999997,2.7319999999999998,2.616166666666666,2.2923888888888886,1.8170000000000002,2.382219512195122,2.343555555555555,1.9377142857142855,2.0751948051948044,2.565888888888889,2.391846153846154,3.1447894736842104,2.8539999999999996,3.322136363636363,3.087423076923077,2.307052631578947,3.25,3.25,3.25,3.25,3.25,3.9410000000000003,3.25,3.25,3.25,3.25,3.25
1.7294444444444446,2.225,1.3641999999999999,1.6676470588235293,1.9224999999999997,2.096,1.6503428571428573,1.6913428571428575,2.1399999999999997,2.7319999999999998,2.616166666666666,2.2923888888888886,1.8170000000000002,2.382219512195122,2.343555555555555,1.9377142857142855,2.0751948051948044,2.565888888888889,2.391846153846154,3.1447894736842104,2.8539999999999996,3.322136363636363,3.087423076923077,2.307052631578947,3.25,3.25,3.25,3.25,3.25,3.9410000000000003,3.25,3.25,3.25,3.25,3.25
1.7294444444444446,2.225,1.3641999999999999,1.6676470588235293,1.9224999999999997,2.096,1.6503428571428573,1.6913428571428575,2.1399999999999997,2.7319999999999998,2.616166666666666,2.2923888888888886,1.8170000000000002,2.382219512195122,2.343555555555555,1.9377142857142855,2.0751948051948044,2.565888888888889,2.391846153846154,3.1447894736842104,2.8539999999999996,3.322136363636363,3.087423076923077,2.307052631578947,3.25,3.25,3.25,3.25,3.25,3.9410000000000003,3.25,3.25,3.25,3.25,3.25
1.7294444444444446,2.225,1.3641999999999999,1.6676470588235293,1.9224999999999997,2.096,1.6503428571428573,1.6913428571428575,2.1399999999999997,2.7319999999999998,2.616166666666666,2.2923888888888886,1.8170000000000002,2.382219512195122,2.343555555555555,1.9377142857142855,2.0751948051948044,2.565888888888889,2.391846153846154,3.1447894736842104,2.8539999999999996,3.322136363636363,3.087423076923077,2.307052631578947,3.25,3.25,3.25,3.25,3.25,3.9410000000000003,3.25,3.25,3.25,3.25,3.25
1.7294444444444446,2.225,1.3641999999999999,1.6676470588235293,1.9224999999999997,2.096,1.6503428571428573,1.6913428571428575,2.1399999999999997,2.7319999999999998,2.616166666666666,2.2923888888888886,1.8170000000000002,2.382219512195122,2.343555555555555,1.9377142857142855,2.0751948051948044,2.565888888888889,2.391846153846154,3.1447894736842104,2.8539999999999996,3.322136363636363,3.087423076923077,2.307052631578947,3.25,3.25,3.25,3.25,3.25,3.9410000000000003,3.25,3.25,3.25,3.25,3.25
1.7294444444444446,2.225,1.3641999999999999,1.6676470588235293,1.9224999999999997,2.096,1.6503428571428573,1.6913428571428575,2.1399999999999997,2.7319999999999998,2.616166666666666,2.2923888888888886,1.8170000000000002,2.382219512195122,2.343555555555555,1.9377142857142855,2.0751948051948044,2.565888888888889,2.391846153846154,3.1447894736842104,2.8539999999999996,3.322136363636363,3.087423076923077,2.307052631578947,3.25,3.25,3.25,3.25,3.25,3.9410000000000003,3.25,3.25,3.25,3.25,3.25
1.7294444444444446,2.225,1.3641999999999999,1.6676470588235293,1.9224999999999997,2.096,1.6503428571428573,1.6913428571428575,2.1399999999999997,2.7319999999999998,2.616166666666666,2.2923888888888886,1.8170000000000002,2.382219512195122,2.343555555555555,1.9377142857142855,2.0751948051948044,2.565888888888889,2.391846153846154,3.1447894736842104,2.8539999999999996,3.322136363636363,3.087423076923077,2.307052631578947,3.25,3.25,3.25,3.25,3.25,3.9410000000000003,3.25,3.25,3.25,3.25,3.25
1.7294444444444446,2.225,1.3641999999999999,1.6676470588235293,1.9224999999999997,2.096,1.6503428571428573,1.6913428571428575,2.1399999999999997,2.7319999999999998,2.616166666666666,2.2923888888888886,1.8170000000000002,2.382219512195122,2.343555555555555,1.9377142857142855,2.0751948051948044,2.565888888888889,2.391846153846154,3.1447894736842104,2.8539999999999996,3.322136363636363,3.087423076923077,2.307052631578947,3.25,3.25,3.25,3.25,3.25,3.9410000000000003,3.25,3.25,3.25,3.25,3.25
1.7294444444444446,2.225,1.3641999999999999,1.6676470588235293,1.9224999999999997,2.096,1.6503428571428573,1.6913428571428575,2.1399999999999997,2.7319999999999998,2.616166666666666,2.2923888888888886,1.8170000000000002,2.382219512195122,2.343555555555555,1.9377142857142855,2.0751948051948044,2.565888888888889,2.391846153846154,3.1447894736842104,2.8539999999999996,3.322136363636363,3.087423076923077,2.307052631578947,3.25,3.25,3.25,3.25,3.25,3.9410000000000003,3.25,3.25,3.25,3.25,3.25
1.7294444444444446,2.225,1.3641999999999999,1.6676470588235293,1.9224999999999997,2.096,1.6503428571428573,1.6913428571428575,2.1399999999999997,2.7319999999999998,2.616166666666666,2.2923888888888886,1.8170000000000002,2.382219512195122,2.343555555555555,1.9377142857142855,2.0751948051948044,2.565888888888889,2.391846153846154,3.1447894736842104,2.8539999999999996,3.322136363636363,3.087423076923077,2.307052631578947,3.25,3.25,3.25,3.25,3.25,3.9410000000000003,3.25,3.25,3.25,3.25,3.25
1.7294444444444446,2.225,1.3641999999999999,1.6676470588235293,1.9224999999999997,2.096,1.6503428571428573,1.6913428571428575,2.1399999999999997,2.7319999999999998,2.616166666666666,2.2923888888888886,1.8170000000000002,2.382219512195122,2.343555555555555,1.9377142857142855,2.0751948051948044,2.565888888888889,2.391846153846154,3.1447894736842104,2.8539999999999996,3.322136363636363,3.087423076923077,2.307052631578947,3.25,3.25,3.25,3.25,3.25,3.9410000000000003,3.25,3.25,3.25,3.25,3.25
1.7294444444444446,2.225,1.3641999999999999,1.6676470588235293,1.9224999999999997,2.096,1.6503428571428573,1.6913428571428575,2.1399999999999997,2.7319999999999998,2.616166666666666,2.2923888888888886,1.8170000000000002,2.382219512195122,2.343555555555555,1.9377142857142855,2.0751948051948044,2.565888888888889,2.391846153846154,3.1447894736842104,2.8539999999999996,3.322136363636363,3.087423076923077,2.307052631578947,3.25,3.25,3.25,3.25,3.25,3.9410000000000003,3.25,3.25,3.25,3.25,3.25
1.7294444444444446,2.225,1.3641999999999999,1.6676470588235293,1.9224999999999997,2.096,1.6503428571428573,1.6913428571428575,2.1399999999999997,2.7319999999999998,2.616166666666666,2.2923888888888886,1.8170000000000002,2.382219512195122,2.343555555555555,1.9377142857142855,2.0751948051948044,2.565888888888889,2.391846153846154,3.1447894736842104,2.8539999999999996,3.322136363636363,3.087423076923077,2.307052631578947,3.25,3.25,3.25,3.25,3.25,3.9410000000000003,3.25,3.25,3.25,3.25,3.25
1.7294444444444446,2.225,1.3641999999999999,1.6676470588235293,1.9224999999999997,2.096,1.6503428571428573,1.6913428571428575,2.1399999999999997,2.7319999999999998,2.616166666666666,2.2923888888888886,1.8170000000000002,2.382219512195122,2.343555555555555,1.9377142857142855,2.0751948051948044,2.565888888888889,2.391846153846154,3.1447894736842104,2.8539999999999996,3.322136363636363,3.087423076923077,2.307052631578947,3.25,3.25,3.25,3.25,3.25,3.9410000000000003,3.25,3.25,3.25,3.25,3.25
1.7294444444444446,2.225,1.3641999999999999,1.6676470588235293,1.9224999999999997,2.096,1.6503428571428573,1.6913428571428575,2.1399999999999997,2.7319999999999998,2.616166666666666,2.2923888888888886,1.8170000000000002,2.382219512195122,2.343555555555555,1.9377142857142855,2.0751948051948044,2.565888888888889,2.391846153846154,3.1447894736842104,2.8539999999999996,3.322136363636363,3.087423076923077,2.307052631578947,3.25,3.25,3.25,3.25,3.25,3.9410000000000003,3.25,3.25,3.25,3.25,3.25
1.7294444444444446,2.225,1.3641999999999999,1.6676470588235293,1.9224999999999997,2.096,1.6503428571428573,1.6913428571428575,2.1399999999999997,2.7319999999999998,2.616166666666666,2.2923888888888886,1.8170000000000002,2.382219512195122,2.343555555555555,1.9377142857142855,2.0751948051948044,2.565888888888889,2.391846153846154,3.1447894736842104,2.8539999999999996,3.322136363636363,3.087423076923077,2.307052631578947,3.25,3.25,3.25,3.25,3.25,3.9410000000000003,3.25,3.25,3.25,3.25,3.25
1.7294444444444446,2.225,1.3641999999999999,1.6676470588235293,1.9224999999999997,2.096,1.6503428571428573,1.6913428571428575,2.1399999999999997,2.7319999999999998,2.616166666666666,2.2923888888888886,1.8170000000000002,2.382219512195122,2.343555555555555,1.9377142857142855,2.0751948051948044,2.565888888888889,2.391846153846154,3.1447894736842104,2.8539999999999996,3.322136363636363,3.087423076923077,2.307052631578947,3.25,3.25,3.25,3.25,3.25,3.9410000000000003,3.25,3.25,3.25,3.25,3.25
1.7294444444444446,2.225,1.3641999999999999,1.6676470588235293,1.9224999999999997,2.096,1.6503428571428573,1.6913428571428575,2.1399999999999997,2.7319999999999998,2.616166666666666,2.2923888888888886,1.8170000000000002,2.382219512195122,2.343555555555555,1.9377142857142855,2.0751948051948044,2.565888888888889,2.391846153846154,3.1447894736842104,2.8539999999999996,3.322136363636363,3.087423076923077,2.307052631578947,3.25,3.25,3.25,3.25,3.25,3.9410000000000003,3.25,3.25,3.25,3.25,3.25
1.7294444444444446,2.225,1.3641999999999999,1.6676470588235293,1.9224999999999997,2.096,1.6503428571428573,1.6913428571428575,2.1399999999999997,2.7319999999999998,2.616166666666666,2.2923888888888886,1.8170000000000002,2.382219512195122,2.343555555555555,1.9377142857142855,2.0751948051948044,2.565888888888889,2.391846153846154,3.1447894736842104,2.8539999999999996,3.322136363636363,3.087423076923077,2.307052631578947,3.25,3.25,3.25,3.25,3.25,3.9410000000000003,3.25,3.25,3.25,3.25,3.25
1.7294444444444446,2.225,1.3641999999999999,1.6676470588235293,1.9224999999999997,2.096,1.6503428571428573,1.6913428571428575,2.1399999999999997,2.7319999999999998,2.616166666666666,2.2923888888888886,1.8170000000000002,2.382219512195122,2.343555555555555,1.9377142857142855,2.0751948051948044,2.565888888888889,2.391846153846154,3.1447894736842104,2.8539999999999996,3.322136363636363,3.087423076923077,2.307052631578947,3.25,3.25,3.25,3.25,3.25,3.9410000000000003,3.25,3.25,3.25,3.25,3.25
1.7294444444444446,2.225,1.3641999999999999,1.6676470588235293,1.9224999999999997,2.096,1.6503428571428573,1.6913428571428575,2.1399999999999997,2.7319999999999998,2.616166666666666,2.2923888888888886,1.8170000000000002,2.382219512195122,2.343555555555555,1.9377142857142855,2.0751948051948044,2.565888888888889,2.391846153846154,3.1447894736842104,2.8539999999999996,3.322136363636363,3.087423076923077,2.307052631578947,3.25,3.25,3.25,3.25,3.25,3.9410000000000003,3.25,3.25,3.25,3.25,3.25
1.7294444444444446,2.225,1.3641999999999999,1.6676470588235293,1.9224999999999997,2.096,1.6503428571428573,1.6913428571428575,2.1399999999999997,2.7319999999999998,2.616166666666666,2.2923888888888886,1.8170000000000002,2.382219512195122,2.343555555555555,1.9377142857142855,2.0751948051948044,2.565888888888889,2.391846153846154,3.1447894736842104,2.8539999999999996,3.322136363636363,3.087423076923077,2.307052631578947,3.25,3.25,3.25,3.25,3.25,3.9410000000000003,3.25,3.25,3.25,3.25,3.25
1.7294444444444446,2.225,1.3641999999999999,1.6676470588235293,1.9224999999999997,2.096,1.6503428571428573,1.6913428571428575,2.1399999999999997,2.7319999999999998,2.616166666666666,2.2923888888888886,1.8170000000000002,2.382219512195122,2.343555555555555,1.9377142857142855,2.0751948051948044,2.565888888888889,2.391846153846154,3.1447894736842104,2.8539999999999996,3.322136363636363,3.087423076923077,2.307052631578947,3.25,3.25,3.25,3.25,3.25,3.9410000000000003,3.25,3.25,3.25,3.25,3.25
1.7294444444444446,2.225,1.3641999999999999,1.6676470588235293,1.9224999999999997,2.096,1.6503428571428573,1.6913428571428575,2.1399999999999997,2.7319999999999998,2.616166666666666,2.2923888888888886,1.8170000000000002,2.382219512195122,2.343555555555555,1.9377142857142855,2.0751948051948044,2.565888888888889,2.391846153846154,3.1447894736842104,2.8539999999999996,3.322136363636363,3.087423076923077,2.307052631578947,3.25,3.25,3.25,3.25,3.25,3.9410000000000003,3.25,3.25,3.25,3.25,3.25
1.7294444444444446,2.225,1.3641999999999999,1.6676470588235293,1.9224999999999997,2.096,1.6503428571428573,1.6913428571428575,2.1399999999999997,2.7319999999999998,2.616166666666666,2.2923888888888886,1.8170000000000002,2.382219512195122,2.343555555555555,1.9377142857142855,2.0751948051948044,2.565888888888889,2.391846153846154,3.1447894736842104,2.8539999999999996,3.322136363636363,3.087423076923077,2.307052631578947,3.25,3.25,3.25,3.25,3.25,3.9410000000000003,3.25,3.25,3.25,3.25,3.25
1.9054000000000002,2.2675,1.3446999999999998,1.6623888888888894,1.9035555555555552,2.141842105263158,1.6517575757575758,1.726333333333333,2.0024285714285717,2.8825714285714286,2.594333333333333,2.2414,1.8232857142857142,2.293714285714286,2.365085714285714,1.9848695652173913,2.0820874999999996,2.2304285714285714,2.3422727272727273,2.8599,2.794428571428571,3.3566999999999996,2.9601599999999992,2.295189189189189,3.25,3.25,3.25,3.25,3.25,3.7006666666666668,3.25,3.25,3.25,3.25,3.25
1.9054000000000002,2.2675,1.3446999999999998,1.6623888888888894,1.9035555555555552,2.141842105263158,1.6517575757575758,1.726333333333333,2.0024285714285717,2.8825714285714286,2.594333333333333,2.2414,1.8232857142857142,2.293714285714286,2.365085714285714,1.9848695652173913,2.0820874999999996,2.2304285714285714,2.3422727272727273,2.8599,2.794428571428571,3.3566999999999996,2.9601599999999992,2.295189189189189,3.25,3.25,3.25,3.25,3.25,3.7006666666666668,3.25,3.25,3.25,3.25,3.25
1.9054000000000002,2.2675,1.3446999999999998,1.6623888888888894,1.9035555555555552,2.141842105263158,1.6517575757575758,1.726333333333333,2.0024285714285717,2.8825714285714286,2.594333333333333,2.2414,1.8232857142857142,2.293714285714286,2.365085714285714,1.9848695652173913,2.0820874999999996,2.2304285714285714,2.3422727272727273,2.8599,2.794428571428571,3.3566999999999996,2.9601599999999992,2.295189189189189,3.25,3.25,3.25,3.25,3.25,3.7006666666666668,3.25,3.25,3.25,3.25,3.25
1.9054000000000002,2.2675,1.3446999999999998,1.6623888888888894,1.9035555555555552,2.141842105263158,1.6517575757575758,1.726333333333333,2.0024285714285717,2.8825714285714286,2.594333333333333,2.2414,1.8232857142857142,2.293714285714286,2.365085714285714,1.9848695652173913,2.0820874999999996,2.2304285714285714,2.3422727272727273,2.8599,2.794428571428571,3.3566999999999996,2.9601599999999992,2.295189189189189,3.25,3.25,3.25,3.25,3.25,3.7006666666666668,3.25,3.25,3.25,3.25,3.25
1.9054000000000002,2.2675,1.3446999999999998,1.6623888888888894,1.9035555555555552,2.141842105263158,1.6517575757575758,1.726333333333333,2.0024285714285717,2.8825714285714286,2.594333333333333,2.2414,1.8232857142857142,2.293714285714286,2.365085714285714,1.9848695652173913,2.0820874999999996,2.2304285714285714,2.3422727272727273,2.8599,2.794428571428571,3.3566999999999996,2.9601599999999992,2.295189189189189,3.25,3.25,3.25,3.25,3.25,3.7006666666666668,3.25,3.25,3.25,3.25,3.25
1.9054000000000002,2.2675,1.3446999999999998,1.6623888888888894,1.9035555555555552,2.141842105263158,1.6517575757575758,1.726333333333333,2.0024285714285717,2.8825714285714286,2.594333333333333,2.2414,1.8232857142857142,2.293714285714286,2.365085714285714,1.9848695652173913,2.0820874999999996,2.2304285714285714,2.3422727272727273,2.8599,2.794428571428571,3.3566999999999996,2.9601599999999992,2.295189189189189,3.25,3.25,3.25,3.25,3.25,3.7006666666666668,3.25,3.25,3.25,3.25,3.25
1.9054000000000002,2.2675,1.3446999999999998,1.6623888888888894,1.9035555555555552,2.141842105263158,1.6517575757575758,1.726333333333333,2.0024285714285717,2.8825714285714286,2.594333333333333,2.2414,1.8232857142857142,2.293714285714286,2.365085714285714,1.9848695652173913,2.0820874999999996,2.2304285714285714,2.3422727272727273,2.8599,2.794428571428571,3.3566999999999996,2.9601599999999992,2.295189189189189,3.25,3.25,3.25,3.25,3.25,3.7006666666666668,3.25,3.25,3.25,3.25,3.25
1.9054000000000002,2.2675,1.3446999999999998,1.6623888888888894,1.9035555555555552,2.141842105263158,1.6517575757575758,1.726333333333333,2.0024285714285717,2.8825714285714286,2.594333333333333,2.2414,1.8232857142857142,2.293714285714286,2.365085714285714,1.9848695652173913,2.0820874999999996,2.2304285714285714,2.3422727272727273,2.8599,2.794428571428571,3.3566999999999996,2.9601599999999992,2.295189189189189,3.25,3.25,3.25,3.25,3.25,3.7006666666666668,3.25,3.25,3.25,3.25,3.25
1.9054000000000002,2.2675,1.3446999999999998,1.6623888888888894,1.9035555555555552,2.141842105263158,1.6517575757575758,1.726333333333333,2.0024285714285717,2.8825714285714286,2.594333333333333,2.2414,1.8232857142857142,2.293714285714286,2.365085714285714,1.9848695652173913,2.0820874999999996,2.2304285714285714,2.3422727272727273,2.8599,2.794428571428571,3.3566999999999996,2.9601599999999992,2.295189189189189,3.25,3.25,3.25,3.25,3.25,3.7006666666666668,3.25,3.25,3.25,3.25,3.25
1.9054000000000002,2.2675,1.3446999999999998,1.6623888888888894,1.9035555555555552,2.141842105263158,1.6517575757575758,1.726333333333333,2.0024285714285717,2.8825714285714286,2.594333333333333,2.2414,1.8232857142857142,2.293714285714286,2.365085714285714,1.9848695652173913,2.0820874999999996,2.2304285714285714,2.3422727272727273,2.8599,2.794428571428571,3.3566999999999996,2.9601599999999992,2.295189189189189,3.25,3.25,3.25,3.25,3.25,3.7006666666666668,3.25,3.25,3.25,3.25,3.25
1.9054000000000002,2.2675,1.3446999999999998,1.6623888888888894,1.9035555555555552,2.141842105263158,1.6517575757575758,1.726333333333333,2.0024285714285717,2.8825714285714286,2.594333333333333,2.2414,1.8232857142857142,2.293714285714286,2.365085714285714,1.9848695652173913,2.0820874999999996,2.2304285714285714,2.3422727272727273,2.8599,2.794428571428571,3.3566999999999996,2.9601599999999992,2.295189189189189,3.25,3.25,3.25,3.25,3.25,3.7006666666666668,3.25,3.25,3.25,3.25,3.25
1.9054000000000002,2.2675,1.3446999999999998,1.6623888888888894,1.9035555555555552,2.141842105263158,1.6517575757575758,1.726333333333333,2.0024285714285717,2.8825714285714286,2.594333333333333,2.2414,1.8232857142857142,2.293714285714286,2.365085714285714,1.9848695652173913,2.0820874999999996,2.2304285714285714,2.3422727272727273,2.8599,2.794428571428571,3.3566999999999996,2.9601599999999992,2.295189189189189,3.25,3.25,3.25,3.25,3.25,3.7006666666666668,3.25,3.25,3.25,3.25,3.25
1.9054000000000002,2.2675,1.3446999999999998,1.6623888888888894,1.9035555555555552,2.141842105263158,1.6517575757575758,1.726333333333333,2.0024285714285717,2.8825714285714286,2.594333333333333,2.2414,1.8232857142857142,2.293714285714286,2.365085714285714,1.9848695652173913,2.0820874999999996,2.2304285714285714,2.3422727272727273,2.8599,2.794428571428571,3.3566999999999996,2.9601599999999992,2.295189189189189,3.25,3.25,3.25,3.25,3.25,3.7006666666666668,3.25,3.25,3.25,3.25,3.25
1.9054000000000002,2.2675,1.3446999999999998,1.6623888888888894,1.9035555555555552,2.141842105263158,1.6517575757575758,1.726333333333333,2.0024285714285717,2.8825714285714286,2.594333333333333,2.2414,1.8232857142857142,2.293714285714286,2.365085714285714,1.9848695652173913,2.0820874999999996,2.2304285714285714,2.3422727272727273,2.8599,2.794428571428571,3.3566999999999996,2.9601599999999992,2.295189189189189,3.25,3.25,3.25,3.25,3.25,3.7006666666666668,3.25,3.25,3.25,3.25,3.25
1.9054000000000002,2.2675,1.3446999999999998,1.6623888888888894,1.9035555555555552,2.141842105263158,1.6517575757575758,1.726333333333333,2.0024285714285717,2.8825714285714286,2.594333333333333,2.2414,1.8232857142857142,2.293714285714286,2.365085714285714,1.9848695652173913,2.0820874999999996,2.2304285714285714,2.3422727272727273,2.8599,2.794428571428571,3.3566999999999996,2.9601599999999992,2.295189189189189,3.25,3.25,3.25,3.25,3.25,3.7006666666666668,3.25,3.25,3.25,3.25,3.25
1.9054000000000002,2.2675,1.3446999999999998,1.6623888888888894,1.9035555555555552,2.141842105263158,1.6517575757575758,1.726333333333333,2.0024285714285717,2.8825714285714286,2.594333333333333,2.2414,1.8232857142857142,2.293714285714286,2.365085714285714,1.9848695652173913,2.0820874999999996,2.2304285714285714,2.3422727272727273,2.8599,2.794428571428571,3.3566999999999996,2.9601599999999992,2.295189189189189,3.25,3.25,3.25,3.25,3.25,3.7006666666666668,3.25,3.25,3.25,3.25,3.25
1.9054000000000002,2.2675,1.3446999999999998,1.6623888888888894,1.9035555555555552,2.141842105263158,1.6517575757575758,1.726333333333333,2.0024285714285717,2.8825714285714286,2.594333333333333,2.2414,1.8232857142857142,2.293714285714286,2.365085714285714,1.9848695652173913,2.0820874999999996,2.2304285714285714,2.3422727272727273,2.8599,2.794428571428571,3.3566999999999996,2.9601599999999992,2.295189189189189,3.25,3.25,3.25,3.25,3.25,3.7006666666666668,3.25,3.25,3.25,3.25,3.25
1.9054000000000002,2.2675,1.3446999999999998,1.6623888888888894,1.9035555555555552,2.141842105263158,1.6517575757575758,1.726333333333333,2.0024285714285717,2.8825714285714286,2.594333333333333,2.2414,1.8232857142857142,2.293714285714286,2.365085714285714,1.9848695652173913,2.0820874999999996,2.2304285714285714,2.3422727272727273,2.8599,2.794428571428571,3.3566999999999996,2.9601599999999992,2.295189189189189,3.25,3.25,3.25,3.25,3.25,3.7006666666666668,3.25,3.25,3.25,3.25,3.25
1.9054000000000002,2.2675,1.3446999999999998,1.6623888888888894,1.9035555555555552,2.141842105263158,1.6517575757575758,1.726333333333333,2.0024285714285717,2.8825714285714286,2.594333333333333,2.2414,1.8232857142857142,2.293714285714286,2.365085714285714,1.9848695652173913,2.0820874999999996,2.2304285714285714,2.3422727272727273,2.8599,2.794428571428571,3.3566999999999996,2.9601599999999992,2.295189189189189,3.25,3.25,3.25,3.25,3.25,3.7006666666666668,3.25,3.25,3.25,3.25,3.25
1.9054000000000002,2.2675,1.3446999999999998,1.6623888888888894,1.9035555555555552,2.141842105263158,1.6517575757575758,1.726333333333333,2.0024285714285717,2.8825714285714286,2.594333333333333,2.2414,1.8232857142857142,2.293714285714286,2.365085714285714,1.9848695652173913,2.0820874999999996,2.2304285714285714,2.3422727272727273,2.8599,2.794428571428571,3.3566999999999996,2.9601599999999992,2.295189189189189,3.25,3.25,3.25,3.25,3.25,3.7006666666666668,3.25,3.25,3.25,3.25,3.25
1.9054000000000002,2.2675,1.3446999999999998,1.6623888888888894,1.9035555555555552,2.141842105263158,1.6517575757575758,1.726333333333333,2.0024285714285717,2.8825714285714286,2.594333333333333,2.2414,1.8232857142857142,2.293714285714286,2.365085714285714,1.9848695652173913,2.0820874999999996,2.2304285714285714,2.3422727272727273,2.8599,2.794428571428571,3.3566999999999996,2.9601599999999992,2.295189189189189,3.25,3.25,3.25,3.25,3.25,3.7006666666666668,3.25,3.25,3.25,3.25,3.25
1.9054000000000002,2.2675,1.3446999999999998,1.6623888888888894,1.9035555555555552,2.141842105263158,1.6517575757575758,1.726333333333333,2.0024285714285717,2.8825714285714286,2.594333333333333,2.2414,1.8232857142857142,2.293714285714286,2.365085714285714,1.9848695652173913,2.0820874999999996,2.2304285714285714,2.3422727272727273,2.8599,2.794428571428571,3.3566999999999996,2.9601599999999992,2.295189189189189,3.25,3.25,3.25,3.25,3.25,3.7006666666666668,3.25,3.25,3.25,3.25,3.25
1.9054000000000002,2.2675,1.3446999999999998,1.6623888888888894,1.9035555555555552,2.141842105263158,1.6517575757575758,1.726333333333333,2.0024285714285717,2.8825714285714286,2.594333333333333,2.2414,1.8232857142857142,2.293714285714286,2.365085714285714,1.9848695652173913,2.0820874999999996,2.2304285714285714,2.3422727272727273,2.8599,2.794428571428571,3.3566999999999996,2.9601599999999992,2.295189189189189,3.25,3.25,3.25,3.25,3.25,3.7006666666666668,3.25,3.25,3.25,3.25,3.25
1.9054000000000002,2.2675,1.3446999999999998,1.6623888888888894,1.9035555555555552,2.141842105263158,1.6517575757575758,1.726333333333333,2.0024285714285717,2.8825714285714286,2.594333333333333,2.2414,1.8232857142857142,2.293714285714286,2.365085714285714,1.9848695652173913,2.0820874999999996,2.2304285714285714,2.3422727272727273,2.8599,2.794428571428571,3.3566999999999996,2.9601599999999992,2.295189189189189,3.25,3.25,3.25,3.25,3.25,3.7006666666666668,3.25,3.25,3.25,3.25,3.25
1.9054000000000002,2.2675,1.3446999999999998,1.6623888888888894,1.9035555555555552,2.141842105263158,1.6517575757575758,1.726333333333333,2.0024285714285717,2.8825714285714286,2.594333333333333,2.2414,1.8232857142857142,2.293714285714286,2.365085714285714,1.9848695652173913,2.0820874999999996,2.2304285714285714,2.3422727272727273,2.8599,2.794428571428571,3.3566999999999996,2.9601599999999992,2.295189189189189,3.25,3.25,3.25,3.25,3.25,3.7006666666666668,3.25,3.25,3.25,3.25,3.25
1.9054000000000002,2.2675,1.3446999999999998,1.6623888888888894,1.9035555555555552,2.141842105263158,1.6517575757575758,1.726333333333333,2.0024285714285717,2.8825714285714286,2.594333333333333,2.2414,1.8232857142857142,2.293714285714286,2.365085714285714,1.9848695652173913,2.0820874999999996,2.2304285714285714,2.3422727272727273,2.8599,2.794428571428571,3.3566999999999996,2.9601599999999992,2.295189189189189,3.25,3.25,3.25,3.25,3.25,3.7006666666666668,3.25,3.25,3.25,3.25,3.25
1.9054000000000002,2.2675,1.3446999999999998,1.6623888888888894,1.9035555555555552,2.141842105263158,1.6517575757575758,1.726333333333333,2.0024285714285717,2.8825714285714286,2.594333333333333,2.2414,1.8232857142857142,2.293714285714286,2.365085714285714,1.9848695652173913,2.0820874999999996,2.2304285714285714,2.3422727272727273,2.8599,2.794428571428571,3.3566999999999996,2.9601599999999992,2.295189189189189,3.25,3.25,3.25,3.25,3.25,3.7006666666666668,3.25,3.25,3.25,3.25,3.25
1.9054000000000002,2.2675,1.3446999999999998,1.6623888888888894,1.9035555555555552,2.141842105263158,1.6517575757575758,1.726333333333333,2.0024285714285717,2.8825714285714286,2.594333333333333,2.2414,1.8232857142857142,2.293714285714286,2.365085714285714,1.9848695652173913,2.0820874999999996,2.2304285714285714,2.3422727272727273,2.8599,2.794428571428571,3.3566999999999996,2.9601599999999992,2.295189189189189,3.25,3.25,3.25,3.25,3.25,3.7006666666666668,3.25,3.25,3.25,3.25,3.25
1.9054000000000002,2.2675,1.3446999999999998,1.6623888888888894,1.9035555555555552,2.141842105263158,1.6517575757575758,1.726333333333333,2.0024285714285717,2.8825714285714286,2.594333333333333,2.2414,1.8232857142857142,2.293714285714286,2.365085714285714,1.9848695652173913,2.0820874999999996,2.2304285714285714,2.3422727272727273,2.8599,2.794428571428571,3.3566999999999996,2.9601599999999992,2.295189189189189,3.25,3.25,3.25,3.25,3.25,3.7006666666666668,3.25,3.25,3.25,3.25,3.25
1.9054000000000002,2.2675,1.3446999999999998,1.6623888888888894,1.9035555555555552,2.141842105263158,1.6517575757575758,1.726333333333333,2.0024285714285717,2.8825714285714286,2.594333333333333,2.2414,1.8232857142857142,2.293714285714286,2.365085714285714,1.9848695652173913,2.0820874999999996,2.2304285714285714,2.3422727272727273,2.8599,2.794428571428571,3.3566999999999996,2.9601599999999992,2.295189189189189,3.25,3.25,3.25,3.25,3.25,3.7006666666666668,3.25,3.25,3.25,3.25,3.25
1.9054000000000002,2.2675,1.3446999999999998,1.6623888888888894,1.9035555555555552,2.141842105263158,1.6517575757575758,1.726333333333333,2.0024285714285717,2.8825714285714286,2.594333333333333,2.2414,1.8232857142857142,2.293714285714286,2.365085714285714,1.9848695652173913,2.0820874999999996,2.2304285714285714,2.3422727272727273,2.8599,2.794428571428571,3.3566999999999996,2.9601599999999992,2.295189189189189,3.25,3.25,3.25,3.25,3.25,3.7006666666666668,3.25,3.25,3.25,3.25,3.25
1.7280999999999997,2.241,1.3796363636363638,1.6592500000000001,1.9883333333333335,2.0799999999999996,1.5913513513513515,1.6948461538461541,2.0445882352941176,2.7525000000000004,2.6003333333333334,2.24928,1.7924615384615386,2.3267234042553193,2.3336111111111113,1.9929999999999999,2.095831325301204,2.3303333333333334,2.201769230769231,2.988565217391304,2.8453846153846154,2.9881999999999995,3.1817999999999995,2.3067837837837843,3.25,3.25,3.25,3.25,3.25,4.1155,3.25,3.25,3.25,3.25,3.25
1.7280999999999997,2.241,1.3796363636363638,1.6592500000000001,1.9883333333333335,2.0799999999999996,1.5913513513513515,1.6948461538461541,2.0445882352941176,2.7525000000000004,2.6003333333333334,2.24928,1.7924615384615386,2.3267234042553193,2.3336111111111113,1.9929999999999999,2.095831325301204,2.3303333333333334,2.201769230769231,2.988565217391304,2.8453846153846154,2.9881999999999995,3.1817999999999995,2.3067837837837843,3.25,3.25,3.25,3.25,3.25,4.1155,3.25,3.25,3.25,3.25,3.25
1.7280999999999997,2.241,1.3796363636363638,1.6592500000000001,1.9883333333333335,2.0799999999999996,1.5913513513513515,1.6948461538461541,2.0445882352941176,2.7525000000000004,2.6003333333333334,2.24928,1.7924615384615386,2.3267234042553193,2.3336111111111113,1.9929999999999999,2.095831325301204,2.3303333333333334,2.201769230769231,2.988565217391304,2.8453846153846154,2.9881999999999995,3.1817999999999995,2.3067837837837843,3.25,3.25,3.25,3.25,3.25,4.1155,3.25,3.25,3.25,3.25,3.25
1.7280999999999997,2.241,1.3796363636363638,1.6592500000000001,1.9883333333333335,2.0799999999999996,1.5913513513513515,1.6948461538461541,2.0445882352941176,2.7525000000000004,2.6003333333333334,2.24928,1.7924615384615386,2.3267234042553193,2.3336111111111113,1.9929999999999999,2.095831325301204,2.3303333333333334,2.201769230769231,2.988565217391304,2.8453846153846154,2.9881999999999995,3.1817999999999995,2.3067837837837843,3.25,3.25,3.25,3.25,3.25,4.1155,3.25,3.25,3.25,3.25,3.25
1.7280999999999997,2.241,1.3796363636363638,1.6592500000000001,1.9883333333333335,2.0799999999999996,1.5913513513513515,1.6948461538461541,2.0445882352941176,2.7525000000000004,2.6003333333333334,2.24928,1.7924615384615386,2.3267234042553193,2.3336111111111113,1.9929999999999999,2.095831325301204,2.3303333333333334,2.201769230769231,2.988565217391304,2.8453846153846154,2.9881999999999995,3.1817999999999995,2.3067837837837843,3.25,3.25,3.25,3.25,3.25,4.1155,3.25,3.25,3.25,3.25,3.25
1.7280999999999997,2.241,1.3796363636363638,1.6592500000000001,1.9883333333333335,2.0799999999999996,1.5913513513513515,1.6948461538461541,2.0445882352941176,2.7525000000000004,2.6003333333333334,2.24928,1.7924615384615386,2.3267234042553193,2.3336111111111113,1.9929999999999999,2.095831325301204,2.3303333333333334,2.201769230769231,2.988565217391304,2.8453846153846154,2.9881999999999995,3.1817999999999995,2.3067837837837843,3.25,3.25,3.25,3.25,3.25,4.1155,3.25,3.25,3.25,3.25,3.25
1.7280999999999997,2.241,1.3796363636363638,1.6592500000000001,1.9883333333333335,2.0799999999999996,1.5913513513513515,1.6948461538461541,2.0445882352941176,2.7525000000000004,2.6003333333333334,2.24928,1.7924615384615386,2.3267234042553193,2.3336111111111113,1.9929999999999999,2.095831325301204,2.3303333333333334,2.201769230769231,2.988565217391304,2.8453846153846154,2.9881999999999995,3.1817999999999995,2.3067837837837843,3.25,3.25,3.25,3.25,3.25,4.1155,3.25,3.25,3.25,3.25,3.25
1.7280999999999997,2.241,1.3796363636363638,1.6592500000000001,1.9883333333333335,2.0799999999999996,1.5913513513513515,1.6948461538461541,2.0445882352941176,2.7525000000000004,2.6003333333333334,2.24928,1.7924615384615386,2.3267234042553193,2.3336111111111113,1.9929999999999999,2.095831325301204,2.3303333333333334,2.201769230769231,2.988565217391304,2.8453846153846154,2.9881999999999995,3.1817999999999995,2.3067837837837843,3.25,3.25,3.25,3.25,3.25,4.1155,3.25,3.25,3.25,3.25,3.25
1.7280999999999997,2.241,1.3796363636363638,1.6592500000000001,1.9883333333333335,2.0799999999999996,1.5913513513513515,1.6948461538461541,2.0445882352941176,2.7525000000000004,2.6003333333333334,2.24928,1.7924615384615386,2.3267234042553193,2.3336111111111113,1.9929999999999999,2.095831325301204,2.3303333333333334,2.201769230769231,2.988565217391304,2.8453846153846154,2.9881999999999995,3.1817999999999995,2.3067837837837843,3.25,3.25,3.25,3.25,3.25,4.1155,3.25,3.25,3.25,3.25,3.25
1.7280999999999997,2.241,1.3796363636363638,1.6592500000000001,1.9883333333333335,2.0799999999999996,1.5913513513513515,1.6948461538461541,2.0445882352941176,2.7525000000000004,2.6003333333333334,2.24928,1.7924615384615386,2.3267234042553193,2.3336111111111113,1.9929999999999999,2.095831325301204,2.3303333333333334,2.201769230769231,2.988565217391304,2.8453846153846154,2.9881999999999995,3.1817999999999995,2.3067837837837843,3.25,3.25,3.25,3.25,3.25,4.1155,3.25,3.25,3.25,3.25,3.25
1.7280999999999997,2.241,1.3796363636363638,1.6592500000000001,1.9883333333333335,2.0799999999999996,1.5913513513513515,1.6948461538461541,2.0445882352941176,2.7525000000000004,2.6003333333333334,2.24928,1.7924615384615386,2.3267234042553193,2.3336111111111113,1.9929999999999999,2.095831325301204,2.3303333333333334,2.201769230769231,2.988565217391304,2.8453846153846154,2.9881999999999995,3.1817999999999995,2.3067837837837843,3.25,3.25,3.25,3.25,3.25,4.1155,3.25,3.25,3.25,3.25,3.25
1.7280999999999997,2.241,1.3796363636363638,1.6592500000000001,1.9883333333333335,2.0799999999999996,1.5913513513513515,1.6948461538461541,2.0445882352941176,2.7525000000000004,2.6003333333333334,2.24928,1.7924615384615386,2.3267234042553193,2.3336111111111113,1.9929999999999999,2.095831325301204,2.3303333333333334,2.201769230769231,2.988565217391304,2.8453846153846154,2.9881999999999995,3.1817999999999995,2.3067837837837843,3.25,3.25,3.25,3.25,3.25,4.1155,3.25,3.25,3.25,3.25,3.25
1.7280999999999997,2.241,1.3796363636363638,1.6592500000000001,1.9883333333333335,2.0799999999999996,1.5913513513513515,1.6948461538461541,2.0445882352941176,2.7525000000000004,2.6003333333333334,2.24928,1.7924615384615386,2.3267234042553193,2.3336111111111113,1.9929999999999999,2.095831325301204,2.3303333333333334,2.201769230769231,2.988565217391304,2.8453846153846154,2.9881999999999995,3.1817999999999995,2.3067837837837843,3.25,3.25,3.25,3.25,3.25,4.1155,3.25,3.25,3.25,3.25,3.25
1.7280999999999997,2.241,1.3796363636363638,1.6592500000000001,1.9883333333333335,2.0799999999999996,1.5913513513513515,1.6948461538461541,2.0445882352941176,2.7525000000000004,2.6003333333333334,2.24928,1.7924615384615386,2.3267234042553193,2.3336111111111113,1.9929999999999999,2.095831325301204,2.3303333333333334,2.201769230769231,2.988565217391304,2.8453846153846154,2.9881999999999995,3.1817999999999995,2.3067837837837843,3.25,3.25,3.25,3.25,3.25,4.1155,3.25,3.25,3.25,3.25,3.25
1.7280999999999997,2.241,1.3796363636363638,1.6592500000000001,1.9883333333333335,2.0799999999999996,1.5913513513513515,1.6948461538461541,2.0445882352941176,2.7525000000000004,2.6003333333333334,2.24928,1.7924615384615386,2.3267234042553193,2.3336111111111113,1.9929999999999999,2.095831325301204,2.3303333333333334,2.201769230769231,2.988565217391304,2.8453846153846154,2.9881999999999995,3.1817999999999995,2.3067837837837843,3.25,3.25,3.25,3.25,3.25,4.1155,3.25,3.25,3.25,3.25,3.25
1.7280999999999997,2.241,1.3796363636363638,1.6592500000000001,1.9883333333333335,2.0799999999999996,1.5913513513513515,1.6948461538461541,2.0445882352941176,2.7525000000000004,2.6003333333333334,2.24928,1.7924615384615386,2.3267234042553193,2.3336111111111113,1.9929999999999999,2.095831325301204,2.3303333333333334,2.201769230769231,2.988565217391304,2.8453846153846154,2.9881999999999995,3.1817999999999995,2.3067837837837843,3.25,3.25,3.25,3.25,3.25,4.1155,3.25,3.25,3.25,3.25,3.25
1.7280999999999997,2.241,1.3796363636363638,1.6592500000000001,1.9883333333333335,2.0799999999999996,1.5913513513513515,1.6948461538461541,2.0445882352941176,2.7525000000000004,2.6003333333333334,2.24928,1.7924615384615386,2.3267234042553193,2.3336111111111113,1.9929999999999999,2.095831325301204,2.3303333333333334,2.201769230769231,2.988565217391304,2.8453846153846154,2.9881999999999995,3.1817999999999995,2.3067837837837843,3.25,3.25,3.25,3.25,3.25,4.1155,3.25,3.25,3.25,3.25,3.25
1.7280999999999997,2.241,1.3796363636363638,1.6592500000000001,1.9883333333333335,2.0799999999999996,1.5913513513513515,1.6948461538461541,2.0445882352941176,2.7525000000000004,2.6003333333333334,2.24928,1.7924615384615386,2.3267234042553193,2.3336111111111113,1.9929999999999999,2.095831325301204,2.3303333333333334,2.201769230769231,2.988565217391304,2.8453846153846154,2.9881999999999995,3.1817999999999995,2.3067837837837843,3.25,3.25,3.25,3.25,3.25,4.1155,3.25,3.25,3.25,3.25,3.25
1.7280999999999997,2.241,1.3796363636363638,1.6592500000000001,1.9883333333333335,2.0799999999999996,1.5913513513513515,1.6948461538461541,2.0445882352941176,2.7525000000000004,2.6003333333333334,2.24928,1.7924615384615386,2.3267234042553193,2.3336111111111113,1.9929999999999999,2.095831325301204,2.3303333333333334,2.201769230769231,2.988565217391304,2.8453846153846154,2.9881999999999995,3.1817999999999995,2.3067837837837843,3.25,3.25,3.25,3.25,3.25,4.1155,3.25,3.25,3.25,3.25,3.25
1.7280999999999997,2.241,1.3796363636363638,1.6592500000000001,1.9883333333333335,2.0799999999999996,1.5913513513513515,1.6948461538461541,2.0445882352941176,2.7525000000000004,2.6003333333333334,2.24928,1.7924615384615386,2.3267234042553193,2.3336111111111113,1.9929999999999999,2.095831325301204,2.3303333333333334,2.201769230769231,2.988565217391304,2.8453846153846154,2.9881999999999995,3.1817999999999995,2.3067837837837843,3.25,3.25,3.25,3.25,3.25,4.1155,3.25,3.25,3.25,3.25,3.25
1.7280999999999997,2.241,1.3796363636363638,1.6592500000000001,1.9883333333333335,2.0799999999999996,1.5913513513513515,1.6948461538461541,2.0445882352941176,2.7525000000000004,2.6003333333333334,2.24928,1.7924615384615386,2.3267234042553193,2.3336111111111113,1.9929999999999999,2.095831325301204,2.3303333333333334,2.201769230769231,2.988565217391304,2.8453846153846154,2.9881999999999995,3.1817999999999995,2.3067837837837843,3.25,3.25,3.25,3.25,3.25,4.1155,3.25,3.25,3.25,3.25,3.25
1.7280999999999997,2.241,1.3796363636363638,1.6592500000000001,1.9883333333333335,2.0799999999999996,1.5913513513513515,1.6948461538461541,2.0445882352941176,2.7525000000000004,2.6003333333333334,2.24928,1.7924615384615386,2.3267234042553193,2.3336111111111113,1.9929999999999999,2.095831325301204,2.3303333333333334,2.201769230769231,2.988565217391304,2.8453846153846154,2.9881999999999995,3.1817999999999995,2.3067837837837843,3.25,3.25,3.25,3.25,3.25,4.1155,3.25,3.25,3.25,3.25,3.25
1.7280999999999997,2.241,1.3796363636363638,1.6592500000000001,1.9883333333333335,2.0799999999999996,1.5913513513513515,1.6948461538461541,2.0445882352941176,2.7525000000000004,2.6003333333333334,2.24928,1.7924615384615386,2.3267234042553193,2.3336111111111113,1.9929999999999999,2.095831325301204,2.3303333333333334,2.201769230769231,2.988565217391304,2.8453846153846154,2.9881999999999995,3.1817999999999995,2.3067837837837843,3.25,3.25,3.25,3.25,3.25,4.1155,3.25,3.25,3.25,3.25,3.25
1.7280999999999997,2.241,1.3796363636363638,1.6592500000000001,1.9883333333333335,2.0799999999999996,1.5913513513513515,1.6948461538461541,2.0445882352941176,2.7525000000000004,2.6003333333333334,2.24928,1.7924615384615386,2.3267234042553193,2.3336111111111113,1.9929999999999999,2.095831325301204,2.3303333333333334,2.201769230769231,2.988565217391304,2.8453846153846154,2.9881999999999995,3.1817999999999995,2.3067837837837843,3.25,3.25,3.25,3.25,3.25,4.1155,3.25,3.25,3.25,3.25,3.25
1.7280999999999997,2.241,1.3796363636363638,1.6592500000000001,1.9883333333333335,2.0799999999999996,1.5913513513513515,1.6948461538461541,2.0445882352941176,2.7525000000000004,2.6003333333333334,2.24928,1.7924615384615386,2.3267234042553193,2.3336111111111113,1.9929999999999999,2.095831325301204,2.3303333333333334,2.201769230769231,2.988565217391304,2.8453846153846154,2.9881999999999995,3.1817999999999995,2.3067837837837843,3.25,3.25,3.25,3.25,3.25,4.1155,3.25,3.25,3.25,3.25,3.25
1.7280999999999997,2.241,1.3796363636363638,1.6592500000000001,1.9883333333333335,2.0799999999999996,1.5913513513513515,1.6948461538461541,2.0445882352941176,2.7525000000000004,2.6003333333333334,2.24928,1.7924615384615386,2.3267234042553193,2.3336111111111113,1.9929999999999999,2.095831325301204,2.3303333333333334,2.201769230769231,2.988565217391304,2.8453846153846154,2.9881999999999995,3.1817999999999995,2.3067837837837843,3.25,3.25,3.25,3.25,3.25,4.1155,3.25,3.25,3.25,3.25,3.25
1.7280999999999997,2.241,1.3796363636363638,1.6592500000000001,1.9883333333333335,2.0799999999999996,1.5913513513513515,1.6948461538461541,2.0445882352941176,2.7525000000000004,2.6003333333333334,2.24928,1.7924615384615386,2.3267234042553193,2.3336111111111113,1.9929999999999999,2.095831325301204,2.3303333333333334,2.201769230769231,2.988565217391304,2.8453846153846154,2.9881999999999995,3.1817999999999995,2.3067837837837843,3.25,3.25,3.25,3.25,3.25,4.1155,3.25,3.25,3.25,3.25,3.25
1.7280999999999997,2.241,1.3796363636363638,1.6592500000000001,1.9883333333333335,2.0799999999999996,1.5913513513513515,1.6948461538461541,2.0445882352941176,2.7525000000000004,2.6003333333333334,2.24928,1.7924615384615386,2.3267234042553193,2.3336111111111113,1.9929999999999999,2.095831325301204,2.3303333333333334,2.201769230769231,2.988565217391304,2.8453846153846154,2.9881999999999995,3.1817999999999995,2.3067837837837843,3.25,3.25,3.25,3.25,3.25,4.1155,3.25,3.25,3.25,3.25,3.25
1.7280999999999997,2.241,1.3796363636363638,1.6592500000000001,1.9883333333333335,2.0799999999999996,1.5913513513513515,1.6948461538461541,2.0445882352941176,2.7525000000000004,2.6003333333333334,2.24928,1.7924615384615386,2.3267234042553193,2.3336111111111113,1.9929999999999999,2.095831325301204,2.3303333333333334,2.201769230769231,2.988565217391304,2.8453846153846154,2.9881999999999995,3.1817999999999995,2.3067837837837843,3.25,3.25,3.25,3.25,3.25,4.1155,3.25,3.25,3.25,3.25,3.25
1.7280999999999997,2.241,1.3796363636363638,1.6592500000000001,1.9883333333333335,2.0799999999999996,1.5913513513513515,1.6948461538461541,2.0445882352941176,2.7525000000000004,2.6003333333333334,2.24928,1.7924615384615386,2.3267234042553193,2.3336111111111113,1.9929999999999999,2.095831325301204,2.3303333333333334,2.201769230769231,2.988565217391304,2.8453846153846154,2.9881999999999995,3.1817999999999995,2.3067837837837843,3.25,3.25,3.25,3.25,3.25,4.1155,3.25,3.25,3.25,3.25,3.25
1.6341999999999999,2.1420000000000003,1.3835,1.6808235294117648,1.7988888888888885,2.093631578947368,1.6102749999999997,1.7065853658536583,2.151933333333333,2.7435,2.4659999999999997,2.281964285714285,1.795,2.3384347826086955,2.3424000000000005,1.8844838709677416,2.0877934782608696,2.315714285714286,2.240133333333333,3.0056399999999996,2.6370500000000003,3.0400476190476193,3.112310344827587,2.2718947368421056,3.25,3.25,3.25,3.25,3.25,4.0889999999999995,3.25,3.25,3.25,3.25,3.25
1.6341999999999999,2.1420000000000003,1.3835,1.6808235294117648,1.7988888888888885,2.093631578947368,1.6102749999999997,1.7065853658536583,2.151933333333333,2.7435,2.4659999999999997,2.281964285714285,1.795,2.3384347826086955,2.3424000000000005,1.8844838709677416,2.0877934782608696,2.315714285714286,2.240133333333333,3.0056399999999996,2.6370500000000003,3.0400476190476193,3.112310344827587,2.2718947368421056,3.25,3.25,3.25,3.25,3.25,4.0889999999999995,3.25,3.25,3.25,3.25,3.25
1.6341999999999999,2.1420000000000003,1.3835,1.6808235294117648,1.7988888888888885,2.093631578947368,1.6102749999999997,1.7065853658536583,2.151933333333333,2.7435,2.4659999999999997,2.281964285714285,1.795,2.3384347826086955,2.3424000000000005,1.8844838709677416,2.0877934782608696,2.315714285714286,2.240133333333333,3.0056399999999996,2.6370500000000003,3.0400476190476193,3.112310344827587,2.2718947368421056,3.25,3.25,3.25,3.25,3.25,4.0889999999999995,3.25,3.25,3.25,3.25,3.25
1.6341999999999999,2.1420000000000003,1.3835,1.6808235294117648,1.7988888888888885,2.093631578947368,1.6102749999999997,1.7065853658536583,2.151933333333333,2.7435,2.4659999999999997,2.281964285714285,1.795,2.3384347826086955,2.3424000000000005,1.8844838709677416,2.0877934782608696,2.315714285714286,2.240133333333333,3.0056399999999996,2.6370500000000003,3.0400476190476193,3.112310344827587,2.2718947368421056,3.25,3.25,3.25,3.25,3.25,4.0889999999999995,3.25,3.25,3.25,3.25,3.25
1.6341999999999999,2.1420000000000003,1.3835,1.6808235294117648,1.7988888888888885,2.093631578947368,1.6102749999999997,1.7065853658536583,2.151933333333333,2.7435,2.4659999999999997,2.281964285714285,1.795,2.3384347826086955,2.3424000000000005,1.8844838709677416,2.0877934782608696,2.315714285714286,2.240133333333333,3.0056399999999996,2.6370500000000003,3.0400476190476193,3.112310344827587,2.2718947368421056,3.25,3.25,3.25,3.25,3.25,4.0889999999999995,3.25,3.25,3.25,3.25,3.25
1.6341999999999999,2.1420000000000003,1.3835,1.6808235294117648,1.7988888888888885,2.093631578947368,1.6102749999999997,1.7065853658536583,2.151933333333333,2.7435,2.4659999999999997,2.281964285714285,1.795,2.3384347826086955,2.3424000000000005,1.8844838709677416,2.0877934782608696,2.315714285714286,2.240133333333333,3.0056399999999996,2.6370500000000003,3.0400476190476193,3.112310344827587,2.2718947368421056,3.25,3.25,3.25,3.25,3.25,4.0889999999999995,3.25,3.25,3.25,3.25,3.25
1.6341999999999999,2.1420000000000003,1.3835,1.6808235294117648,1.7988888888888885,2.093631578947368,1.6102749999999997,1.7065853658536583,2.151933333333333,2.7435,2.4659999999999997,2.281964285714285,1.795,2.3384347826086955,2.3424000000000005,1.8844838709677416,2.0877934782608696,2.315714285714286,2.240133333333333,3.0056399999999996,2.6370500000000003,3.0400476190476193,3.112310344827587,2.2718947368421056,3.25,3.25,3.25,3.25,3.25,4.0889999999999995,3.25,3.25,3.25,3.25,3.25
1.6341999999999999,2.1420000000000003,1.3835,1.6808235294117648,1.7988888888888885,2.093631578947368,1.6102749999999997,1.7065853658536583,2.151933333333333,2.7435,2.4659999999999997,2.281964285714285,1.795,2.3384347826086955,2.3424000000000005,1.8844838709677416,2.0877934782608696,2.315714285714286,2.240133333333333,3.0056399999999996,2.6370500000000003,3.0400476190476193,3.112310344827587,2.2718947368421056,3.25,3.25,3.25,3.25,3.25,4.0889999999999995,3.25,3.25,3.25,3.25,3.25
1.6341999999999999,2.1420000000000003,1.3835,1.6808235294117648,1.7988888888888885,2.093631578947368,1.6102749999999997,1.7065853658536583,2.151933333333333,2.7435,2.4659999999999997,2.281964285714285,1.795,2.3384347826086955,2.3424000000000005,1.8844838709677416,2.0877934782608696,2.315714285714286,2.240133333333333,3.0056399999999996,2.6370500000000003,3.0400476190476193,3.112310344827587,2.2718947368421056,3.25,3.25,3.25,3.25,3.25,4.0889999999999995,3.25,3.25,3.25,3.25,3.25
1.6341999999999999,2.1420000000000003,1.3835,1.6808235294117648,1.7988888888888885,2.093631578947368,1.6102749999999997,1.7065853658536583,2.151933333333333,2.7435,2.4659999999999997,2.281964285714285,1.795,2.3384347826086955,2.3424000000000005,1.8844838709677416,2.0877934782608696,2.315714285714286,2.240133333333333,3.0056399999999996,2.6370500000000003,3.0400476190476193,3.112310344827587,2.2718947368421056,3.25,3.25,3.25,3.25,3.25,4.0889999999999995,3.25,3.25,3.25,3.25,3.25
1.6341999999999999,2.1420000000000003,1.3835,1.6808235294117648,1.7988888888888885,2.093631578947368,1.6102749999999997,1.7065853658536583,2.151933333333333,2.7435,2.4659999999999997,2.281964285714285,1.795,2.3384347826086955,2.3424000000000005,1.8844838709677416,2.0877934782608696,2.315714285714286,2.240133333333333,3.0056399999999996,2.6370500000000003,3.0400476190476193,3.112310344827587,2.2718947368421056,3.25,3.25,3.25,3.25,3.25,4.0889999999999995,3.25,3.25,3.25,3.25,3.25
1.6341999999999999,2.1420000000000003,1.3835,1.6808235294117648,1.7988888888888885,2.093631578947368,1.6102749999999997,1.7065853658536583,2.151933333333333,2.7435,2.4659999999999997,2.281964285714285,1.795,2.3384347826086955,2.3424000000000005,1.8844838709677416,2.0877934782608696,2.315714285714286,2.240133333333333,3.0056399999999996,2.6370500000000003,3.0400476190476193,3.112310344827587,2.2718947368421056,3.25,3.25,3.25,3.25,3.25,4.0889999999999995,3.25,3.25,3.25,3.25,3.25
1.6341999999999999,2.1420000000000003,1.3835,1.6808235294117648,1.7988888888888885,2.093631578947368,1.6102749999999997,1.7065853658536583,2.151933333333333,2.7435,2.4659999999999997,2.281964285714285,1.795,2.3384347826086955,2.3424000000000005,1.8844838709677416,2.0877934782608696,2.315714285714286,2.240133333333333,3.0056399999999996,2.6370500000000003,3.0400476190476193,3.112310344827587,2.2718947368421056,3.25,3.25,3.25,3.25,3.25,4.0889999999999995,3.25,3.25,3.25,3.25,3.25
1.6341999999999999,2.1420000000000003,1.3835,1.6808235294117648,1.7988888888888885,2.093631578947368,1.6102749999999997,1.7065853658536583,2.151933333333333,2.7435,2.4659999999999997,2.281964285714285,1.795,2.3384347826086955,2.3424000000000005,1.8844838709677416,2.0877934782608696,2.315714285714286,2.240133333333333,3.0056399999999996,2.6370500000000003,3.0400476190476193,3.112310344827587,2.2718947368421056,3.25,3.25,3.25,3.25,3.25,4.0889999999999995,3.25,3.25,3.25,3.25,3.25
1.6341999999999999,2.1420000000000003,1.3835,1.6808235294117648,1.7988888888888885,2.093631578947368,1.6102749999999997,1.7065853658536583,2.151933333333333,2.7435,2.4659999999999997,2.281964285714285,1.795,2.3384347826086955,2.3424000000000005,1.8844838709677416,2.0877934782608696,2.315714285714286,2.240133333333333,3.0056399999999996,2.6370500000000003,3.0400476190476193,3.112310344827587,2.2718947368421056,3.25,3.25,3.25,3.25,3.25,4.0889999999999995,3.25,3.25,3.25,3.25,3.25
1.6341999999999999,2.1420000000000003,1.3835,1.6808235294117648,1.7988888888888885,2.093631578947368,1.6102749999999997,1.7065853658536583,2.151933333333333,2.7435,2.4659999999999997,2.281964285714285,1.795,2.3384347826086955,2.3424000000000005,1.8844838709677416,2.0877934782608696,2.315714285714286,2.240133333333333,3.0056399999999996,2.6370500000000003,3.0400476190476193,3.112310344827587,2.2718947368421056,3.25,3.25,3.25,3.25,3.25,4.0889999999999995,3.25,3.25,3.25,3.25,3.25
1.6341999999999999,2.1420000000000003,1.3835,1.6808235294117648,1.7988888888888885,2.093631578947368,1.6102749999999997,1.7065853658536583,2.151933333333333,2.7435,2.4659999999999997,2.281964285714285,1.795,2.3384347826086955,2.3424000000000005,1.8844838709677416,2.0877934782608696,2.315714285714286,2.240133333333333,3.0056399999999996,2.6370500000000003,3.0400476190476193,3.112310344827587,2.2718947368421056,3.25,3.25,3.25,3.25,3.25,4.0889999999999995,3.25,3.25,3.25,3.25,3.25
1.6341999999999999,2.1420000000000003,1.3835,1.6808235294117648,1.7988888888888885,2.093631578947368,1.6102749999999997,1.7065853658536583,2.151933333333333,2.7435,2.4659999999999997,2.281964285714285,1.795,2.3384347826086955,2.3424000000000005,1.8844838709677416,2.0877934782608696,2.315714285714286,2.240133333333333,3.0056399999999996,2.6370500000000003,3.0400476190476193,3.112310344827587,2.2718947368421056,3.25,3.25,3.25,3.25,3.25,4.0889999999999995,3.25,3.25,3.25,3.25,3.25
1.6341999999999999,2.1420000000000003,1.3835,1.6808235294117648,1.7988888888888885,2.093631578947368,1.6102749999999997,1.7065853658536583,2.151933333333333,2.7435,2.4659999999999997,2.281964285714285,1.795,2.3384347826086955,2.3424000000000005,1.8844838709677416,2.0877934782608696,2.315714285714286,2.240133333333333,3.0056399999999996,2.6370500000000003,3.0400476190476193,3.112310344827587,2.2718947368421056,3.25,3.25,3.25,3.25,3.25,4.0889999999999995,3.25,3.25,3.25,3.25,3.25
1.6341999999999999,2.1420000000000003,1.3835,1.6808235294117648,1.7988888888888885,2.093631578947368,1.6102749999999997,1.7065853658536583,2.151933333333333,2.7435,2.4659999999999997,2.281964285714285,1.795,2.3384347826086955,2.3424000000000005,1.8844838709677416,2.0877934782608696,2.315714285714286,2.240133333333333,3.0056399999999996,2.6370500000000003,3.0400476190476193,3.112310344827587,2.2718947368421056,3.25,3.25,3.25,3.25,3.25,4.0889999999999995,3.25,3.25,3.25,3.25,3.25
1.6341999999999999,2.1420000000000003,1.3835,1.6808235294117648,1.7988888888888885,2.093631578947368,1.6102749999999997,1.7065853658536583,2.151933333333333,2.7435,2.4659999999999997,2.281964285714285,1.795,2.3384347826086955,2.3424000000000005,1.8844838709677416,2.0877934782608696,2.315714285714286,2.240133333333333,3.0056399999999996,2.6370500000000003,3.0400476190476193,3.112310344827587,2.2718947368421056,3.25,3.25,3.25,3.25,3.25,4.0889999999999995,3.25,3.25,3.25,3.25,3.25
1.6341999999999999,2.1420000000000003,1.3835,1.6808235294117648,1.7988888888888885,2.093631578947368,1.6102749999999997,1.7065853658536583,2.151933333333333,2.7435,2.4659999999999997,2.281964285714285,1.795,2.3384347826086955,2.3424000000000005,1.8844838709677416,2.0877934782608696,2.315714285714286,2.240133333333333,3.0056399999999996,2.6370500000000003,3.0400476190476193,3.112310344827587,2.2718947368421056,3.25,3.25,3.25,3.25,3.25,4.0889999999999995,3.25,3.25,3.25,3.25,3.25
1.6341999999999999,2.1420000000000003,1.3835,1.6808235294117648,1.7988888888888885,2.093631578947368,1.6102749999999997,1.7065853658536583,2.151933333333333,2.7435,2.4659999999999997,2.281964285714285,1.795,2.3384347826086955,2.3424000000000005,1.8844838709677416,2.0877934782608696,2.315714285714286,2.240133333333333,3.0056399999999996,2.6370500000000003,3.0400476190476193,3.112310344827587,2.2718947368421056,3.25,3.25,3.25,3.25,3.25,4.0889999999999995,3.25,3.25,3.25,3.25,3.25
1.6341999999999999,2.1420000000000003,1.3835,1.6808235294117648,1.7988888888888885,2.093631578947368,1.6102749999999997,1.7065853658536583,2.151933333333333,2.7435,2.4659999999999997,2.281964285714285,1.795,2.3384347826086955,2.3424000000000005,1.8844838709677416,2.0877934782608696,2.315714285714286,2.240133333333333,3.0056399999999996,2.6370500000000003,3.0400476190476193,3.112310344827587,2.2718947368421056,3.25,3.25,3.25,3.25,3.25,4.0889999999999995,3.25,3.25,3.25,3.25,3.25
1.6341999999999999,2.1420000000000003,1.3835,1.6808235294117648,1.7988888888888885,2.093631578947368,1.6102749999999997,1.7065853658536583,2.151933333333333,2.7435,2.4659999999999997,2.281964285714285,1.795,2.3384347826086955,2.3424000000000005,1.8844838709677416,2.0877934782608696,2.315714285714286,2.240133333333333,3.0056399999999996,2.6370500000000003,3.0400476190476193,3.112310344827587,2.2718947368421056,3.25,3.25,3.25,3.25,3.25,4.0889999999999995,3.25,3.25,3.25,3.25,3.25
1.6341999999999999,2.1420000000000003,1.3835,1.6808235294117648,1.7988888888888885,2.093631578947368,1.6102749999999997,1.7065853658536583,2.151933333333333,2.7435,2.4659999999999997,2.281964285714285,1.795,2.3384347826086955,2.3424000000000005,1.8844838709677416,2.0877934782608696,2.315714285714286,2.240133333333333,3.0056399999999996,2.6370500000000003,3.0400476190476193,3.112310344827587,2.2718947368421056,3.25,3.25,3.25,3.25,3.25,4.0889999999999995,3.25,3.25,3.25,3.25,3.25
1.6341999999999999,2.1420000000000003,1.3835,1.6808235294117648,1.7988888888888885,2.093631578947368,1.6102749999999997,1.7065853658536583,2.151933333333333,2.7435,2.4659999999999997,2.281964285714285,1.795,2.3384347826086955,2.3424000000000005,1.8844838709677416,2.0877934782608696,2.315714285714286,2.240133333333333,3.0056399999999996,2.6370500000000003,3.0400476190476193,3.112310344827587,2.2718947368421056,3.25,3.25,3.25,3.25,3.25,4.0889999999999995,3.25,3.25,3.25,3.25,3.25
1.6341999999999999,2.1420000000000003,1.3835,1.6808235294117648,1.7988888888888885,2.093631578947368,1.6102749999999997,1.7065853658536583,2.151933333333333,2.7435,2.4659999999999997,2.281964285714285,1.795,2.3384347826086955,2.3424000000000005,1.8844838709677416,2.0877934782608696,2.315714285714286,2.240133333333333,3.0056399999999996,2.6370500000000003,3.0400476190476193,3.112310344827587,2.2718947368421056,3.25,3.25,3.25,3.25,3.25,4.0889999999999995,3.25,3.25,3.25,3.25,3.25
1.6341999999999999,2.1420000000000003,1.3835,1.6808235294117648,1.7988888888888885,2.093631578947368,1.6102749999999997,1.7065853658536583,2.151933333333333,2.7435,2.4659999999999997,2.281964285714285,1.795,2.3384347826086955,2.3424000000000005,1.8844838709677416,2.0877934782608696,2.315714285714286,2.240133333333333,3.0056399999999996,2.6370500000000003,3.0400476190476193,3.112310344827587,2.2718947368421056,3.25,3.25,3.25,3.25,3.25,4.0889999999999995,3.25,3.25,3.25,3.25,3.25
1.6341999999999999,2.1420000000000003,1.3835,1.6808235294117648,1.7988888888888885,2.093631578947368,1.6102749999999997,1.7065853658536583,2.151933333333333,2.7435,2.4659999999999997,2.281964285714285,1.795,2.3384347826086955,2.3424000000000005,1.8844838709677416,2.0877934782608696,2.315714285714286,2.240133333333333,3.0056399999999996,2.6370500000000003,3.0400476190476193,3.112310344827587,2.2718947368421056,3.25,3.25,3.25,3.25,3.25,4.0889999999999995,3.25,3.25,3.25,3.25,3.25
1.6341999999999999,2.1420000000000003,1.3835,1.6808235294117648,1.7988888888888885,2.093631578947368,1.6102749999999997,1.7065853658536583,2.151933333333333,2.7435,2.4659999999999997,2.281964285714285,1.795,2.3384347826086955,2.3424000000000005,1.8844838709677416,2.0877934782608696,2.315714285714286,2.240133333333333,3.0056399999999996,2.6370500000000003,3.0400476190476193,3.112310344827587,2.2718947368421056,3.25,3.25,3.25,3.25,3.25,4.0889999999999995,3.25,3.25,3.25,3.25,3.25
1.5823636363636364,2.2055000000000002,1.377727272727273,1.6862105263157894,1.8469999999999995,2.076,1.589108108108108,1.771642857142857,2.2262142857142857,2.6890000000000005,2.8304,2.2985357142857152,1.7117857142857147,2.296555555555556,2.3586764705882355,1.8561874999999994,2.0867469879518072,2.3878,2.2832857142857144,2.962870967741935,2.688894736842105,2.982782608695652,3.1235142857142866,2.303763157894737,3.25,3.25,3.25,3.25,3.25,4.069333333333334,3.25,3.25,3.25,3.25,3.25
1.5823636363636364,2.2055000000000002,1.377727272727273,1.6862105263157894,1.8469999999999995,2.076,1.589108108108108,1.771642857142857,2.2262142857142857,2.6890000000000005,2.8304,2.2985357142857152,1.7117857142857147,2.296555555555556,2.3586764705882355,1.8561874999999994,2.0867469879518072,2.3878,2.2832857142857144,2.962870967741935,2.688894736842105,2.982782608695652,3.1235142857142866,2.303763157894737,3.25,3.25,3.25,3.25,3.25,4.069333333333334,3.25,3.25,3.25,3.25,3.25
1.5823636363636364,2.2055000000000002,1.377727272727273,1.6862105263157894,1.8469999999999995,2.076,1.589108108108108,1.771642857142857,2.2262142857142857,2.6890000000000005,2.8304,2.2985357142857152,1.7117857142857147,2.296555555555556,2.3586764705882355,1.8561874999999994,2.0867469879518072,2.3878,2.2832857142857144,2.962870967741935,2.688894736842105,2.982782608695652,3.1235142857142866,2.303763157894737,3.25,3.25,3.25,3.25,3.25,4.069333333333334,3.25,3.25,3.25,3.25,3.25
1.5823636363636364,2.2055000000000002,1.377727272727273,1.6862105263157894,1.8469999999999995,2.076,1.589108108108108,1.771642857142857,2.2262142857142857,2.6890000000000005,2.8304,2.2985357142857152,1.7117857142857147,2.296555555555556,2.3586764705882355,1.8561874999999994,2.0867469879518072,2.3878,2.2832857142857144,2.962870967741935,2.688894736842105,2.982782608695652,3.1235142857142866,2.303763157894737,3.25,3.25,3.25,3.25,3.25,4.069333333333334,3.25,3.25,3.25,3.25,3.25
1.5823636363636364,2.2055000000000002,1.377727272727273,1.6862105263157894,1.8469999999999995,2.076,1.589108108108108,1.771642857142857,2.2262142857142857,2.6890000000000005,2.8304,2.2985357142857152,1.7117857142857147,2.296555555555556,2.3586764705882355,1.8561874999999994,2.0867469879518072,2.3878,2.2832857142857144,2.962870967741935,2.688894736842105,2.982782608695652,3.1235142857142866,2.303763157894737,3.25,3.25,3.25,3.25,3.25,4.069333333333334,3.25,3.25,3.25,3.25,3.25
1.5823636363636364,2.2055000000000002,1.377727272727273,1.6862105263157894,1.8469999999999995,2.076,1.589108108108108,1.771642857142857,2.2262142857142857,2.6890000000000005,2.8304,2.2985357142857152,1.7117857142857147,2.296555555555556,2.3586764705882355,1.8561874999999994,2.0867469879518072,2.3878,2.2832857142857144,2.962870967741935,2.688894736842105,2.982782608695652,3.1235142857142866,2.303763157894737,3.25,3.25,3.25,3.25,3.25,4.069333333333334,3.25,3.25,3.25,3.25,3.25
1.5823636363636364,2.2055000000000002,1.377727272727273,1.6862105263157894,1.8469999999999995,2.076,1.589108108108108,1.771642857142857,2.2262142857142857,2.6890000000000005,2.8304,2.2985357142857152,1.7117857142857147,2.296555555555556,2.3586764705882355,1.8561874999999994,2.0867469879518072,2.3878,2.2832857142857144,2.962870967741935,2.688894736842105,2.982782608695652,3.1235142857142866,2.303763157894737,3.25,3.25,3.25,3.25,3.25,4.069333333333334,3.25,3.25,3.25,3.25,3.25
1.5823636363636364,2.2055000000000002,1.377727272727273,1.6862105263157894,1.8469999999999995,2.076,1.589108108108108,1.771642857142857,2.2262142857142857,2.6890000000000005,2.8304,2.2985357142857152,1.7117857142857147,2.296555555555556,2.3586764705882355,1.8561874999999994,2.0867469879518072,2.3878,2.2832857142857144,2.962870967741935,2.688894736842105,2.982782608695652,3.1235142857142866,2.303763157894737,3.25,3.25,3.25,3.25,3.25,4.069333333333334,3.25,3.25,3.25,3.25,3.25
1.5823636363636364,2.2055000000000002,1.377727272727273,1.6862105263157894,1.8469999999999995,2.076,1.589108108108108,1.771642857142857,2.2262142857142857,2.6890000000000005,2.8304,2.2985357142857152,1.7117857142857147,2.296555555555556,2.3586764705882355,1.8561874999999994,2.0867469879518072,2.3878,2.2832857142857144,2.962870967741935,2.688894736842105,2.982782608695652,3.1235142857142866,2.303763157894737,3.25,3.25,3.25,3.25,3.25,4.069333333333334,3.25,3.25,3.25,3.25,3.25
1.5823636363636364,2.2055000000000002,1.377727272727273,1.6862105263157894,1.8469999999999995,2.076,1.589108108108108,1.771642857142857,2.2262142857142857,2.6890000000000005,2.8304,2.2985357142857152,1.7117857142857147,2.296555555555556,2.3586764705882355,1.8561874999999994,2.0867469879518072,2.3878,2.2832857142857144,2.962870967741935,2.688894736842105,2.982782608695652,3.1235142857142866,2.303763157894737,3.25,3.25,3.25,3.25,3.25,4.069333333333334,3.25,3.25,3.25,3.25,3.25
1.5823636363636364,2.2055000000000002,1.377727272727273,1.6862105263157894,1.8469999999999995,2.076,1.589108108108108,1.771642857142857,2.2262142857142857,2.6890000000000005,2.8304,2.2985357142857152,1.7117857142857147,2.296555555555556,2.3586764705882355,1.8561874999999994,2.0867469879518072,2.3878,2.2832857142857144,2.962870967741935,2.688894736842105,2.982782608695652,3.1235142857142866,2.303763157894737,3.25,3.25,3.25,3.25,3.25,4.069333333333334,3.25,3.25,3.25,3.25,3.25
1.5823636363636364,2.2055000000000002,1.377727272727273,1.6862105263157894,1.8469999999999995,2.076,1.589108108108108,1.771642857142857,2.2262142857142857,2.6890000000000005,2.8304,2.2985357142857152,1.7117857142857147,2.296555555555556,2.3586764705882355,1.8561874999999994,2.0867469879518072,2.3878,2.2832857142857144,2.962870967741935,2.688894736842105,2.982782608695652,3.1235142857142866,2.303763157894737,3.25,3.25,3.25,3.25,3.25,4.069333333333334,3.25,3.25,3.25,3.25,3.25
1.5823636363636364,2.2055000000000002,1.377727272727273,1.6862105263157894,1.8469999999999995,2.076,1.589108108108108,1.771642857142857,2.2262142857142857,2.6890000000000005,2.8304,2.2985357142857152,1.7117857142857147,2.296555555555556,2.3586764705882355,1.8561874999999994,2.0867469879518072,2.3878,2.2832857142857144,2.962870967741935,2.688894736842105,2.982782608695652,3.1235142857142866,2.303763157894737,3.25,3.25,3.25,3.25,3.25,4.069333333333334,3.25,3.25,3.25,3.25,3.25
1.5823636363636364,2.2055000000000002,1.377727272727273,1.6862105263157894,1.8469999999999995,2.076,1.589108108108108,1.771642857142857,2.2262142857142857,2.6890000000000005,2.8304,2.2985357142857152,1.7117857142857147,2.296555555555556,2.3586764705882355,1.8561874999999994,2.0867469879518072,2.3878,2.2832857142857144,2.962870967741935,2.688894736842105,2.982782608695652,3.1235142857142866,2.303763157894737,3.25,3.25,3.25,3.25,3.25,4.069333333333334,3.25,3.25,3.25,3.25,3.25
1.5823636363636364,2.2055000000000002,1.377727272727273,1.6862105263157894,1.8469999999999995,2.076,1.589108108108108,1.771642857142857,2.2262142857142857,2.6890000000000005,2.8304,2.2985357142857152,1.7117857142857147,2.296555555555556,2.3586764705882355,1.8561874999999994,2.0867469879518072,2.3878,2.2832857142857144,2.962870967741935,2.688894736842105,2.982782608695652,3.1235142857142866,2.303763157894737,3.25,3.25,3.25,3.25,3.25,4.069333333333334,3.25,3.25,3.25,3.25,3.25
1.5823636363636364,2.2055000000000002,1.377727272727273,1.6862105263157894,1.8469999999999995,2.076,1.589108108108108,1.771642857142857,2.2262142857142857,2.6890000000000005,2.8304,2.2985357142857152,1.7117857142857147,2.296555555555556,2.3586764705882355,1.8561874999999994,2.0867469879518072,2.3878,2.2832857142857144,2.962870967741935,2.688894736842105,2.982782608695652,3.1235142857142866,2.303763157894737,3.25,3.25,3.25,3.25,3.25,4.069333333333334,3.25,3.25,3.25,3.25,3.25
1.5823636363636364,2.2055000000000002,1.377727272727273,1.6862105263157894,1.8469999999999995,2.076,1.589108108108108,1.771642857142857,2.2262142857142857,2.6890000000000005,2.8304,2.2985357142857152,1.7117857142857147,2.296555555555556,2.3586764705882355,1.8561874999999994,2.0867469879518072,2.3878,2.2832857142857144,2.962870967741935,2.688894736842105,2.982782608695652,3.1235142857142866,2.303763157894737,3.25,3.25,3.25,3.25,3.25,4.069333333333334,3.25,3.25,3.25,3.25,3.25
1.5823636363636364,2.2055000000000002,1.377727272727273,1.6862105263157894,1.8469999999999995,2.076,1.589108108108108,1.771642857142857,2.2262142857142857,2.6890000000000005,2.8304,2.2985357142857152,1.7117857142857147,2.296555555555556,2.3586764705882355,1.8561874999999994,2.0867469879518072,2.3878,2.2832857142857144,2.962870967741935,2.688894736842105,2.982782608695652,3.1235142857142866,2.303763157894737,3.25,3.25,3.25,3.25,3.25,4.069333333333334,3.25,3.25,3.25,3.25,3.25
1.5823636363636364,2.2055000000000002,1.377727272727273,1.6862105263157894,1.8469999999999995,2.076,1.589108108108108,1.771642857142857,2.2262142857142857,2.6890000000000005,2.8304,2.2985357142857152,1.7117857142857147,2.296555555555556,2.3586764705882355,1.8561874999999994,2.0867469879518072,2.3878,2.2832857142857144,2.962870967741935,2.688894736842105,2.982782608695652,3.1235142857142866,2.303763157894737,3.25,3.25,3.25,3.25,3.25,4.069333333333334,3.25,3.25,3.25,3.25,3.25
1.5823636363636364,2.2055000000000002,1.377727272727273,1.6862105263157894,1.8469999999999995,2.076,1.589108108108108,1.771642857142857,2.2262142857142857,2.6890000000000005,2.8304,2.2985357142857152,1.7117857142857147,2.296555555555556,2.3586764705882355,1.8561874999999994,2.0867469879518072,2.3878,2.2832857142857144,2.962870967741935,2.688894736842105,2.982782608695652,3.1235142857142866,2.303763157894737,3.25,3.25,3.25,3.25,3.25,4.069333333333334,3.25,3.25,3.25,3.25,3.25
1.5823636363636364,2.2055000000000002,1.377727272727273,1.6862105263157894,1.8469999999999995,2.076,1.589108108108108,1.771642857142857,2.2262142857142857,2.6890000000000005,2.8304,2.2985357142857152,1.7117857142857147,2.296555555555556,2.3586764705882355,1.8561874999999994,2.0867469879518072,2.3878,2.2832857142857144,2.962870967741935,2.688894736842105,2.982782608695652,3.1235142857142866,2.303763157894737,3.25,3.25,3.25,3.25,3.25,4.069333333333334,3.25,3.25,3.25,3.25,3.25
1.5823636363636364,2.2055000000000002,1.377727272727273,1.6862105263157894,1.8469999999999995,2.076,1.589108108108108,1.771642857142857,2.2262142857142857,2.6890000000000005,2.8304,2.2985357142857152,1.7117857142857147,2.296555555555556,2.3586764705882355,1.8561874999999994,2.0867469879518072,2.3878,2.2832857142857144,2.962870967741935,2.688894736842105,2.982782608695652,3.1235142857142866,2.303763157894737,3.25,3.25,3.25,3.25,3.25,4.069333333333334,3.25,3.25,3.25,3.25,3.25
1.5823636363636364,2.2055000000000002,1.377727272727273,1.6862105263157894,1.8469999999999995,2.076,1.589108108108108,1.771642857142857,2.2262142857142857,2.6890000000000005,2.8304,2.2985357142857152,1.7117857142857147,2.296555555555556,2.3586764705882355,1.8561874999999994,2.0867469879518072,2.3878,2.2832857142857144,2.962870967741935,2.688894736842105,2.982782608695652,3.1235142857142866,2.303763157894737,3.25,3.25,3.25,3.25,3.25,4.069333333333334,3.25,3.25,3.25,3.25,3.25
1.5823636363636364,2.2055000000000002,1.377727272727273,1.6862105263157894,1.8469999999999995,2.076,1.589108108108108,1.771642857142857,2.2262142857142857,2.6890000000000005,2.8304,2.2985357142857152,1.7117857142857147,2.296555555555556,2.3586764705882355,1.8561874999999994,2.0867469879518072,2.3878,2.2832857142857144,2.962870967741935,2.688894736842105,2.982782608695652,3.1235142857142866,2.303763157894737,3.25,3.25,3.25,3.25,3.25,4.069333333333334,3.25,3.25,3.25,3.25,3.25
1.5823636363636364,2.2055000000000002,1.377727272727273,1.6862105263157894,1.8469999999999995,2.076,1.589108108108108,1.771642857142857,2.2262142857142857,2.6890000000000005,2.8304,2.2985357142857152,1.7117857142857147,2.296555555555556,2.3586764705882355,1.8561874999999994,2.0867469879518072,2.3878,2.2832857142857144,2.962870967741935,2.688894736842105,2.982782608695652,3.1235142857142866,2.303763157894737,3.25,3.25,3.25,3.25,3.25,4.069333333333334,3.25,3.25,3.25,3.25,3.25
1.5823636363636364,2.2055000000000002,1.377727272727273,1.6862105263157894,1.8469999999999995,2.076,1.589108108108108,1.771642857142857,2.2262142857142857,2.6890000000000005,2.8304,2.2985357142857152,1.7117857142857147,2.296555555555556,2.3586764705882355,1.8561874999999994,2.0867469879518072,2.3878,2.2832857142857144,2.962870967741935,2.688894736842105,2.982782608695652,3.1235142857142866,2.303763157894737,3.25,3.25,3.25,3.25,3.25,4.069333333333334,3.25,3.25,3.25,3.25,3.25
1.5823636363636364,2.2055000000000002,1.377727272727273,1.6862105263157894,1.8469999999999995,2.076,1.589108108108108,1.771642857142857,2.2262142857142857,2.6890000000000005,2.8304,2.2985357142857152,1.7117857142857147,2.296555555555556,2.3586764705882355,1.8561874999999994,2.0867469879518072,2.3878,2.2832857142857144,2.962870967741935,2.688894736842105,2.982782608695652,3.1235142857142866,2.303763157894737,3.25,3.25,3.25,3.25,3.25,4.069333333333334,3.25,3.25,3.25,3.25,3.25
1.5823636363636364,2.2055000000000002,1.377727272727273,1.6862105263157894,1.8469999999999995,2.076,1.589108108108108,1.771642857142857,2.2262142857142857,2.6890000000000005,2.8304,2.2985357142857152,1.7117857142857147,2.296555555555556,2.3586764705882355,1.8561874999999994,2.0867469879518072,2.3878,2.2832857142857144,2.962870967741935,2.688894736842105,2.982782608695652,3.1235142857142866,2.303763157894737,3.25,3.25,3.25,3.25,3.25,4.069333333333334,3.25,3.25,3.25,3.25,3.25
1.5823636363636364,2.2055000000000002,1.377727272727273,1.6862105263157894,1.8469999999999995,2.076,1.589108108108108,1.771642857142857,2.2262142857142857,2.6890000000000005,2.8304,2.2985357142857152,1.7117857142857147,2.296555555555556,2.3586764705882355,1.8561874999999994,2.0867469879518072,2.3878,2.2832857142857144,2.962870967741935,2.688894736842105,2.982782608695652,3.1235142857142866,2.303763157894737,3.25,3.25,3.25,3.25,3.25,4.069333333333334,3.25,3.25,3.25,3.25,3.25
1.5823636363636364,2.2055000000000002,1.377727272727273,1.6862105263157894,1.8469999999999995,2.076,1.589108108108108,1.771642857142857,2.2262142857142857,2.6890000000000005,2.8304,2.2985357142857152,1.7117857142857147,2.296555555555556,2.3586764705882355,1.8561874999999994,2.0867469879518072,2.3878,2.2832857142857144,2.962870967741935,2.688894736842105,2.982782608695652,3.1235142857142866,2.303763157894737,3.25,3.25,3.25,3.25,3.25,4.069333333333334,3.25,3.25,3.25,3.25,3.25
1.5823636363636364,2.2055000000000002,1.377727272727273,1.6862105263157894,1.8469999999999995,2.076,1.589108108108108,1.771642857142857,2.2262142857142857,2.6890000000000005,2.8304,2.2985357142857152,1.7117857142857147,2.296555555555556,2.3586764705882355,1.8561874999999994,2.0867469879518072,2.3878,2.2832857142857144,2.962870967741935,2.688894736842105,2.982782608695652,3.1235142857142866,2.303763157894737,3.25,3.25,3.25,3.25,3.25,4.069333333333334,3.25,3.25,3.25,3.25,3.25
1.7005000000000001,2.26,1.3807272727272726,1.6693684210526316,1.8485555555555553,2.1206666666666663,1.603761904761905,1.7789285714285712,2.1165000000000003,2.766,3.07175,2.3064999999999998,1.7156666666666665,2.274022727272726,2.3312285714285714,1.8991923076923074,2.0744505494505487,2.4263125000000003,2.2479999999999998,2.9472857142857127,2.695142857142857,3.0860952380952376,3.1305588235294124,2.322105263157895,3.25,3.25,3.25,3.25,3.25,4.058666666666666,3.25,3.25,3.25,3.25,3.25
1.7005000000000001,2.26,1.3807272727272726,1.6693684210526316,1.8485555555555553,2.1206666666666663,1.603761904761905,1.7789285714285712,2.1165000000000003,2.766,3.07175,2.3064999999999998,1.7156666666666665,2.274022727272726,2.3312285714285714,1.8991923076923074,2.0744505494505487,2.4263125000000003,2.2479999999999998,2.9472857142857127,2.695142857142857,3.0860952380952376,3.1305588235294124,2.322105263157895,3.25,3.25,3.25,3.25,3.25,4.058666666666666,3.25,3.25,3.25,3.25,3.25
1.7005000000000001,2.26,1.3807272727272726,1.6693684210526316,1.8485555555555553,2.1206666666666663,1.603761904761905,1.7789285714285712,2.1165000000000003,2.766,3.07175,2.3064999999999998,1.7156666666666665,2.274022727272726,2.3312285714285714,1.8991923076923074,2.0744505494505487,2.4263125000000003,2.2479999999999998,2.9472857142857127,2.695142857142857,3.0860952380952376,3.1305588235294124,2.322105263157895,3.25,3.25,3.25,3.25,3.25,4.058666666666666,3.25,3.25,3.25,3.25,3.25
1.7005000000000001,2.26,1.3807272727272726,1.6693684210526316,1.8485555555555553,2.1206666666666663,1.603761904761905,1.7789285714285712,2.1165000000000003,2.766,3.07175,2.3064999999999998,1.7156666666666665,2.274022727272726,2.3312285714285714,1.8991923076923074,2.0744505494505487,2.4263125000000003,2.2479999999999998,2.9472857142857127,2.695142857142857,3.0860952380952376,3.1305588235294124,2.322105263157895,3.25,3.25,3.25,3.25,3.25,4.058666666666666,3.25,3.25,3.25,3.25,3.25
1.7005000000000001,2.26,1.3807272727272726,1.6693684210526316,1.8485555555555553,2.1206666666666663,1.603761904761905,1.7789285714285712,2.1165000000000003,2.766,3.07175,2.3064999999999998,1.7156666666666665,2.274022727272726,2.3312285714285714,1.8991923076923074,2.0744505494505487,2.4263125000000003,2.2479999999999998,2.9472857142857127,2.695142857142857,3.0860952380952376,3.1305588235294124,2.322105263157895,3.25,3.25,3.25,3.25,3.25,4.058666666666666,3.25,3.25,3.25,3.25,3.25
1.7005000000000001,2.26,1.3807272727272726,1.6693684210526316,1.8485555555555553,2.1206666666666663,1.603761904761905,1.7789285714285712,2.1165000000000003,2.766,3.07175,2.3064999999999998,1.7156666666666665,2.274022727272726,2.3312285714285714,1.8991923076923074,2.0744505494505487,2.4263125000000003,2.2479999999999998,2.9472857142857127,2.695142857142857,3.0860952380952376,3.1305588235294124,2.322105263157895,3.25,3.25,3.25,3.25,3.25,4.058666666666666,3.25,3.25,3.25,3.25,3.25
1.7005000000000001,2.26,1.3807272727272726,1.6693684210526316,1.8485555555555553,2.1206666666666663,1.603761904761905,1.7789285714285712,2.1165000000000003,2.766,3.07175,2.3064999999999998,1.7156666666666665,2.274022727272726,2.3312285714285714,1.8991923076923074,2.0744505494505487,2.4263125000000003,2.2479999999999998,2.9472857142857127,2.695142857142857,3.0860952380952376,3.1305588235294124,2.322105263157895,3.25,3.25,3.25,3.25,3.25,4.058666666666666,3.25,3.25,3.25,3.25,3.25
1.7005000000000001,2.26,1.3807272727272726,1.6693684210526316,1.8485555555555553,2.1206666666666663,1.603761904761905,1.7789285714285712,2.1165000000000003,2.766,3.07175,2.3064999999999998,1.7156666666666665,2.274022727272726,2.3312285714285714,1.8991923076923074,2.0744505494505487,2.4263125000000003,2.2479999999999998,2.9472857142857127,2.695142857142857,3.0860952380952376,3.1305588235294124,2.322105263157895,3.25,3.25,3.25,3.25,3.25,4.058666666666666,3.25,3.25,3.25,3.25,3.25
1.7005000000000001,2.26,1.3807272727272726,1.6693684210526316,1.8485555555555553,2.1206666666666663,1.603761904761905,1.7789285714285712,2.1165000000000003,2.766,3.07175,2.3064999999999998,1.7156666666666665,2.274022727272726,2.3312285714285714,1.8991923076923074,2.0744505494505487,2.4263125000000003,2.2479999999999998,2.9472857142857127,2.695142857142857,3.0860952380952376,3.1305588235294124,2.322105263157895,3.25,3.25,3.25,3.25,3.25,4.058666666666666,3.25,3.25,3.25,3.25,3.25
1.7005000000000001,2.26,1.3807272727272726,1.6693684210526316,1.8485555555555553,2.1206666666666663,1.603761904761905,1.7789285714285712,2.1165000000000003,2.766,3.07175,2.3064999999999998,1.7156666666666665,2.274022727272726,2.3312285714285714,1.8991923076923074,2.0744505494505487,2.4263125000000003,2.2479999999999998,2.9472857142857127,2.695142857142857,3.0860952380952376,3.1305588235294124,2.322105263157895,3.25,3.25,3.25,3.25,3.25,4.058666666666666,3.25,3.25,3.25,3.25,3.25
1.7005000000000001,2.26,1.3807272727272726,1.6693684210526316,1.8485555555555553,2.1206666666666663,1.603761904761905,1.7789285714285712,2.1165000000000003,2.766,3.07175,2.3064999999999998,1.7156666666666665,2.274022727272726,2.3312285714285714,1.8991923076923074,2.0744505494505487,2.4263125000000003,2.2479999999999998,2.9472857142857127,2.695142857142857,3.0860952380952376,3.1305588235294124,2.322105263157895,3.25,3.25,3.25,3.25,3.25,4.058666666666666,3.25,3.25,3.25,3.25,3.25
1.7005000000000001,2.26,1.3807272727272726,1.6693684210526316,1.8485555555555553,2.1206666666666663,1.603761904761905,1.7789285714285712,2.1165000000000003,2.766,3.07175,2.3064999999999998,1.7156666666666665,2.274022727272726,2.3312285714285714,1.8991923076923074,2.0744505494505487,2.4263125000000003,2.2479999999999998,2.9472857142857127,2.695142857142857,3.0860952380952376,3.1305588235294124,2.322105263157895,3.25,3.25,3.25,3.25,3.25,4.058666666666666,3.25,3.25,3.25,3.25,3.25
1.7005000000000001,2.26,1.3807272727272726,1.6693684210526316,1.8485555555555553,2.1206666666666663,1.603761904761905,1.7789285714285712,2.1165000000000003,2.766,3.07175,2.3064999999999998,1.7156666666666665,2.274022727272726,2.3312285714285714,1.8991923076923074,2.0744505494505487,2.4263125000000003,2.2479999999999998,2.9472857142857127,2.695142857142857,3.0860952380952376,3.1305588235294124,2.322105263157895,3.25,3.25,3.25,3.25,3.25,4.058666666666666,3.25,3.25,3.25,3.25,3.25
1.7005000000000001,2.26,1.3807272727272726,1.6693684210526316,1.8485555555555553,2.1206666666666663,1.603761904761905,1.7789285714285712,2.1165000000000003,2.766,3.07175,2.3064999999999998,1.7156666666666665,2.274022727272726,2.3312285714285714,1.8991923076923074,2.0744505494505487,2.4263125000000003,2.2479999999999998,2.9472857142857127,2.695142857142857,3.0860952380952376,3.1305588235294124,2.322105263157895,3.25,3.25,3.25,3.25,3.25,4.058666666666666,3.25,3.25,3.25,3.25,3.25
1.7005000000000001,2.26,1.3807272727272726,1.6693684210526316,1.8485555555555553,2.1206666666666663,1.603761904761905,1.7789285714285712,2.1165000000000003,2.766,3.07175,2.3064999999999998,1.7156666666666665,2.274022727272726,2.3312285714285714,1.8991923076923074,2.0744505494505487,2.4263125000000003,2.2479999999999998,2.9472857142857127,2.695142857142857,3.0860952380952376,3.1305588235294124,2.322105263157895,3.25,3.25,3.25,3.25,3.25,4.058666666666666,3.25,3.25,3.25,3.25,3.25
1.7005000000000001,2.26,1.3807272727272726,1.6693684210526316,1.8485555555555553,2.1206666666666663,1.603761904761905,1.7789285714285712,2.1165000000000003,2.766,3.07175,2.3064999999999998,1.7156666666666665,2.274022727272726,2.3312285714285714,1.8991923076923074,2.0744505494505487,2.4263125000000003,2.2479999999999998,2.9472857142857127,2.695142857142857,3.0860952380952376,3.1305588235294124,2.322105263157895,3.25,3.25,3.25,3.25,3.25,4.058666666666666,3.25,3.25,3.25,3.25,3.25
1.7005000000000001,2.26,1.3807272727272726,1.6693684210526316,1.8485555555555553,2.1206666666666663,1.603761904761905,1.7789285714285712,2.1165000000000003,2.766,3.07175,2.3064999999999998,1.7156666666666665,2.274022727272726,2.3312285714285714,1.8991923076923074,2.0744505494505487,2.4263125000000003,2.2479999999999998,2.9472857142857127,2.695142857142857,3.0860952380952376,3.1305588235294124,2.322105263157895,3.25,3.25,3.25,3.25,3.25,4.058666666666666,3.25,3.25,3.25,3.25,3.25
1.7005000000000001,2.26,1.3807272727272726,1.6693684210526316,1.8485555555555553,2.1206666666666663,1.603761904761905,1.7789285714285712,2.1165000000000003,2.766,3.07175,2.3064999999999998,1.7156666666666665,2.274022727272726,2.3312285714285714,1.8991923076923074,2.0744505494505487,2.4263125000000003,2.2479999999999998,2.9472857142857127,2.695142857142857,3.0860952380952376,3.1305588235294124,2.322105263157895,3.25,3.25,3.25,3.25,3.25,4.058666666666666,3.25,3.25,3.25,3.25,3.25
1.7005000000000001,2.26,1.3807272727272726,1.6693684210526316,1.8485555555555553,2.1206666666666663,1.603761904761905,1.7789285714285712,2.1165000000000003,2.766,3.07175,2.3064999999999998,1.7156666666666665,2.274022727272726,2.3312285714285714,1.8991923076923074,2.0744505494505487,2.4263125000000003,2.2479999999999998,2.9472857142857127,2.695142857142857,3.0860952380952376,3.1305588235294124,2.322105263157895,3.25,3.25,3.25,3.25,3.25,4.058666666666666,3.25,3.25,3.25,3.25,3.25
1.7005000000000001,2.26,1.3807272727272726,1.6693684210526316,1.8485555555555553,2.1206666666666663,1.603761904761905,1.7789285714285712,2.1165000000000003,2.766,3.07175,2.3064999999999998,1.7156666666666665,2.274022727272726,2.3312285714285714,1.8991923076923074,2.0744505494505487,2.4263125000000003,2.2479999999999998,2.9472857142857127,2.695142857142857,3.0860952380952376,3.1305588235294124,2.322105263157895,3.25,3.25,3.25,3.25,3.25,4.058666666666666,3.25,3.25,3.25,3.25,3.25
1.7005000000000001,2.26,1.3807272727272726,1.6693684210526316,1.8485555555555553,2.1206666666666663,1.603761904761905,1.7789285714285712,2.1165000000000003,2.766,3.07175,2.3064999999999998,1.7156666666666665,2.274022727272726,2.3312285714285714,1.8991923076923074,2.0744505494505487,2.4263125000000003,2.2479999999999998,2.9472857142857127,2.695142857142857,3.0860952380952376,3.1305588235294124,2.322105263157895,3.25,3.25,3.25,3.25,3.25,4.058666666666666,3.25,3.25,3.25,3.25,3.25
1.7005000000000001,2.26,1.3807272727272726,1.6693684210526316,1.8485555555555553,2.1206666666666663,1.603761904761905,1.7789285714285712,2.1165000000000003,2.766,3.07175,2.3064999999999998,1.7156666666666665,2.274022727272726,2.3312285714285714,1.8991923076923074,2.0744505494505487,2.4263125000000003,2.2479999999999998,2.9472857142857127,2.695142857142857,3.0860952380952376,3.1305588235294124,2.322105263157895,3.25,3.25,3.25,3.25,3.25,4.058666666666666,3.25,3.25,3.25,3.25,3.25
1.7005000000000001,2.26,1.3807272727272726,1.6693684210526316,1.8485555555555553,2.1206666666666663,1.603761904761905,1.7789285714285712,2.1165000000000003,2.766,3.07175,2.3064999999999998,1.7156666666666665,2.274022727272726,2.3312285714285714,1.8991923076923074,2.0744505494505487,2.4263125000000003,2.2479999999999998,2.9472857142857127,2.695142857142857,3.0860952380952376,3.1305588235294124,2.322105263157895,3.25,3.25,3.25,3.25,3.25,4.058666666666666,3.25,3.25,3.25,3.25,3.25
1.7005000000000001,2.26,1.3807272727272726,1.6693684210526316,1.8485555555555553,2.1206666666666663,1.603761904761905,1.7789285714285712,2.1165000000000003,2.766,3.07175,2.3064999999999998,1.7156666666666665,2.274022727272726,2.3312285714285714,1.8991923076923074,2.0744505494505487,2.4263125000000003,2.2479999999999998,2.9472857142857127,2.695142857142857,3.0860952380952376,3.1305588235294124,2.322105263157895,3.25,3.25,3.25,3.25,3.25,4.058666666666666,3.25,3.25,3.25,3.25,3.25
1.7005000000000001,2.26,1.3807272727272726,1.6693684210526316,1.8485555555555553,2.1206666666666663,1.603761904761905,1.7789285714285712,2.1165000000000003,2.766,3.07175,2.3064999999999998,1.7156666666666665,2.274022727272726,2.3312285714285714,1.8991923076923074,2.0744505494505487,2.4263125000000003,2.2479999999999998,2.9472857142857127,2.695142857142857,3.0860952380952376,3.1305588235294124,2.322105263157895,3.25,3.25,3.25,3.25,3.25,4.058666666666666,3.25,3.25,3.25,3.25,3.25
1.7005000000000001,2.26,1.3807272727272726,1.6693684210526316,1.8485555555555553,2.1206666666666663,1.603761904761905,1.7789285714285712,2.1165000000000003,2.766,3.07175,2.3064999999999998,1.7156666666666665,2.274022727272726,2.3312285714285714,1.8991923076923074,2.0744505494505487,2.4263125000000003,2.2479999999999998,2.9472857142857127,2.695142857142857,3.0860952380952376,3.1305588235294124,2.322105263157895,3.25,3.25,3.25,3.25,3.25,4.058666666666666,3.25,3.25,3.25,3.25,3.25
1.7005000000000001,2.26,1.3807272727272726,1.6693684210526316,1.8485555555555553,2.1206666666666663,1.603761904761905,1.7789285714285712,2.1165000000000003,2.766,3.07175,2.3064999999999998,1.7156666666666665,2.274022727272726,2.3312285714285714,1.8991923076923074,2.0744505494505487,2.4263125000000003,2.2479999999999998,2.9472857142857127,2.695142857142857,3.0860952380952376,3.1305588235294124,2.322105263157895,3.25,3.25,3.25,3.25,3.25,4.058666666666666,3.25,3.25,3.25,3.25,3.25
1.7005000000000001,2.26,1.3807272727272726,1.6693684210526316,1.8485555555555553,2.1206666666666663,1.603761904761905,1.7789285714285712,2.1165000000000003,2.766,3.07175,2.3064999999999998,1.7156666666666665,2.274022727272726,2.3312285714285714,1.8991923076923074,2.0744505494505487,2.4263125000000003,2.2479999999999998,2.9472857142857127,2.695142857142857,3.0860952380952376,3.1305588235294124,2.322105263157895,3.25,3.25,3.25,3.25,3.25,4.058666666666666,3.25,3.25,3.25,3.25,3.25
1.7005000000000001,2.26,1.3807272727272726,1.6693684210526316,1.8485555555555553,2.1206666666666663,1.603761904761905,1.7789285714285712,2.1165000000000003,2.766,3.07175,2.3064999999999998,1.7156666666666665,2.274022727272726,2.3312285714285714,1.8991923076923074,2.0744505494505487,2.4263125000000003,2.2479999999999998,2.9472857142857127,2.695142857142857,3.0860952380952376,3.1305588235294124,2.322105263157895,3.25,3.25,3.25,3.25,3.25,4.058666666666666,3.25,3.25,3.25,3.25,3.25
1.7005000000000001,2.26,1.3807272727272726,1.6693684210526316,1.8485555555555553,2.1206666666666663,1.603761904761905,1.7789285714285712,2.1165000000000003,2.766,3.07175,2.3064999999999998,1.7156666666666665,2.274022727272726,2.3312285714285714,1.8991923076923074,2.0744505494505487,2.4263125000000003,2.2479999999999998,2.9472857142857127,2.695142857142857,3.0860952380952376,3.1305588235294124,2.322105263157895,3.25,3.25,3.25,3.25,3.25,4.058666666666666,3.25,3.25,3.25,3.25,3.25
1.5718888888888887,2.2725,1.3556363636363635,1.6908125,1.7594444444444448,2.0699090909090914,1.5886341463414635,1.7987096774193552,2.036357142857143,2.859857142857143,2.5358,2.2735625000000006,1.6839375000000003,2.256190476190476,2.323073170731707,2.013,2.09998947368421,2.362846153846154,2.362277777777778,2.9441481481481473,2.6055789473684206,3.245461538461538,3.0839545454545454,2.2461470588235293,3.25,3.25,3.25,3.25,3.25,4.0905000000000005,3.25,3.25,3.25,3.25,3.25
1.5718888888888887,2.2725,1.3556363636363635,1.6908125,1.7594444444444448,2.0699090909090914,1.5886341463414635,1.7987096774193552,2.036357142857143,2.859857142857143,2.5358,2.2735625000000006,1.6839375000000003,2.256190476190476,2.323073170731707,2.013,2.09998947368421,2.362846153846154,2.362277777777778,2.9441481481481473,2.6055789473684206,3.245461538461538,3.0839545454545454,2.2461470588235293,3.25,3.25,3.25,3.25,3.25,4.0905000000000005,3.25,3.25,3.25,3.25,3.25
1.5718888888888887,2.2725,1.3556363636363635,1.6908125,1.7594444444444448,2.0699090909090914,1.5886341463414635,1.7987096774193552,2.036357142857143,2.859857142857143,2.5358,2.2735625000000006,1.6839375000000003,2.256190476190476,2.323073170731707,2.013,2.09998947368421,2.362846153846154,2.362277777777778,2.9441481481481473,2.6055789473684206,3.245461538461538,3.0839545454545454,2.2461470588235293,3.25,3.25,3.25,3.25,3.25,4.0905000000000005,3.25,3.25,3.25,3.25,3.25
1.5718888888888887,2.2725,1.3556363636363635,1.6908125,1.7594444444444448,2.0699090909090914,1.5886341463414635,1.7987096774193552,2.036357142857143,2.859857142857143,2.5358,2.2735625000000006,1.6839375000000003,2.256190476190476,2.323073170731707,2.013,2.09998947368421,2.362846153846154,2.362277777777778,2.9441481481481473,2.6055789473684206,3.245461538461538,3.0839545454545454,2.2461470588235293,3.25,3.25,3.25,3.25,3.25,4.0905000000000005,3.25,3.25,3.25,3.25,3.25
1.5718888888888887,2.2725,1.3556363636363635,1.6908125,1.7594444444444448,2.0699090909090914,1.5886341463414635,1.7987096774193552,2.036357142857143,2.859857142857143,2.5358,2.2735625000000006,1.6839375000000003,2.256190476190476,2.323073170731707,2.013,2.09998947368421,2.362846153846154,2.362277777777778,2.9441481481481473,2.6055789473684206,3.245461538461538,3.0839545454545454,2.2461470588235293,3.25,3.25,3.25,3.25,3.25,4.0905000000000005,3.25,3.25,3.25,3.25,3.25
1.5718888888888887,2.2725,1.3556363636363635,1.6908125,1.7594444444444448,2.0699090909090914,1.5886341463414635,1.7987096774193552,2.036357142857143,2.859857142857143,2.5358,2.2735625000000006,1.6839375000000003,2.256190476190476,2.323073170731707,2.013,2.09998947368421,2.362846153846154,2.362277777777778,2.9441481481481473,2.6055789473684206,3.245461538461538,3.0839545454545454,2.2461470588235293,3.25,3.25,3.25,3.25,3.25,4.0905000000000005,3.25,3.25,3.25,3.25,3.25
1.5718888888888887,2.2725,1.3556363636363635,1.6908125,1.7594444444444448,2.0699090909090914,1.5886341463414635,1.7987096774193552,2.036357142857143,2.859857142857143,2.5358,2.2735625000000006,1.6839375000000003,2.256190476190476,2.323073170731707,2.013,2.09998947368421,2.362846153846154,2.362277777777778,2.9441481481481473,2.6055789473684206,3.245461538461538,3.0839545454545454,2.2461470588235293,3.25,3.25,3.25,3.25,3.25,4.0905000000000005,3.25,3.25,3.25,3.25,3.25
1.5718888888888887,2.2725,1.3556363636363635,1.6908125,1.7594444444444448,2.0699090909090914,1.5886341463414635,1.7987096774193552,2.036357142857143,2.859857142857143,2.5358,2.2735625000000006,1.6839375000000003,2.256190476190476,2.323073170731707,2.013,2.09998947368421,2.362846153846154,2.362277777777778,2.9441481481481473,2.6055789473684206,3.245461538461538,3.0839545454545454,2.2461470588235293,3.25,3.25,3.25,3.25,3.25,4.0905000000000005,3.25,3.25,3.25,3.25,3.25
1.5718888888888887,2.2725,1.3556363636363635,1.6908125,1.7594444444444448,2.0699090909090914,1.5886341463414635,1.7987096774193552,2.036357142857143,2.859857142857143,2.5358,2.2735625000000006,1.6839375000000003,2.256190476190476,2.323073170731707,2.013,2.09998947368421,2.362846153846154,2.362277777777778,2.9441481481481473,2.6055789473684206,3.245461538461538,3.0839545454545454,2.2461470588235293,3.25,3.25,3.25,3.25,3.25,4.0905000000000005,3.25,3.25,3.25,3.25,3.25
1.5718888888888887,2.2725,1.3556363636363635,1.6908125,1.7594444444444448,2.0699090909090914,1.5886341463414635,1.7987096774193552,2.036357142857143,2.859857142857143,2.5358,2.2735625000000006,1.6839375000000003,2.256190476190476,2.323073170731707,2.013,2.09998947368421,2.362846153846154,2.362277777777778,2.9441481481481473,2.6055789473684206,3.245461538461538,3.0839545454545454,2.2461470588235293,3.25,3.25,3.25,3.25,3.25,4.0905000000000005,3.25,3.25,3.25,3.25,3.25
1.5718888888888887,2.2725,1.3556363636363635,1.6908125,1.7594444444444448,2.0699090909090914,1.5886341463414635,1.7987096774193552,2.036357142857143,2.859857142857143,2.5358,2.2735625000000006,1.6839375000000003,2.256190476190476,2.323073170731707,2.013,2.09998947368421,2.362846153846154,2.362277777777778,2.9441481481481473,2.6055789473684206,3.245461538461538,3.0839545454545454,2.2461470588235293,3.25,3.25,3.25,3.25,3.25,4.0905000000000005,3.25,3.25,3.25,3.25,3.25
1.5718888888888887,2.2725,1.3556363636363635,1.6908125,1.7594444444444448,2.0699090909090914,1.5886341463414635,1.7987096774193552,2.036357142857143,2.859857142857143,2.5358,2.2735625000000006,1.6839375000000003,2.256190476190476,2.323073170731707,2.013,2.09998947368421,2.362846153846154,2.362277777777778,2.9441481481481473,2.6055789473684206,3.245461538461538,3.0839545454545454,2.2461470588235293,3.25,3.25,3.25,3.25,3.25,4.0905000000000005,3.25,3.25,3.25,3.25,3.25
1.5718888888888887,2.2725,1.3556363636363635,1.6908125,1.7594444444444448,2.0699090909090914,1.5886341463414635,1.7987096774193552,2.036357142857143,2.859857142857143,2.5358,2.2735625000000006,1.6839375000000003,2.256190476190476,2.323073170731707,2.013,2.09998947368421,2.362846153846154,2.362277777777778,2.9441481481481473,2.6055789473684206,3.245461538461538,3.0839545454545454,2.2461470588235293,3.25,3.25,3.25,3.25,3.25,4.0905000000000005,3.25,3.25,3.25,3.25,3.25
1.5718888888888887,2.2725,1.3556363636363635,1.6908125,1.7594444444444448,2.0699090909090914,1.5886341463414635,1.7987096774193552,2.036357142857143,2.859857142857143,2.5358,2.2735625000000006,1.6839375000000003,2.256190476190476,2.323073170731707,2.013,2.09998947368421,2.362846153846154,2.362277777777778,2.9441481481481473,2.6055789473684206,3.245461538461538,3.0839545454545454,2.2461470588235293,3.25,3.25,3.25,3.25,3.25,4.0905000000000005,3.25,3.25,3.25,3.25,3.25
1.5718888888888887,2.2725,1.3556363636363635,1.6908125,1.7594444444444448,2.0699090909090914,1.5886341463414635,1.7987096774193552,2.036357142857143,2.859857142857143,2.5358,2.2735625000000006,1.6839375000000003,2.256190476190476,2.323073170731707,2.013,2.09998947368421,2.362846153846154,2.362277777777778,2.9441481481481473,2.6055789473684206,3.245461538461538,3.0839545454545454,2.2461470588235293,3.25,3.25,3.25,3.25,3.25,4.0905000000000005,3.25,3.25,3.25,3.25,3.25
1.5718888888888887,2.2725,1.3556363636363635,1.6908125,1.7594444444444448,2.0699090909090914,1.5886341463414635,1.7987096774193552,2.036357142857143,2.859857142857143,2.5358,2.2735625000000006,1.6839375000000003,2.256190476190476,2.323073170731707,2.013,2.09998947368421,2.362846153846154,2.362277777777778,2.9441481481481473,2.6055789473684206,3.245461538461538,3.0839545454545454,2.2461470588235293,3.25,3.25,3.25,3.25,3.25,4.0905000000000005,3.25,3.25,3.25,3.25,3.25
1.5718888888888887,2.2725,1.3556363636363635,1.6908125,1.7594444444444448,2.0699090909090914,1.5886341463414635,1.7987096774193552,2.036357142857143,2.859857142857143,2.5358,2.2735625000000006,1.6839375000000003,2.256190476190476,2.323073170731707,2.013,2.09998947368421,2.362846153846154,2.362277777777778,2.9441481481481473,2.6055789473684206,3.245461538461538,3.0839545454545454,2.2461470588235293,3.25,3.25,3.25,3.25,3.25,4.0905000000000005,3.25,3.25,3.25,3.25,3.25
1.5718888888888887,2.2725,1.3556363636363635,1.6908125,1.7594444444444448,2.0699090909090914,1.5886341463414635,1.7987096774193552,2.036357142857143,2.859857142857143,2.5358,2.2735625000000006,1.6839375000000003,2.256190476190476,2.323073170731707,2.013,2.09998947368421,2.362846153846154,2.362277777777778,2.9441481481481473,2.6055789473684206,3.245461538461538,3.0839545454545454,2.2461470588235293,3.25,3.25,3.25,3.25,3.25,4.0905000000000005,3.25,3.25,3.25,3.25,3.25
1.5718888888888887,2.2725,1.3556363636363635,1.6908125,1.7594444444444448,2.0699090909090914,1.5886341463414635,1.7987096774193552,2.036357142857143,2.859857142857143,2.5358,2.2735625000000006,1.6839375000000003,2.256190476190476,2.323073170731707,2.013,2.09998947368421,2.362846153846154,2.362277777777778,2.9441481481481473,2.6055789473684206,3.245461538461538,3.0839545454545454,2.2461470588235293,3.25,3.25,3.25,3.25,3.25,4.0905000000000005,3.25,3.25,3.25,3.25,3.25
1.5718888888888887,2.2725,1.3556363636363635,1.6908125,1.7594444444444448,2.0699090909090914,1.5886341463414635,1.7987096774193552,2.036357142857143,2.859857142857143,2.5358,2.2735625000000006,1.6839375000000003,2.256190476190476,2.323073170731707,2.013,2.09998947368421,2.362846153846154,2.362277777777778,2.9441481481481473,2.6055789473684206,3.245461538461538,3.0839545454545454,2.2461470588235293,3.25,3.25,3.25,3.25,3.25,4.0905000000000005,3.25,3.25,3.25,3.25,3.25
1.5718888888888887,2.2725,1.3556363636363635,1.6908125,1.7594444444444448,2.0699090909090914,1.5886341463414635,1.7987096774193552,2.036357142857143,2.859857142857143,2.5358,2.2735625000000006,1.6839375000000003,2.256190476190476,2.323073170731707,2.013,2.09998947368421,2.362846153846154,2.362277777777778,2.9441481481481473,2.6055789473684206,3.245461538461538,3.0839545454545454,2.2461470588235293,3.25,3.25,3.25,3.25,3.25,4.0905000000000005,3.25,3.25,3.25,3.25,3.25
1.5718888888888887,2.2725,1.3556363636363635,1.6908125,1.7594444444444448,2.0699090909090914,1.5886341463414635,1.7987096774193552,2.036357142857143,2.859857142857143,2.5358,2.2735625000000006,1.6839375000000003,2.256190476190476,2.323073170731707,2.013,2.09998947368421,2.362846153846154,2.362277777777778,2.9441481481481473,2.6055789473684206,3.245461538461538,3.0839545454545454,2.2461470588235293,3.25,3.25,3.25,3.25,3.25,4.0905000000000005,3.25,3.25,3.25,3.25,3.25
1.5718888888888887,2.2725,1.3556363636363635,1.6908125,1.7594444444444448,2.0699090909090914,1.5886341463414635,1.7987096774193552,2.036357142857143,2.859857142857143,2.5358,2.2735625000000006,1.6839375000000003,2.256190476190476,2.323073170731707,2.013,2.09998947368421,2.362846153846154,2.362277777777778,2.9441481481481473,2.6055789473684206,3.245461538461538,3.0839545454545454,2.2461470588235293,3.25,3.25,3.25,3.25,3.25,4.0905000000000005,3.25,3.25,3.25,3.25,3.25
1.5718888888888887,2.2725,1.3556363636363635,1.6908125,1.7594444444444448,2.0699090909090914,1.5886341463414635,1.7987096774193552,2.036357142857143,2.859857142857143,2.5358,2.2735625000000006,1.6839375000000003,2.256190476190476,2.323073170731707,2.013,2.09998947368421,2.362846153846154,2.362277777777778,2.9441481481481473,2.6055789473684206,3.245461538461538,3.0839545454545454,2.2461470588235293,3.25,3.25,3.25,3.25,3.25,4.0905000000000005,3.25,3.25,3.25,3.25,3.25
1.5718888888888887,2.2725,1.3556363636363635,1.6908125,1.7594444444444448,2.0699090909090914,1.5886341463414635,1.7987096774193552,2.036357142857143,2.859857142857143,2.5358,2.2735625000000006,1.6839375000000003,2.256190476190476,2.323073170731707,2.013,2.09998947368421,2.362846153846154,2.362277777777778,2.9441481481481473,2.6055789473684206,3.245461538461538,3.0839545454545454,2.2461470588235293,3.25,3.25,3.25,3.25,3.25,4.0905000000000005,3.25,3.25,3.25,3.25,3.25
1.5718888888888887,2.2725,1.3556363636363635,1.6908125,1.7594444444444448,2.0699090909090914,1.5886341463414635,1.7987096774193552,2.036357142857143,2.859857142857143,2.5358,2.2735625000000006,1.6839375000000003,2.256190476190476,2.323073170731707,2.013,2.09998947368421,2.362846153846154,2.362277777777778,2.9441481481481473,2.6055789473684206,3.245461538461538,3.0839545454545454,2.2461470588235293,3.25,3.25,3.25,3.25,3.25,4.0905000000000005,3.25,3.25,3.25,3.25,3.25
1.5718888888888887,2.2725,1.3556363636363635,1.6908125,1.7594444444444448,2.0699090909090914,1.5886341463414635,1.7987096774193552,2.036357142857143,2.859857142857143,2.5358,2.2735625000000006,1.6839375000000003,2.256190476190476,2.323073170731707,2.013,2.09998947368421,2.362846153846154,2.362277777777778,2.9441481481481473,2.6055789473684206,3.245461538461538,3.0839545454545454,2.2461470588235293,3.25,3.25,3.25,3.25,3.25,4.0905000000000005,3.25,3.25,3.25,3.25,3.25
1.5718888888888887,2.2725,1.3556363636363635,1.6908125,1.7594444444444448,2.0699090909090914,1.5886341463414635,1.7987096774193552,2.036357142857143,2.859857142857143,2.5358,2.2735625000000006,1.6839375000000003,2.256190476190476,2.323073170731707,2.013,2.09998947368421,2.362846153846154,2.362277777777778,2.9441481481481473,2.6055789473684206,3.245461538461538,3.0839545454545454,2.2461470588235293,3.25,3.25,3.25,3.25,3.25,4.0905000000000005,3.25,3.25,3.25,3.25,3.25
1.5718888888888887,2.2725,1.3556363636363635,1.6908125,1.7594444444444448,2.0699090909090914,1.5886341463414635,1.7987096774193552,2.036357142857143,2.859857142857143,2.5358,2.2735625000000006,1.6839375000000003,2.256190476190476,2.323073170731707,2.013,2.09998947368421,2.362846153846154,2.362277777777778,2.9441481481481473,2.6055789473684206,3.245461538461538,3.0839545454545454,2.2461470588235293,3.25,3.25,3.25,3.25,3.25,4.0905000000000005,3.25,3.25,3.25,3.25,3.25
1.5718888888888887,2.2725,1.3556363636363635,1.6908125,1.7594444444444448,2.0699090909090914,1.5886341463414635,1.7987096774193552,2.036357142857143,2.859857142857143,2.5358,2.2735625000000006,1.6839375000000003,2.256190476190476,2.323073170731707,2.013,2.09998947368421,2.362846153846154,2.362277777777778,2.9441481481481473,2.6055789473684206,3.245461538461538,3.0839545454545454,2.2461470588235293,3.25,3.25,3.25,3.25,3.25,4.0905000000000005,3.25,3.25,3.25,3.25,3.25
1.5718888888888887,2.2725,1.3556363636363635,1.6908125,1.7594444444444448,2.0699090909090914,1.5886341463414635,1.7987096774193552,2.036357142857143,2.859857142857143,2.5358,2.2735625000000006,1.6839375000000003,2.256190476190476,2.323073170731707,2.013,2.09998947368421,2.362846153846154,2.362277777777778,2.9441481481481473,2.6055789473684206,3.245461538461538,3.0839545454545454,2.2461470588235293,3.25,3.25,3.25,3.25,3.25,4.0905000000000005,3.25,3.25,3.25,3.25,3.25
1.6078000000000003,2.303,1.3530000000000002,1.6993076923076922,1.8644285714285715,2.035846153846154,1.5884848484848484,1.7279444444444443,2.0784615384615384,2.7462999999999997,2.58575,2.2848000000000006,1.6944285714285712,2.2554523809523808,2.2614666666666667,1.9254705882352945,2.0686736842105273,2.4566666666666666,2.4884,2.941583333333333,2.6645882352941173,3.094454545454545,3.1194761904761905,2.291868421052631,3.25,3.25,3.25,3.25,3.25,3.25,3.25,3.25,3.25,3.25,3.25
1.6078000000000003,2.303,1.3530000000000002,1.6993076923076922,1.8644285714285715,2.035846153846154,1.5884848484848484,1.7279444444444443,2.0784615384615384,2.7462999999999997,2.58575,2.2848000000000006,1.6944285714285712,2.2554523809523808,2.2614666666666667,1.9254705882352945,2.0686736842105273,2.4566666666666666,2.4884,2.941583333333333,2.6645882352941173,3.094454545454545,3.1194761904761905,2.291868421052631,3.25,3.25,3.25,3.25,3.25,3.25,3.25,3.25,3.25,3.25,3.25
1.6078000000000003,2.303,1.3530000000000002,1.6993076923076922,1.8644285714285715,2.035846153846154,1.5884848484848484,1.7279444444444443,2.0784615384615384,2.7462999999999997,2.58575,2.2848000000000006,1.6944285714285712,2.2554523809523808,2.2614666666666667,1.9254705882352945,2.0686736842105273,2.4566666666666666,2.4884,2.941583333333333,2.6645882352941173,3.094454545454545,3.1194761904761905,2.291868421052631,3.25,3.25,3.25,3.25,3.25,3.25,3.25,3.25,3.25,3.25,3.25
1.6078000000000003,2.303,1.3530000000000002,1.6993076923076922,1.8644285714285715,2.035846153846154,1.5884848484848484,1.7279444444444443,2.0784615384615384,2.7462999999999997,2.58575,2.2848000000000006,1.6944285714285712,2.2554523809523808,2.2614666666666667,1.9254705882352945,2.0686736842105273,2.4566666666666666,2.4884,2.941583333333333,2.6645882352941173,3.094454545454545,3.1194761904761905,2.291868421052631,3.25,3.25,3.25,3.25,3.25,3.25,3.25,3.25,3.25,3.25,3.25
1.6078000000000003,2.303,1.3530000000000002,1.6993076923076922,1.8644285714285715,2.035846153846154,1.5884848484848484,1.7279444444444443,2.0784615384615384,2.7462999999999997,2.58575,2.2848000000000006,1.6944285714285712,2.2554523809523808,2.2614666666666667,1.9254705882352945,2.0686736842105273,2.4566666666666666,2.4884,2.941583333333333,2.6645882352941173,3.094454545454545,3.1194761904761905,2.291868421052631,3.25,3.25,3.25,3.25,3.25,3.25,3.25,3.25,3.25,3.25,3.25
1.6078000000000003,2.303,1.3530000000000002,1.6993076923076922,1.8644285714285715,2.035846153846154,1.5884848484848484,1.7279444444444443,2.0784615384615384,2.7462999999999997,2.58575,2.2848000000000006,1.6944285714285712,2.2554523809523808,2.2614666666666667,1.9254705882352945,2.0686736842105273,2.4566666666666666,2.4884,2.941583333333333,2.6645882352941173,3.094454545454545,3.1194761904761905,2.291868421052631,3.25,3.25,3.25,3.25,3.25,3.25,3.25,3.25,3.25,3.25,3.25
1.6078000000000003,2.303,1.3530000000000002,1.6993076923076922,1.8644285714285715,2.035846153846154,1.5884848484848484,1.7279444444444443,2.0784615384615384,2.7462999999999997,2.58575,2.2848000000000006,1.6944285714285712,2.2554523809523808,2.2614666666666667,1.9254705882352945,2.0686736842105273,2.4566666666666666,2.4884,2.941583333333333,2.6645882352941173,3.094454545454545,3.1194761904761905,2.291868421052631,3.25,3.25,3.25,3.25,3.25,3.25,3.25,3.25,3.25,3.25,3.25
1.6078000000000003,2.303,1.3530000000000002,1.6993076923076922,1.8644285714285715,2.035846153846154,1.5884848484848484,1.7279444444444443,2.0784615384615384,2.7462999999999997,2.58575,2.2848000000000006,1.6944285714285712,2.2554523809523808,2.2614666666666667,1.9254705882352945,2.0686736842105273,2.4566666666666666,2.4884,2.941583333333333,2.6645882352941173,3.094454545454545,3.1194761904761905,2.291868421052631,3.25,3.25,3.25,3.25,3.25,3.25,3.25,3.25,3.25,3.25,3.25
1.6078000000000003,2.303,1.3530000000000002,1.6993076923076922,1.8644285714285715,2.035846153846154,1.5884848484848484,1.7279444444444443,2.0784615384615384,2.7462999999999997,2.58575,2.2848000000000006,1.6944285714285712,2.2554523809523808,2.2614666666666667,1.9254705882352945,2.0686736842105273,2.4566666666666666,2.4884,2.941583333333333,2.6645882352941173,3.094454545454545,3.1194761904761905,2.291868421052631,3.25,3.25,3.25,3.25,3.25,3.25,3.25,3.25,3.25,3.25,3.25
1.6078000000000003,2.303,1.3530000000000002,1.6993076923076922,1.8644285714285715,2.035846153846154,1.5884848484848484,1.7279444444444443,2.0784615384615384,2.7462999999999997,2.58575,2.2848000000000006,1.6944285714285712,2.2554523809523808,2.2614666666666667,1.9254705882352945,2.0686736842105273,2.4566666666666666,2.4884,2.941583333333333,2.6645882352941173,3.094454545454545,3.1194761904761905,2.291868421052631,3.25,3.25,3.25,3.25,3.25,3.25,3.25,3.25,3.25,3.25,3.25
1.6078000000000003,2.303,1.3530000000000002,1.6993076923076922,1.8644285714285715,2.035846153846154,1.5884848484848484,1.7279444444444443,2.0784615384615384,2.7462999999999997,2.58575,2.2848000000000006,1.6944285714285712,2.2554523809523808,2.2614666666666667,1.9254705882352945,2.0686736842105273,2.4566666666666666,2.4884,2.941583333333333,2.6645882352941173,3.094454545454545,3.1194761904761905,2.291868421052631,3.25,3.25,3.25,3.25,3.25,3.25,3.25,3.25,3.25,3.25,3.25
1.6078000000000003,2.303,1.3530000000000002,1.6993076923076922,1.8644285714285715,2.035846153846154,1.5884848484848484,1.7279444444444443,2.0784615384615384,2.7462999999999997,2.58575,2.2848000000000006,1.6944285714285712,2.2554523809523808,2.2614666666666667,1.9254705882352945,2.0686736842105273,2.4566666666666666,2.4884,2.941583333333333,2.6645882352941173,3.094454545454545,3.1194761904761905,2.291868421052631,3.25,3.25,3.25,3.25,3.25,3.25,3.25,3.25,3.25,3.25,3.25
1.6078000000000003,2.303,1.3530000000000002,1.6993076923076922,1.8644285714285715,2.035846153846154,1.5884848484848484,1.7279444444444443,2.0784615384615384,2.7462999999999997,2.58575,2.2848000000000006,1.6944285714285712,2.2554523809523808,2.2614666666666667,1.9254705882352945,2.0686736842105273,2.4566666666666666,2.4884,2.941583333333333,2.6645882352941173,3.094454545454545,3.1194761904761905,2.291868421052631,3.25,3.25,3.25,3.25,3.25,3.25,3.25,3.25,3.25,3.25,3.25
1.6078000000000003,2.303,1.3530000000000002,1.6993076923076922,1.8644285714285715,2.035846153846154,1.5884848484848484,1.7279444444444443,2.0784615384615384,2.7462999999999997,2.58575,2.2848000000000006,1.6944285714285712,2.2554523809523808,2.2614666666666667,1.9254705882352945,2.0686736842105273,2.4566666666666666,2.4884,2.941583333333333,2.6645882352941173,3.094454545454545,3.1194761904761905,2.291868421052631,3.25,3.25,3.25,3.25,3.25,3.25,3.25,3.25,3.25,3.25,3.25
1.6078000000000003,2.303,1.3530000000000002,1.6993076923076922,1.8644285714285715,2.035846153846154,1.5884848484848484,1.7279444444444443,2.0784615384615384,2.7462999999999997,2.58575,2.2848000000000006,1.6944285714285712,2.2554523809523808,2.2614666666666667,1.9254705882352945,2.0686736842105273,2.4566666666666666,2.4884,2.941583333333333,2.6645882352941173,3.094454545454545,3.1194761904761905,2.291868421052631,3.25,3.25,3.25,3.25,3.25,3.25,3.25,3.25,3.25,3.25,3.25
1.6078000000000003,2.303,1.3530000000000002,1.6993076923076922,1.8644285714285715,2.035846153846154,1.5884848484848484,1.7279444444444443,2.0784615384615384,2.7462999999999997,2.58575,2.2848000000000006,1.6944285714285712,2.2554523809523808,2.2614666666666667,1.9254705882352945,2.0686736842105273,2.4566666666666666,2.4884,2.941583333333333,2.6645882352941173,3.094454545454545,3.1194761904761905,2.291868421052631,3.25,3.25,3.25,3.25,3.25,3.25,3.25,3.25,3.25,3.25,3.25
1.6078000000000003,2.303,1.3530000000000002,1.6993076923076922,1.8644285714285715,2.035846153846154,1.5884848484848484,1.7279444444444443,2.0784615384615384,2.7462999999999997,2.58575,2.2848000000000006,1.6944285714285712,2.2554523809523808,2.2614666666666667,1.9254705882352945,2.0686736842105273,2.4566666666666666,2.4884,2.941583333333333,2.6645882352941173,3.094454545454545,3.1194761904761905,2.291868421052631,3.25,3.25,3.25,3.25,3.25,3.25,3.25,3.25,3.25,3.25,3.25
1.6078000000000003,2.303,1.3530000000000002,1.6993076923076922,1.8644285714285715,2.035846153846154,1.5884848484848484,1.7279444444444443,2.0784615384615384,2.7462999999999997,2.58575,2.2848000000000006,1.6944285714285712,2.2554523809523808,2.2614666666666667,1.9254705882352945,2.0686736842105273,2.4566666666666666,2.4884,2.941583333333333,2.6645882352941173,3.094454545454545,3.1194761904761905,2.291868421052631,3.25,3.25,3.25,3.25,3.25,3.25,3.25,3.25,3.25,3.25,3.25
1.6078000000000003,2.303,1.3530000000000002,1.6993076923076922,1.8644285714285715,2.035846153846154,1.5884848484848484,1.7279444444444443,2.0784615384615384,2.7462999999999997,2.58575,2.2848000000000006,1.6944285714285712,2.2554523809523808,2.2614666666666667,1.9254705882352945,2.0686736842105273,2.4566666666666666,2.4884,2.941583333333333,2.6645882352941173,3.094454545454545,3.1194761904761905,2.291868421052631,3.25,3.25,3.25,3.25,3.25,3.25,3.25,3.25,3.25,3.25,3.25
1.6078000000000003,2.303,1.3530000000000002,1.6993076923076922,1.8644285714285715,2.035846153846154,1.5884848484848484,1.7279444444444443,2.0784615384615384,2.7462999999999997,2.58575,2.2848000000000006,1.6944285714285712,2.2554523809523808,2.2614666666666667,1.9254705882352945,2.0686736842105273,2.4566666666666666,2.4884,2.941583333333333,2.6645882352941173,3.094454545454545,3.1194761904761905,2.291868421052631,3.25,3.25,3.25,3.25,3.25,3.25,3.25,3.25,3.25,3.25,3.25
1.6078000000000003,2.303,1.3530000000000002,1.6993076923076922,1.8644285714285715,2.035846153846154,1.5884848484848484,1.7279444444444443,2.0784615384615384,2.7462999999999997,2.58575,2.2848000000000006,1.6944285714285712,2.2554523809523808,2.2614666666666667,1.9254705882352945,2.0686736842105273,2.4566666666666666,2.4884,2.941583333333333,2.6645882352941173,3.094454545454545,3.1194761904761905,2.291868421052631,3.25,3.25,3.25,3.25,3.25,3.25,3.25,3.25,3.25,3.25,3.25
1.6078000000000003,2.303,1.3530000000000002,1.6993076923076922,1.8644285714285715,2.035846153846154,1.5884848484848484,1.7279444444444443,2.0784615384615384,2.7462999999999997,2.58575,2.2848000000000006,1.6944285714285712,2.2554523809523808,2.2614666666666667,1.9254705882352945,2.0686736842105273,2.4566666666666666,2.4884,2.941583333333333,2.6645882352941173,3.094454545454545,3.1194761904761905,2.291868421052631,3.25,3.25,3.25,3.25,3.25,3.25,3.25,3.25,3.25,3.25,3.25
1.6078000000000003,2.303,1.3530000000000002,1.6993076923076922,1.8644285714285715,2.035846153846154,1.5884848484848484,1.7279444444444443,2.0784615384615384,2.7462999999999997,2.58575,2.2848000000000006,1.6944285714285712,2.2554523809523808,2.2614666666666667,1.9254705882352945,2.0686736842105273,2.4566666666666666,2.4884,2.941583333333333,2.6645882352941173,3.094454545454545,3.1194761904761905,2.291868421052631,3.25,3.25,3.25,3.25,3.25,3.25,3.25,3.25,3.25,3.25,3.25
1.6078000000000003,2.303,1.3530000000000002,1.6993076923076922,1.8644285714285715,2.035846153846154,1.5884848484848484,1.7279444444444443,2.0784615384615384,2.7462999999999997,2.58575,2.2848000000000006,1.6944285714285712,2.2554523809523808,2.2614666666666667,1.9254705882352945,2.0686736842105273,2.4566666666666666,2.4884,2.941583333333333,2.6645882352941173,3.094454545454545,3.1194761904761905,2.291868421052631,3.25,3.25,3.25,3.25,3.25,3.25,3.25,3.25,3.25,3.25,3.25
1.6078000000000003,2.303,1.3530000000000002,1.6993076923076922,1.8644285714285715,2.035846153846154,1.5884848484848484,1.7279444444444443,2.0784615384615384,2.7462999999999997,2.58575,2.2848000000000006,1.6944285714285712,2.2554523809523808,2.2614666666666667,1.9254705882352945,2.0686736842105273,2.4566666666666666,2.4884,2.941583333333333,2.6645882352941173,3.094454545454545,3.1194761904761905,2.291868421052631,3.25,3.25,3.25,3.25,3.25,3.25,3.25,3.25,3.25,3.25,3.25
1.6078000000000003,2.303,1.3530000000000002,1.6993076923076922,1.8644285714285715,2.035846153846154,1.5884848484848484,1.7279444444444443,2.0784615384615384,2.7462999999999997,2.58575,2.2848000000000006,1.6944285714285712,2.2554523809523808,2.2614666666666667,1.9254705882352945,2.0686736842105273,2.4566666666666666,2.4884,2.941583333333333,2.6645882352941173,3.094454545454545,3.1194761904761905,2.291868421052631,3.25,3.25,3.25,3.25,3.25,3.25,3.25,3.25,3.25,3.25,3.25
1.6078000000000003,2.303,1.3530000000000002,1.6993076923076922,1.8644285714285715,2.035846153846154,1.5884848484848484,1.7279444444444443,2.0784615384615384,2.7462999999999997,2.58575,2.2848000000000006,1.6944285714285712,2.2554523809523808,2.2614666666666667,1.9254705882352945,2.0686736842105273,2.4566666666666666,2.4884,2.941583333333333,2.6645882352941173,3.094454545454545,3.1194761904761905,2.291868421052631,3.25,3.25,3.25,3.25,3.25,3.25,3.25,3.25,3.25,3.25,3.25
1.6078000000000003,2.303,1.3530000000000002,1.6993076923076922,1.8644285714285715,2.035846153846154,1.5884848484848484,1.7279444444444443,2.0784615384615384,2.7462999999999997,2.58575,2.2848000000000006,1.6944285714285712,2.2554523809523808,2.2614666666666667,1.9254705882352945,2.0686736842105273,2.4566666666666666,2.4884,2.941583333333333,2.6645882352941173,3.094454545454545,3.1194761904761905,2.291868421052631,3.25,3.25,3.25,3.25,3.25,3.25,3.25,3.25,3.25,3.25,3.25
1.6078000000000003,2.303,1.3530000000000002,1.6993076923076922,1.8644285714285715,2.035846153846154,1.5884848484848484,1.7279444444444443,2.0784615384615384,2.7462999999999997,2.58575,2.2848000000000006,1.6944285714285712,2.2554523809523808,2.2614666666666667,1.9254705882352945,2.0686736842105273,2.4566666666666666,2.4884,2.941583333333333,2.6645882352941173,3.094454545454545,3.1194761904761905,2.291868421052631,3.25,3.25,3.25,3.25,3.25,3.25,3.25,3.25,3.25,3.25,3.25
1.6078000000000003,2.303,1.3530000000000002,1.6993076923076922,1.8644285714285715,2.035846153846154,1.5884848484848484,1.7279444444444443,2.0784615384615384,2.7462999999999997,2.58575,2.2848000000000006,1.6944285714285712,2.2554523809523808,2.2614666666666667,1.9254705882352945,2.0686736842105273,2.4566666666666666,2.4884,2.941583333333333,2.6645882352941173,3.094454545454545,3.1194761904761905,2.291868421052631,3.25,3.25,3.25,3.25,3.25,3.25,3.25,3.25,3.25,3.25,3.25
2.2108,2.318,1.3578000000000001,1.705875,1.8487500000000003,2.055666666666667,1.5818620689655172,1.7487428571428574,2.0997222222222223,3.2105,2.7145000000000006,2.2768181818181823,1.7601,2.303227272727273,2.2413181818181815,1.8692,2.0483956043956044,2.499642857142857,2.163375,2.8620476190476194,2.6702941176470585,3.24775,2.991296296296296,2.3144285714285715,3.25,3.25,3.25,3.25,3.25,3.25,3.25,3.25,3.25,3.25,3.25
2.2108,2.318,1.3578000000000001,1.705875,1.8487500000000003,2.055666666666667,1.5818620689655172,1.7487428571428574,2.0997222222222223,3.2105,2.7145000000000006,2.2768181818181823,1.7601,2.303227272727273,2.2413181818181815,1.8692,2.0483956043956044,2.499642857142857,2.163375,2.8620476190476194,2.6702941176470585,3.24775,2.991296296296296,2.3144285714285715,3.25,3.25,3.25,3.25,3.25,3.25,3.25,3.25,3.25,3.25,3.25
2.2108,2.318,1.3578000000000001,1.705875,1.8487500000000003,2.055666666666667,1.5818620689655172,1.7487428571428574,2.0997222222222223,3.2105,2.7145000000000006,2.2768181818181823,1.7601,2.303227272727273,2.2413181818181815,1.8692,2.0483956043956044,2.499642857142857,2.163375,2.8620476190476194,2.6702941176470585,3.24775,2.991296296296296,2.3144285714285715,3.25,3.25,3.25,3.25,3.25,3.25,3.25,3.25,3.25,3.25,3.25
2.2108,2.318,1.3578000000000001,1.705875,1.8487500000000003,2.055666666666667,1.5818620689655172,1.7487428571428574,2.0997222222222223,3.2105,2.7145000000000006,2.2768181818181823,1.7601,2.303227272727273,2.2413181818181815,1.8692,2.0483956043956044,2.499642857142857,2.163375,2.8620476190476194,2.6702941176470585,3.24775,2.991296296296296,2.3144285714285715,3.25,3.25,3.25,3.25,3.25,3.25,3.25,3.25,3.25,3.25,3.25
2.2108,2.318,1.3578000000000001,1.705875,1.8487500000000003,2.055666666666667,1.5818620689655172,1.7487428571428574,2.0997222222222223,3.2105,2.7145000000000006,2.2768181818181823,1.7601,2.303227272727273,2.2413181818181815,1.8692,2.0483956043956044,2.499642857142857,2.163375,2.8620476190476194,2.6702941176470585,3.24775,2.991296296296296,2.3144285714285715,3.25,3.25,3.25,3.25,3.25,3.25,3.25,3.25,3.25,3.25,3.25
2.2108,2.318,1.3578000000000001,1.705875,1.8487500000000003,2.055666666666667,1.5818620689655172,1.7487428571428574,2.0997222222222223,3.2105,2.7145000000000006,2.2768181818181823,1.7601,2.303227272727273,2.2413181818181815,1.8692,2.0483956043956044,2.499642857142857,2.163375,2.8620476190476194,2.6702941176470585,3.24775,2.991296296296296,2.3144285714285715,3.25,3.25,3.25,3.25,3.25,3.25,3.25,3.25,3.25,3.25,3.25
2.2108,2.318,1.3578000000000001,1.705875,1.8487500000000003,2.055666666666667,1.5818620689655172,1.7487428571428574,2.0997222222222223,3.2105,2.7145000000000006,2.2768181818181823,1.7601,2.303227272727273,2.2413181818181815,1.8692,2.0483956043956044,2.499642857142857,2.163375,2.8620476190476194,2.6702941176470585,3.24775,2.991296296296296,2.3144285714285715,3.25,3.25,3.25,3.25,3.25,3.25,3.25,3.25,3.25,3.25,3.25
2.2108,2.318,1.3578000000000001,1.705875,1.8487500000000003,2.055666666666667,1.5818620689655172,1.7487428571428574,2.0997222222222223,3.2105,2.7145000000000006,2.2768181818181823,1.7601,2.303227272727273,2.2413181818181815,1.8692,2.0483956043956044,2.499642857142857,2.163375,2.8620476190476194,2.6702941176470585,3.24775,2.991296296296296,2.3144285714285715,3.25,3.25,3.25,3.25,3.25,3.25,3.25,3.25,3.25,3.25,3.25
2.2108,2.318,1.3578000000000001,1.705875,1.8487500000000003,2.055666666666667,1.5818620689655172,1.7487428571428574,2.0997222222222223,3.2105,2.7145000000000006,2.2768181818181823,1.7601,2.303227272727273,2.2413181818181815,1.8692,2.0483956043956044,2.499642857142857,2.163375,2.8620476190476194,2.6702941176470585,3.24775,2.991296296296296,2.3144285714285715,3.25,3.25,3.25,3.25,3.25,3.25,3.25,3.25,3.25,3.25,3.25
2.2108,2.318,1.3578000000000001,1.705875,1.8487500000000003,2.055666666666667,1.5818620689655172,1.7487428571428574,2.0997222222222223,3.2105,2.7145000000000006,2.2768181818181823,1.7601,2.303227272727273,2.2413181818181815,1.8692,2.0483956043956044,2.499642857142857,2.163375,2.8620476190476194,2.6702941176470585,3.24775,2.991296296296296,2.3144285714285715,3.25,3.25,3.25,3.25,3.25,3.25,3.25,3.25,3.25,3.25,3.25
2.2108,2.318,1.3578000000000001,1.705875,1.8487500000000003,2.055666666666667,1.5818620689655172,1.7487428571428574,2.0997222222222223,3.2105,2.7145000000000006,2.2768181818181823,1.7601,2.303227272727273,2.2413181818181815,1.8692,2.0483956043956044,2.499642857142857,2.163375,2.8620476190476194,2.6702941176470585,3.24775,2.991296296296296,2.3144285714285715,3.25,3.25,3.25,3.25,3.25,3.25,3.25,3.25,3.25,3.25,3.25
2.2108,2.318,1.3578000000000001,1.705875,1.8487500000000003,2.055666666666667,1.5818620689655172,1.7487428571428574,2.0997222222222223,3.2105,2.7145000000000006,2.2768181818181823,1.7601,2.303227272727273,2.2413181818181815,1.8692,2.0483956043956044,2.499642857142857,2.163375,2.8620476190476194,2.6702941176470585,3.24775,2.991296296296296,2.3144285714285715,3.25,3.25,3.25,3.25,3.25,3.25,3.25,3.25,3.25,3.25,3.25
2.2108,2.318,1.3578000000000001,1.705875,1.8487500000000003,2.055666666666667,1.5818620689655172,1.7487428571428574,2.0997222222222223,3.2105,2.7145000000000006,2.2768181818181823,1.7601,2.303227272727273,2.2413181818181815,1.8692,2.0483956043956044,2.499642857142857,2.163375,2.8620476190476194,2.6702941176470585,3.24775,2.991296296296296,2.3144285714285715,3.25,3.25,3.25,3.25,3.25,3.25,3.25,3.25,3.25,3.25,3.25
2.2108,2.318,1.3578000000000001,1.705875,1.8487500000000003,2.055666666666667,1.5818620689655172,1.7487428571428574,2.0997222222222223,3.2105,2.7145000000000006,2.2768181818181823,1.7601,2.303227272727273,2.2413181818181815,1.8692,2.0483956043956044,2.499642857142857,2.163375,2.8620476190476194,2.6702941176470585,3.24775,2.991296296296296,2.3144285714285715,3.25,3.25,3.25,3.25,3.25,3.25,3.25,3.25,3.25,3.25,3.25
2.2108,2.318,1.3578000000000001,1.705875,1.8487500000000003,2.055666666666667,1.5818620689655172,1.7487428571428574,2.0997222222222223,3.2105,2.7145000000000006,2.2768181818181823,1.7601,2.303227272727273,2.2413181818181815,1.8692,2.0483956043956044,2.499642857142857,2.163375,2.8620476190476194,2.6702941176470585,3.24775,2.991296296296296,2.3144285714285715,3.25,3.25,3.25,3.25,3.25,3.25,3.25,3.25,3.25,3.25,3.25
2.2108,2.318,1.3578000000000001,1.705875,1.8487500000000003,2.055666666666667,1.5818620689655172,1.7487428571428574,2.0997222222222223,3.2105,2.7145000000000006,2.2768181818181823,1.7601,2.303227272727273,2.2413181818181815,1.8692,2.0483956043956044,2.499642857142857,2.163375,2.8620476190476194,2.6702941176470585,3.24775,2.991296296296296,2.3144285714285715,3.25,3.25,3.25,3.25,3.25,3.25,3.25,3.25,3.25,3.25,3.25
2.2108,2.318,1.3578000000000001,1.705875,1.8487500000000003,2.055666666666667,1.5818620689655172,1.7487428571428574,2.0997222222222223,3.2105,2.7145000000000006,2.2768181818181823,1.7601,2.303227272727273,2.2413181818181815,1.8692,2.0483956043956044,2.499642857142857,2.163375,2.8620476190476194,2.6702941176470585,3.24775,2.991296296296296,2.3144285714285715,3.25,3.25,3.25,3.25,3.25,3.25,3.25,3.25,3.25,3.25,3.25
2.2108,2.318,1.3578000000000001,1.705875,1.8487500000000003,2.055666666666667,1.5818620689655172,1.7487428571428574,2.0997222222222223,3.2105,2.7145000000000006,2.2768181818181823,1.7601,2.303227272727273,2.2413181818181815,1.8692,2.0483956043956044,2.499642857142857,2.163375,2.8620476190476194,2.6702941176470585,3.24775,2.991296296296296,2.3144285714285715,3.25,3.25,3.25,3.25,3.25,3.25,3.25,3.25,3.25,3.25,3.25
2.2108,2.318,1.3578000000000001,1.705875,1.8487500000000003,2.055666666666667,1.5818620689655172,1.7487428571428574,2.0997222222222223,3.2105,2.7145000000000006,2.2768181818181823,1.7601,2.303227272727273,2.2413181818181815,1.8692,2.0483956043956044,2.499642857142857,2.163375,2.8620476190476194,2.6702941176470585,3.24775,2.991296296296296,2.3144285714285715,3.25,3.25,3.25,3.25,3.25,3.25,3.25,3.25,3.25,3.25,3.25
2.2108,2.318,1.3578000000000001,1.705875,1.8487500000000003,2.055666666666667,1.5818620689655172,1.7487428571428574,2.0997222222222223,3.2105,2.7145000000000006,2.2768181818181823,1.7601,2.303227272727273,2.2413181818181815,1.8692,2.0483956043956044,2.499642857142857,2.163375,2.8620476190476194,2.6702941176470585,3.24775,2.991296296296296,2.3144285714285715,3.25,3.25,3.25,3.25,3.25,3.25,3.25,3.25,3.25,3.25,3.25
2.2108,2.318,1.3578000000000001,1.705875,1.8487500000000003,2.055666666666667,1.5818620689655172,1.7487428571428574,2.0997222222222223,3.2105,2.7145000000000006,2.2768181818181823,1.7601,2.303227272727273,2.2413181818181815,1.8692,2.0483956043956044,2.499642857142857,2.163375,2.8620476190476194,2.6702941176470585,3.24775,2.991296296296296,2.3144285714285715,3.25,3.25,3.25,3.25,3.25,3.25,3.25,3.25,3.25,3.25,3.25
2.2108,2.318,1.3578000000000001,1.705875,1.8487500000000003,2.055666666666667,1.5818620689655172,1.7487428571428574,2.0997222222222223,3.2105,2.7145000000000006,2.2768181818181823,1.7601,2.303227272727273,2.2413181818181815,1.8692,2.0483956043956044,2.499642857142857,2.163375,2.8620476190476194,2.6702941176470585,3.24775,2.991296296296296,2.3144285714285715,3.25,3.25,3.25,3.25,3.25,3.25,3.25,3.25,3.25,3.25,3.25
2.2108,2.318,1.3578000000000001,1.705875,1.8487500000000003,2.055666666666667,1.5818620689655172,1.7487428571428574,2.0997222222222223,3.2105,2.7145000000000006,2.2768181818181823,1.7601,2.303227272727273,2.2413181818181815,1.8692,2.0483956043956044,2.499642857142857,2.163375,2.8620476190476194,2.6702941176470585,3.24775,2.991296296296296,2.3144285714285715,3.25,3.25,3.25,3.25,3.25,3.25,3.25,3.25,3.25,3.25,3.25
2.2108,2.318,1.3578000000000001,1.705875,1.8487500000000003,2.055666666666667,1.5818620689655172,1.7487428571428574,2.0997222222222223,3.2105,2.7145000000000006,2.2768181818181823,1.7601,2.303227272727273,2.2413181818181815,1.8692,2.0483956043956044,2.499642857142857,2.163375,2.8620476190476194,2.6702941176470585,3.24775,2.991296296296296,2.3144285714285715,3.25,3.25,3.25,3.25,3.25,3.25,3.25,3.25,3.25,3.25,3.25
2.2108,2.318,1.3578000000000001,1.705875,1.8487500000000003,2.055666666666667,1.5818620689655172,1.7487428571428574,2.0997222222222223,3.2105,2.7145000000000006,2.2768181818181823,1.7601,2.303227272727273,2.2413181818181815,1.8692,2.0483956043956044,2.499642857142857,2.163375,2.8620476190476194,2.6702941176470585,3.24775,2.991296296296296,2.3144285714285715,3.25,3.25,3.25,3.25,3.25,3.25,3.25,3.25,3.25,3.25,3.25
2.2108,2.318,1.3578000000000001,1.705875,1.8487500000000003,2.055666666666667,1.5818620689655172,1.7487428571428574,2.0997222222222223,3.2105,2.7145000000000006,2.2768181818181823,1.7601,2.303227272727273,2.2413181818181815,1.8692,2.0483956043956044,2.499642857142857,2.163375,2.8620476190476194,2.6702941176470585,3.24775,2.991296296296296,2.3144285714285715,3.25,3.25,3.25,3.25,3.25,3.25,3.25,3.25,3.25,3.25,3.25
2.2108,2.318,1.3578000000000001,1.705875,1.8487500000000003,2.055666666666667,1.5818620689655172,1.7487428571428574,2.0997222222222223,3.2105,2.7145000000000006,2.2768181818181823,1.7601,2.303227272727273,2.2413181818181815,1.8692,2.0483956043956044,2.499642857142857,2.163375,2.8620476190476194,2.6702941176470585,3.24775,2.991296296296296,2.3144285714285715,3.25,3.25,3.25,3.25,3.25,3.25,3.25,3.25,3.25,3.25,3.25
2.2108,2.318,1.3578000000000001,1.705875,1.8487500000000003,2.055666666666667,1.5818620689655172,1.7487428571428574,2.0997222222222223,3.2105,2.7145000000000006,2.2768181818181823,1.7601,2.303227272727273,2.2413181818181815,1.8692,2.0483956043956044,2.499642857142857,2.163375,2.8620476190476194,2.6702941176470585,3.24775,2.991296296296296,2.3144285714285715,3.25,3.25,3.25,3.25,3.25,3.25,3.25,3.25,3.25,3.25,3.25
2.2108,2.318,1.3578000000000001,1.705875,1.8487500000000003,2.055666666666667,1.5818620689655172,1.7487428571428574,2.0997222222222223,3.2105,2.7145000000000006,2.2768181818181823,1.7601,2.303227272727273,2.2413181818181815,1.8692,2.0483956043956044,2.499642857142857,2.163375,2.8620476190476194,2.6702941176470585,3.24775,2.991296296296296,2.3144285714285715,3.25,3.25,3.25,3.25,3.25,3.25,3.25,3.25,3.25,3.25,3.25
2.2108,2.318,1.3578000000000001,1.705875,1.8487500000000003,2.055666666666667,1.5818620689655172,1.7487428571428574,2.0997222222222223,3.2105,2.7145000000000006,2.2768181818181823,1.7601,2.303227272727273,2.2413181818181815,1.8692,2.0483956043956044,2.499642857142857,2.163375,2.8620476190476194,2.6702941176470585,3.24775,2.991296296296296,2.3144285714285715,3.25,3.25,3.25,3.25,3.25,3.25,3.25,3.25,3.25,3.25,3.25
2.2108,2.318,1.3578000000000001,1.705875,1.8487500000000003,2.055666666666667,1.5818620689655172,1.7487428571428574,2.0997222222222223,3.2105,2.7145000000000006,2.2768181818181823,1.7601,2.303227272727273,2.2413181818181815,1.8692,2.0483956043956044,2.499642857142857,2.163375,2.8620476190476194,2.6702941176470585,3.24775,2.991296296296296,2.3144285714285715,3.25,3.25,3.25,3.25,3.25,3.25,3.25,3.25,3.25,3.25,3.25
