,"Southern Company Services, Inc. - Trans",ISO New England,"Midcontinent Independent System Operator, Inc.","PJM Interconnection, LLC","Alcoa Power Generating, Inc. - Yadkin Division","Associated Electric Cooperative, Inc.",City of Homestead,City of Tallahassee,Duke Energy Carolinas,"Duke Energy Florida, Inc.",Duke Energy Progress East,Duke Energy Progress West,"Electric Energy, Inc.",Florida Municipal Power Pool,Florida Power & Light Co.,Gainesville Regional Utilities,"Gridforce Energy Management, LLC",JEA,Louisville Gas and Electric Company and Kentucky Utilities Company,Utilities Commission of New Smyrna Beach,New York Independent System Operator,NorthWestern Corporation,Ohio Valley Electric Corporation,PowerSouth Energy Cooperative,Public Service Company of New Mexico,Seminole Electric Cooperative,"Dominion Energy South Carolina, Inc.",South Carolina Public Service Authority,Southeastern Power Administration,Southwest Power Pool,Southwestern Power Administration,Tampa Electric Company,Tennessee Valley Authority,Western Area Power Administration - Rocky Mountain Region,Western Area Power Administration - Upper Great Plains West,New Brunswick System Operator,"Electric Reliability Council of Texas, Inc."
0,3.25,6.374795912920974,3.3430493721366594,3.20716964390165,3.6934124087894715,3.582883889359188,3.7594483804048795,3.502502611275207,3.6547381846144082,3.632382120497584,3.7575368376160947,3.6212410192643416,3.6117670702451585,3.695220936133768,3.704874133015689,3.614749854315475,3.7427573941912886,3.5237234532250006,3.6238178441049147,3.6748911888103155,4.635112040355402,3.8583040328786593,3.570907507787249,3.394130909699088,3.770849963419285,3.6283980706580414,3.6466542607719887,3.6776384441330894,3.432274712953111,3.667682596941165,3.6089601266624927,3.6712280380712325,3.567117614535492,3.773931545972368,3.845580651761976,5.316263733727023,3.7144993604560654
1,3.25,6.374795912920974,3.3430493721366594,3.20716964390165,3.6934124087894715,3.582883889359188,3.7594483804048795,3.502502611275207,3.6547381846144082,3.632382120497584,3.7575368376160947,3.6212410192643416,3.6117670702451585,3.695220936133768,3.704874133015689,3.614749854315475,3.7427573941912886,3.5237234532250006,3.6238178441049147,3.6748911888103155,4.635112040355402,3.8583040328786593,3.570907507787249,3.394130909699088,3.770849963419285,3.6283980706580414,3.6466542607719887,3.6776384441330894,3.432274712953111,3.667682596941165,3.6089601266624927,3.6712280380712325,3.567117614535492,3.773931545972368,3.845580651761976,5.316263733727023,3.7144993604560654
2,2.72,4.842963344216694,2.8002702956196885,2.411581110028959,2.907651235805319,2.908361237634198,3.0025197772452197,2.8523671515062334,2.891082684231839,2.924779513945474,2.9571284029405263,2.8728547455080466,2.902383927402551,2.9616723614804545,2.9679963786386834,2.913617902624348,3.0016331987604814,2.863342544578069,2.8763778059984086,2.9481549470027444,3.577193553682195,3.076332040923159,2.7767141763088943,2.7947259017711135,3.019239982098697,2.9224070835820584,2.912473755032176,2.9256482334672027,2.8146377255653765,2.961409355575424,2.9101864385517286,2.948311917810205,2.8742005482503528,3.0238004307813258,3.0686634795692926,4.082515866339931,2.981432111158066
3,2.8,5.074183354587151,2.882199212829797,2.531669945330497,3.0262566958783976,3.0101759775172154,3.1167731513070547,2.9505008058109836,3.006351439006566,3.031587454557113,3.0779447704387253,2.9858187113580534,3.009460628208982,3.0723966746356712,3.079223209488042,3.0194491406154613,3.1135010018443765,2.9630226817323226,2.9891989438258055,3.057850983502,3.7368793629913584,3.1943655491428564,2.896592415022608,2.8852021293828827,3.132690545316898,3.028971760876547,3.02329345401177,3.039156189794129,2.907865950076732,3.0680166372910076,3.015661712228825,3.057431332189228,2.978791803538675,3.137027768923369,3.1859339961266784,4.268741959530436,3.092083771429462
4,2.78,5.016378351994537,2.8617169835272698,2.5016477365051126,2.996605330860128,2.984722292546461,3.088209807791596,2.9259673922347957,2.9775342503128845,3.0048854694042033,3.0477406785641756,2.9575777198955517,2.9826914530073743,3.044715596346867,3.0514165017757025,2.992991331117683,3.0855340510734033,2.938102647443759,2.960993659368956,3.030426974377186,3.6969579106640675,3.1648571720879324,2.86662285534418,2.86258307247994,3.104327904512348,3.0023305915529246,2.995588529266872,3.0107792007123972,2.8845588939488933,3.041364816862112,2.989292893809551,3.0301514785944725,2.952643989716594,3.108720934387858,3.1566163669873317,4.2221854362328095,3.064420856361613
5,2.76,4.958573349401924,2.8412347542247427,2.4716255276797283,2.966953965841858,2.959268607575707,3.059646464276137,2.9014339786586083,2.9487170616192033,2.9781834842512938,3.0175365866896264,2.9293367284330505,2.955922277805767,3.017034518058063,3.0236097940633626,2.9665335216199047,3.057567100302429,2.913182613155196,2.932788374912107,3.0030029652523726,3.657036458336777,3.135348795033008,2.8366532956657515,2.839964015576998,3.075965263707798,2.9756894222293027,2.9678836045219734,2.9824022116306654,2.861251837821054,3.0147129964332158,2.9629240753902772,3.0028716249997167,2.9264961758945134,3.0804140998523475,3.127298737847986,4.175628912935185,3.036757941293764
6,2.74,4.9007683468093095,2.820752524922216,2.441603318854344,2.937302600823589,2.933814922604953,3.0310831207606785,2.876900565082421,2.9198998729255217,2.9514814990983846,2.987332494815077,2.9010957369705492,2.9291531026041597,2.9893534397692587,2.995803086351023,2.940075712122127,3.029600149531456,2.8882625788666325,2.904583090455258,2.975578956127559,3.6171150060094868,3.105840417978084,2.806683735987323,2.817344958674056,3.047602622903248,2.949048252905681,2.940178679777075,2.9540252225489345,2.837944781693216,2.9880611760043205,2.9365552569710034,2.975591771404962,2.9003483620724335,3.0521072653168373,3.0979811087086397,4.1290723896375585,3.0090950262259155
7,2.89,5.334305866253916,2.97436924469117,2.666769885044728,3.159687838460613,3.1247175598856103,3.24530819712662,3.060901166903829,3.1360287881281352,3.1517463877452077,3.2138631838741993,3.112903172939311,3.129921916616218,3.196961526935291,3.2043533941935722,3.1385092833554644,3.23935228031376,3.0751628360308585,3.116122723881628,3.1812590245636634,3.916525898464167,3.3271532458900177,3.0314554335755366,2.986987885446124,3.2603224289373762,3.1488570228328454,3.1479656153638143,3.1668526406619213,3.0127477026520086,3.187949829221039,3.134321395115559,3.1801906733656287,3.0964569657380387,3.2644085243331697,3.3178633272537383,4.478246314369754,3.2165668892347825
8,2.92,5.421013370142837,3.00509258864496,2.7118031982828046,3.204164885988017,3.162898087341741,3.2881532123998074,3.0977012872681096,3.179254571168658,3.191799365474572,3.2591693216860236,3.1552646601330636,3.170075679418629,3.2384831443684967,3.246063455762081,3.1781959976021317,3.28130270647022,3.1125428874637033,3.1584306505669013,3.222395038250884,3.976408076955103,3.371415811472404,3.0764097730931788,3.0209164708005374,3.3028663901442012,3.1888187768182785,3.189523002481162,3.209418124284518,3.0477082868437666,3.2279275598643826,3.17387462274447,3.2211104537577624,3.1356786864711594,3.3068687761364357,3.3618397709627574,4.5480810993161915,3.258061261836556
9,2.95,5.507720874031759,3.0358159325987515,2.756836511520882,3.248641933515423,3.201078614797873,3.330998227672996,3.1345014076323916,3.2224803542091807,3.231852343203937,3.3044754594978483,3.1976261473268166,3.210229442221041,3.2800047618017034,3.2877735173305913,3.2178827118488,3.3232531326266814,3.149922938896549,3.2007385772521757,3.2635310519381058,4.0362902554460405,3.415678377054791,3.1213641126108223,3.0548450561549516,3.3454103513510276,3.2287805308037116,3.2310803895985103,3.2519836079071163,3.0826688710355254,3.2679052905077266,3.213427850373381,3.262030234149896,3.174900407204281,3.349329027939703,3.405816214671778,4.617915884262631,3.29955563443833
10,2.95,5.507720874031759,3.0358159325987515,2.756836511520882,3.248641933515423,3.201078614797873,3.330998227672996,3.1345014076323916,3.2224803542091807,3.231852343203937,3.3044754594978483,3.1976261473268166,3.210229442221041,3.2800047618017034,3.2877735173305913,3.2178827118488,3.3232531326266814,3.149922938896549,3.2007385772521757,3.2635310519381058,4.0362902554460405,3.415678377054791,3.1213641126108223,3.0548450561549516,3.3454103513510276,3.2287805308037116,3.2310803895985103,3.2519836079071163,3.0826688710355254,3.2679052905077266,3.213427850373381,3.262030234149896,3.174900407204281,3.349329027939703,3.405816214671778,4.617915884262631,3.29955563443833
11,3.086666666666667,5.902721725081292,3.1757778328326878,2.961988271827677,3.451259594473601,3.375012128764695,3.5261810750286324,3.302146400403008,3.419397810282674,3.414315908415488,3.5108700873072722,3.3906062556539114,3.3931521394320283,3.4691587967752,3.477786020031581,3.398677743416952,3.5143606295616694,3.3202098398683995,3.3934746877073128,3.450928447624335,4.309086846349195,3.617318953596776,3.3261561037467504,3.2094086116583918,3.539221730182123,3.410828521181796,3.420397375355318,3.4458930332989492,3.241933754575759,3.450026063438515,3.393614776238421,3.4484425670473944,3.3535771349884995,3.542759063932362,3.60615334712398,4.936052126796411,3.488585554068632
12,3.223333333333333,6.297722576130821,3.3157397330666227,3.1671400321344705,3.6538772554317775,3.5489456427315145,3.721363922384267,3.4697913931736233,3.6163152663561653,3.5967794736270373,3.7172647151166944,3.5835863639810057,3.5760748366430146,3.6583128317486953,3.6677985227325687,3.5794727749851036,3.705468126496656,3.490496740840249,3.586210798162449,3.638325843310563,4.581883437252347,3.8189595301387596,3.5309480948826772,3.3639721671618315,3.733033109013218,3.5928765115598784,3.609714361112124,3.6398024586907805,3.401198638115992,3.6321468363693032,3.5738017021034594,3.634854899944891,3.532253862772717,3.73618909992502,3.80649047957618,5.254188369330187,3.677615473698933
13,3.36,6.692723427180353,3.455701633300559,3.3722917924412656,3.856494916389956,3.722879156698336,3.9165467697399032,3.637436385944239,3.813232722429659,3.7792430388385876,3.9236593429261184,3.776566472308101,3.758997533854002,3.8474668667221916,3.8578110254335582,3.760267806553256,3.896575623431645,3.6607836418121,3.7789469086175855,3.825723238996793,4.854680028155502,4.020600106680744,3.7357400860186063,3.5185357226652716,3.926844487844313,3.7749245019379627,3.799031346868931,3.8337118840826134,3.5604635216562257,3.814267609300092,3.7539886279685,3.8212672328423887,3.7109305905569356,3.929619135917679,4.006827612028381,5.572324611863967,3.866645393329235
14,3.54,7.212968450513883,3.640041697023304,3.642491671869727,4.123357201554385,3.9519623214351256,4.173616861379033,3.8582371081299285,4.072587420672796,4.019560905214776,4.1954961697970665,4.030735395470616,3.9999201106684725,4.09659657132143,4.108071394844617,3.9983880920332613,4.14827818037041,3.885063950409171,4.03279446872923,4.07253932112012,5.2139730991011195,4.286175500175065,4.005466123124462,3.7221072347917543,4.182108255085268,4.0146950258505605,4.048375669573019,4.089104785818199,3.7702270268067775,4.054133993160155,3.991307993741967,4.06678591519519,3.9462609149556624,4.184380646737279,4.270686274282501,5.991333321542603,4.1156116289398765
15,3.58,7.328578455699112,3.681006155628359,3.7025360895204966,4.182659931590926,4.002869691376635,4.230743548409951,3.9073039352823042,4.13022179806016,4.072964875520596,4.255904353546166,4.08721737839562,4.053458461071688,4.151958727899039,4.163684810269297,4.051303711028819,4.204212081912358,3.9349040189862983,4.0892050376429285,4.127387339369747,5.2938160037557,4.345192254284915,4.065405242481319,3.76734534859764,4.2388335366943695,4.067977364497805,4.103785519062816,4.1458587639816615,3.8168411390624555,4.1074376340179475,4.0440456305805155,4.121345622384702,3.9985565425998244,4.240994315808301,4.3293215325611945,6.084446368137856,4.170937459075575
16,3.58,7.328578455699112,3.681006155628359,3.7025360895204966,4.182659931590926,4.002869691376635,4.230743548409951,3.9073039352823042,4.13022179806016,4.072964875520596,4.255904353546166,4.08721737839562,4.053458461071688,4.151958727899039,4.163684810269297,4.051303711028819,4.204212081912358,3.9349040189862983,4.0892050376429285,4.127387339369747,5.2938160037557,4.345192254284915,4.065405242481319,3.76734534859764,4.2388335366943695,4.067977364497805,4.103785519062816,4.1458587639816615,3.8168411390624555,4.1074376340179475,4.0440456305805155,4.121345622384702,3.9985565425998244,4.240994315808301,4.3293215325611945,6.084446368137856,4.170937459075575
17,3.43,6.895040936254504,3.5273894358594045,3.477369523330112,3.9602746939539006,3.811967054095977,4.01651847204401,3.7233033334608963,3.914092882857546,3.872699986873772,4.029373664487043,3.875409942426857,3.8526896470596297,3.944350640733007,3.955134502426748,3.8528701397954808,3.994459951130054,3.748003761822072,3.8776654042165584,3.9217072709336422,4.99440511130102,4.12387942637298,3.8406335448931057,3.597702421825571,4.0261137306602395,3.8681685945706397,3.8959985834760764,3.9330313458686748,3.6420382181036626,3.9075489808012276,3.8462794924359596,3.916746720424034,3.8024479389342187,4.028693056791968,4.109439314016095,5.735272443405658,3.963465596066707
18,3.43,6.895040936254504,3.5273894358594045,3.477369523330112,3.9602746939539006,3.811967054095977,4.01651847204401,3.7233033334608963,3.914092882857546,3.872699986873772,4.029373664487043,3.875409942426857,3.8526896470596297,3.944350640733007,3.955134502426748,3.8528701397954808,3.994459951130054,3.748003761822072,3.8776654042165584,3.9217072709336422,4.99440511130102,4.12387942637298,3.8406335448931057,3.597702421825571,4.0261137306602395,3.8681685945706397,3.8959985834760764,3.9330313458686748,3.6420382181036626,3.9075489808012276,3.8462794924359596,3.916746720424034,3.8024479389342187,4.028693056791968,4.109439314016095,5.735272443405658,3.963465596066707
19,3.43,6.895040936254504,3.5273894358594045,3.477369523330112,3.9602746939539006,3.811967054095977,4.01651847204401,3.7233033334608963,3.914092882857546,3.872699986873772,4.029373664487043,3.875409942426857,3.8526896470596297,3.944350640733007,3.955134502426748,3.8528701397954808,3.994459951130054,3.748003761822072,3.8776654042165584,3.9217072709336422,4.99440511130102,4.12387942637298,3.8406335448931057,3.597702421825571,4.0261137306602395,3.8681685945706397,3.8959985834760764,3.9330313458686748,3.6420382181036626,3.9075489808012276,3.8462794924359596,3.916746720424034,3.8024479389342187,4.028693056791968,4.109439314016095,5.735272443405658,3.963465596066707
20,3.43,6.895040936254504,3.5273894358594045,3.477369523330112,3.9602746939539006,3.811967054095977,4.01651847204401,3.7233033334608963,3.914092882857546,3.872699986873772,4.029373664487043,3.875409942426857,3.8526896470596297,3.944350640733007,3.955134502426748,3.8528701397954808,3.994459951130054,3.748003761822072,3.8776654042165584,3.9217072709336422,4.99440511130102,4.12387942637298,3.8406335448931057,3.597702421825571,4.0261137306602395,3.8681685945706397,3.8959985834760764,3.9330313458686748,3.6420382181036626,3.9075489808012276,3.8462794924359596,3.916746720424034,3.8024479389342187,4.028693056791968,4.109439314016095,5.735272443405658,3.963465596066707
21,3.43,6.895040936254504,3.5273894358594045,3.477369523330112,3.9602746939539006,3.811967054095977,4.01651847204401,3.7233033334608963,3.914092882857546,3.872699986873772,4.029373664487043,3.875409942426857,3.8526896470596297,3.944350640733007,3.955134502426748,3.8528701397954808,3.994459951130054,3.748003761822072,3.8776654042165584,3.9217072709336422,4.99440511130102,4.12387942637298,3.8406335448931057,3.597702421825571,4.0261137306602395,3.8681685945706397,3.8959985834760764,3.9330313458686748,3.6420382181036626,3.9075489808012276,3.8462794924359596,3.916746720424034,3.8024479389342187,4.028693056791968,4.109439314016095,5.735272443405658,3.963465596066707
22,3.13,6.027965897365287,3.220155996321496,3.0270363909493425,3.5155042186798515,3.4301617795346613,3.588068319312126,3.3553021298180807,3.4818350524523174,3.472170209580125,3.576312286368796,3.451795070489331,3.4511520190355114,3.529134466400942,3.5380338867416494,3.4560029973288047,3.5749556895654453,3.37420324749362,3.454586137363819,3.5103471340614316,4.395583326391657,3.681253770549111,3.3910901497166783,3.2584165682814334,3.600674118591982,3.4685510547163094,3.4804247123025966,3.5073765096427003,3.2924323761860768,3.5077716743677896,3.4507472161468478,3.5075489165026976,3.410230731603007,3.6040905387593014,3.6696748769258964,5.036924593941267,3.5485218700489707
23,3.13,6.027965897365287,3.220155996321496,3.0270363909493425,3.5155042186798515,3.4301617795346613,3.588068319312126,3.3553021298180807,3.4818350524523174,3.472170209580125,3.576312286368796,3.451795070489331,3.4511520190355114,3.529134466400942,3.5380338867416494,3.4560029973288047,3.5749556895654453,3.37420324749362,3.454586137363819,3.5103471340614316,4.395583326391657,3.681253770549111,3.3910901497166783,3.2584165682814334,3.600674118591982,3.4685510547163094,3.4804247123025966,3.5073765096427003,3.2924323761860768,3.5077716743677896,3.4507472161468478,3.5075489165026976,3.410230731603007,3.6040905387593014,3.6696748769258964,5.036924593941267,3.5485218700489707
24,3.07,5.854550889587444,3.1587093084139144,2.9369697644731887,3.4265501236250424,3.353800724622398,3.5023782887657493,3.2817018890895175,3.395383486371272,3.3920642541213955,3.4857000107451466,3.3670720961018263,3.370844493430688,3.4460912315345293,3.4546137636046303,3.3766295688354693,3.491054837252524,3.2994431446279293,3.369970283993271,3.4280751066869892,4.275818969409784,3.5927286393843376,3.3011814706813922,3.1905593975726063,3.5155861961783303,3.388627546745443,3.3973099380679015,3.422245542397505,3.222511207802559,3.427816213081102,3.3716407608890253,3.42570935571843,3.3317872901367647,3.5191700351527677,3.581721989507857,4.897255024048388,3.4655331248454235
25,3.063333333333333,5.835282555389907,3.151881898646405,2.926962361531394,3.4166663352856186,3.34531616296548,3.4928571742605965,3.273524084564122,3.3857777568067107,3.3831635924037586,3.4756319801202964,3.357658432280992,3.361921435030152,3.436864205438261,3.44534486103385,3.367810299002876,3.4817325203288654,3.2911364665317415,3.3605685225076547,3.4189337703120515,4.262511818634021,3.5828925136993637,3.29119161745525,3.1830197119382917,3.5061319825768136,3.3797471569709026,3.3880749631529348,3.4127865460369278,3.21474218909328,3.4189322729381364,3.362851154749267,3.416616071186845,3.323071352196071,3.509734423640931,3.5719494464614083,4.881736182949179,3.4563121531561407
26,3.056666666666666,5.816014221192369,3.145054488878896,2.9169549585896,3.406782546946196,3.336831601308562,3.4833360597554437,3.2653462800387256,3.3761720272421503,3.3742629306861227,3.465563949495447,3.3482447684601584,3.3529983766296163,3.4276371793419926,3.4360759584630705,3.3589910291702836,3.4724102034052082,3.2828297884355537,3.3511667610220384,3.4097924339371133,4.249204667858257,3.5730563880143884,3.2812017642291074,3.175480026303978,3.496677768975297,3.370866767196362,3.378839988237969,3.403327549676351,3.206973170384,3.410048332795171,3.3540615486095096,3.40752278665526,3.314355414255378,3.5002988121290946,3.562176903414959,4.866217341849972,3.447091181466858
27,3.05,5.79674588699483,3.138227079111387,2.9069475556478044,3.3968987586067723,3.328347039651644,3.4738149452502904,3.2571684755133297,3.36656629767759,3.365362268968486,3.455495918870597,3.338831104639324,3.34407531822908,3.4184101532457247,3.42680705589229,3.350171759337691,3.46308788648155,3.2745231103393655,3.3417649995364216,3.400651097562175,4.235897517082494,3.5632202623294136,3.271211911002964,3.167940340669664,3.4872235553737796,3.3619863774218213,3.3696050133230027,3.3938685533157735,3.1992041516747203,3.4011643926522055,3.345271942469751,3.3984295021236743,3.305639476314684,3.4908632006172575,3.5524043603685103,4.850698500750762,3.4378702097775746
28,2.94,5.478818372735451,3.0255748179474877,2.741825407108189,3.233816251006287,3.1883517723124957,3.316716555915267,3.122234700844298,3.208071759862339,3.2185013506274815,3.2893734135605732,3.1835056515955653,3.1968448546202373,3.2661642226573013,3.273870163474421,3.20465380709991,3.309269657241194,3.1374629217522667,3.1866359350237508,3.249819047375698,4.016329529282394,3.4009241885273287,3.1063793327716076,3.0435355277034803,3.3312290309487516,3.2154599461419,3.2172279272260607,3.23779511336625,3.071015342971606,3.2545793802932783,3.2002434411637437,3.248390307352518,3.16182650029324,3.3351756106719463,3.3911574001021045,4.594637622613818,3.285724176904405
29,3.0,5.652233380513295,3.087021505855069,2.8318920335843427,3.3227703460610973,3.2647128272247583,3.4024065864616437,3.1958349415728606,3.294523325943385,3.298607306086211,3.379985689184222,3.2682286259830704,3.2771523802250604,3.349207457523714,3.3572902866114402,3.2840272355932454,3.393170509554115,3.2122230246179573,3.2712517883942986,3.3320910747501404,4.136093886264267,3.4894493196921026,3.196288011806893,3.1113926984123075,3.416316953362404,3.2953834541127662,3.3003427014607563,3.3229260806114445,3.1409365113551226,3.3345348415799663,3.279349896421566,3.3302298681367857,3.2402699417594825,3.4200961142784796,3.479110287520144,4.734307192506697,3.368712922107952
30,2.82,5.1319883571797655,2.902681442132324,2.5616921541558813,3.0559080608966673,3.0356296624879695,3.145336494822513,2.9750342193871715,3.035168627700248,3.0582894397100224,3.108148862313275,3.014059702820555,3.03622980341059,3.1000777529244754,3.107029917200382,3.045906950113239,3.1414679526153506,2.9879427160208856,3.0174042282826545,3.085274992626814,3.7768008153186488,3.223873926197781,2.9265619747010367,2.907821186285825,3.161053186121449,3.0556129302001684,3.0509983787566686,3.06753317887586,2.9311730062045713,3.0946684577199033,3.0420305306480984,3.0847111857839833,3.0049396173607557,3.1653346034588803,3.2152516252660246,4.315298482828062,3.1197466864973107
31,2.7,4.78515834162408,2.779788066317161,2.3815589012035745,2.8779998707870487,2.8829075526634442,2.9739564337297604,2.8278337379300456,2.8622654955381575,2.898077528792564,2.926924311065977,2.8446137540455454,2.8756147522009434,2.93399128319165,2.940189670926343,2.8871600931265697,2.9736662479895077,2.8384225102895053,2.848172521541559,2.9207309378779307,3.5372721013549047,3.0468236638682344,2.7467446166304663,2.772106844868171,2.9908773412941465,2.895765914258437,2.8847688302872774,2.897271244385471,2.7913306694375377,2.9347575351465283,2.8838176201324544,2.9210320642154497,2.8480527344282716,2.9954935962458147,3.039345850429946,4.035959343042306,2.953769196090217
32,2.6566666666666667,4.659914169340082,2.735409902828352,2.316510782081908,2.813755246580797,2.8277579018934764,2.9120691894462665,2.774678008514972,2.7998282533685135,2.8402232276279262,2.8614821120044525,2.783424939210125,2.81761487259746,2.8740156135659074,2.8799418042162737,2.8298348392147163,2.9130711879857314,2.7844291026642844,2.7870610718850526,2.8613122514408333,3.450775621312441,2.9828888469158983,2.681810570660538,2.7230988882451284,2.929424952884287,2.8380433807239225,2.8247414933399972,2.83578776804172,2.7408320478272197,2.877011924217254,2.826685180224027,2.8619257147601456,2.7913991378137633,2.9341621214188733,2.9758243206280284,3.935086875897449,2.893832880109877
33,2.6133333333333333,4.534669997056084,2.691031739339543,2.251462662960241,2.7495106223745456,2.7726082511235086,2.850181945162772,2.7215222790998985,2.737391011198869,2.7823689264632883,2.796039912942927,2.7222361243747044,2.759614992993976,2.8140399439401644,2.8196939375062033,2.7725095853028634,2.852476127981954,2.7304356950390636,2.7259496222285455,2.801893565003736,3.3642791412699773,2.9189540299635612,2.616876524690609,2.6740909316220867,2.867972564474427,2.780320847189408,2.7647141563927167,2.7743042916979674,2.6903334262169016,2.819266313287979,2.7695527403156,2.802819365304841,2.7347455411992545,2.872830646591933,2.9123027908261108,3.8342144087525916,2.8338965641295375
34,2.57,4.409425824772086,2.646653575850734,2.1864145438385743,2.6852659981682936,2.717458600353541,2.7882947008792773,2.668366549684825,2.6749537690292247,2.7245146252986503,2.7305977138814033,2.661047309539284,2.701615113390492,2.7540642743144215,2.759446070796134,2.71518433139101,2.7918810679781774,2.6764422874138427,2.664838172572039,2.7424748785666386,3.277782661227514,2.855019213011224,2.5519424787206804,2.625082974999044,2.8065201760645677,2.7225983136548937,2.7046868194454365,2.712820815354215,2.6398348046065836,2.761520702358704,2.7124203004071723,2.7437130158495373,2.678091944584746,2.8114991717649924,2.848781261024193,3.7333419416077347,2.773960248149198
35,2.54,4.322718320883165,2.615930231896943,2.141381230600498,2.6407889506408893,2.679278072897409,2.7454496856060895,2.631566429320544,2.6317279859887024,2.684461647569286,2.6852915760695786,2.6186858223455314,2.6614613505880804,2.712542656881215,2.7177360092276244,2.6754976171443428,2.7499306418217166,2.6390622359809974,2.622530245886765,2.701338864879418,3.217900482736578,2.8107566474288377,2.5069881392030386,2.5911543896446307,2.763976214857742,2.6826365596694606,2.6631294323280885,2.670255331731618,2.604874220414825,2.721542971715361,2.6728670727782617,2.7027932354574036,2.6388702238516255,2.7690389199617256,2.8048048173151736,3.6635071566612964,2.732465875547425
36,2.58,4.438328326068394,2.6568946905019977,2.201425648251267,2.700091680677429,2.7301854428389176,2.802576372637007,2.6806332564729196,2.689362363376066,2.7378656178751055,2.7456997598186783,2.6751678052705348,2.7149997009912963,2.767904813458824,2.773349424652304,2.7284132361398994,2.805864543363665,2.688902304558124,2.6789408148004634,2.756186883129046,3.2977433873911597,2.869773401538687,2.5669272585598955,2.636392503450516,2.820701496466843,2.7359188983167044,2.718539281817886,2.7270093098950814,2.651488332670503,2.774846612573153,2.72560470961681,2.757352942646915,2.691165851495787,2.8256525890327477,2.863440075593867,3.7566202032565488,2.7877917056831225
37,2.62,4.553938331253622,2.6978591491070523,2.2614700659020364,2.759394410713969,2.7810928127804266,2.859703059667925,2.7297000836252945,2.74699674076343,2.791269588180925,2.8061079435677776,2.731649788195538,2.768538051394512,2.823266970036433,2.8289628400769837,2.781328855135456,2.8617984449056126,2.7387423731352514,2.7353513837141623,2.811034901378674,3.3775862920457413,2.928790155648536,2.6268663779167523,2.681630617256401,2.877426778075944,2.7892012369639487,2.773949131307683,2.7837632880585446,2.6981024449261817,2.8281502534309446,2.778342346455358,2.8119126498364264,2.743461479139948,2.88226625810377,2.92207533387256,3.8497332498518,2.8431175358188208
38,2.6333333333333333,4.592474999648698,2.71151396864207,2.2814848717856258,2.7791619873928157,2.7980619360942627,2.878745288678231,2.7460556926760864,2.7662081998925507,2.8090709116161983,2.826244004817477,2.750477115837206,2.7863841681955837,2.8417210222289686,2.8475006452185436,2.7989673948006413,2.8804430787529283,2.755355729327627,2.754154906685395,2.82931757412855,3.4042005935972686,2.9484624070184857,2.646846084369038,2.696709988525029,2.8963352052789775,2.80696201651303,2.7924190811376155,2.802681280779699,2.7136404823447404,2.845918133716875,2.795921558734874,2.830099218899597,2.7608933550213353,2.901137481127444,2.9416204199654574,3.8807709320502175,2.8615594791973873
39,2.646666666666667,4.631011668043776,2.7251687881770885,2.301499677669216,2.7989295640716625,2.815031059408099,2.8977875176885375,2.7624113017268783,2.785419659021673,2.8268722350514723,2.8463800660671774,2.7693044434788745,2.804230284996656,2.8601750744215053,2.8660384503601035,2.8166059344658274,2.8990877126002443,2.771969085520003,2.7729584296566285,2.847600246878427,3.430814895148796,2.968134658388436,2.6668257908213238,2.7117893597936575,2.9152436324820115,2.8247227960621117,2.810889030967548,2.821599273500854,2.7291785197633,2.863686014002806,2.8135007710143904,2.8482857879627677,2.7783252309027233,2.920008704151119,2.9611655060583555,3.9118086142486357,2.8800014225759534
40,2.66,4.669548336438852,2.738823607712107,2.321514483552805,2.8186971407505084,2.832000182721935,2.9168297466988427,2.7787669107776702,2.8046311181507937,2.844673558486745,2.866516127316877,2.7881317711205416,2.8220764017977276,2.878629126614041,2.8845762555016634,2.834244474131013,2.91773234644756,2.7885824417123786,2.7917619526278608,2.8658829196283024,3.457429196700323,2.9878069097583855,2.6868054972736095,2.726868731062286,2.9341520596850454,2.842483575611193,2.82935898079748,2.840517266222008,2.7447165571818593,2.8814538942887364,2.8310799832939066,2.866472357025938,2.79575710678411,2.9388799271747925,2.980710592151253,3.9428462964470534,2.898443365954519
41,2.76,4.958573349401922,2.8412347542247423,2.4716255276797274,2.966953965841858,2.9592686075757064,3.059646464276137,2.9014339786586083,2.9487170616192024,2.9781834842512938,3.0175365866896255,2.9293367284330496,2.9559222778057666,3.017034518058062,3.023609794063362,2.9665335216199042,3.057567100302429,2.9131826131551954,2.932788374912107,3.0030029652523718,3.6570364583367763,3.1353487950330075,2.8366532956657506,2.8399640155769976,3.075965263707797,2.975689422229302,2.9678836045219725,2.9824022116306654,2.861251837821054,3.0147129964332153,2.9629240753902764,3.002871624999716,2.9264961758945134,3.080414099852347,3.127298737847985,4.175628912935183,3.0367579412937635
42,2.71,4.814060842920386,2.7900291809684243,2.3965700056162667,2.8928255532961833,2.8956343951488206,2.98823810548749,2.8401004447181393,2.8766740898849985,2.911428521369019,2.942026357003251,2.858734249776796,2.888999339801747,2.9478318223360516,2.954093024782513,2.9003889978754587,2.987649723374995,2.850882527433787,2.8622751637699837,2.934442942440337,3.5572328275185496,3.0615778523956965,2.76172939646968,2.7834163733196418,3.0050586616964208,2.9090864989202476,2.8986212926597266,2.911459738926337,2.802984197501457,2.948083445360976,2.8970020293420915,2.934671991012827,2.861126641339312,3.00964701351357,3.0540046649996193,4.059237604691118,2.9676006536241415
43,2.61,4.525035829957315,2.6876180344557885,2.2464589614893438,2.744568728204834,2.7683659702950494,2.8454213879101955,2.7174333768372008,2.732588146416589,2.7779185956044703,2.7910058976305026,2.7175292924642873,2.755153463793708,2.8094264308920303,2.8150594862208136,2.7680999503865666,2.8478149695201256,2.7262823559909695,2.7212487414857374,2.797322896816267,3.3576255658820964,2.914035967121073,2.6118815980775376,2.6703210888049296,2.863245457673669,2.7758806523021375,2.7600966689352333,2.7695747935176787,2.6864489168622616,2.8148243432164963,2.7651579372457213,2.7982727230390485,2.730387572228908,2.868112840836014,2.907416519302887,3.8264549882029875,2.8292860782848965
44,2.61,4.525035829957315,2.6876180344557885,2.2464589614893438,2.744568728204834,2.7683659702950494,2.8454213879101955,2.7174333768372008,2.732588146416589,2.7779185956044703,2.7910058976305026,2.7175292924642873,2.755153463793708,2.8094264308920303,2.8150594862208136,2.7680999503865666,2.8478149695201256,2.7262823559909695,2.7212487414857374,2.797322896816267,3.3576255658820964,2.914035967121073,2.6118815980775376,2.6703210888049296,2.863245457673669,2.7758806523021375,2.7600966689352333,2.7695747935176787,2.6864489168622616,2.8148243432164963,2.7651579372457213,2.7982727230390485,2.730387572228908,2.868112840836014,2.907416519302887,3.8264549882029875,2.8292860782848965
45,2.59,4.4672308273647,2.667135805153261,2.216436752663959,2.7149173631865637,2.7429122853242944,2.8168580443947366,2.692899963261013,2.7037709577229068,2.75121661045156,2.7608018057559525,2.6892883010017856,2.7283842885920997,2.7817453526032256,2.7872527785084733,2.7416421408887883,2.819848018749151,2.7013623217024056,2.693043457028888,2.7698988876914528,3.3177041135548047,2.8845275900661487,2.581912038399109,2.6477020319019866,2.8348828168691176,2.749239482978515,2.732391744190335,2.741197804435947,2.6631418607344224,2.7881725227876,2.7387891188264466,2.7709928694442927,2.7042397584068274,2.839806006300503,2.87809889016354,3.7798984649053606,2.801623163217047
46,2.615,4.539487080605468,2.69273859178142,2.2539645136956894,2.751981569459401,2.774729391537738,2.85256222378906,2.723566730231248,2.739792443590009,2.7845940918926972,2.7985569205991396,2.7245895403299127,2.7618457575941098,2.8163467004642317,2.8220111631488987,2.774714402761011,2.8548067072128687,2.73251236456311,2.7283000625999496,2.8041788990974705,3.367605928963918,2.9214130613848046,2.619373987997145,2.675975853030665,2.8703361178748064,2.7825409446330434,2.767022900121458,2.7766690407881116,2.6922756808942214,2.8214872983237202,2.7717501418505397,2.8050926864377375,2.736924525684428,2.8751895494698925,2.914745926587723,3.838094119027394,2.836201807051858
47,2.64,4.611743333846236,2.718341378409579,2.29149227472742,2.7890457757322378,2.8065464977511803,2.8882664031833833,2.754233497201482,2.775813929457111,2.8179715733338346,2.8363120354423264,2.7598907796580394,2.7953072265961194,2.8509480483252365,2.856769547789323,2.807786664633234,2.8897653956765854,2.7636624074238147,2.7635566681710113,2.838458910503488,3.4175077443730313,2.95829853270346,2.6568359375951798,2.7042496741593434,2.905789418880494,2.8158424062875707,2.8016540560525813,2.8121402771402755,2.72140950105402,2.85480207385984,2.804711164874632,2.839192503431182,2.769609292962029,2.910573092639281,2.951392963011906,3.896289773149426,2.870780450886669
48,2.665,4.683999587087005,2.7439441650377385,2.3290200357591515,2.826109982005076,2.838363603964624,2.9239705825777076,2.784900264171717,2.811835415324214,2.851349054774972,2.8740671502855144,2.7951920189861674,2.8287686955981295,2.885549396186242,2.8915279324297485,2.8408589265054576,2.9247240841403035,2.7948124502845193,2.7988132737420734,2.872738921909506,3.4674095597821455,2.995184004022116,2.6942978871932164,2.7325234952880213,2.941242719886183,2.8491438679420984,2.836285211983705,2.8476115134924407,2.750543321213819,2.8881168493959604,2.837672187898725,2.8732923204246275,2.80229406023963,2.94595663580867,2.988039999436089,3.9544854272714596,2.905359094721481
49,2.69,4.756255840327772,2.7695469516658973,2.3665477967908823,2.8631741882779136,2.8701807101780665,2.959674761972031,2.8155670311419514,2.8478569011913164,2.8847265362161094,2.9118222651287016,2.830493258314294,2.862230164600139,2.9201507440472474,2.926286317070173,2.8739311883776804,2.9596827726040207,2.8259624931452234,2.8340698793131347,2.9070189333155234,3.517311375191259,3.032069475340772,2.7317598367912517,2.7607973164166992,2.976696020891871,2.8824453295966252,2.8709163679148277,2.883082749844605,2.7796771413736177,2.92143162493208,2.8706332109228176,2.9073921374180713,2.8349788275172307,2.981340178978059,3.024687035860272,4.0126810813934926,2.939937738556292
50,2.69,4.756255840327772,2.7695469516658973,2.3665477967908823,2.8631741882779136,2.8701807101780665,2.959674761972031,2.8155670311419514,2.8478569011913164,2.8847265362161094,2.9118222651287016,2.830493258314294,2.862230164600139,2.9201507440472474,2.926286317070173,2.8739311883776804,2.9596827726040207,2.8259624931452234,2.8340698793131347,2.9070189333155234,3.517311375191259,3.032069475340772,2.7317598367912517,2.7607973164166992,2.976696020891871,2.8824453295966252,2.8709163679148277,2.883082749844605,2.7796771413736177,2.92143162493208,2.8706332109228176,2.9073921374180713,2.8349788275172307,2.981340178978059,3.024687035860272,4.0126810813934926,2.939937738556292
51,2.73,4.8718658455130015,2.810511410270952,2.426592214441651,2.9224769183144534,2.921088080119575,3.0168014490029487,2.8646338582943267,2.90549127857868,2.938130506521929,2.972230448877801,2.8869752412392975,2.915768515003355,2.975512900624856,2.9818997324948526,2.926846807373237,3.0156166741459685,2.8758025617223506,2.890480448226833,2.9618669515651512,3.5971542798458405,3.091086229450621,2.7916989561481085,2.8060354302225843,3.0334213025009715,2.9357276682438695,2.9263262174046254,2.939836728008068,2.8262912536292957,2.974735265789872,2.9233708477613654,2.961951844607583,2.8872744551613927,3.0379538480490806,3.0833222941389655,4.105794127988744,2.995263568691991
52,2.74,4.9007683468093095,2.820752524922216,2.441603318854344,2.937302600823589,2.933814922604953,3.0310831207606785,2.876900565082421,2.9198998729255217,2.9514814990983846,2.987332494815077,2.9010957369705492,2.9291531026041597,2.9893534397692587,2.995803086351023,2.940075712122127,3.029600149531456,2.8882625788666325,2.904583090455258,2.975578956127559,3.6171150060094868,3.105840417978084,2.806683735987323,2.817344958674056,3.047602622903248,2.949048252905681,2.940178679777075,2.9540252225489345,2.837944781693216,2.9880611760043205,2.9365552569710034,2.975591771404962,2.9003483620724335,3.0521072653168373,3.0979811087086397,4.1290723896375585,3.0090950262259155
53,2.773333333333333,4.997110017797,2.854889573759761,2.491640333563318,2.986721542520705,2.976237730889543,3.078688693286443,2.9177895877094002,2.967928520748324,2.9959848076865665,3.037672647939326,2.9481640560747184,2.973768394606839,3.0354885702505987,3.042147599204923,2.98417206128509,3.0762117341497452,2.929795969347571,2.95159189788334,3.021285638002248,3.6836507598883044,3.1550210464029576,2.8566330021180373,2.855043386845626,3.0948736909108314,2.993450201778384,2.986353554351906,3.00132020435182,2.8767898752396137,3.0324808767191467,2.980503287669793,3.021058194062887,2.9439280517759006,3.099285322876022,3.1468438239408836,4.206666595133601,3.05519988467233
54,2.806666666666666,5.093451688784689,2.889026622597306,2.5416773482722923,3.036140484217821,3.018660539174133,3.126294265812207,2.9586786103363796,3.015957168571127,3.0404881162747497,3.088012801063575,2.995232375178887,3.018383686609518,3.081623700731939,3.0884921120588222,3.028268410448054,3.1228233187680345,2.97132935982851,2.9986007053114223,3.066992319876938,3.750186513767122,3.204201674827832,2.9065822682487514,2.892741815017197,3.142144758918415,3.037852150651087,3.032528428926736,3.0486151861547057,2.9156349687860117,3.0769005774339724,3.0244513183685826,3.0665246167208133,2.9875077414793685,3.1464633804352062,3.1957065391731274,4.284260800629643,3.1013047431187446
55,2.84,5.18979335977238,2.9231636714348515,2.5917143629812665,3.085559425914938,3.061083347458724,3.173899838337973,2.999567632963359,3.06398581639393,3.084991424862933,3.138352954187825,3.042300694283057,3.062998978612198,3.12775883121328,3.134836624912722,3.072364759611018,3.1694349033863247,3.0128627503094494,3.0456095127395044,3.1126990017516283,3.81672226764594,3.253382303252706,2.956531534379465,2.9304402431887677,3.189415826925999,3.0822540995237904,3.078703303501568,3.0959101679575918,2.9544800623324106,3.121320278148799,3.0683993490673727,3.1119910393787396,3.0310874311828364,3.193641437994392,3.2445692544053713,4.361855006125689,3.14740960156516
56,2.74,4.9007683468093095,2.820752524922216,2.441603318854344,2.937302600823589,2.933814922604953,3.0310831207606785,2.876900565082421,2.9198998729255217,2.9514814990983846,2.987332494815077,2.9010957369705492,2.9291531026041597,2.9893534397692587,2.995803086351023,2.940075712122127,3.029600149531456,2.8882625788666325,2.904583090455258,2.975578956127559,3.6171150060094868,3.105840417978084,2.806683735987323,2.817344958674056,3.047602622903248,2.949048252905681,2.940178679777075,2.9540252225489345,2.837944781693216,2.9880611760043205,2.9365552569710034,2.975591771404962,2.9003483620724335,3.0521072653168373,3.0979811087086397,4.1290723896375585,3.0090950262259155
57,2.89,5.334305866253916,2.97436924469117,2.666769885044728,3.159687838460613,3.1247175598856103,3.24530819712662,3.060901166903829,3.1360287881281352,3.1517463877452077,3.2138631838741993,3.112903172939311,3.129921916616218,3.196961526935291,3.2043533941935722,3.1385092833554644,3.23935228031376,3.0751628360308585,3.116122723881628,3.1812590245636634,3.916525898464167,3.3271532458900177,3.0314554335755366,2.986987885446124,3.2603224289373762,3.1488570228328454,3.1479656153638143,3.1668526406619213,3.0127477026520086,3.187949829221039,3.134321395115559,3.1801906733656287,3.0964569657380387,3.2644085243331697,3.3178633272537383,4.478246314369754,3.2165668892347825
58,2.89,5.334305866253916,2.97436924469117,2.666769885044728,3.159687838460613,3.1247175598856103,3.24530819712662,3.060901166903829,3.1360287881281352,3.1517463877452077,3.2138631838741993,3.112903172939311,3.129921916616218,3.196961526935291,3.2043533941935722,3.1385092833554644,3.23935228031376,3.0751628360308585,3.116122723881628,3.1812590245636634,3.916525898464167,3.3271532458900177,3.0314554335755366,2.986987885446124,3.2603224289373762,3.1488570228328454,3.1479656153638143,3.1668526406619213,3.0127477026520086,3.187949829221039,3.134321395115559,3.1801906733656287,3.0964569657380387,3.2644085243331697,3.3178633272537383,4.478246314369754,3.2165668892347825
59,3.19,6.201380905143132,3.2816026842290777,3.1171030174254963,3.6044583137346615,3.506522834446925,3.6737583498585025,3.428902370546644,3.568286618533363,3.5522761650388546,3.6669245619924453,3.5365180448768365,3.531459544640335,3.612177701267355,3.6214540098786694,3.53537642582214,3.6588565418783667,3.4489633503593105,3.539201990734367,3.5926191614358736,4.5153476833735295,3.769778901713886,3.4809988287519635,3.3262737389902615,3.6857620410056335,3.5484745626871756,3.5635394865372936,3.592507476887895,3.362353544569594,3.5877271356544767,3.52985367140467,3.589388477286965,3.488674173069249,3.689011042365835,3.757627764343936,5.176594163834146,3.6315106152525183
60,3.543333333333333,7.222602617612652,3.643455401907058,3.647495373340625,4.128299095724097,3.9562046022635844,4.1783774186316105,3.8623260103926267,4.077390285455076,4.024011236073594,4.200530185109491,4.035442227381033,4.004381639868741,4.101210084369564,4.112705846130007,4.002797726949558,4.152939338832239,3.8892172894572647,4.037495349472039,4.077109989307588,5.220626674489001,4.291093563017553,4.0104610497375335,3.725877077608911,4.186835361886026,4.019135220737831,4.052993157030502,4.093834283998486,3.7741115361614166,4.058575963231638,3.9957027968118464,4.071332557460983,3.9506188839260092,4.189098452493196,4.275572545805726,5.999092742092207,4.120222114784518
61,3.8966666666666665,8.24382433008217,4.005308119585039,4.177887729255751,4.652139877713532,4.4058863700802435,4.682996487404716,4.2957496502386086,4.586493952376789,4.495746307108334,4.734135808226536,4.534366409885228,4.477303735097145,4.590242467471773,4.603957682381344,4.470219028076976,4.647022135786109,4.329471228555219,4.535788708209708,4.561600817179302,5.92590566560447,4.812408224321219,4.5399232707231025,4.125480416227561,4.687908682766418,4.4897958787884855,4.54244682752371,4.595161091109078,4.18586952775324,4.529424790808798,4.461551922219021,4.553276637635,4.412563594782768,4.689185862620558,4.793517327267514,6.821591320350268,4.608933614316516
62,4.25,9.265046042551692,4.36716083726302,4.70828008517088,5.175980659702969,4.8555681378969044,5.187615556177823,4.729173290084592,5.095597619298502,4.967481378143074,5.267741431343582,5.033290592389426,4.95022583032555,5.079274850573983,5.095209518632681,4.937640329204394,5.141104932739982,4.769725167653174,5.03408206694738,5.046091645051018,6.6311846567199435,5.333722885624887,5.069385491708673,4.525083754846213,5.188982003646812,4.960456536839141,5.031900498016919,5.09648789821967,4.597627519345063,5.000273618385958,4.927401047626198,5.03522071780902,4.874508305639529,5.18927327274792,5.3114621087293035,7.64408989860833,5.097645113848516
63,3.18,6.172478403846825,3.2713615695778144,3.102091913012805,3.5896326312255273,3.493795991961548,3.6594766781007744,3.41663566375855,3.553878024186522,3.5389251724624,3.6518225160551707,3.5223975491455857,3.5180749570395315,3.598337162122953,3.6075506560225,3.5221475210732507,3.64487306649288,3.436503333215029,3.525099348505943,3.578907156873467,4.495386957209885,3.7550247131864234,3.4660140489127502,3.31496421053879,3.671580720603359,3.535153978025365,3.5496870241648444,3.5783189823470294,3.3507000165056744,3.5744012254400297,3.516669262195033,3.575748550489588,3.4756002661582097,3.67485762509808,3.7429689497742635,5.153315902185333,3.617679157718594
64,3.18,6.172478403846825,3.2713615695778144,3.102091913012805,3.5896326312255273,3.493795991961548,3.6594766781007744,3.41663566375855,3.553878024186522,3.5389251724624,3.6518225160551707,3.5223975491455857,3.5180749570395315,3.598337162122953,3.6075506560225,3.5221475210732507,3.64487306649288,3.436503333215029,3.525099348505943,3.578907156873467,4.495386957209885,3.7550247131864234,3.4660140489127502,3.31496421053879,3.671580720603359,3.535153978025365,3.5496870241648444,3.5783189823470294,3.3507000165056744,3.5744012254400297,3.516669262195033,3.575748550489588,3.4756002661582097,3.67485762509808,3.7429689497742635,5.153315902185333,3.617679157718594
65,2.9,5.363208367550223,2.984610359342433,2.6817809894574203,3.1745135209697475,3.137444402370987,3.2595898688843494,3.073167873691922,3.1504373824749754,3.165097380321662,3.228965229811474,3.127023668670562,3.1433065042170214,3.2108020660796925,3.2182567480497415,3.1517381881043534,3.2533357556992466,3.08762285317514,3.1302253661100523,3.1949710291260702,3.936486624627813,3.3419074344174797,3.0464402134147512,2.9982974138975953,3.2745037493396514,3.1621776074946566,3.1618180777362634,3.181041135202787,3.024401230715928,3.201275739435487,3.1475058043251956,3.1938306001630066,3.1095308726490787,3.278561941600925,3.3325221418234117,4.501524576018566,3.230398346768707
66,2.9,5.363208367550223,2.984610359342433,2.6817809894574203,3.1745135209697475,3.137444402370987,3.2595898688843494,3.073167873691922,3.1504373824749754,3.165097380321662,3.228965229811474,3.127023668670562,3.1433065042170214,3.2108020660796925,3.2182567480497415,3.1517381881043534,3.2533357556992466,3.08762285317514,3.1302253661100523,3.1949710291260702,3.936486624627813,3.3419074344174797,3.0464402134147512,2.9982974138975953,3.2745037493396514,3.1621776074946566,3.1618180777362634,3.181041135202787,3.024401230715928,3.201275739435487,3.1475058043251956,3.1938306001630066,3.1095308726490787,3.278561941600925,3.3325221418234117,4.501524576018566,3.230398346768707
67,2.8866666666666667,5.324671699155148,2.9709555398074152,2.6617661835738304,3.154745944290901,3.120475279057151,3.240547639874044,3.0568122646411306,3.1312259233458546,3.1472960568863897,3.2088291685617745,3.1081963410288944,3.12546038741595,3.1923480138871567,3.1997189429081816,3.134099648439168,3.234691121851931,3.0710094969827644,3.1114218431388196,3.1766883563761947,3.909872323076286,3.3222351830475305,3.0264605069624655,2.983218042628967,3.255595322136618,3.1444168279455753,3.1433481279063313,3.162123142481633,3.0088631932973686,3.1835078591495565,3.12992659204568,3.1756440310998366,3.0920989967676915,3.259690718577251,3.3129770557305136,4.4704868938201505,3.2119564033901415
68,2.873333333333333,5.286135030760071,2.9573007202723964,2.6417513776902406,3.134978367612054,3.1035061557433146,3.2215054108637373,3.0404566555903383,3.1120144642167333,3.1294947334511156,3.1886931073120737,3.089369013387226,3.107614270614878,3.1738939616946205,3.1811811377666217,3.116461108773982,3.216046488004614,3.0543961407903883,3.0926183201675865,3.1584056836263183,3.883258021524758,3.3025629316775804,3.0064808005101797,2.9681386713603386,3.2366868949335834,3.1266560483964936,3.124878178076399,3.143205149760478,2.9933251558788085,3.165739978863625,3.112347379766163,3.1574574620366658,3.0746671208863043,3.2408194955535765,3.293431969637616,4.4394492116217315,3.193514460011575
69,2.86,5.247598362364994,2.9436459007373785,2.6217365718066508,3.115210790933208,3.086537032429478,3.2024631818534317,3.024101046539547,3.092803005087612,3.1116934100158424,3.168557046062374,3.0705416857455585,3.0897681538138055,3.1554399095020838,3.162643332625062,3.0988225691087967,3.1974018541572984,3.0377827845980128,3.0738147971963534,3.140123010876442,3.856643719973231,3.2828906803076303,2.9865010940578935,2.9530593000917102,3.21777846773055,3.1088952688474123,3.1064082282464662,3.1242871570393236,2.97778711846025,3.1479720985776947,3.094768167486647,3.139270892973495,3.057235245004917,3.2219482725299025,3.2738868835447184,4.408411529423313,3.1750725166330094
70,2.83,5.1608908584760735,2.912922556783588,2.5767032585685743,3.0707337434058033,3.048356504973347,3.1596181665802434,2.9873009261752657,3.0495772220470894,3.071640432286478,3.12325090825055,3.028180198551806,3.049614391011394,3.1139182920688775,3.1209332710565523,3.059135854862129,3.1554514280008386,3.000402733165168,3.03150687051108,3.0989869971892214,3.7967615414822955,3.238628114725244,2.9415467545402514,2.919130714737297,3.1752345065237244,3.0689335148619796,3.064850841129118,3.0817216734167268,2.942826534268491,3.107994367934351,3.055214939857736,3.098351112581362,3.0180135242717965,3.1794880207266365,3.229910439835699,4.338576744476875,3.133578144031236
71,2.87,5.276500863661302,2.9538870153886423,2.636747676219344,3.1300364734423427,3.0992638749148558,3.2167448536111607,3.036367753327641,3.1072115994344536,3.125044402592297,3.1836590919996492,3.08466218147681,3.10315274141461,3.1692804486464863,3.176546686481232,3.112051473857686,3.211385329542786,3.0502428017422947,3.087917439424779,3.1538350154388497,3.8766044461368767,3.2976448688350932,3.0014858738971086,2.964368828543182,3.2319597881328255,3.122215853509224,3.120260690618916,3.1384756515801895,2.9894406465241694,3.1612980087921434,3.1079525766962846,3.1529108197708733,3.070309151915958,3.2361016897976587,3.2885456981143917,4.431689791072127,3.188903974166934
72,2.95,5.507720874031759,3.0358159325987515,2.756836511520882,3.248641933515423,3.201078614797873,3.330998227672996,3.1345014076323916,3.2224803542091807,3.231852343203937,3.3044754594978483,3.1976261473268166,3.210229442221041,3.2800047618017034,3.2877735173305913,3.2178827118488,3.3232531326266814,3.149922938896549,3.2007385772521757,3.2635310519381058,4.0362902554460405,3.415678377054791,3.1213641126108223,3.0548450561549516,3.3454103513510276,3.2287805308037116,3.2310803895985103,3.2519836079071163,3.0826688710355254,3.2679052905077266,3.213427850373381,3.262030234149896,3.174900407204281,3.349329027939703,3.405816214671778,4.617915884262631,3.29955563443833
73,2.95,5.507720874031759,3.0358159325987515,2.756836511520882,3.248641933515423,3.201078614797873,3.330998227672996,3.1345014076323916,3.2224803542091807,3.231852343203937,3.3044754594978483,3.1976261473268166,3.210229442221041,3.2800047618017034,3.2877735173305913,3.2178827118488,3.3232531326266814,3.149922938896549,3.2007385772521757,3.2635310519381058,4.0362902554460405,3.415678377054791,3.1213641126108223,3.0548450561549516,3.3454103513510276,3.2287805308037116,3.2310803895985103,3.2519836079071163,3.0826688710355254,3.2679052905077266,3.213427850373381,3.262030234149896,3.174900407204281,3.349329027939703,3.405816214671778,4.617915884262631,3.29955563443833
74,2.9333333333333336,5.459550038537915,3.0187474081799786,2.7318180041663958,3.2239324626668653,3.179867210655578,3.307195441410115,3.1140568963189024,3.19846603029778,3.209600688909846,3.2793053829357244,3.174091987774732,3.187921796219702,3.256937196561034,3.2646012609036417,3.195834537267318,3.299947340317537,3.1291562436560794,3.1772341735381353,3.240677711000761,4.003022378506632,3.3910880628423543,3.0963894795454654,3.035995842069166,3.321774817347236,3.2065795563673607,3.207992952311095,3.2283361170056737,3.0632463242623267,3.2456954401503135,3.191453835023986,3.2392970228209337,3.1531105623525475,3.32573999916011,3.3813848570556564,4.5791187815146115,3.276503205215123
75,2.9166666666666665,5.411379203044068,3.0016788837612056,2.706799496811907,3.199222991818306,3.158655806513282,3.2833926551472317,3.093612385005412,3.1744517063863773,3.1873490346157536,3.2541353063735983,3.1505578282226465,3.1656141502183615,3.2338696313203625,3.241429004476691,3.173786362685835,3.276641548008391,3.108389548415609,3.153729769824093,3.2178243700634153,3.9697545015672215,3.366497748629917,3.071414846480107,3.0171466279833803,3.298139283343443,3.184378581931008,3.1849055150236785,3.2046886261042298,3.0438237774891266,3.223485589792899,3.1694798196745904,3.2165638114919695,3.131320717500813,3.302150970380517,3.356953499439533,4.540321678766588,3.2534507759919142
76,2.9,5.363208367550223,2.984610359342433,2.6817809894574203,3.1745135209697475,3.137444402370987,3.2595898688843494,3.073167873691922,3.1504373824749754,3.165097380321662,3.228965229811474,3.127023668670562,3.1433065042170214,3.2108020660796925,3.2182567480497415,3.1517381881043534,3.2533357556992466,3.08762285317514,3.1302253661100523,3.1949710291260702,3.936486624627813,3.3419074344174797,3.0464402134147512,2.9982974138975953,3.2745037493396514,3.1621776074946566,3.1618180777362634,3.181041135202787,3.024401230715928,3.201275739435487,3.1475058043251956,3.1938306001630066,3.1095308726490787,3.278561941600925,3.3325221418234117,4.501524576018566,3.230398346768707
77,2.92,5.421013370142837,3.00509258864496,2.7118031982828046,3.204164885988017,3.162898087341741,3.2881532123998074,3.0977012872681096,3.179254571168658,3.191799365474572,3.2591693216860236,3.1552646601330636,3.170075679418629,3.2384831443684967,3.246063455762081,3.1781959976021317,3.28130270647022,3.1125428874637033,3.1584306505669013,3.222395038250884,3.976408076955103,3.371415811472404,3.0764097730931788,3.0209164708005374,3.3028663901442012,3.1888187768182785,3.189523002481162,3.209418124284518,3.0477082868437666,3.2279275598643826,3.17387462274447,3.2211104537577624,3.1356786864711594,3.3068687761364357,3.3618397709627574,4.5480810993161915,3.258061261836556
78,2.86,5.247598362364994,2.9436459007373785,2.6217365718066508,3.115210790933208,3.086537032429478,3.2024631818534317,3.024101046539547,3.092803005087612,3.1116934100158424,3.168557046062374,3.0705416857455585,3.0897681538138055,3.1554399095020838,3.162643332625062,3.0988225691087967,3.1974018541572984,3.0377827845980128,3.0738147971963534,3.140123010876442,3.856643719973231,3.2828906803076303,2.9865010940578935,2.9530593000917102,3.21777846773055,3.1088952688474123,3.1064082282464662,3.1242871570393236,2.97778711846025,3.1479720985776947,3.094768167486647,3.139270892973495,3.057235245004917,3.2219482725299025,3.2738868835447184,4.408411529423313,3.1750725166330094
79,2.86,5.247598362364994,2.9436459007373785,2.6217365718066508,3.115210790933208,3.086537032429478,3.2024631818534317,3.024101046539547,3.092803005087612,3.1116934100158424,3.168557046062374,3.0705416857455585,3.0897681538138055,3.1554399095020838,3.162643332625062,3.0988225691087967,3.1974018541572984,3.0377827845980128,3.0738147971963534,3.140123010876442,3.856643719973231,3.2828906803076303,2.9865010940578935,2.9530593000917102,3.21777846773055,3.1088952688474123,3.1064082282464662,3.1242871570393236,2.97778711846025,3.1479720985776947,3.094768167486647,3.139270892973495,3.057235245004917,3.2219482725299025,3.2738868835447184,4.408411529423313,3.1750725166330094
80,2.75,4.929670848105616,2.830993639573479,2.456614423267036,2.9521282833327236,2.9465417650903296,3.0453647925184075,2.8891672718705146,2.934308467272362,2.964832491674839,3.002434540752351,2.915216232701799,2.942537690204963,3.003193978913661,3.009706440207193,2.9533046168710158,3.0435836249169426,2.900722596010914,2.9186857326836826,2.9892909606899654,3.6370757321731317,3.1205946065055454,2.8216685158265373,2.828654487125527,3.0617839433055223,2.9623688375674915,2.954031142149524,2.9682137170898004,2.8495983097571354,3.0013870862187675,2.9497396661806397,2.989231698202339,2.9134222689834735,3.066260682584592,3.112639923278312,4.15235065128637,3.0229264837598397
81,2.74,4.9007683468093095,2.820752524922216,2.441603318854344,2.937302600823589,2.933814922604953,3.0310831207606785,2.876900565082421,2.9198998729255217,2.9514814990983846,2.987332494815077,2.9010957369705492,2.9291531026041597,2.9893534397692587,2.995803086351023,2.940075712122127,3.029600149531456,2.8882625788666325,2.904583090455258,2.975578956127559,3.6171150060094868,3.105840417978084,2.806683735987323,2.817344958674056,3.047602622903248,2.949048252905681,2.940178679777075,2.9540252225489345,2.837944781693216,2.9880611760043205,2.9365552569710034,2.975591771404962,2.9003483620724335,3.0521072653168373,3.0979811087086397,4.1290723896375585,3.0090950262259155
82,2.73,4.8718658455130015,2.810511410270952,2.426592214441651,2.9224769183144534,2.921088080119575,3.0168014490029487,2.8646338582943267,2.90549127857868,2.938130506521929,2.972230448877801,2.8869752412392975,2.915768515003355,2.975512900624856,2.9818997324948526,2.926846807373237,3.0156166741459685,2.8758025617223506,2.890480448226833,2.9618669515651512,3.5971542798458405,3.091086229450621,2.7916989561481085,2.8060354302225843,3.0334213025009715,2.9357276682438695,2.9263262174046254,2.939836728008068,2.8262912536292957,2.974735265789872,2.9233708477613654,2.961951844607583,2.8872744551613927,3.0379538480490806,3.0833222941389655,4.105794127988744,2.995263568691991
83,2.72,4.842963344216694,2.8002702956196885,2.411581110028959,2.907651235805319,2.908361237634198,3.0025197772452197,2.8523671515062334,2.891082684231839,2.924779513945474,2.9571284029405263,2.8728547455080466,2.902383927402551,2.9616723614804545,2.9679963786386834,2.913617902624348,3.0016331987604814,2.863342544578069,2.8763778059984086,2.9481549470027444,3.577193553682195,3.076332040923159,2.7767141763088943,2.7947259017711135,3.019239982098697,2.9224070835820584,2.912473755032176,2.9256482334672027,2.8146377255653765,2.961409355575424,2.9101864385517286,2.948311917810205,2.8742005482503528,3.0238004307813258,3.0686634795692926,4.082515866339931,2.981432111158066
84,2.74,4.9007683468093095,2.820752524922216,2.441603318854344,2.937302600823589,2.933814922604953,3.0310831207606785,2.876900565082421,2.9198998729255217,2.9514814990983846,2.987332494815077,2.9010957369705492,2.9291531026041597,2.9893534397692587,2.995803086351023,2.940075712122127,3.029600149531456,2.8882625788666325,2.904583090455258,2.975578956127559,3.6171150060094868,3.105840417978084,2.806683735987323,2.817344958674056,3.047602622903248,2.949048252905681,2.940178679777075,2.9540252225489345,2.837944781693216,2.9880611760043205,2.9365552569710034,2.975591771404962,2.9003483620724335,3.0521072653168373,3.0979811087086397,4.1290723896375585,3.0090950262259155
85,2.69,4.756255840327772,2.7695469516658973,2.3665477967908823,2.8631741882779136,2.8701807101780665,2.959674761972031,2.8155670311419514,2.8478569011913164,2.8847265362161094,2.9118222651287016,2.830493258314294,2.862230164600139,2.9201507440472474,2.926286317070173,2.8739311883776804,2.9596827726040207,2.8259624931452234,2.8340698793131347,2.9070189333155234,3.517311375191259,3.032069475340772,2.7317598367912517,2.7607973164166992,2.976696020891871,2.8824453295966252,2.8709163679148277,2.883082749844605,2.7796771413736177,2.92143162493208,2.8706332109228176,2.9073921374180713,2.8349788275172307,2.981340178978059,3.024687035860272,4.0126810813934926,2.939937738556292
86,2.69,4.756255840327772,2.7695469516658973,2.3665477967908823,2.8631741882779136,2.8701807101780665,2.959674761972031,2.8155670311419514,2.8478569011913164,2.8847265362161094,2.9118222651287016,2.830493258314294,2.862230164600139,2.9201507440472474,2.926286317070173,2.8739311883776804,2.9596827726040207,2.8259624931452234,2.8340698793131347,2.9070189333155234,3.517311375191259,3.032069475340772,2.7317598367912517,2.7607973164166992,2.976696020891871,2.8824453295966252,2.8709163679148277,2.883082749844605,2.7796771413736177,2.92143162493208,2.8706332109228176,2.9073921374180713,2.8349788275172307,2.981340178978059,3.024687035860272,4.0126810813934926,2.939937738556292
87,2.73,4.8718658455130015,2.810511410270952,2.426592214441651,2.9224769183144534,2.921088080119575,3.0168014490029487,2.8646338582943267,2.90549127857868,2.938130506521929,2.972230448877801,2.8869752412392975,2.915768515003355,2.975512900624856,2.9818997324948526,2.926846807373237,3.0156166741459685,2.8758025617223506,2.890480448226833,2.9618669515651512,3.5971542798458405,3.091086229450621,2.7916989561481085,2.8060354302225843,3.0334213025009715,2.9357276682438695,2.9263262174046254,2.939836728008068,2.8262912536292957,2.974735265789872,2.9233708477613654,2.961951844607583,2.8872744551613927,3.0379538480490806,3.0833222941389655,4.105794127988744,2.995263568691991
88,2.73,4.8718658455130015,2.810511410270952,2.426592214441651,2.9224769183144534,2.921088080119575,3.0168014490029487,2.8646338582943267,2.90549127857868,2.938130506521929,2.972230448877801,2.8869752412392975,2.915768515003355,2.975512900624856,2.9818997324948526,2.926846807373237,3.0156166741459685,2.8758025617223506,2.890480448226833,2.9618669515651512,3.5971542798458405,3.091086229450621,2.7916989561481085,2.8060354302225843,3.0334213025009715,2.9357276682438695,2.9263262174046254,2.939836728008068,2.8262912536292957,2.974735265789872,2.9233708477613654,2.961951844607583,2.8872744551613927,3.0379538480490806,3.0833222941389655,4.105794127988744,2.995263568691991
89,2.73,4.8718658455130015,2.810511410270952,2.426592214441651,2.9224769183144534,2.921088080119575,3.0168014490029487,2.8646338582943267,2.90549127857868,2.938130506521929,2.972230448877801,2.8869752412392975,2.915768515003355,2.975512900624856,2.9818997324948526,2.926846807373237,3.0156166741459685,2.8758025617223506,2.890480448226833,2.9618669515651512,3.5971542798458405,3.091086229450621,2.7916989561481085,2.8060354302225843,3.0334213025009715,2.9357276682438695,2.9263262174046254,2.939836728008068,2.8262912536292957,2.974735265789872,2.9233708477613654,2.961951844607583,2.8872744551613927,3.0379538480490806,3.0833222941389655,4.105794127988744,2.995263568691991
90,2.73,4.8718658455130015,2.810511410270952,2.426592214441651,2.9224769183144534,2.921088080119575,3.0168014490029487,2.8646338582943267,2.90549127857868,2.938130506521929,2.972230448877801,2.8869752412392975,2.915768515003355,2.975512900624856,2.9818997324948526,2.926846807373237,3.0156166741459685,2.8758025617223506,2.890480448226833,2.9618669515651512,3.5971542798458405,3.091086229450621,2.7916989561481085,2.8060354302225843,3.0334213025009715,2.9357276682438695,2.9263262174046254,2.939836728008068,2.8262912536292957,2.974735265789872,2.9233708477613654,2.961951844607583,2.8872744551613927,3.0379538480490806,3.0833222941389655,4.105794127988744,2.995263568691991
91,2.76,4.958573349401922,2.8412347542247423,2.4716255276797274,2.966953965841858,2.9592686075757064,3.059646464276137,2.9014339786586083,2.9487170616192024,2.9781834842512938,3.0175365866896255,2.9293367284330496,2.9559222778057666,3.017034518058062,3.023609794063362,2.9665335216199042,3.057567100302429,2.9131826131551954,2.932788374912107,3.0030029652523718,3.6570364583367763,3.1353487950330075,2.8366532956657506,2.8399640155769976,3.075965263707797,2.975689422229302,2.9678836045219725,2.9824022116306654,2.861251837821054,3.0147129964332153,2.9629240753902764,3.002871624999716,2.9264961758945134,3.080414099852347,3.127298737847985,4.175628912935183,3.0367579412937635
92,2.74,4.9007683468093095,2.820752524922216,2.441603318854344,2.937302600823589,2.933814922604953,3.0310831207606785,2.876900565082421,2.9198998729255217,2.9514814990983846,2.987332494815077,2.9010957369705492,2.9291531026041597,2.9893534397692587,2.995803086351023,2.940075712122127,3.029600149531456,2.8882625788666325,2.904583090455258,2.975578956127559,3.6171150060094868,3.105840417978084,2.806683735987323,2.817344958674056,3.047602622903248,2.949048252905681,2.940178679777075,2.9540252225489345,2.837944781693216,2.9880611760043205,2.9365552569710034,2.975591771404962,2.9003483620724335,3.0521072653168373,3.0979811087086397,4.1290723896375585,3.0090950262259155
93,2.66,4.669548336438852,2.738823607712107,2.321514483552805,2.8186971407505084,2.832000182721935,2.9168297466988427,2.7787669107776702,2.8046311181507937,2.844673558486745,2.866516127316877,2.7881317711205416,2.8220764017977276,2.878629126614041,2.8845762555016634,2.834244474131013,2.91773234644756,2.7885824417123786,2.7917619526278608,2.8658829196283024,3.457429196700323,2.9878069097583855,2.6868054972736095,2.726868731062286,2.9341520596850454,2.842483575611193,2.82935898079748,2.840517266222008,2.7447165571818593,2.8814538942887364,2.8310799832939066,2.866472357025938,2.79575710678411,2.9388799271747925,2.980710592151253,3.9428462964470534,2.898443365954519
94,2.62,4.553938331253622,2.6978591491070523,2.2614700659020364,2.759394410713969,2.7810928127804266,2.859703059667925,2.7297000836252945,2.74699674076343,2.791269588180925,2.8061079435677776,2.731649788195538,2.768538051394512,2.823266970036433,2.8289628400769837,2.781328855135456,2.8617984449056126,2.7387423731352514,2.7353513837141623,2.811034901378674,3.3775862920457413,2.928790155648536,2.6268663779167523,2.681630617256401,2.877426778075944,2.7892012369639487,2.773949131307683,2.7837632880585446,2.6981024449261817,2.8281502534309446,2.778342346455358,2.8119126498364264,2.743461479139948,2.88226625810377,2.92207533387256,3.8497332498518,2.8431175358188208
95,2.6533333333333333,4.650280002241313,2.731996197944597,2.3115070806110105,2.8088133524110854,2.8235156210650167,2.90730863219369,2.770589106252274,2.795025388586233,2.8357728967691083,2.856448096692027,2.778718107299708,2.8131533433971914,2.869402100517773,2.875307352930883,2.82542520429842,2.908410029523902,2.7802757636161903,2.7823601911422444,2.8567415832533642,3.4441220459245594,2.97797078407341,2.676815644047466,2.7193290454279717,2.924697846083528,2.833603185836652,2.820124005882514,2.8310582698614306,2.7369475384725797,2.8725699541457708,2.822290377154148,2.8573790724943526,2.787041168843416,2.9294443156629555,2.9709380491048036,3.9273274553478443,2.8892223942652357
96,2.686666666666667,4.746621673229004,2.766133246782143,2.361544095319985,2.8582322941082023,2.865938429349608,2.9549142047194548,2.811478128879254,2.843054036409036,2.8802762053572915,2.906788249816277,2.8257864264038774,2.857768635399872,2.915537230999114,2.9216518657847836,2.8695215534613845,2.955021614142192,2.8218091540971297,2.8293689985703265,2.9024482651280543,3.510657799803378,3.0271514124982852,2.726764910178181,2.7570274735995426,2.9719689140911125,2.8780051347093556,2.8662988804573453,2.8783532516643167,2.7757926320189785,2.916989654860598,2.866238407852939,2.9028454951522793,2.830620858546885,2.9766223732221406,3.019800764337049,4.0049216608438885,2.935327252711651
97,2.72,4.842963344216694,2.8002702956196885,2.411581110028959,2.907651235805319,2.908361237634198,3.0025197772452197,2.8523671515062334,2.891082684231839,2.924779513945474,2.9571284029405263,2.8728547455080466,2.902383927402551,2.9616723614804545,2.9679963786386834,2.913617902624348,3.0016331987604814,2.863342544578069,2.8763778059984086,2.9481549470027444,3.577193553682195,3.076332040923159,2.7767141763088943,2.7947259017711135,3.019239982098697,2.9224070835820584,2.912473755032176,2.9256482334672027,2.8146377255653765,2.961409355575424,2.9101864385517286,2.948311917810205,2.8742005482503528,3.0238004307813258,3.0686634795692926,4.082515866339931,2.981432111158066
98,2.71,4.814060842920386,2.7900291809684243,2.3965700056162667,2.8928255532961833,2.8956343951488206,2.98823810548749,2.8401004447181393,2.8766740898849985,2.911428521369019,2.942026357003251,2.858734249776796,2.888999339801747,2.9478318223360516,2.954093024782513,2.9003889978754587,2.987649723374995,2.850882527433787,2.8622751637699837,2.934442942440337,3.5572328275185496,3.0615778523956965,2.76172939646968,2.7834163733196418,3.0050586616964208,2.9090864989202476,2.8986212926597266,2.911459738926337,2.802984197501457,2.948083445360976,2.8970020293420915,2.934671991012827,2.861126641339312,3.00964701351357,3.0540046649996193,4.059237604691118,2.9676006536241415
99,2.72,4.842963344216694,2.8002702956196885,2.411581110028959,2.907651235805319,2.908361237634198,3.0025197772452197,2.8523671515062334,2.891082684231839,2.924779513945474,2.9571284029405263,2.8728547455080466,2.902383927402551,2.9616723614804545,2.9679963786386834,2.913617902624348,3.0016331987604814,2.863342544578069,2.8763778059984086,2.9481549470027444,3.577193553682195,3.076332040923159,2.7767141763088943,2.7947259017711135,3.019239982098697,2.9224070835820584,2.912473755032176,2.9256482334672027,2.8146377255653765,2.961409355575424,2.9101864385517286,2.948311917810205,2.8742005482503528,3.0238004307813258,3.0686634795692926,4.082515866339931,2.981432111158066
100,2.72,4.842963344216694,2.8002702956196885,2.411581110028959,2.907651235805319,2.908361237634198,3.0025197772452197,2.8523671515062334,2.891082684231839,2.924779513945474,2.9571284029405263,2.8728547455080466,2.902383927402551,2.9616723614804545,2.9679963786386834,2.913617902624348,3.0016331987604814,2.863342544578069,2.8763778059984086,2.9481549470027444,3.577193553682195,3.076332040923159,2.7767141763088943,2.7947259017711135,3.019239982098697,2.9224070835820584,2.912473755032176,2.9256482334672027,2.8146377255653765,2.961409355575424,2.9101864385517286,2.948311917810205,2.8742005482503528,3.0238004307813258,3.0686634795692926,4.082515866339931,2.981432111158066
101,2.75,4.929670848105616,2.830993639573479,2.456614423267036,2.9521282833327236,2.9465417650903296,3.0453647925184075,2.8891672718705146,2.934308467272362,2.964832491674839,3.002434540752351,2.915216232701799,2.942537690204963,3.003193978913661,3.009706440207193,2.9533046168710158,3.0435836249169426,2.900722596010914,2.9186857326836826,2.9892909606899654,3.6370757321731317,3.1205946065055454,2.8216685158265373,2.828654487125527,3.0617839433055223,2.9623688375674915,2.954031142149524,2.9682137170898004,2.8495983097571354,3.0013870862187675,2.9497396661806397,2.989231698202339,2.9134222689834735,3.066260682584592,3.112639923278312,4.15235065128637,3.0229264837598397
102,2.75,4.929670848105616,2.830993639573479,2.456614423267036,2.9521282833327236,2.9465417650903296,3.0453647925184075,2.8891672718705146,2.934308467272362,2.964832491674839,3.002434540752351,2.915216232701799,2.942537690204963,3.003193978913661,3.009706440207193,2.9533046168710158,3.0435836249169426,2.900722596010914,2.9186857326836826,2.9892909606899654,3.6370757321731317,3.1205946065055454,2.8216685158265373,2.828654487125527,3.0617839433055223,2.9623688375674915,2.954031142149524,2.9682137170898004,2.8495983097571354,3.0013870862187675,2.9497396661806397,2.989231698202339,2.9134222689834735,3.066260682584592,3.112639923278312,4.15235065128637,3.0229264837598397
103,2.75,4.929670848105616,2.830993639573479,2.456614423267036,2.9521282833327236,2.9465417650903296,3.0453647925184075,2.8891672718705146,2.934308467272362,2.964832491674839,3.002434540752351,2.915216232701799,2.942537690204963,3.003193978913661,3.009706440207193,2.9533046168710158,3.0435836249169426,2.900722596010914,2.9186857326836826,2.9892909606899654,3.6370757321731317,3.1205946065055454,2.8216685158265373,2.828654487125527,3.0617839433055223,2.9623688375674915,2.954031142149524,2.9682137170898004,2.8495983097571354,3.0013870862187675,2.9497396661806397,2.989231698202339,2.9134222689834735,3.066260682584592,3.112639923278312,4.15235065128637,3.0229264837598397
104,2.75,4.929670848105616,2.830993639573479,2.456614423267036,2.9521282833327236,2.9465417650903296,3.0453647925184075,2.8891672718705146,2.934308467272362,2.964832491674839,3.002434540752351,2.915216232701799,2.942537690204963,3.003193978913661,3.009706440207193,2.9533046168710158,3.0435836249169426,2.900722596010914,2.9186857326836826,2.9892909606899654,3.6370757321731317,3.1205946065055454,2.8216685158265373,2.828654487125527,3.0617839433055223,2.9623688375674915,2.954031142149524,2.9682137170898004,2.8495983097571354,3.0013870862187675,2.9497396661806397,2.989231698202339,2.9134222689834735,3.066260682584592,3.112639923278312,4.15235065128637,3.0229264837598397
105,2.66,4.669548336438852,2.738823607712107,2.321514483552805,2.8186971407505084,2.832000182721935,2.9168297466988427,2.7787669107776702,2.8046311181507937,2.844673558486745,2.866516127316877,2.7881317711205416,2.8220764017977276,2.878629126614041,2.8845762555016634,2.834244474131013,2.91773234644756,2.7885824417123786,2.7917619526278608,2.8658829196283024,3.457429196700323,2.9878069097583855,2.6868054972736095,2.726868731062286,2.9341520596850454,2.842483575611193,2.82935898079748,2.840517266222008,2.7447165571818593,2.8814538942887364,2.8310799832939066,2.866472357025938,2.79575710678411,2.9388799271747925,2.980710592151253,3.9428462964470534,2.898443365954519
106,2.55,4.351620822179472,2.626171346548207,2.156392335013189,2.6556146331500234,2.6920049153827863,2.7597313573638185,2.6438331361086376,2.6461365803355426,2.6978126401457403,2.7003936220068527,2.632806318076782,2.6748459381888843,2.726383196025617,2.731639363083794,2.6887265218932312,2.7639141172072037,2.651522253125279,2.636632888115189,2.715050869441825,3.237861208900223,2.8255108359563,2.5219729190422515,2.6024639180961016,2.7781575352600165,2.6959571443312713,2.6769818947005373,2.6844438262724832,2.6165277484787444,2.734868881929809,2.6860514819878984,2.7164331622547815,2.6519441307626654,2.783192337229481,2.8194636318848465,3.6867854183101088,2.746297333081349
107,2.54,4.322718320883165,2.615930231896943,2.141381230600498,2.6407889506408893,2.679278072897409,2.7454496856060895,2.631566429320544,2.6317279859887024,2.684461647569286,2.6852915760695786,2.6186858223455314,2.6614613505880804,2.712542656881215,2.7177360092276244,2.6754976171443428,2.7499306418217166,2.6390622359809974,2.622530245886765,2.701338864879418,3.217900482736578,2.8107566474288377,2.5069881392030386,2.5911543896446307,2.763976214857742,2.6826365596694606,2.6631294323280885,2.670255331731618,2.604874220414825,2.721542971715361,2.6728670727782617,2.7027932354574036,2.6388702238516255,2.7690389199617256,2.8048048173151736,3.6635071566612964,2.732465875547425
108,2.5575,4.373297698151703,2.6338521825366548,2.1676506633227093,2.6667338950318755,2.701550047246819,2.770442611182116,2.653033166199708,2.656943026095674,2.707825884578082,2.7117201564598097,2.64339668987522,2.6848843788894876,2.7367636003839193,2.7420668784759217,2.6986482004548984,2.7744017237463194,2.660867265983491,2.6472098697865083,2.7253348728636304,3.2528317535229574,2.836576477351897,2.533211503921663,2.610946064434706,2.788793525561724,2.70594758282763,2.687371241479875,2.695085197178133,2.6252678945266843,2.744863314590645,2.6959397888951266,2.726663107352815,2.661749560945946,2.7938074001802984,2.8304577428121025,3.704244114546719,2.7566709262317928
109,2.575,4.423877075420241,2.651774133176366,2.1939200960449208,2.692678839422862,2.7238220215962294,2.7954355367581423,2.6744999030788725,2.682158066202646,2.731190121586878,2.7381487368500412,2.66810755740491,2.7083074071908944,2.760984543886623,2.766397747724219,2.721798783765455,2.7988728056709213,2.682672295985984,2.671889493686251,2.7493308808478427,3.287763024309337,2.862396307274956,2.559434868640288,2.630737739224781,2.8136108362657053,2.7292586059857995,2.7116130506316614,2.719915062624649,2.6456615686385434,2.768183657465929,2.7190125050119915,2.7505329792482263,2.6846288980402666,2.8185758803988707,2.8561106683090305,3.744981072432142,2.780875976916161
110,2.5925,4.474456452688777,2.669696083816077,2.220189528767132,2.718623783813847,2.746093995945639,2.820428462334169,2.695966639958036,2.7073731063096167,2.7545543585956738,2.7645773172402714,2.692818424934598,2.7317304354923007,2.7852054873893266,2.790728616972516,2.7449493670760106,2.823343887595523,2.704477325988476,2.6965691175859945,2.773326888832054,3.3226942950957157,2.8882161371980146,2.5856582333589126,2.6505294140148545,2.8384281469696866,2.7525696291439683,2.735854859783447,2.7447449280711633,2.666055242750402,2.791504000341212,2.742085221128856,2.774402851143637,2.707508235134587,2.8433443606174422,2.881763593805958,3.785718030317564,2.805081027600528
111,2.61,4.525035829957315,2.6876180344557885,2.2464589614893438,2.744568728204834,2.7683659702950494,2.8454213879101955,2.7174333768372008,2.732588146416589,2.7779185956044703,2.7910058976305026,2.7175292924642873,2.755153463793708,2.8094264308920303,2.8150594862208136,2.7680999503865666,2.8478149695201256,2.7262823559909695,2.7212487414857374,2.797322896816267,3.3576255658820964,2.914035967121073,2.6118815980775376,2.6703210888049296,2.863245457673669,2.7758806523021375,2.7600966689352333,2.7695747935176787,2.6864489168622616,2.8148243432164963,2.7651579372457213,2.7982727230390485,2.730387572228908,2.868112840836014,2.907416519302887,3.8264549882029875,2.8292860782848965
112,2.53,4.293815819586857,2.6056891172456798,2.126370126187805,2.625963268131754,2.6665512304120322,2.73116801384836,2.6192997225324497,2.6173193916418613,2.6711106549928307,2.6701895301323035,2.6045653266142805,2.6480767629872766,2.698702117736813,2.7038326553714542,2.662268712395453,2.7359471664362296,2.6266022188367155,2.60842760365834,2.6876268603170104,3.1979397565729326,2.796002458901375,2.4920033593638236,2.5798448611931595,2.7497948944554667,2.66931597500765,2.649276969955639,2.6560668371907523,2.593220692350905,2.708217061500913,2.659682663568625,2.6891533086600257,2.625796316940585,2.7548855026939707,2.7901460027455003,3.640228895012483,2.7186344180135
113,2.53,4.293815819586857,2.6056891172456798,2.126370126187805,2.625963268131754,2.6665512304120322,2.73116801384836,2.6192997225324497,2.6173193916418613,2.6711106549928307,2.6701895301323035,2.6045653266142805,2.6480767629872766,2.698702117736813,2.7038326553714542,2.662268712395453,2.7359471664362296,2.6266022188367155,2.60842760365834,2.6876268603170104,3.1979397565729326,2.796002458901375,2.4920033593638236,2.5798448611931595,2.7497948944554667,2.66931597500765,2.649276969955639,2.6560668371907523,2.593220692350905,2.708217061500913,2.659682663568625,2.6891533086600257,2.625796316940585,2.7548855026939707,2.7901460027455003,3.640228895012483,2.7186344180135
114,2.54,4.322718320883165,2.615930231896943,2.141381230600498,2.6407889506408893,2.679278072897409,2.7454496856060895,2.631566429320544,2.6317279859887024,2.684461647569286,2.6852915760695786,2.6186858223455314,2.6614613505880804,2.712542656881215,2.7177360092276244,2.6754976171443428,2.7499306418217166,2.6390622359809974,2.622530245886765,2.701338864879418,3.217900482736578,2.8107566474288377,2.5069881392030386,2.5911543896446307,2.763976214857742,2.6826365596694606,2.6631294323280885,2.670255331731618,2.604874220414825,2.721542971715361,2.6728670727782617,2.7027932354574036,2.6388702238516255,2.7690389199617256,2.8048048173151736,3.6635071566612964,2.732465875547425
115,2.58,4.438328326068394,2.6568946905019977,2.201425648251267,2.700091680677429,2.7301854428389176,2.802576372637007,2.6806332564729196,2.689362363376066,2.7378656178751055,2.7456997598186783,2.6751678052705348,2.7149997009912963,2.767904813458824,2.773349424652304,2.7284132361398994,2.805864543363665,2.688902304558124,2.6789408148004634,2.756186883129046,3.2977433873911597,2.869773401538687,2.5669272585598955,2.636392503450516,2.820701496466843,2.7359188983167044,2.718539281817886,2.7270093098950814,2.651488332670503,2.774846612573153,2.72560470961681,2.757352942646915,2.691165851495787,2.8256525890327477,2.863440075593867,3.7566202032565488,2.7877917056831225
116,2.58,4.438328326068394,2.6568946905019977,2.201425648251267,2.700091680677429,2.7301854428389176,2.802576372637007,2.6806332564729196,2.689362363376066,2.7378656178751055,2.7456997598186783,2.6751678052705348,2.7149997009912963,2.767904813458824,2.773349424652304,2.7284132361398994,2.805864543363665,2.688902304558124,2.6789408148004634,2.756186883129046,3.2977433873911597,2.869773401538687,2.5669272585598955,2.636392503450516,2.820701496466843,2.7359188983167044,2.718539281817886,2.7270093098950814,2.651488332670503,2.774846612573153,2.72560470961681,2.757352942646915,2.691165851495787,2.8256525890327477,2.863440075593867,3.7566202032565488,2.7877917056831225
117,2.58,4.438328326068394,2.6568946905019977,2.201425648251267,2.700091680677429,2.7301854428389176,2.802576372637007,2.6806332564729196,2.689362363376066,2.7378656178751055,2.7456997598186783,2.6751678052705348,2.7149997009912963,2.767904813458824,2.773349424652304,2.7284132361398994,2.805864543363665,2.688902304558124,2.6789408148004634,2.756186883129046,3.2977433873911597,2.869773401538687,2.5669272585598955,2.636392503450516,2.820701496466843,2.7359188983167044,2.718539281817886,2.7270093098950814,2.651488332670503,2.774846612573153,2.72560470961681,2.757352942646915,2.691165851495787,2.8256525890327477,2.863440075593867,3.7566202032565488,2.7877917056831225
118,2.58,4.438328326068394,2.6568946905019977,2.201425648251267,2.700091680677429,2.7301854428389176,2.802576372637007,2.6806332564729196,2.689362363376066,2.7378656178751055,2.7456997598186783,2.6751678052705348,2.7149997009912963,2.767904813458824,2.773349424652304,2.7284132361398994,2.805864543363665,2.688902304558124,2.6789408148004634,2.756186883129046,3.2977433873911597,2.869773401538687,2.5669272585598955,2.636392503450516,2.820701496466843,2.7359188983167044,2.718539281817886,2.7270093098950814,2.651488332670503,2.774846612573153,2.72560470961681,2.757352942646915,2.691165851495787,2.8256525890327477,2.863440075593867,3.7566202032565488,2.7877917056831225
119,2.59,4.4672308273647,2.667135805153261,2.216436752663959,2.7149173631865637,2.7429122853242944,2.8168580443947366,2.692899963261013,2.7037709577229068,2.75121661045156,2.7608018057559525,2.6892883010017856,2.7283842885920997,2.7817453526032256,2.7872527785084733,2.7416421408887883,2.819848018749151,2.7013623217024056,2.693043457028888,2.7698988876914528,3.3177041135548047,2.8845275900661487,2.581912038399109,2.6477020319019866,2.8348828168691176,2.749239482978515,2.732391744190335,2.741197804435947,2.6631418607344224,2.7881725227876,2.7387891188264466,2.7709928694442927,2.7042397584068274,2.839806006300503,2.87809889016354,3.7798984649053606,2.801623163217047
120,2.59,4.4672308273647,2.667135805153261,2.216436752663959,2.7149173631865637,2.7429122853242944,2.8168580443947366,2.692899963261013,2.7037709577229068,2.75121661045156,2.7608018057559525,2.6892883010017856,2.7283842885920997,2.7817453526032256,2.7872527785084733,2.7416421408887883,2.819848018749151,2.7013623217024056,2.693043457028888,2.7698988876914528,3.3177041135548047,2.8845275900661487,2.581912038399109,2.6477020319019866,2.8348828168691176,2.749239482978515,2.732391744190335,2.741197804435947,2.6631418607344224,2.7881725227876,2.7387891188264466,2.7709928694442927,2.7042397584068274,2.839806006300503,2.87809889016354,3.7798984649053606,2.801623163217047
121,2.63,4.5828408325499295,2.708100263758316,2.276481170314728,2.7742200932231036,2.7938196552658034,2.8739847314256544,2.7419667904133886,2.7614053351102705,2.80462058075738,2.8212099895050526,2.745770283926789,2.7819226389953156,2.837107509180835,2.842866193933154,2.794557759884345,2.8757819202910992,2.7512023902795333,2.749454025942587,2.824746905941081,3.3975470182093868,2.943544344175998,2.641851157755966,2.692940145707872,2.891608098478219,2.8025218216257595,2.7878015936801326,2.79795178259941,2.7097559729901004,2.8414761636453925,2.791526755664995,2.8255525766338043,2.756535386050989,2.8964196753715257,2.936734148442233,3.873011511500614,2.8569489933527454
122,2.59,4.4672308273647,2.667135805153261,2.216436752663959,2.7149173631865637,2.7429122853242944,2.8168580443947366,2.692899963261013,2.7037709577229068,2.75121661045156,2.7608018057559525,2.6892883010017856,2.7283842885920997,2.7817453526032256,2.7872527785084733,2.7416421408887883,2.819848018749151,2.7013623217024056,2.693043457028888,2.7698988876914528,3.3177041135548047,2.8845275900661487,2.581912038399109,2.6477020319019866,2.8348828168691176,2.749239482978515,2.732391744190335,2.741197804435947,2.6631418607344224,2.7881725227876,2.7387891188264466,2.7709928694442927,2.7042397584068274,2.839806006300503,2.87809889016354,3.7798984649053606,2.801623163217047
123,2.5733333333333333,4.419059991870856,2.6500672807344885,2.191418245309472,2.6902078923380057,2.7217008811819996,2.7930552581318544,2.672455451947523,2.6797566338115058,2.7289649561574687,2.735631729193828,2.665754141449701,2.7060766425907605,2.758677787362556,2.7640805220815237,2.7195939663073068,2.796542226440007,2.680595626461937,2.669539053314847,2.747045546754108,3.2844362366153965,2.859937275853712,2.5569374053337524,2.6288528178162016,2.811247282865326,2.7270385085421642,2.7093043069029195,2.7175503135345043,2.643719313961223,2.765962672430187,2.716815103477052,2.74825965811533,2.6824499135550934,2.816216977520911,2.853667532547418,3.74110136215734,2.77857073399384
124,2.556666666666666,4.37088915637701,2.632998756315716,2.166399737954985,2.6654984214894473,2.7004894770397043,2.7692524718689717,2.6520109406340335,2.655742309900104,2.706713301863377,2.7104616526317034,2.642219981897616,2.68376899658942,2.7356102221218856,2.740908265654574,2.6975457917258243,2.7732364341308617,2.6598289312214667,2.646034649600806,2.724192205816763,3.251168359675987,2.835346961641275,2.531962772268395,2.6100036037304157,2.7876117488615337,2.7048375341058124,2.686216869615504,2.693902822633061,2.624296767188024,2.7437528220727745,2.6948410881276565,2.7255264467863665,2.660660068703359,2.792627948741319,2.829236174931296,3.7023042594093174,2.755518304770632
125,2.54,4.322718320883165,2.615930231896943,2.141381230600498,2.6407889506408893,2.679278072897409,2.7454496856060895,2.631566429320544,2.6317279859887024,2.684461647569286,2.6852915760695786,2.6186858223455314,2.6614613505880804,2.712542656881215,2.7177360092276244,2.6754976171443428,2.7499306418217166,2.6390622359809974,2.622530245886765,2.701338864879418,3.217900482736578,2.8107566474288377,2.5069881392030386,2.5911543896446307,2.763976214857742,2.6826365596694606,2.6631294323280885,2.670255331731618,2.604874220414825,2.721542971715361,2.6728670727782617,2.7027932354574036,2.6388702238516255,2.7690389199617256,2.8048048173151736,3.6635071566612964,2.732465875547425
126,2.54,4.322718320883165,2.615930231896943,2.141381230600498,2.6407889506408893,2.679278072897409,2.7454496856060895,2.631566429320544,2.6317279859887024,2.684461647569286,2.6852915760695786,2.6186858223455314,2.6614613505880804,2.712542656881215,2.7177360092276244,2.6754976171443428,2.7499306418217166,2.6390622359809974,2.622530245886765,2.701338864879418,3.217900482736578,2.8107566474288377,2.5069881392030386,2.5911543896446307,2.763976214857742,2.6826365596694606,2.6631294323280885,2.670255331731618,2.604874220414825,2.721542971715361,2.6728670727782617,2.7027932354574036,2.6388702238516255,2.7690389199617256,2.8048048173151736,3.6635071566612964,2.732465875547425
127,2.64,4.6117433338462375,2.71834137840958,2.2914922747274207,2.789045775732239,2.806546497751181,2.8882664031833842,2.7542334972014824,2.775813929457112,2.8179715733338355,2.8363120354423272,2.75989077965804,2.79530722659612,2.850948048325237,2.856769547789324,2.807786664633235,2.8897653956765863,2.7636624074238147,2.7635566681710118,2.8384589105034883,3.4175077443730326,2.958298532703461,2.6568359375951807,2.7042496741593434,2.9057894188804947,2.8158424062875707,2.801654056052582,2.8121402771402764,2.7214095010540205,2.8548020738598407,2.8047111648746323,2.8391925034311827,2.7696092929620293,2.9105730926392814,2.9513929630119065,3.896289773149427,2.87078045088667
128,2.62,4.553938331253622,2.6978591491070523,2.2614700659020364,2.759394410713969,2.7810928127804266,2.859703059667925,2.7297000836252945,2.74699674076343,2.791269588180925,2.8061079435677776,2.731649788195538,2.768538051394512,2.823266970036433,2.8289628400769837,2.781328855135456,2.8617984449056126,2.7387423731352514,2.7353513837141623,2.811034901378674,3.3775862920457413,2.928790155648536,2.6268663779167523,2.681630617256401,2.877426778075944,2.7892012369639487,2.773949131307683,2.7837632880585446,2.6981024449261817,2.8281502534309446,2.778342346455358,2.8119126498364264,2.743461479139948,2.88226625810377,2.92207533387256,3.8497332498518,2.8431175358188208
129,2.64,4.6117433338462375,2.71834137840958,2.2914922747274207,2.789045775732239,2.806546497751181,2.8882664031833842,2.7542334972014824,2.775813929457112,2.8179715733338355,2.8363120354423272,2.75989077965804,2.79530722659612,2.850948048325237,2.856769547789324,2.807786664633235,2.8897653956765863,2.7636624074238147,2.7635566681710118,2.8384589105034883,3.4175077443730326,2.958298532703461,2.6568359375951807,2.7042496741593434,2.9057894188804947,2.8158424062875707,2.801654056052582,2.8121402771402764,2.7214095010540205,2.8548020738598407,2.8047111648746323,2.8391925034311827,2.7696092929620293,2.9105730926392814,2.9513929630119065,3.896289773149427,2.87078045088667
130,2.6633333333333336,4.67918250353762,2.742237312595861,2.326518185023703,2.8236390349202205,2.836242463550394,2.9215903039514197,2.782855813040368,2.809433982933074,2.849123889345563,2.871550142629302,2.792838603030959,2.8265379309979957,2.8832426396621753,2.889210706787053,2.8386541090473094,2.9223935049093894,2.7927357807604722,2.7964628333706694,2.8704535878157715,3.4640827720882053,2.9927249726008727,2.691800423886681,2.730638573879443,2.938879166485804,2.846923770498463,2.8339764682549635,2.8452467644022965,2.7486010665364993,2.8858958643602186,2.8354747863637852,2.8710189992917305,2.800115075754457,2.943597732930711,2.985596863674478,3.9506057169966575,2.9030538517991604
131,2.6866666666666665,4.746621673229003,2.7661332467821427,2.3615440953199847,2.858232294108202,2.8659384293496073,2.9549142047194543,2.811478128879253,2.843054036409036,2.880276205357291,2.9067882498162767,2.8257864264038774,2.8577686353998715,2.9155372309991137,2.921651865784783,2.869521553461384,2.9550216141421917,2.8218091540971297,2.8293689985703265,2.9024482651280543,3.5106577998033774,3.0271514124982843,2.7267649101781806,2.757027473599542,2.971968914091112,2.878005134709355,2.866298880457345,2.8783532516643167,2.7757926320189776,2.9169896548605974,2.866238407852938,2.9028454951522784,2.830620858546884,2.97662237322214,3.019800764337048,4.004921660843888,2.9353272527116507
132,2.71,4.814060842920386,2.7900291809684243,2.3965700056162667,2.8928255532961833,2.8956343951488206,2.98823810548749,2.8401004447181393,2.8766740898849985,2.911428521369019,2.942026357003251,2.858734249776796,2.888999339801747,2.9478318223360516,2.954093024782513,2.9003889978754587,2.987649723374995,2.850882527433787,2.8622751637699837,2.934442942440337,3.5572328275185496,3.0615778523956965,2.76172939646968,2.7834163733196418,3.0050586616964208,2.9090864989202476,2.8986212926597266,2.911459738926337,2.802984197501457,2.948083445360976,2.8970020293420915,2.934671991012827,2.861126641339312,3.00964701351357,3.0540046649996193,4.059237604691118,2.9676006536241415
133,2.7,4.78515834162408,2.779788066317161,2.3815589012035745,2.8779998707870487,2.8829075526634442,2.9739564337297604,2.8278337379300456,2.8622654955381575,2.898077528792564,2.926924311065977,2.8446137540455454,2.8756147522009434,2.93399128319165,2.940189670926343,2.8871600931265697,2.9736662479895077,2.8384225102895053,2.848172521541559,2.9207309378779307,3.5372721013549047,3.0468236638682344,2.7467446166304663,2.772106844868171,2.9908773412941465,2.895765914258437,2.8847688302872774,2.897271244385471,2.7913306694375377,2.9347575351465283,2.8838176201324544,2.9210320642154497,2.8480527344282716,2.9954935962458147,3.039345850429946,4.035959343042306,2.953769196090217
134,2.69,4.756255840327772,2.7695469516658973,2.3665477967908823,2.8631741882779136,2.8701807101780665,2.959674761972031,2.8155670311419514,2.8478569011913164,2.8847265362161094,2.9118222651287016,2.830493258314294,2.862230164600139,2.9201507440472474,2.926286317070173,2.8739311883776804,2.9596827726040207,2.8259624931452234,2.8340698793131347,2.9070189333155234,3.517311375191259,3.032069475340772,2.7317598367912517,2.7607973164166992,2.976696020891871,2.8824453295966252,2.8709163679148277,2.883082749844605,2.7796771413736177,2.92143162493208,2.8706332109228176,2.9073921374180713,2.8349788275172307,2.981340178978059,3.024687035860272,4.0126810813934926,2.939937738556292
135,2.62,4.553938331253622,2.6978591491070523,2.2614700659020364,2.759394410713969,2.7810928127804266,2.859703059667925,2.7297000836252945,2.74699674076343,2.791269588180925,2.8061079435677776,2.731649788195538,2.768538051394512,2.823266970036433,2.8289628400769837,2.781328855135456,2.8617984449056126,2.7387423731352514,2.7353513837141623,2.811034901378674,3.3775862920457413,2.928790155648536,2.6268663779167523,2.681630617256401,2.877426778075944,2.7892012369639487,2.773949131307683,2.7837632880585446,2.6981024449261817,2.8281502534309446,2.778342346455358,2.8119126498364264,2.743461479139948,2.88226625810377,2.92207533387256,3.8497332498518,2.8431175358188208
136,2.61,4.525035829957315,2.6876180344557885,2.2464589614893438,2.744568728204834,2.7683659702950494,2.8454213879101955,2.7174333768372008,2.732588146416589,2.7779185956044703,2.7910058976305026,2.7175292924642873,2.755153463793708,2.8094264308920303,2.8150594862208136,2.7680999503865666,2.8478149695201256,2.7262823559909695,2.7212487414857374,2.797322896816267,3.3576255658820964,2.914035967121073,2.6118815980775376,2.6703210888049296,2.863245457673669,2.7758806523021375,2.7600966689352333,2.7695747935176787,2.6864489168622616,2.8148243432164963,2.7651579372457213,2.7982727230390485,2.730387572228908,2.868112840836014,2.907416519302887,3.8264549882029875,2.8292860782848965
137,2.64,4.6117433338462375,2.71834137840958,2.2914922747274207,2.789045775732239,2.806546497751181,2.8882664031833842,2.7542334972014824,2.775813929457112,2.8179715733338355,2.8363120354423272,2.75989077965804,2.79530722659612,2.850948048325237,2.856769547789324,2.807786664633235,2.8897653956765863,2.7636624074238147,2.7635566681710118,2.8384589105034883,3.4175077443730326,2.958298532703461,2.6568359375951807,2.7042496741593434,2.9057894188804947,2.8158424062875707,2.801654056052582,2.8121402771402764,2.7214095010540205,2.8548020738598407,2.8047111648746323,2.8391925034311827,2.7696092929620293,2.9105730926392814,2.9513929630119065,3.896289773149427,2.87078045088667
138,2.67,4.698450837735158,2.74906472236337,2.336525587965497,2.8335228232596434,2.8447270252073125,2.931111418456572,2.7910336175657635,2.8190397124976343,2.8580245510631994,2.881618173254152,2.8022522668517924,2.8354609893985314,2.892469665758443,2.8984796093578327,2.8474733788799016,2.931715821833047,2.80104245885666,2.805864594856285,2.879594924190709,3.477389922863968,3.002561098285847,2.701790277112823,2.7381782595137567,2.9483333800873206,2.8558041602730033,2.8432114431699294,2.854705760762873,2.756370085245779,2.894779804503184,2.8442643925035433,2.8801122838233155,2.8088310136951504,2.953033344442548,2.995369406720926,3.9661245580958653,2.9122748234884432
139,2.7,4.78515834162408,2.779788066317161,2.3815589012035745,2.8779998707870487,2.8829075526634442,2.9739564337297604,2.8278337379300456,2.8622654955381575,2.898077528792564,2.926924311065977,2.8446137540455454,2.8756147522009434,2.93399128319165,2.940189670926343,2.8871600931265697,2.9736662479895077,2.8384225102895053,2.848172521541559,2.9207309378779307,3.5372721013549047,3.0468236638682344,2.7467446166304663,2.772106844868171,2.9908773412941465,2.895765914258437,2.8847688302872774,2.897271244385471,2.7913306694375377,2.9347575351465283,2.8838176201324544,2.9210320642154497,2.8480527344282716,2.9954935962458147,3.039345850429946,4.035959343042306,2.953769196090217
140,2.73,4.8718658455130015,2.810511410270952,2.426592214441651,2.9224769183144534,2.921088080119575,3.0168014490029487,2.8646338582943267,2.90549127857868,2.938130506521929,2.972230448877801,2.8869752412392975,2.915768515003355,2.975512900624856,2.9818997324948526,2.926846807373237,3.0156166741459685,2.8758025617223506,2.890480448226833,2.9618669515651512,3.5971542798458405,3.091086229450621,2.7916989561481085,2.8060354302225843,3.0334213025009715,2.9357276682438695,2.9263262174046254,2.939836728008068,2.8262912536292957,2.974735265789872,2.9233708477613654,2.961951844607583,2.8872744551613927,3.0379538480490806,3.0833222941389655,4.105794127988744,2.995263568691991
141,2.73,4.8718658455130015,2.810511410270952,2.426592214441651,2.9224769183144534,2.921088080119575,3.0168014490029487,2.8646338582943267,2.90549127857868,2.938130506521929,2.972230448877801,2.8869752412392975,2.915768515003355,2.975512900624856,2.9818997324948526,2.926846807373237,3.0156166741459685,2.8758025617223506,2.890480448226833,2.9618669515651512,3.5971542798458405,3.091086229450621,2.7916989561481085,2.8060354302225843,3.0334213025009715,2.9357276682438695,2.9263262174046254,2.939836728008068,2.8262912536292957,2.974735265789872,2.9233708477613654,2.961951844607583,2.8872744551613927,3.0379538480490806,3.0833222941389655,4.105794127988744,2.995263568691991
142,2.56,4.38052332347578,2.6364124611994706,2.1714034394258825,2.6704403156591594,2.7047317578681636,2.774013029121549,2.6560998428967317,2.6605451746823845,2.7111636327221955,2.7154956679441287,2.6469268138080335,2.6882305257896886,2.7402237351700194,2.745542716939964,2.7019554266421206,2.777897592592691,2.6639822702695612,2.6507355303436144,2.7287628740042322,3.257821935063869,2.840265024483762,2.5369576988814666,2.6137734465475733,2.792338855662293,2.709277728993083,2.6908343570729873,2.69863232081335,2.628181276542664,2.748194792144257,2.699235891197536,2.7300730890521594,2.6650180376737067,2.797345754497237,2.8341224464545203,3.710063679958923,2.7601287906152736
143,2.6,4.496133328661008,2.677376919804525,2.231447857076652,2.7297430456956993,2.7556391278096726,2.8311397161524665,2.705166670049107,2.7181795520697483,2.7645676030280155,2.775903851693228,2.703408796733037,2.7417688761929044,2.7955858917476286,2.801156132364644,2.754871045637678,2.8338314941346385,2.713822338846688,2.7071460992573133,2.7836108922538605,3.337664839718451,2.8992817785936116,2.596896818238324,2.6590115603534583,2.8490641372713936,2.762560067640327,2.7462442065627846,2.755386298976813,2.6747953887983424,2.801498433002049,2.751973528036084,2.784632796241671,2.717313665317868,2.8539594235682593,2.892757704733213,3.8031767265541743,2.8154546207509723
144,2.6125,4.532261455281391,2.6901783131186043,2.2502117375925166,2.7482751488321178,2.7715476809163935,2.8489918058496277,2.720500053534224,2.736190295003299,2.7812563437485838,2.794781409114821,2.7210594163971,2.758499610693909,2.812886565678131,2.8185353246848557,2.771407176573789,2.8513108383664973,2.72939736027704,2.7247744020428435,2.8007508979568687,3.362615747423006,2.917724514252939,2.615627793037341,2.673148470917797,2.866790787774237,2.7792107984675902,2.763559784528346,2.7731219171528947,2.6893622988782413,2.8181558207701083,2.7684540395481303,2.801682704738393,2.733656048956668,2.8716511951529533,2.9110812229453047,3.83227455361519,2.832743942668377
145,2.625,4.568389581901776,2.702979706432684,2.268975618108382,2.7668072519685363,2.7874562340231153,2.86684389554679,2.7358334370193416,2.7542010379368502,2.797945084469153,2.813658966536415,2.7387100360611636,2.775230345194914,2.830187239608634,2.835914517005069,2.7879433075099005,2.8687901825983557,2.744972381707392,2.7424027048283746,2.817890903659878,3.387566655127564,2.9361672499122675,2.634358767836359,2.6872853814821362,2.884517438277082,2.7958615292948545,2.7808753624939078,2.7908575353289775,2.703929208958141,2.8348132085381685,2.784934551060177,2.8187326132351154,2.7499984325954685,2.8893429667376482,2.9294047411573967,3.861372380676207,2.8500332645857833
146,2.6375,4.6045177085221605,2.7157810997467635,2.287739498624248,2.7853393551049552,2.8033647871298366,2.884695985243952,2.7511668205044595,2.7722117808704017,2.8146338251897216,2.8325365239580087,2.756360655725228,2.791961079695919,2.847487913539137,2.853293709325281,2.8044794384460126,2.8862695268302145,2.7605474031377444,2.7600310076139056,2.835030909362887,3.4125175628321207,2.954609985571595,2.6530897426353772,2.7014222920464754,2.902244088779926,2.8125122601221184,2.7981909404594694,2.80859315350506,2.718496119038041,2.8514705963062283,2.8014150625722234,2.8357825217318378,2.766340816234269,2.9070347383223423,2.9477282593694882,3.890470207737224,2.867322586503189
147,2.65,4.640645835142544,2.7285824930608427,2.306503379140113,2.8038714582413737,2.8192733402365575,2.902548074941113,2.766500203989576,2.790222523803952,2.8313225659102894,2.8514140813796023,2.7740112753892907,2.8086918141969237,2.864788587469639,2.8706729016454933,2.8210155693821237,2.9037488710620725,2.776122424568096,2.777659310399436,2.852170915065895,3.437468470536677,2.973052721230923,2.6718207174343944,2.7155592026108146,2.91997073928277,2.8291629909493814,2.815506518425031,2.826328771681142,2.7330630291179396,2.868127984074288,2.817895574084269,2.8528324302285597,2.7826831998730697,2.9247265099070363,2.9660517775815793,3.91956803479824,2.8846119084205943
148,2.69,4.756255840327772,2.7695469516658973,2.3665477967908823,2.8631741882779136,2.8701807101780665,2.959674761972031,2.8155670311419514,2.8478569011913164,2.8847265362161094,2.9118222651287016,2.830493258314294,2.862230164600139,2.9201507440472474,2.926286317070173,2.8739311883776804,2.9596827726040207,2.8259624931452234,2.8340698793131347,2.9070189333155234,3.517311375191259,3.032069475340772,2.7317598367912517,2.7607973164166992,2.976696020891871,2.8824453295966252,2.8709163679148277,2.883082749844605,2.7796771413736177,2.92143162493208,2.8706332109228176,2.9073921374180713,2.8349788275172307,2.981340178978059,3.024687035860272,4.0126810813934926,2.939937738556292
149,2.69,4.756255840327772,2.7695469516658973,2.3665477967908823,2.8631741882779136,2.8701807101780665,2.959674761972031,2.8155670311419514,2.8478569011913164,2.8847265362161094,2.9118222651287016,2.830493258314294,2.862230164600139,2.9201507440472474,2.926286317070173,2.8739311883776804,2.9596827726040207,2.8259624931452234,2.8340698793131347,2.9070189333155234,3.517311375191259,3.032069475340772,2.7317598367912517,2.7607973164166992,2.976696020891871,2.8824453295966252,2.8709163679148277,2.883082749844605,2.7796771413736177,2.92143162493208,2.8706332109228176,2.9073921374180713,2.8349788275172307,2.981340178978059,3.024687035860272,4.0126810813934926,2.939937738556292
150,2.59,4.4672308273647,2.667135805153261,2.216436752663959,2.7149173631865637,2.7429122853242944,2.8168580443947366,2.692899963261013,2.7037709577229068,2.75121661045156,2.7608018057559525,2.6892883010017856,2.7283842885920997,2.7817453526032256,2.7872527785084733,2.7416421408887883,2.819848018749151,2.7013623217024056,2.693043457028888,2.7698988876914528,3.3177041135548047,2.8845275900661487,2.581912038399109,2.6477020319019866,2.8348828168691176,2.749239482978515,2.732391744190335,2.741197804435947,2.6631418607344224,2.7881725227876,2.7387891188264466,2.7709928694442927,2.7042397584068274,2.839806006300503,2.87809889016354,3.7798984649053606,2.801623163217047
151,2.56,4.38052332347578,2.6364124611994706,2.1714034394258825,2.6704403156591594,2.7047317578681636,2.774013029121549,2.6560998428967317,2.6605451746823845,2.7111636327221955,2.7154956679441287,2.6469268138080335,2.6882305257896886,2.7402237351700194,2.745542716939964,2.7019554266421206,2.777897592592691,2.6639822702695612,2.6507355303436144,2.7287628740042322,3.257821935063869,2.840265024483762,2.5369576988814666,2.6137734465475733,2.792338855662293,2.709277728993083,2.6908343570729873,2.69863232081335,2.628181276542664,2.748194792144257,2.699235891197536,2.7300730890521594,2.6650180376737067,2.797345754497237,2.8341224464545203,3.710063679958923,2.7601287906152736
152,2.53,4.293815819586857,2.6056891172456798,2.126370126187805,2.625963268131754,2.6665512304120322,2.73116801384836,2.6192997225324497,2.6173193916418613,2.6711106549928307,2.6701895301323035,2.6045653266142805,2.6480767629872766,2.698702117736813,2.7038326553714542,2.662268712395453,2.7359471664362296,2.6266022188367155,2.60842760365834,2.6876268603170104,3.1979397565729326,2.796002458901375,2.4920033593638236,2.5798448611931595,2.7497948944554667,2.66931597500765,2.649276969955639,2.6560668371907523,2.593220692350905,2.708217061500913,2.659682663568625,2.6891533086600257,2.625796316940585,2.7548855026939707,2.7901460027455003,3.640228895012483,2.7186344180135
153,2.5,4.207108315697936,2.574965773291889,2.0813368129497287,2.5814862206043494,2.628370702955901,2.6883229985751713,2.5824996021681685,2.5740936086013386,2.6310576772634664,2.6248833923204793,2.562203839420528,2.607923000184865,2.657180500303607,2.6621225938029447,2.6225819981487857,2.6939967402797693,2.5892221674038707,2.5661196769730665,2.64649084662979,3.138057578081996,2.7517398933189883,2.4470490198461814,2.545916275838746,2.7072509332486407,2.6293542210222167,2.6077195828382917,2.613501353568155,2.558260108159147,2.668239330857569,2.6201294359397136,2.648233528267892,2.586574596207464,2.712425250890704,2.7461695590364803,3.5703941100660437,2.6771400454117265
154,2.45,4.062595809216401,2.523760200035571,2.0062812908862675,2.507357808058675,2.564736490529015,2.6169146397865246,2.5211660682276995,2.5020506368671342,2.564302714381192,2.549373162634105,2.4916013607642746,2.5410000621808457,2.5879778045815964,2.592605824522095,2.55643747440434,2.624079363352335,2.526922081682462,2.4956064658309436,2.5779308238177556,3.0382539472637697,2.677968950681678,2.3721251206501104,2.48936863358139,2.636344331237265,2.562751297713162,2.5384572709760453,2.5425588808638264,2.4999924678395495,2.60160977978533,2.5542073898915283,2.5800338942810033,2.5212050616522625,2.6416581645519264,2.672875486188114,3.4540028018219795,2.6079827577421044
155,2.45,4.062595809216401,2.523760200035571,2.0062812908862675,2.507357808058675,2.564736490529015,2.6169146397865246,2.5211660682276995,2.5020506368671342,2.564302714381192,2.549373162634105,2.4916013607642746,2.5410000621808457,2.5879778045815964,2.592605824522095,2.55643747440434,2.624079363352335,2.526922081682462,2.4956064658309436,2.5779308238177556,3.0382539472637697,2.677968950681678,2.3721251206501104,2.48936863358139,2.636344331237265,2.562751297713162,2.5384572709760453,2.5425588808638264,2.4999924678395495,2.60160977978533,2.5542073898915283,2.5800338942810033,2.5212050616522625,2.6416581645519264,2.672875486188114,3.4540028018219795,2.6079827577421044
156,2.4,3.918083302734864,2.4725546267792526,1.9312257688228052,2.433229395512999,2.501102278102129,2.545506280997877,2.4598325342872296,2.430007665132929,2.4975477514989173,2.4738629329477297,2.4209988821080195,2.4740771241768256,2.518775108859585,2.523089055241245,2.4902929506598936,2.5541619864248997,2.4646219959610534,2.4250932546888198,2.5093708010057196,2.938450316445542,2.6041980080443654,2.2972012214540385,2.432820991324033,2.5654377292258883,2.4961483744041066,2.469194959113798,2.471616408159497,2.4417248275199515,2.5349802287130894,2.4882853438433425,2.511834260294113,2.4558355270970598,2.570891078213148,2.5995814133397475,3.3376114935779126,2.5388254700724815
157,2.43,4.004790806623786,2.503277970733044,1.9762590820608827,2.4777064430404048,2.539282805558261,2.5883512962710657,2.4966326546515116,2.473233448173452,2.537600729228282,2.5191690707595553,2.4633603693017725,2.5142308869792376,2.5602967262927923,2.5647991168097555,2.5299796649065613,2.596112412581361,2.5020020473938986,2.467401181374094,2.550506814692941,2.998332494936479,2.648460573626753,2.342155560971682,2.4667495766784473,2.607981690432714,2.5361101283895398,2.5107523462311465,2.5141818917820946,2.4766854117117103,2.574957959356434,2.5278385714722544,2.552754040686247,2.4950572478301813,2.6133513300164157,2.6435578570487674,3.407446278524353,2.5803198426742555
158,2.4266666666666667,3.9951566395250175,2.499864265849289,1.971255380589985,2.472764548870693,2.5350405247298013,2.583590739018489,2.492543752388814,2.468430583391172,2.5331503983694637,2.51413505544713,2.4586535373913554,2.5097693577789695,2.5556832132446576,2.5601646655243653,2.525570029990265,2.591451254119532,2.4978487083458045,2.462700300631286,2.545936146505472,2.9916789195485967,2.6435425107842656,2.3371606343586104,2.46297973386129,2.603254583631956,2.531669933502269,2.506134858773663,2.509452393601806,2.4728009023570707,2.570515989284951,2.523443768402375,2.5482073984204545,2.4906992788598346,2.6086335242604966,2.638671585525543,3.399686857974748,2.5757093568296137
159,2.4233333333333333,3.985522472426248,2.4964505609655343,1.9662516791190876,2.4678226547009814,2.530798243901342,2.5788301817659125,2.4884548501261152,2.4636277186088913,2.5287000675106457,2.509101040134705,2.4539467054809383,2.505307828578702,2.551069700196524,2.555530214238975,2.5211603950739683,2.586790095657703,2.4936953692977104,2.4579994198884774,2.541365478318003,2.985025344160715,2.638624447941778,2.3321657077455384,2.459209891044133,2.598527476831197,2.527229738614999,2.5015173713161802,2.504722895421517,2.4689163930024307,2.5660740192134686,2.519048965332496,2.5436607561546616,2.4863413098894878,2.603915718504578,2.633785314002319,3.3919274374251436,2.5710988709849723
160,2.42,3.9758883053274783,2.49303685608178,1.96124797764819,2.4628807605312693,2.5265559630728833,2.574069624513336,2.4843659478634175,2.458824853826611,2.524249736651827,2.50406702482228,2.449239873570521,2.5008462993784333,2.5464561871483893,2.550895762953585,2.516750760157672,2.5821289371958738,2.4895420302496163,2.453298539145669,2.5367948101305338,2.9783717687728326,2.6337063850992903,2.327170781132467,2.455440048226976,2.593800370030439,2.5227895437277286,2.496899883858697,2.4999933972412283,2.4650318836477907,2.5616320491419855,2.514654162262617,2.5391141138888687,2.4819833409191405,2.5991979127486595,2.628899042479094,3.3841680168755386,2.5664883851403304
161,2.41,3.946985804031172,2.4827957414305164,1.946236873235498,2.4480550780221346,2.5138291205875065,2.559787952755607,2.472099241075324,2.4444162594797705,2.510898744075372,2.4889649788850052,2.4351193778392703,2.4874617117776294,2.5326156480039876,2.536992409097415,2.503521855408783,2.5681454618103867,2.477082013105335,2.4391958969172447,2.5230828055681274,2.9584110426091876,2.6189521965718283,2.312186001293253,2.4441305197755048,2.579619049628164,2.5094689590659174,2.4830474214862477,2.485804902700363,2.4533783555838715,2.548306138927538,2.50146975305298,2.5254741870914916,2.4689094340081006,2.585044495480904,2.6142402279094212,3.3608897552267267,2.552656927606406
162,2.43,4.004790806623786,2.503277970733044,1.9762590820608827,2.4777064430404048,2.539282805558261,2.5883512962710657,2.4966326546515116,2.473233448173452,2.537600729228282,2.5191690707595553,2.4633603693017725,2.5142308869792376,2.5602967262927923,2.5647991168097555,2.5299796649065613,2.596112412581361,2.5020020473938986,2.467401181374094,2.550506814692941,2.998332494936479,2.648460573626753,2.342155560971682,2.4667495766784473,2.607981690432714,2.5361101283895398,2.5107523462311465,2.5141818917820946,2.4766854117117103,2.574957959356434,2.5278385714722544,2.552754040686247,2.4950572478301813,2.6133513300164157,2.6435578570487674,3.407446278524353,2.5803198426742555
163,2.43,4.004790806623786,2.503277970733044,1.9762590820608827,2.4777064430404048,2.539282805558261,2.5883512962710657,2.4966326546515116,2.473233448173452,2.537600729228282,2.5191690707595553,2.4633603693017725,2.5142308869792376,2.5602967262927923,2.5647991168097555,2.5299796649065613,2.596112412581361,2.5020020473938986,2.467401181374094,2.550506814692941,2.998332494936479,2.648460573626753,2.342155560971682,2.4667495766784473,2.607981690432714,2.5361101283895398,2.5107523462311465,2.5141818917820946,2.4766854117117103,2.574957959356434,2.5278385714722544,2.552754040686247,2.4950572478301813,2.6133513300164157,2.6435578570487674,3.407446278524353,2.5803198426742555
164,2.37,3.831375798845944,2.441831282825462,1.886192455584729,2.388752347985595,2.4629217506459975,2.502661265724689,2.4230324139229484,2.3867818820924067,2.457494773769553,2.428556795135906,2.3786373949142674,2.433923361374414,2.477253491426379,2.4813789936727355,2.4506062364132264,2.5122115602684394,2.427241944528208,2.3827853280035463,2.468234787318499,2.8785681379546064,2.5599354424619793,2.2522468819363963,2.39889240596962,2.522893768019063,2.456186620418674,2.427637571996451,2.4290509245369,2.4067642433281935,2.495002498069746,2.448732116214432,2.47091447990198,2.4166138063639395,2.528430826409882,2.555604969630728,3.2677767086314744,2.497331097470708
165,2.4,3.918083302734864,2.4725546267792526,1.9312257688228052,2.433229395512999,2.501102278102129,2.545506280997877,2.4598325342872296,2.430007665132929,2.4975477514989173,2.4738629329477297,2.4209988821080195,2.4740771241768256,2.518775108859585,2.523089055241245,2.4902929506598936,2.5541619864248997,2.4646219959610534,2.4250932546888198,2.5093708010057196,2.938450316445542,2.6041980080443654,2.2972012214540385,2.432820991324033,2.5654377292258883,2.4961483744041066,2.469194959113798,2.471616408159497,2.4417248275199515,2.5349802287130894,2.4882853438433425,2.511834260294113,2.4558355270970598,2.570891078213148,2.5995814133397475,3.3376114935779126,2.5388254700724815
166,2.43,4.004790806623786,2.503277970733044,1.9762590820608827,2.4777064430404048,2.539282805558261,2.5883512962710657,2.4966326546515116,2.473233448173452,2.537600729228282,2.5191690707595553,2.4633603693017725,2.5142308869792376,2.5602967262927923,2.5647991168097555,2.5299796649065613,2.596112412581361,2.5020020473938986,2.467401181374094,2.550506814692941,2.998332494936479,2.648460573626753,2.342155560971682,2.4667495766784473,2.607981690432714,2.5361101283895398,2.5107523462311465,2.5141818917820946,2.4766854117117103,2.574957959356434,2.5278385714722544,2.552754040686247,2.4950572478301813,2.6133513300164157,2.6435578570487674,3.407446278524353,2.5803198426742555
167,2.46,4.091498310512708,2.5340013146868343,2.021292395298959,2.5221834905678095,2.5774633330143923,2.6311963115442536,2.5334327750157932,2.516459231213975,2.577653706957647,2.5644752085713796,2.5057218564955246,2.554384649781649,2.6018183437259985,2.606509178378265,2.5696663791532286,2.6380628387378215,2.5393820988267435,2.5097091080593676,2.591642828380162,3.0582146734274147,2.6927231392091397,2.387109900489324,2.5006781620328606,2.6505256516395397,2.576071882374973,2.552309733348494,2.556747375404692,2.5116459959034687,2.6149356899997773,2.5673917991011654,2.5936738210783803,2.5342789685633025,2.6558115818196817,2.687534300757787,3.4772810634707914,2.6218142152760286
168,2.44,4.033693307920093,2.5135190853843072,1.9912701864735745,2.4925321255495394,2.552009648043638,2.6026329680287947,2.5088993614396053,2.4876420425202928,2.550951721804737,2.5342711166968295,2.477480865033023,2.5276154745800414,2.574137265437194,2.5787024706659247,2.5432085696554507,2.610095887966848,2.51446206453818,2.4815038236025186,2.5642188192553474,3.018293221100124,2.6632147621542153,2.3571403408108953,2.4780591051299186,2.6221630108349894,2.5494307130513505,2.5246048086035957,2.52837038632296,2.4883389397756295,2.588283869570881,2.541022980681891,2.5663939674836245,2.5081311547412217,2.6275047472841706,2.6582166716184408,3.4307245401731654,2.5941513002081793
169,2.43,4.004790806623786,2.503277970733044,1.9762590820608827,2.4777064430404048,2.539282805558261,2.5883512962710657,2.4966326546515116,2.473233448173452,2.537600729228282,2.5191690707595553,2.4633603693017725,2.5142308869792376,2.5602967262927923,2.5647991168097555,2.5299796649065613,2.596112412581361,2.5020020473938986,2.467401181374094,2.550506814692941,2.998332494936479,2.648460573626753,2.342155560971682,2.4667495766784473,2.607981690432714,2.5361101283895398,2.5107523462311465,2.5141818917820946,2.4766854117117103,2.574957959356434,2.5278385714722544,2.552754040686247,2.4950572478301813,2.6133513300164157,2.6435578570487674,3.407446278524353,2.5803198426742555
170,2.38,3.86027830014225,2.4520723974767256,1.9012035599974209,2.4035780304947294,2.4756485931313748,2.516942937482418,2.435299120711042,2.401190476439247,2.4708457663460073,2.44365884107318,2.392757890645518,2.4473079489752174,2.491094030570781,2.495282347528905,2.4638351411621153,2.526195035653926,2.4397019616724895,2.3968879702319703,2.4819467918809055,2.8985288641182514,2.5746896309894414,2.26723166177561,2.410201934421091,2.5370750884213376,2.4695072050804843,2.4414900343688997,2.4432394190777655,2.4184177713921127,2.5083284082841937,2.4619165254240687,2.484554406699358,2.4296877132749795,2.5425842436776374,2.570263784200401,3.2910549702802867,2.511162555004632
171,2.27,3.542350785882872,2.339420136312826,1.7360814114578056,2.2404955228942454,2.335653325792226,2.359844548147395,2.30036534604201,2.242695938623997,2.3239848480050034,2.2775363357631573,2.2374324376017585,2.3000774853663746,2.338848099982357,2.3423454551110363,2.3183171889243344,2.3723768064135697,2.3026417730853908,2.2417589057192995,2.331114741694429,2.6789608763181523,2.4123935571873565,2.1023990835442534,2.2857971214549075,2.38108056399631,2.3229807738005634,2.2891129482719577,2.2871659791282415,2.290228962688998,2.3617433959252665,2.3168880241180614,2.334515211928201,2.2858747372535353,2.386896653732327,2.4090168239339955,3.034994092143344,2.359016522131463
172,2.283333333333333,3.5808874542779474,2.353074955847844,1.7560962173413954,2.2602630995730917,2.352622449106062,2.3788867771577005,2.316720955092802,2.2619073977531183,2.341786171440276,2.2976723970128567,2.2562597652434264,2.3179236021674465,2.3573021521748934,2.3608832602525958,2.3359557285895196,2.391021440260886,2.3192551292777663,2.260562428690532,2.3493974144443044,2.705575177869679,2.432065808557306,2.122378789996539,2.3008764927235354,2.3999889911993435,2.3407415533496447,2.3075828981018898,2.3060839718493957,2.305767000107557,2.379511276211197,2.334467236397577,2.3527017809913717,2.3033066131349225,2.4057678767560002,2.4285619100268927,3.0660317743417607,2.3774584655100286
173,2.296666666666667,3.619424122673024,2.366729775382862,1.7761110232249857,2.280030676251939,2.369591572419899,2.3979290061680065,2.3330765641435938,2.28111885688224,2.35958749487555,2.3178084582625567,2.2750870928850944,2.3357697189685185,2.37575620436743,2.3794210653941565,2.3535942682547057,2.409666074108202,2.335868485470142,2.2793659516617657,2.3676800871941808,2.7321894794212067,2.451738059927256,2.1423584964488254,2.3159558639921642,2.4188974184023775,2.358502332898727,2.3260528479318223,2.325001964570551,2.321305037526117,2.397279156497128,2.352046448677094,2.3708883500545426,2.3207384890163096,2.424639099779675,2.448106996119791,3.0970694565401784,2.395900408888595
174,2.31,3.6579607910681,2.38038459491788,1.796125829108575,2.299798252930785,2.386560695733735,2.4169712351783126,2.3494321731943852,2.300330316011361,2.377388818310823,2.3379445195122566,2.2939144205267623,2.3536158357695904,2.394210256559966,2.3979588705357155,2.371232807919891,2.4283107079555175,2.3524818416625175,2.2981694746329984,2.385962759944057,2.758803780972734,2.4714103112972055,2.1623382029011107,2.3310352352607926,2.437805845605411,2.3762631124478077,2.344522797761755,2.343919957291705,2.3368430749446762,2.4150470367830583,2.3696256609566095,2.3890749191177125,2.338170364897697,2.443510322803349,2.4676520822126884,3.1281071387385952,2.4143423522671608
175,2.31,3.6579607910681,2.38038459491788,1.796125829108575,2.299798252930785,2.386560695733735,2.4169712351783126,2.3494321731943852,2.300330316011361,2.377388818310823,2.3379445195122566,2.2939144205267623,2.3536158357695904,2.394210256559966,2.3979588705357155,2.371232807919891,2.4283107079555175,2.3524818416625175,2.2981694746329984,2.385962759944057,2.758803780972734,2.4714103112972055,2.1623382029011107,2.3310352352607926,2.437805845605411,2.3762631124478077,2.344522797761755,2.343919957291705,2.3368430749446762,2.4150470367830583,2.3696256609566095,2.3890749191177125,2.338170364897697,2.443510322803349,2.4676520822126884,3.1281071387385952,2.4143423522671608
176,2.34,3.744668294957021,2.411107938871671,1.841159142346652,2.34427530045819,2.4247412231898657,2.4598162504515004,2.386232293558667,2.3435560990518836,2.4174417960401877,2.383250657324081,2.3362759077205144,2.393769598572002,2.435731873993172,2.4396689321042255,2.4109195221665587,2.4702611341119782,2.389861893095363,2.340477401318272,2.4270987736312777,2.8186859594636697,2.5156728768795924,2.2072925424187533,2.364963820615206,2.480349806812237,2.4162248664332404,2.3860801848791025,2.386485440914302,2.371803659136434,2.455024767426402,2.4091788885855205,2.429994699509846,2.3773920856308175,2.4859705746066156,2.5116285259217084,3.1979419236850344,2.4558367248689343
177,2.32,3.686863292364407,2.390625709569144,1.8111369335212668,2.31462393543992,2.399287538219112,2.4312529069360416,2.361698879982479,2.3147389103582015,2.390739810887278,2.353046565449531,2.3080349162580127,2.3670004233703943,2.408050795704368,2.4118622243918857,2.38446171266878,2.4422941833410046,2.364941858806799,2.3122721168614224,2.3996747645064636,2.778764507136379,2.4861644998246675,2.1773229827403244,2.3423447637122634,2.451987166007686,2.3895836971096185,2.3583752601342036,2.35810845183257,2.3484966030085954,2.428372946997506,2.3828100701662462,2.4027148459150904,2.351244271808737,2.457663740071104,2.4823108967823613,3.1513854003874084,2.428173809801085
178,2.42,3.9758883053274783,2.49303685608178,1.96124797764819,2.4628807605312693,2.5265559630728833,2.574069624513336,2.4843659478634175,2.458824853826611,2.524249736651827,2.50406702482228,2.449239873570521,2.5008462993784333,2.5464561871483893,2.550895762953585,2.516750760157672,2.5821289371958738,2.4895420302496163,2.453298539145669,2.5367948101305338,2.9783717687728326,2.6337063850992903,2.327170781132467,2.455440048226976,2.593800370030439,2.5227895437277286,2.496899883858697,2.4999933972412283,2.4650318836477907,2.5616320491419855,2.514654162262617,2.5391141138888687,2.4819833409191405,2.5991979127486595,2.628899042479094,3.3841680168755386,2.5664883851403304
179,2.39,3.889180801438558,2.4623135121279893,1.9162146644101137,2.418403713003865,2.4883754356167525,2.531224609240148,2.4475658274991363,2.415599070786089,2.4841967589224625,2.4587608870104556,2.406878386376769,2.4606925365760217,2.504934569715183,2.5091857013850754,2.4770640459110047,2.5401785110394135,2.4521619788167714,2.4109906124603957,2.495658796443313,2.9184895902818973,2.5894438195169043,2.2822164416148247,2.4215114628725622,2.551256408823613,2.482827789742296,2.4553424967413493,2.4574279136186314,2.4300712994560323,2.521654318498642,2.4751009346337063,2.498194333496736,2.4427616201860203,2.556737660945393,2.5849225987700746,3.3143332319291003,2.5249940125385573
180,2.36,3.802473297549636,2.431590168174198,1.8711813511720363,2.3739266654764597,2.4501949081606202,2.4883795939669593,2.4107657071348543,2.3723732877455657,2.4441437811930973,2.413454749198631,2.364516899183016,2.42053877377361,2.4634129522819768,2.4674756398165654,2.437377331664337,2.4982280848829523,2.414781927383926,2.3686826857751213,2.454522782756092,2.8586074117909606,2.545181253934517,2.2372621020971817,2.3875828775181485,2.5087124476167872,2.442866035756863,2.4137851096240013,2.4148624299960337,2.3951107152642734,2.481676587855298,2.435547707004795,2.457274553104602,2.4035398994528987,2.5142774091421263,2.5409461550610546,3.244498446982661,2.4834996399367832
181,2.33,3.715765793660714,2.400866824220408,1.8261480379339596,2.329449617949055,2.4120143807044894,2.4455345786937714,2.373965586770573,2.329147504705043,2.404090803463733,2.368148611386806,2.3221554119892636,2.3803850109711986,2.42189133484877,2.425765578248056,2.3976906174176698,2.456277658726491,2.3774018759510813,2.326374759089848,2.413386769068871,2.798725233300024,2.5009186883521304,2.192307762579539,2.3536542921637347,2.466168486409962,2.4029042817714297,2.3722277225066533,2.372296946373436,2.3601501310725155,2.4416988572119545,2.395994479375884,2.4163547727124683,2.3643181787197776,2.4718171573388603,2.4969697113520346,3.174663662036221,2.44200526733501
182,2.3,3.629058289771792,2.3701434802666164,1.7811147246958825,2.2849725704216497,2.373833853248357,2.4026895634205827,2.337165466406291,2.2859217216645193,2.364037825734368,2.322842473574981,2.279793924795511,2.340231248168786,2.3803697174155634,2.3840555166795454,2.358003903171001,2.41432723257003,2.3400218245182356,2.2840668324045734,2.3722507553816494,2.7388430548090876,2.456656122769743,2.1473534230618965,2.319725706809321,2.4236245252031354,2.3629425277859966,2.3306703353893052,2.3297314627508388,2.3251895468807566,2.40172112656861,2.356441251746972,2.3754349923203346,2.3250964579866564,2.429356905535593,2.4529932676430146,3.104828877089782,2.400510894733236
183,2.29,3.600155788475486,2.359902365615353,1.7661036202831903,2.270146887912515,2.3611070107629804,2.3884078916628537,2.324898759618198,2.2715131273176787,2.3506868331579134,2.3077404276377065,2.26567342906426,2.3268466605679827,2.3665291782711613,2.370152162823376,2.3447749984221127,2.400343757184544,2.3275618073739537,2.2699641901761485,2.3585387508192426,2.7188823286454427,2.441901934242281,2.1323686432226823,2.30841617835785,2.4094432048008607,2.349621943124186,2.316817873016856,2.3155429682099733,2.313536018816837,2.388395216354162,2.3432568425373352,2.3617950655229567,2.312022551075616,2.4152034882678377,2.4383344530733417,3.081550615440969,2.386679437199312
184,2.31,3.6579607910681,2.38038459491788,1.796125829108575,2.299798252930785,2.386560695733735,2.4169712351783126,2.3494321731943852,2.300330316011361,2.377388818310823,2.3379445195122566,2.2939144205267623,2.3536158357695904,2.394210256559966,2.3979588705357155,2.371232807919891,2.4283107079555175,2.3524818416625175,2.2981694746329984,2.385962759944057,2.758803780972734,2.4714103112972055,2.1623382029011107,2.3310352352607926,2.437805845605411,2.3762631124478077,2.344522797761755,2.343919957291705,2.3368430749446762,2.4150470367830583,2.3696256609566095,2.3890749191177125,2.338170364897697,2.443510322803349,2.4676520822126884,3.1281071387385952,2.4143423522671608
185,2.33,3.715765793660714,2.400866824220408,1.8261480379339596,2.329449617949055,2.4120143807044894,2.4455345786937714,2.373965586770573,2.329147504705043,2.404090803463733,2.368148611386806,2.3221554119892636,2.3803850109711986,2.42189133484877,2.425765578248056,2.3976906174176698,2.456277658726491,2.3774018759510813,2.326374759089848,2.413386769068871,2.798725233300024,2.5009186883521304,2.192307762579539,2.3536542921637347,2.466168486409962,2.4029042817714297,2.3722277225066533,2.372296946373436,2.3601501310725155,2.4416988572119545,2.395994479375884,2.4163547727124683,2.3643181787197776,2.4718171573388603,2.4969697113520346,3.174663662036221,2.44200526733501
186,2.35,3.77357079625333,2.4213490535229347,1.856170246759344,2.359100982967325,2.4374680656752434,2.4740979222092303,2.398499000346761,2.357964693398725,2.430792788616643,2.398352703261356,2.3503964034517657,2.4071541861728063,2.4495724131375747,2.4535722859603957,2.4241484269154476,2.4842446094974653,2.4023219102396443,2.354580043546697,2.440810778193685,2.838646685627316,2.530427065407055,2.2222773222579675,2.376273349066677,2.494531127214512,2.429545451095052,2.399932647251552,2.4006739354551683,2.3834571872003543,2.4683506776408506,2.422363297795158,2.443634626307224,2.3904659925418583,2.5001239918743714,2.5262873404913817,3.221220185333849,2.469668182402859
187,2.37,3.831375798845944,2.441831282825462,1.886192455584729,2.388752347985595,2.4629217506459975,2.502661265724689,2.4230324139229484,2.3867818820924067,2.457494773769553,2.428556795135906,2.3786373949142674,2.433923361374414,2.477253491426379,2.4813789936727355,2.4506062364132264,2.5122115602684394,2.427241944528208,2.3827853280035463,2.468234787318499,2.8785681379546064,2.5599354424619793,2.2522468819363963,2.39889240596962,2.522893768019063,2.456186620418674,2.427637571996451,2.4290509245369,2.4067642433281935,2.495002498069746,2.448732116214432,2.47091447990198,2.4166138063639395,2.528430826409882,2.555604969630728,3.2677767086314744,2.497331097470708
188,2.39,3.889180801438558,2.4623135121279893,1.9162146644101137,2.418403713003865,2.4883754356167525,2.531224609240148,2.4475658274991363,2.415599070786089,2.4841967589224625,2.4587608870104556,2.406878386376769,2.4606925365760217,2.504934569715183,2.5091857013850754,2.4770640459110047,2.5401785110394135,2.4521619788167714,2.4109906124603957,2.495658796443313,2.9184895902818973,2.5894438195169043,2.2822164416148247,2.4215114628725622,2.551256408823613,2.482827789742296,2.4553424967413493,2.4574279136186314,2.4300712994560323,2.521654318498642,2.4751009346337063,2.498194333496736,2.4427616201860203,2.556737660945393,2.5849225987700746,3.3143332319291003,2.5249940125385573
189,2.41,3.946985804031172,2.4827957414305164,1.946236873235498,2.4480550780221346,2.5138291205875065,2.559787952755607,2.472099241075324,2.4444162594797705,2.510898744075372,2.4889649788850052,2.4351193778392703,2.4874617117776294,2.5326156480039876,2.536992409097415,2.503521855408783,2.5681454618103867,2.477082013105335,2.4391958969172447,2.5230828055681274,2.9584110426091876,2.6189521965718283,2.312186001293253,2.4441305197755048,2.579619049628164,2.5094689590659174,2.4830474214862477,2.485804902700363,2.4533783555838715,2.548306138927538,2.50146975305298,2.5254741870914916,2.4689094340081006,2.585044495480904,2.6142402279094212,3.3608897552267267,2.552656927606406
190,2.49,4.17820581440163,2.5647246586406256,2.066325708537037,2.566660538095215,2.615643860470524,2.674041326817443,2.570232895380075,2.559685014254498,2.617706684687012,2.6097813463832047,2.548083343689278,2.5945384125840616,2.6433399611592048,2.6482192399467754,2.609353093399897,2.6800132648942827,2.576762150259589,2.5520170347446425,2.6327788420673834,3.118096851918351,2.7369857047915267,2.432064240006967,2.534606747387275,2.6930696128463665,2.616033636360406,2.593867120465843,2.5993128590272896,2.5466065800952276,2.6549134206431213,2.606945026730077,2.634593601470515,2.573500689296424,2.698271833622949,2.731510744466808,3.5471158484172314,2.6633085878778027
191,2.54,4.322718320883165,2.615930231896943,2.141381230600498,2.6407889506408893,2.679278072897409,2.7454496856060895,2.631566429320544,2.6317279859887024,2.684461647569286,2.6852915760695786,2.6186858223455314,2.6614613505880804,2.712542656881215,2.7177360092276244,2.6754976171443428,2.7499306418217166,2.6390622359809974,2.622530245886765,2.701338864879418,3.217900482736578,2.8107566474288377,2.5069881392030386,2.5911543896446307,2.763976214857742,2.6826365596694606,2.6631294323280885,2.670255331731618,2.604874220414825,2.721542971715361,2.6728670727782617,2.7027932354574036,2.6388702238516255,2.7690389199617256,2.8048048173151736,3.6635071566612964,2.732465875547425
192,2.54,4.322718320883165,2.615930231896943,2.141381230600498,2.6407889506408893,2.679278072897409,2.7454496856060895,2.631566429320544,2.6317279859887024,2.684461647569286,2.6852915760695786,2.6186858223455314,2.6614613505880804,2.712542656881215,2.7177360092276244,2.6754976171443428,2.7499306418217166,2.6390622359809974,2.622530245886765,2.701338864879418,3.217900482736578,2.8107566474288377,2.5069881392030386,2.5911543896446307,2.763976214857742,2.6826365596694606,2.6631294323280885,2.670255331731618,2.604874220414825,2.721542971715361,2.6728670727782617,2.7027932354574036,2.6388702238516255,2.7690389199617256,2.8048048173151736,3.6635071566612964,2.732465875547425
193,2.536666666666666,4.313084153784396,2.6125165270131885,2.1363775291296,2.635847056471177,2.67503579206895,2.740689128353513,2.627477527057845,2.6269251212064217,2.680011316710467,2.6802575607571533,2.6139789904351147,2.656999821387812,2.7079291438330806,2.7131015579422337,2.6710879822280456,2.7452694833598876,2.6349088969329033,2.617829365143957,2.6967681966919486,3.2112469073486962,2.8058385845863505,2.5019932125899667,2.587384546827473,2.7592491080569834,2.67819636478219,2.6585119448706047,2.665525833551329,2.6009897110601847,2.717101001643878,2.6684722697083822,2.6982465931916106,2.6345122548812787,2.7643211142058073,2.799918545791949,3.6557477361116915,2.727855389702783
194,2.533333333333333,4.303449986685626,2.609102822129434,2.1313738276587024,2.6309051623014654,2.6707935112404906,2.7359285711009367,2.6233886247951475,2.6221222564241415,2.675560985851649,2.6752235454447284,2.609272158524697,2.6525382921875442,2.703315630784947,2.708467106656844,2.6666783473117492,2.740608324898059,2.630755557884809,2.613128484401148,2.6921975285044795,3.204593331960814,2.800920521743863,2.4969982859768947,2.5836147040103166,2.754522001256225,2.67375616989492,2.653894457413122,2.6607963353710407,2.597105201705545,2.7126590315723953,2.664077466638503,2.6936999509258177,2.6301542859109315,2.7596033084498885,2.795032274268724,3.647988315562087,2.7232449038581414
195,2.53,4.293815819586857,2.6056891172456798,2.126370126187805,2.625963268131754,2.6665512304120322,2.73116801384836,2.6192997225324497,2.6173193916418613,2.6711106549928307,2.6701895301323035,2.6045653266142805,2.6480767629872766,2.698702117736813,2.7038326553714542,2.662268712395453,2.7359471664362296,2.6266022188367155,2.60842760365834,2.6876268603170104,3.1979397565729326,2.796002458901375,2.4920033593638236,2.5798448611931595,2.7497948944554667,2.66931597500765,2.649276969955639,2.6560668371907523,2.593220692350905,2.708217061500913,2.659682663568625,2.6891533086600257,2.625796316940585,2.7548855026939707,2.7901460027455003,3.640228895012483,2.7186344180135
196,2.53,4.293815819586857,2.6056891172456798,2.126370126187805,2.625963268131754,2.6665512304120322,2.73116801384836,2.6192997225324497,2.6173193916418613,2.6711106549928307,2.6701895301323035,2.6045653266142805,2.6480767629872766,2.698702117736813,2.7038326553714542,2.662268712395453,2.7359471664362296,2.6266022188367155,2.60842760365834,2.6876268603170104,3.1979397565729326,2.796002458901375,2.4920033593638236,2.5798448611931595,2.7497948944554667,2.66931597500765,2.649276969955639,2.6560668371907523,2.593220692350905,2.708217061500913,2.659682663568625,2.6891533086600257,2.625796316940585,2.7548855026939707,2.7901460027455003,3.640228895012483,2.7186344180135
197,2.44,4.033693307920093,2.5135190853843072,1.9912701864735745,2.4925321255495394,2.552009648043638,2.6026329680287947,2.5088993614396053,2.4876420425202928,2.550951721804737,2.5342711166968295,2.477480865033023,2.5276154745800414,2.574137265437194,2.5787024706659247,2.5432085696554507,2.610095887966848,2.51446206453818,2.4815038236025186,2.5642188192553474,3.018293221100124,2.6632147621542153,2.3571403408108953,2.4780591051299186,2.6221630108349894,2.5494307130513505,2.5246048086035957,2.52837038632296,2.4883389397756295,2.588283869570881,2.541022980681891,2.5663939674836245,2.5081311547412217,2.6275047472841706,2.6582166716184408,3.4307245401731654,2.5941513002081793
198,2.38,3.86027830014225,2.4520723974767256,1.9012035599974209,2.4035780304947294,2.4756485931313748,2.516942937482418,2.435299120711042,2.401190476439247,2.4708457663460073,2.44365884107318,2.392757890645518,2.4473079489752174,2.491094030570781,2.495282347528905,2.4638351411621153,2.526195035653926,2.4397019616724895,2.3968879702319703,2.4819467918809055,2.8985288641182514,2.5746896309894414,2.26723166177561,2.410201934421091,2.5370750884213376,2.4695072050804843,2.4414900343688997,2.4432394190777655,2.4184177713921127,2.5083284082841937,2.4619165254240687,2.484554406699358,2.4296877132749795,2.5425842436776374,2.570263784200401,3.2910549702802867,2.511162555004632
199,2.3,3.629058289771792,2.3701434802666164,1.7811147246958825,2.2849725704216497,2.373833853248357,2.4026895634205827,2.337165466406291,2.2859217216645193,2.364037825734368,2.322842473574981,2.279793924795511,2.340231248168786,2.3803697174155634,2.3840555166795454,2.358003903171001,2.41432723257003,2.3400218245182356,2.2840668324045734,2.3722507553816494,2.7388430548090876,2.456656122769743,2.1473534230618965,2.319725706809321,2.4236245252031354,2.3629425277859966,2.3306703353893052,2.3297314627508388,2.3251895468807566,2.40172112656861,2.356441251746972,2.3754349923203346,2.3250964579866564,2.429356905535593,2.4529932676430146,3.104828877089782,2.400510894733236
200,2.31,3.6579607910681,2.38038459491788,1.796125829108575,2.299798252930785,2.386560695733735,2.4169712351783126,2.3494321731943852,2.300330316011361,2.377388818310823,2.3379445195122566,2.2939144205267623,2.3536158357695904,2.394210256559966,2.3979588705357155,2.371232807919891,2.4283107079555175,2.3524818416625175,2.2981694746329984,2.385962759944057,2.758803780972734,2.4714103112972055,2.1623382029011107,2.3310352352607926,2.437805845605411,2.3762631124478077,2.344522797761755,2.343919957291705,2.3368430749446762,2.4150470367830583,2.3696256609566095,2.3890749191177125,2.338170364897697,2.443510322803349,2.4676520822126884,3.1281071387385952,2.4143423522671608
201,2.32,3.686863292364407,2.390625709569144,1.8111369335212668,2.31462393543992,2.399287538219112,2.4312529069360416,2.361698879982479,2.3147389103582015,2.390739810887278,2.353046565449531,2.3080349162580127,2.3670004233703943,2.408050795704368,2.4118622243918857,2.38446171266878,2.4422941833410046,2.364941858806799,2.3122721168614224,2.3996747645064636,2.778764507136379,2.4861644998246675,2.1773229827403244,2.3423447637122634,2.451987166007686,2.3895836971096185,2.3583752601342036,2.35810845183257,2.3484966030085954,2.428372946997506,2.3828100701662462,2.4027148459150904,2.351244271808737,2.457663740071104,2.4823108967823613,3.1513854003874084,2.428173809801085
202,2.33,3.715765793660714,2.400866824220408,1.8261480379339596,2.329449617949055,2.4120143807044894,2.4455345786937714,2.373965586770573,2.329147504705043,2.404090803463733,2.368148611386806,2.3221554119892636,2.3803850109711986,2.42189133484877,2.425765578248056,2.3976906174176698,2.456277658726491,2.3774018759510813,2.326374759089848,2.413386769068871,2.798725233300024,2.5009186883521304,2.192307762579539,2.3536542921637347,2.466168486409962,2.4029042817714297,2.3722277225066533,2.372296946373436,2.3601501310725155,2.4416988572119545,2.395994479375884,2.4163547727124683,2.3643181787197776,2.4718171573388603,2.4969697113520346,3.174663662036221,2.44200526733501
203,2.34,3.744668294957021,2.411107938871671,1.841159142346652,2.34427530045819,2.4247412231898657,2.4598162504515004,2.386232293558667,2.3435560990518836,2.4174417960401877,2.383250657324081,2.3362759077205144,2.393769598572002,2.435731873993172,2.4396689321042255,2.4109195221665587,2.4702611341119782,2.389861893095363,2.340477401318272,2.4270987736312777,2.8186859594636697,2.5156728768795924,2.2072925424187533,2.364963820615206,2.480349806812237,2.4162248664332404,2.3860801848791025,2.386485440914302,2.371803659136434,2.455024767426402,2.4091788885855205,2.429994699509846,2.3773920856308175,2.4859705746066156,2.5116285259217084,3.1979419236850344,2.4558367248689343
204,2.33,3.715765793660714,2.400866824220408,1.8261480379339596,2.329449617949055,2.4120143807044894,2.4455345786937714,2.373965586770573,2.329147504705043,2.404090803463733,2.368148611386806,2.3221554119892636,2.3803850109711986,2.42189133484877,2.425765578248056,2.3976906174176698,2.456277658726491,2.3774018759510813,2.326374759089848,2.413386769068871,2.798725233300024,2.5009186883521304,2.192307762579539,2.3536542921637347,2.466168486409962,2.4029042817714297,2.3722277225066533,2.372296946373436,2.3601501310725155,2.4416988572119545,2.395994479375884,2.4163547727124683,2.3643181787197776,2.4718171573388603,2.4969697113520346,3.174663662036221,2.44200526733501
205,2.26,3.513448284586564,2.329179021661562,1.721070307045113,2.22566984038511,2.3229264833068486,2.345562876389665,2.2880986392539158,2.228287344277156,2.310633855428548,2.262434289825882,2.2233119418705076,2.2866928977655707,2.325007560837955,2.3284421012548657,2.3050882841754445,2.3583933310280827,2.2901817559411084,2.227656263490875,2.3174027371320216,2.659000150154506,2.397639368659894,2.0874143037050388,2.2744875930034363,2.3668992435940344,2.3096601891387527,2.275260485899508,2.2729774845873756,2.278575434625078,2.348417485710818,2.3037036149084242,2.320875285130823,2.272800830342495,2.372743236464571,2.3943580093643213,3.01171583049453,2.3451850645975383
206,2.23,3.426740780697642,2.298455677707772,1.6760369938070363,2.181192792857705,2.2847459558507173,2.302717861116477,2.2512985188896346,2.1850615612366333,2.2705808776991843,2.217128152014057,2.180950454676755,2.246539134963159,2.2834859434047488,2.286732039686356,2.2654015699287777,2.3164429048716224,2.2528017045082636,2.1853483368056006,2.2762667234448006,2.59911797166357,2.3533768030775075,2.0424599641873966,2.2405590076490225,2.324355282387209,2.2696984351533196,2.2337030987821604,2.2304120009647783,2.2436148504333198,2.3084397550674747,2.2641503872795132,2.2799555047386892,2.233579109609374,2.330282984661305,2.350381565655302,2.941881045548091,2.3036906919957647
207,2.23,3.426740780697642,2.298455677707772,1.6760369938070363,2.181192792857705,2.2847459558507173,2.302717861116477,2.2512985188896346,2.1850615612366333,2.2705808776991843,2.217128152014057,2.180950454676755,2.246539134963159,2.2834859434047488,2.286732039686356,2.2654015699287777,2.3164429048716224,2.2528017045082636,2.1853483368056006,2.2762667234448006,2.59911797166357,2.3533768030775075,2.0424599641873966,2.2405590076490225,2.324355282387209,2.2696984351533196,2.2337030987821604,2.2304120009647783,2.2436148504333198,2.3084397550674747,2.2641503872795132,2.2799555047386892,2.233579109609374,2.330282984661305,2.350381565655302,2.941881045548091,2.3036906919957647
208,2.23,3.426740780697642,2.298455677707772,1.6760369938070363,2.181192792857705,2.2847459558507173,2.302717861116477,2.2512985188896346,2.1850615612366333,2.2705808776991843,2.217128152014057,2.180950454676755,2.246539134963159,2.2834859434047488,2.286732039686356,2.2654015699287777,2.3164429048716224,2.2528017045082636,2.1853483368056006,2.2762667234448006,2.59911797166357,2.3533768030775075,2.0424599641873966,2.2405590076490225,2.324355282387209,2.2696984351533196,2.2337030987821604,2.2304120009647783,2.2436148504333198,2.3084397550674747,2.2641503872795132,2.2799555047386892,2.233579109609374,2.330282984661305,2.350381565655302,2.941881045548091,2.3036906919957647
209,2.23,3.426740780697642,2.298455677707772,1.6760369938070363,2.181192792857705,2.2847459558507173,2.302717861116477,2.2512985188896346,2.1850615612366333,2.2705808776991843,2.217128152014057,2.180950454676755,2.246539134963159,2.2834859434047488,2.286732039686356,2.2654015699287777,2.3164429048716224,2.2528017045082636,2.1853483368056006,2.2762667234448006,2.59911797166357,2.3533768030775075,2.0424599641873966,2.2405590076490225,2.324355282387209,2.2696984351533196,2.2337030987821604,2.2304120009647783,2.2436148504333198,2.3084397550674747,2.2641503872795132,2.2799555047386892,2.233579109609374,2.330282984661305,2.350381565655302,2.941881045548091,2.3036906919957647
210,2.22,3.397838279401336,2.288214563056508,1.6610258893943444,2.1663671103485704,2.2720191133653405,2.2884361893587477,2.239031812101541,2.1706529668897927,2.2572298851227295,2.202026106076783,2.1668299589455047,2.2331545473623553,2.2696454042603467,2.272828685830187,2.2521726651798883,2.3024594294861354,2.240341687363982,2.1712456945771765,2.262554718882394,2.579157245499925,2.3386226145500455,2.027475184348183,2.2292494791975512,2.310173961984934,2.256377850491509,2.2198506364097113,2.216223506423913,2.2319613223694006,2.2951138448530273,2.250965978069876,2.2663155779413118,2.220505202698334,2.316129567393549,2.335722751085629,2.9186027838992783,2.2898592344618405
211,2.28,3.571253287179178,2.3496612509640893,1.7510925158704975,2.25532120540338,2.348380168277603,2.374126219905124,2.3126320528301036,2.2571045329708377,2.337335840581458,2.2926383817004314,2.2515529333330093,2.3134620729671784,2.352688639126759,2.356248808967206,2.3315460936732233,2.3863602817990563,2.315101790229672,2.255861547947724,2.3448267462568353,2.698921602481797,2.4271477457148185,2.117383863383467,2.2971066499063784,2.395261884398585,2.3363013584623746,2.3029654106444064,2.301354473669107,2.3018824907529174,2.3750693061397143,2.330072433327698,2.348155138725579,2.2989486441645752,2.401050071000082,2.423675638503668,3.0582723537921557,2.3728479796653867
212,2.36,3.802473297549636,2.431590168174198,1.8711813511720363,2.3739266654764597,2.4501949081606202,2.4883795939669593,2.4107657071348543,2.3723732877455657,2.4441437811930973,2.413454749198631,2.364516899183016,2.42053877377361,2.4634129522819768,2.4674756398165654,2.437377331664337,2.4982280848829523,2.414781927383926,2.3686826857751213,2.454522782756092,2.8586074117909606,2.545181253934517,2.2372621020971817,2.3875828775181485,2.5087124476167872,2.442866035756863,2.4137851096240013,2.4148624299960337,2.3951107152642734,2.481676587855298,2.435547707004795,2.457274553104602,2.4035398994528987,2.5142774091421263,2.5409461550610546,3.244498446982661,2.4834996399367832
213,2.12,3.108813266438264,2.185803416543872,1.5109148452674217,2.0181102852572206,2.1447506885115684,2.1456194717814534,2.1163647442206024,2.026567023421383,2.12371995935818,2.0510056467040343,2.025625001632996,2.099308671354316,2.1312400128163254,2.1337951472684873,2.1198836176909968,2.162624675631266,2.1157415159211648,2.03021927229293,2.125434673258324,2.379549983863471,2.191080729275422,1.8776273859560404,2.116154194682839,2.1683607579621813,2.1231720038733988,2.081326012685218,2.0743385610152547,2.1154260417302053,2.1618547427085475,2.1191218859735055,2.129916309967533,2.08976613358793,2.174595394715994,2.189134605388896,2.6858201674111477,2.151544659122595
214,2.086666666666667,3.012471595450574,2.151666367706327,1.460877830558447,1.9686913435601043,2.1023278802269787,2.0980138992556885,2.075475721593623,1.9785383755985801,2.079216650769997,2.0006654935797843,1.978556682528827,2.0546933793516367,2.085104882334985,2.087450634414588,2.0757872685280327,2.1160130910129764,2.074208125440226,1.9832104648648479,2.079727991383634,2.3130142299846534,2.1419001008505485,1.827678119825326,2.0784557665112686,2.1210896899545975,2.078770055000696,2.035151138110387,2.0270435792123687,2.076580948183807,2.1174350419937213,2.075173855274716,2.0844498873096073,2.046186443884462,2.127417337156809,2.140271890156652,2.6082259619151045,2.1054398006761805
215,2.053333333333333,2.916129924462882,2.117529318868781,1.4108408158494727,1.9192724018629872,2.0599050719423873,2.050408326729923,2.034586698966643,1.9305097277757763,2.0347133421818135,1.9503253404555343,1.931488363424657,2.010078087348956,2.038969751853644,2.0411061215606874,2.031690919365068,2.0694015063946862,2.032674734959286,1.9362016574367653,2.034021309508943,2.246478476105834,2.0927194724256735,1.7777288536946116,2.040757338339697,2.0738186219470123,2.034368106127992,1.9889762635355555,1.9797485974094824,2.037735854637408,2.0730153412788943,2.031225824575925,2.03898346465168,2.0026067541809938,2.0802392795976234,2.0914091749244075,2.53063175641906,2.0593349422297647
216,2.02,2.819788253475192,2.0833922700312355,1.3608038011404986,1.8698534601658712,2.0174822636577967,2.0028027542041587,1.9936976763396639,1.8824810799529739,1.990210033593631,1.8999851873312852,1.8844200443204877,1.9654627953462767,1.9928346213723036,1.994761608706788,1.9875945702021043,2.022789921776397,1.9911413444783472,1.8891928500086834,1.9883146276342534,2.179942722227017,2.0435388440007998,1.7277795875638977,2.003058910168127,2.0265475539394284,1.989966157255289,1.9428013889607247,1.9324536156065966,1.99889076109101,2.0285956405640677,1.9872777938771349,1.9935170419937545,1.9590270644775258,2.0330612220384383,2.042546459692163,2.4530375509230167,2.0132300837833497
217,2.15,3.1955207703271853,2.2165267604976626,1.555948158505498,2.0625873327846254,2.1829312159677,2.1884644870546412,2.153164864584884,2.0697928064619058,2.1637729370875443,2.0963117845158585,2.0679864888267483,2.1394624341567274,2.1727616302495316,2.175505208836997,2.159570331937664,2.204575101787727,2.1531215673540096,2.0725271989782037,2.1665706869455446,2.439432162354407,2.235343294857809,1.9225817254736826,2.150082780037253,2.2109047191690068,2.163133757858832,2.122883399802566,2.116904044637852,2.1503866259219637,2.2018324733518915,2.1586751136024165,2.1708360903596664,2.1289878543210508,2.2170556465192606,2.233111049097916,2.7556549523575864,2.1930390317243686
218,2.18,3.2822282742161075,2.247250104451453,1.6009814717435753,2.1070643803120306,2.2211117434238314,2.23130950232783,2.1899649849491656,2.113018589502429,2.2038259148169095,2.141617922327683,2.1103479760205013,2.1796161969591394,2.214283247682738,2.2172152704055073,2.1992570461843313,2.2465255279441876,2.190501618786855,2.1148351256634776,2.207706700632766,2.4993143408453435,2.2796058604401965,1.9675360649913258,2.1840113653916666,2.2534486803758327,2.203095511844265,2.164440786919914,2.1594695282604497,2.185347210113722,2.241810203995235,2.198228341231328,2.2117558707518006,2.1682095750541723,2.259515898322527,2.2770874928069356,2.825489737304026,2.2345334043261422
219,2.13,3.13771576773457,2.196044531195135,1.5259259496801136,2.032935967766355,2.1574775309969456,2.1599011435391824,2.128631451008696,2.0409756177682237,2.1370709519346347,2.0661076926413084,2.0397454973642466,2.1126932589551197,2.145080551960727,2.147698501124657,2.1331125224398857,2.1766081510167528,2.1282015330654462,2.0443219145213543,2.1391466778207304,2.399510710027116,2.205834917802884,1.8926121657952542,2.12746372313431,2.1825420783644565,2.1364925885352095,2.0951784750576667,2.08852705555612,2.1270795697941245,2.1751806529229953,2.132306295183142,2.143556236764911,2.10284004049897,2.188748811983749,2.203793419958569,2.7090984290599596,2.1653761166565193
220,2.09,3.0221057625493417,2.155080072590081,1.465881532029344,1.9736332377298154,2.1065701610554366,2.1027744565082642,2.0795646238563203,1.98334124038086,2.0836669816288147,2.0056995088922087,1.9832635144392432,2.0591549085519034,2.0897183953831187,2.0920850856999773,2.080196903444328,2.1206742494748045,2.078361464488319,1.9879113456076554,2.084298659571102,2.319667805372534,2.1468181636930352,1.832673046438397,2.0822256093284253,2.1258167967553554,2.0832102498879657,2.03976862556787,2.031773077392657,2.0804654575384465,2.1218770120652035,2.079568658344594,2.088996529575399,2.0505444128548085,2.132135142912727,2.145158161679876,2.6159853824647077,2.110050286520821
221,2.13,3.13771576773457,2.196044531195135,1.5259259496801136,2.032935967766355,2.1574775309969456,2.1599011435391824,2.128631451008696,2.0409756177682237,2.1370709519346347,2.0661076926413084,2.0397454973642466,2.1126932589551197,2.145080551960727,2.147698501124657,2.1331125224398857,2.1766081510167528,2.1282015330654462,2.0443219145213543,2.1391466778207304,2.399510710027116,2.205834917802884,1.8926121657952542,2.12746372313431,2.1825420783644565,2.1364925885352095,2.0951784750576667,2.08852705555612,2.1270795697941245,2.1751806529229953,2.132306295183142,2.143556236764911,2.10284004049897,2.188748811983749,2.203793419958569,2.7090984290599596,2.1653761166565193
222,2.17,3.2533257729197995,2.2370089898001897,1.5859703673308827,2.092238697802895,2.208384900938454,2.2170278305701,2.1776982781610714,2.098609995155588,2.1904749222404543,2.1265158763904077,2.09622748028925,2.1662316093583356,2.200442708538336,2.2033119165493367,2.1860281414354423,2.2325420525587005,2.1780416016425734,2.1007324834350527,2.1939946960703587,2.4793536146816977,2.2648516719127336,1.952551285152111,2.172701836940195,2.2392673599735575,2.1897749271824534,2.1505883245474644,2.1452810337195833,2.1736936820498025,2.228484293780787,2.1850439320216903,2.1981159439544222,2.1551356681431315,2.245362481054771,2.2624286782372622,2.802211475655213,2.2207019467922176
223,2.21,3.368935778105028,2.2779734484052443,1.6460147849816518,2.151541427839435,2.259292270879963,2.274154517601018,2.2267651053134467,2.156244372542951,2.243878892546274,2.1869240601395075,2.1527094632142534,2.2197699597615514,2.255804865115944,2.2589253319740163,2.238943760430999,2.2884759541006483,2.2278816702197,2.1571430523487516,2.2488427143199865,2.5591965193362793,2.3238684260225826,2.012490404508968,2.21793995074608,2.295992641582658,2.2430572658296977,2.2059981740372616,2.2020350118830465,2.220307794305481,2.281787934638579,2.237781568860239,2.252675651143934,2.207431295787293,2.3019761501257934,2.321063936515955,2.8953245222504647,2.2760277769279154
224,2.24,3.45564328199395,2.308696792359035,1.6910480982197291,2.1960184753668406,2.2974727983360945,2.3169995328742066,2.2635652256777288,2.1994701555834744,2.283931870275639,2.2322301979513326,2.1950709504080064,2.2599237225639635,2.297326482549151,2.3006353935425263,2.2786304746776667,2.3304263802571095,2.2652617216525455,2.199450979034026,2.289978728007208,2.619078697827216,2.3681309916049695,2.0574447440266113,2.2518685361004938,2.3385366027894845,2.2830190198151312,2.2475555611546096,2.2446004955056442,2.25526837849724,2.321765665281923,2.2773347964891504,2.293595431536068,2.2466530165204146,2.34443640192906,2.3650403802249755,2.9651593071969042,2.3175221495296894
225,2.22,3.397838279401336,2.288214563056508,1.6610258893943444,2.1663671103485704,2.2720191133653405,2.2884361893587477,2.239031812101541,2.1706529668897927,2.2572298851227295,2.202026106076783,2.1668299589455047,2.2331545473623553,2.2696454042603467,2.272828685830187,2.2521726651798883,2.3024594294861354,2.240341687363982,2.1712456945771765,2.262554718882394,2.579157245499925,2.3386226145500455,2.027475184348183,2.2292494791975512,2.310173961984934,2.256377850491509,2.2198506364097113,2.216223506423913,2.2319613223694006,2.2951138448530273,2.250965978069876,2.2663155779413118,2.220505202698334,2.316129567393549,2.335722751085629,2.9186027838992783,2.2898592344618405
226,2.19,3.3111307755124137,2.2574912191027168,1.6159925761562677,2.121890062821165,2.2338385859092087,2.2455911740855594,2.202231691737259,2.1274271838492695,2.2171769073933643,2.156719968264958,2.124468471751752,2.1930007845599433,2.22812378682714,2.2311186242616765,2.212485950933221,2.260509003329674,2.2029616359311364,2.1289377678919026,2.2214187051951724,2.5192750670089885,2.294360048967658,1.9825208448305398,2.1953208938431374,2.267630000778108,2.2164160965060757,2.178293249292363,2.173658022801315,2.1970007381776417,2.255136114209683,2.2114127504409646,2.225395797549178,2.1812834819652123,2.2736693155902823,2.291746307376609,2.8487679989528387,2.2483648618600665
227,2.2,3.3400332768087218,2.267732333753981,1.63100368056896,2.1367157453303007,2.246565428394586,2.259872845843289,2.214498398525353,2.141835778196111,2.2305278999698195,2.1718220142022333,2.138588967483003,2.2063853721607476,2.2419643259715425,2.2450219781178467,2.22571485568211,2.274492478715162,2.2154216530754187,2.143040410120327,2.2351307097575797,2.5392357931726344,2.309114237495121,1.9975056246697545,2.2066304222946087,2.281811321180384,2.229736681167887,2.1921457116648124,2.1878465173421815,2.2086542662415614,2.2684620244241316,2.2245971596506022,2.2390357243465564,2.194357388876253,2.2878227328580385,2.3064051219462827,2.8720462606016524,2.2621963193939916
228,2.22,3.397838279401336,2.288214563056508,1.6610258893943444,2.1663671103485704,2.2720191133653405,2.2884361893587477,2.239031812101541,2.1706529668897927,2.2572298851227295,2.202026106076783,2.1668299589455047,2.2331545473623553,2.2696454042603467,2.272828685830187,2.2521726651798883,2.3024594294861354,2.240341687363982,2.1712456945771765,2.262554718882394,2.579157245499925,2.3386226145500455,2.027475184348183,2.2292494791975512,2.310173961984934,2.256377850491509,2.2198506364097113,2.216223506423913,2.2319613223694006,2.2951138448530273,2.250965978069876,2.2663155779413118,2.220505202698334,2.316129567393549,2.335722751085629,2.9186027838992783,2.2898592344618405
229,2.24,3.4556432819939493,2.3086967923590347,1.691048098219729,2.19601847536684,2.297472798336094,2.316999532874206,2.2635652256777288,2.1994701555834744,2.283931870275639,2.232230197951332,2.195070950408006,2.2599237225639626,2.297326482549151,2.3006353935425263,2.2786304746776667,2.330426380257109,2.2652617216525455,2.1994509790340255,2.289978728007208,2.6190786978272156,2.368130991604969,2.057444744026611,2.2518685361004938,2.338536602789484,2.2830190198151303,2.2475555611546096,2.2446004955056442,2.2552683784972394,2.3217656652819225,2.27733479648915,2.293595431536067,2.2466530165204146,2.34443640192906,2.3650403802249755,2.965159307196904,2.3175221495296894
230,2.26,3.513448284586564,2.329179021661562,1.721070307045113,2.22566984038511,2.3229264833068486,2.345562876389665,2.2880986392539158,2.228287344277156,2.310633855428548,2.262434289825882,2.2233119418705076,2.2866928977655707,2.325007560837955,2.3284421012548657,2.3050882841754445,2.3583933310280827,2.2901817559411084,2.227656263490875,2.3174027371320216,2.659000150154506,2.397639368659894,2.0874143037050388,2.2744875930034363,2.3668992435940344,2.3096601891387527,2.275260485899508,2.2729774845873756,2.278575434625078,2.348417485710818,2.3037036149084242,2.320875285130823,2.272800830342495,2.372743236464571,2.3943580093643213,3.01171583049453,2.3451850645975383
231,2.35,3.77357079625333,2.4213490535229347,1.856170246759344,2.359100982967325,2.4374680656752434,2.4740979222092303,2.398499000346761,2.357964693398725,2.430792788616643,2.398352703261356,2.3503964034517657,2.4071541861728063,2.4495724131375747,2.4535722859603957,2.4241484269154476,2.4842446094974653,2.4023219102396443,2.354580043546697,2.440810778193685,2.838646685627316,2.530427065407055,2.2222773222579675,2.376273349066677,2.494531127214512,2.429545451095052,2.399932647251552,2.4006739354551683,2.3834571872003543,2.4683506776408506,2.422363297795158,2.443634626307224,2.3904659925418583,2.5001239918743714,2.5262873404913817,3.221220185333849,2.469668182402859
232,2.31,3.6579607910681,2.38038459491788,1.796125829108575,2.299798252930785,2.386560695733735,2.4169712351783126,2.3494321731943852,2.300330316011361,2.377388818310823,2.3379445195122566,2.2939144205267623,2.3536158357695904,2.394210256559966,2.3979588705357155,2.371232807919891,2.4283107079555175,2.3524818416625175,2.2981694746329984,2.385962759944057,2.758803780972734,2.4714103112972055,2.1623382029011107,2.3310352352607926,2.437805845605411,2.3762631124478077,2.344522797761755,2.343919957291705,2.3368430749446762,2.4150470367830583,2.3696256609566095,2.3890749191177125,2.338170364897697,2.443510322803349,2.4676520822126884,3.1281071387385952,2.4143423522671608
233,2.28,3.571253287179178,2.3496612509640893,1.7510925158704975,2.25532120540338,2.348380168277603,2.374126219905124,2.3126320528301036,2.2571045329708377,2.337335840581458,2.2926383817004314,2.2515529333330093,2.3134620729671784,2.352688639126759,2.356248808967206,2.3315460936732233,2.3863602817990563,2.315101790229672,2.255861547947724,2.3448267462568353,2.698921602481797,2.4271477457148185,2.117383863383467,2.2971066499063784,2.395261884398585,2.3363013584623746,2.3029654106444064,2.301354473669107,2.3018824907529174,2.3750693061397143,2.330072433327698,2.348155138725579,2.2989486441645752,2.401050071000082,2.423675638503668,3.0582723537921557,2.3728479796653867
234,2.15,3.1955207703271853,2.2165267604976626,1.555948158505498,2.0625873327846254,2.1829312159677,2.1884644870546412,2.153164864584884,2.0697928064619058,2.1637729370875443,2.0963117845158585,2.0679864888267483,2.1394624341567274,2.1727616302495316,2.175505208836997,2.159570331937664,2.204575101787727,2.1531215673540096,2.0725271989782037,2.1665706869455446,2.439432162354407,2.235343294857809,1.9225817254736826,2.150082780037253,2.2109047191690068,2.163133757858832,2.122883399802566,2.116904044637852,2.1503866259219637,2.2018324733518915,2.1586751136024165,2.1708360903596664,2.1289878543210508,2.2170556465192606,2.233111049097916,2.7556549523575864,2.1930390317243686
235,2.1766666666666667,3.272594107117338,2.243836399567699,1.5959777702726776,2.102122486142319,2.2168694625953727,2.2265489450752534,2.1858760826864674,2.1082157247201483,2.199375583958091,2.136583907015258,2.105641144110084,2.1751546677588713,2.2096697346346037,2.2125808191201166,2.194847411268035,2.2418643694823586,2.1863482797387612,2.1101342449206695,2.203136032445297,2.4926607654574613,2.2746877975977084,1.962541138378254,2.1802415225745095,2.2487215735750743,2.1986553169569945,2.1598232994624307,2.154740030080161,2.1814627007590826,2.2373682339237524,2.1938335381614484,2.2072092284860076,2.163851606083825,2.2547980925666087,2.2722012212837113,2.8177303167544214,2.229922918481501
236,2.203333333333333,3.3496674439074896,2.271146038637735,1.6360073820398569,2.1416576395000115,2.2508077092230447,2.264633403095865,2.2185873007880508,2.1466386429783904,2.234978230828637,2.1768560295146573,2.1432957993934196,2.210846901361015,2.2465778390196762,2.2496564294032364,2.2301244905984063,2.2791536371769903,2.219574992123512,2.147741290863135,2.2397013779450483,2.5458893685605157,2.3140323003376078,2.002500551282825,2.210400265111766,2.2865384279811414,2.234176876055157,2.1967631991222953,2.1925760155224694,2.212538775596201,2.2729039944956138,2.228991962720481,2.2435823666123484,2.1987153578465994,2.2925405386139563,2.3112913934695065,2.879805681151256,2.266806805238633
237,2.23,3.426740780697642,2.298455677707772,1.6760369938070363,2.181192792857705,2.2847459558507173,2.302717861116477,2.2512985188896346,2.1850615612366333,2.2705808776991843,2.217128152014057,2.180950454676755,2.246539134963159,2.2834859434047488,2.286732039686356,2.2654015699287777,2.3164429048716224,2.2528017045082636,2.1853483368056006,2.2762667234448006,2.59911797166357,2.3533768030775075,2.0424599641873966,2.2405590076490225,2.324355282387209,2.2696984351533196,2.2337030987821604,2.2304120009647783,2.2436148504333198,2.3084397550674747,2.2641503872795132,2.2799555047386892,2.233579109609374,2.330282984661305,2.350381565655302,2.941881045548091,2.3036906919957647
238,2.24,3.45564328199395,2.308696792359035,1.6910480982197291,2.1960184753668406,2.2974727983360945,2.3169995328742066,2.2635652256777288,2.1994701555834744,2.283931870275639,2.2322301979513326,2.1950709504080064,2.2599237225639635,2.297326482549151,2.3006353935425263,2.2786304746776667,2.3304263802571095,2.2652617216525455,2.199450979034026,2.289978728007208,2.619078697827216,2.3681309916049695,2.0574447440266113,2.2518685361004938,2.3385366027894845,2.2830190198151312,2.2475555611546096,2.2446004955056442,2.25526837849724,2.321765665281923,2.2773347964891504,2.293595431536068,2.2466530165204146,2.34443640192906,2.3650403802249755,2.9651593071969042,2.3175221495296894
239,2.24,3.45564328199395,2.308696792359035,1.6910480982197291,2.1960184753668406,2.2974727983360945,2.3169995328742066,2.2635652256777288,2.1994701555834744,2.283931870275639,2.2322301979513326,2.1950709504080064,2.2599237225639635,2.297326482549151,2.3006353935425263,2.2786304746776667,2.3304263802571095,2.2652617216525455,2.199450979034026,2.289978728007208,2.619078697827216,2.3681309916049695,2.0574447440266113,2.2518685361004938,2.3385366027894845,2.2830190198151312,2.2475555611546096,2.2446004955056442,2.25526837849724,2.321765665281923,2.2773347964891504,2.293595431536068,2.2466530165204146,2.34443640192906,2.3650403802249755,2.9651593071969042,2.3175221495296894
240,2.36,3.802473297549636,2.431590168174198,1.8711813511720363,2.3739266654764597,2.4501949081606202,2.4883795939669593,2.4107657071348543,2.3723732877455657,2.4441437811930973,2.413454749198631,2.364516899183016,2.42053877377361,2.4634129522819768,2.4674756398165654,2.437377331664337,2.4982280848829523,2.414781927383926,2.3686826857751213,2.454522782756092,2.8586074117909606,2.545181253934517,2.2372621020971817,2.3875828775181485,2.5087124476167872,2.442866035756863,2.4137851096240013,2.4148624299960337,2.3951107152642734,2.481676587855298,2.435547707004795,2.457274553104602,2.4035398994528987,2.5142774091421263,2.5409461550610546,3.244498446982661,2.4834996399367832
241,2.33,3.715765793660714,2.400866824220408,1.8261480379339596,2.329449617949055,2.4120143807044894,2.4455345786937714,2.373965586770573,2.329147504705043,2.404090803463733,2.368148611386806,2.3221554119892636,2.3803850109711986,2.42189133484877,2.425765578248056,2.3976906174176698,2.456277658726491,2.3774018759510813,2.326374759089848,2.413386769068871,2.798725233300024,2.5009186883521304,2.192307762579539,2.3536542921637347,2.466168486409962,2.4029042817714297,2.3722277225066533,2.372296946373436,2.3601501310725155,2.4416988572119545,2.395994479375884,2.4163547727124683,2.3643181787197776,2.4718171573388603,2.4969697113520346,3.174663662036221,2.44200526733501
242,2.345,3.759119545605176,2.416228496197303,1.848664694552998,2.3516881417127573,2.431104644432555,2.466957086330366,2.3923656469527144,2.3507603962253043,2.4241172923284156,2.390801680292719,2.3433361555861403,2.4004618923724044,2.4426521435653736,2.4466206090323106,2.4175339745410036,2.477252871804722,2.396091901667504,2.3475287224324846,2.4339547759124818,2.8286663225454927,2.5230499711433243,2.2147849323383606,2.3706185848409422,2.487440467013375,2.4228851587641467,2.3930064160653277,2.3935796881847353,2.3776304231683945,2.461687722533626,2.4157710931903393,2.436814662908535,2.3839290390863384,2.4930472832404935,2.5189579332065453,3.2095810545094414,2.462752453635897
243,2.3600000000000003,3.802473297549637,2.4315901681741985,1.8711813511720368,2.37392666547646,2.4501949081606207,2.48837959396696,2.410765707134855,2.3723732877455657,2.444143781193098,2.413454749198631,2.3645168991830166,2.42053877377361,2.4634129522819768,2.467475639816566,2.4373773316643375,2.498228084882953,2.4147819273839266,2.3686826857751218,2.4545227827560923,2.8586074117909615,2.5451812539345173,2.237262102097182,2.387582877518149,2.5087124476167877,2.442866035756863,2.4137851096240013,2.414862429996034,2.395110715264274,2.481676587855298,2.435547707004795,2.457274553104602,2.403539899452899,2.514277409142127,2.540946155061055,3.2444984469826617,2.4834996399367837
244,2.375,3.8458270494940967,2.446951840151094,1.893698007791075,2.396165189240162,2.469285171888686,2.5098021016035537,2.429165767316995,2.393986179265827,2.46417027005778,2.436107818104543,2.385697642779893,2.440615655174816,2.48417376099858,2.4883306706008206,2.457220688787671,2.519203297961183,2.433471953100349,2.3898366491177585,2.4750907895997023,2.8885485010364285,2.5673125367257104,2.259739271856003,2.4045471701953556,2.5299844282202004,2.462846912749579,2.4345638031826753,2.4361451718073326,2.4125910073601533,2.5016654531769698,2.4553243208192503,2.4777344433006685,2.4231507598194595,2.53550753504376,2.562934376915565,3.279415839455881,2.5042468262376705
245,2.39,3.889180801438558,2.4623135121279893,1.9162146644101137,2.418403713003865,2.4883754356167525,2.531224609240148,2.4475658274991363,2.415599070786089,2.4841967589224625,2.4587608870104556,2.406878386376769,2.4606925365760217,2.504934569715183,2.5091857013850754,2.4770640459110047,2.5401785110394135,2.4521619788167714,2.4109906124603957,2.495658796443313,2.9184895902818973,2.5894438195169043,2.2822164416148247,2.4215114628725622,2.551256408823613,2.482827789742296,2.4553424967413493,2.4574279136186314,2.4300712994560323,2.521654318498642,2.4751009346337063,2.498194333496736,2.4427616201860203,2.556737660945393,2.5849225987700746,3.3143332319291003,2.5249940125385573
246,2.48,4.149303313105322,2.5544835439893614,2.051314604124344,2.5518348555860793,2.602917017985146,2.6597596550597125,2.5579661885919807,2.5452764199076565,2.6043556921105564,2.594679300445929,2.5339628479580263,2.581153824983257,2.6294994220148027,2.6343158860906044,2.5961241886510074,2.666029789508795,2.564302133115307,2.537914392516217,2.6190668375049757,3.0981361257547055,2.722231516264064,2.4170794601677525,2.523297218935803,2.678888292444091,2.602713051698595,2.5800146580933925,2.5851243644864232,2.534953052031308,2.641587510428673,2.5937606175204393,2.620953674673136,2.560426782385383,2.6841184163551928,2.7168519298971336,3.5238375867684177,2.6494771303438776
247,2.49,4.17820581440163,2.5647246586406256,2.066325708537037,2.566660538095215,2.615643860470524,2.674041326817443,2.570232895380075,2.559685014254498,2.617706684687012,2.6097813463832047,2.548083343689278,2.5945384125840616,2.6433399611592048,2.6482192399467754,2.609353093399897,2.6800132648942827,2.576762150259589,2.5520170347446425,2.6327788420673834,3.118096851918351,2.7369857047915267,2.432064240006967,2.534606747387275,2.6930696128463665,2.616033636360406,2.593867120465843,2.5993128590272896,2.5466065800952276,2.6549134206431213,2.606945026730077,2.634593601470515,2.573500689296424,2.698271833622949,2.731510744466808,3.5471158484172314,2.6633085878778027
248,2.49,4.17820581440163,2.5647246586406256,2.066325708537037,2.566660538095215,2.615643860470524,2.674041326817443,2.570232895380075,2.559685014254498,2.617706684687012,2.6097813463832047,2.548083343689278,2.5945384125840616,2.6433399611592048,2.6482192399467754,2.609353093399897,2.6800132648942827,2.576762150259589,2.5520170347446425,2.6327788420673834,3.118096851918351,2.7369857047915267,2.432064240006967,2.534606747387275,2.6930696128463665,2.616033636360406,2.593867120465843,2.5993128590272896,2.5466065800952276,2.6549134206431213,2.606945026730077,2.634593601470515,2.573500689296424,2.698271833622949,2.731510744466808,3.5471158484172314,2.6633085878778027
249,2.543333333333333,4.332352487981934,2.619343936780698,2.1463849320713955,2.645730844810601,2.6835203537258687,2.750210242858666,2.6356553315832416,2.6365308507709826,2.688911978428104,2.6903255913820034,2.6233926542559485,2.6659228797883485,2.7171561699293494,2.722370460513014,2.679907252060639,2.754591800283546,2.643215575029091,2.6272311266295736,2.7059095330668868,3.22455405812446,2.8156747102713253,2.5119830658161093,2.594924232461788,2.7687033216585006,2.687076754556731,2.6677469197855714,2.674984829911907,2.6087587297694648,2.7259849417868436,2.677261875848141,2.7073398777231965,2.6432281928219723,2.7737567257176448,2.809691088838398,3.6712665772109,2.737076361392066
250,2.5966666666666667,4.486499161562239,2.67396321492077,2.226444155605754,2.7248011515259876,2.751396846981213,2.82637915889989,2.701077767786409,2.7133766872874676,2.760117272169197,2.7708698363808026,2.69870196482262,2.737307346992636,2.790972378699494,2.7965216810792537,2.750461410721381,2.8291703356728095,2.709668999798594,2.7024452185145043,2.7790402240663914,3.331011264330569,2.8943637157511244,2.5919018916252523,2.6552417175363012,2.8443370304706352,2.7581198727530563,2.741626719105301,2.7506568007965244,2.6709108794437024,2.7970564629305654,2.747578724966205,2.780086153975878,2.712955696347521,2.84924161781234,2.8878714332099893,3.79541730600457,2.81084413490633
251,2.65,4.640645835142544,2.7285824930608427,2.306503379140113,2.8038714582413737,2.8192733402365575,2.902548074941113,2.766500203989576,2.790222523803952,2.8313225659102894,2.8514140813796023,2.7740112753892907,2.8086918141969237,2.864788587469639,2.8706729016454933,2.8210155693821237,2.9037488710620725,2.776122424568096,2.777659310399436,2.852170915065895,3.437468470536677,2.973052721230923,2.6718207174343944,2.7155592026108146,2.91997073928277,2.8291629909493814,2.815506518425031,2.826328771681142,2.7330630291179396,2.868127984074288,2.817895574084269,2.8528324302285597,2.7826831998730697,2.9247265099070363,2.9660517775815793,3.91956803479824,2.8846119084205943
252,2.67,4.698450837735158,2.74906472236337,2.336525587965497,2.8335228232596434,2.8447270252073125,2.931111418456572,2.7910336175657635,2.8190397124976343,2.8580245510631994,2.881618173254152,2.8022522668517924,2.8354609893985314,2.892469665758443,2.8984796093578327,2.8474733788799016,2.931715821833047,2.80104245885666,2.805864594856285,2.879594924190709,3.477389922863968,3.002561098285847,2.701790277112823,2.7381782595137567,2.9483333800873206,2.8558041602730033,2.8432114431699294,2.854705760762873,2.756370085245779,2.894779804503184,2.8442643925035433,2.8801122838233155,2.8088310136951504,2.953033344442548,2.995369406720926,3.9661245580958653,2.9122748234884432
253,2.63,4.5828408325499295,2.708100263758316,2.276481170314728,2.7742200932231036,2.7938196552658034,2.8739847314256544,2.7419667904133886,2.7614053351102705,2.80462058075738,2.8212099895050526,2.745770283926789,2.7819226389953156,2.837107509180835,2.842866193933154,2.794557759884345,2.8757819202910992,2.7512023902795333,2.749454025942587,2.824746905941081,3.3975470182093868,2.943544344175998,2.641851157755966,2.692940145707872,2.891608098478219,2.8025218216257595,2.7878015936801326,2.79795178259941,2.7097559729901004,2.8414761636453925,2.791526755664995,2.8255525766338043,2.756535386050989,2.8964196753715257,2.936734148442233,3.873011511500614,2.8569489933527454
254,2.62,4.553938331253622,2.6978591491070523,2.2614700659020364,2.759394410713969,2.7810928127804266,2.859703059667925,2.7297000836252945,2.74699674076343,2.791269588180925,2.8061079435677776,2.731649788195538,2.768538051394512,2.823266970036433,2.8289628400769837,2.781328855135456,2.8617984449056126,2.7387423731352514,2.7353513837141623,2.811034901378674,3.3775862920457413,2.928790155648536,2.6268663779167523,2.681630617256401,2.877426778075944,2.7892012369639487,2.773949131307683,2.7837632880585446,2.6981024449261817,2.8281502534309446,2.778342346455358,2.8119126498364264,2.743461479139948,2.88226625810377,2.92207533387256,3.8497332498518,2.8431175358188208
255,2.61,4.525035829957315,2.6876180344557885,2.2464589614893438,2.744568728204834,2.7683659702950494,2.8454213879101955,2.7174333768372008,2.732588146416589,2.7779185956044703,2.7910058976305026,2.7175292924642873,2.755153463793708,2.8094264308920303,2.8150594862208136,2.7680999503865666,2.8478149695201256,2.7262823559909695,2.7212487414857374,2.797322896816267,3.3576255658820964,2.914035967121073,2.6118815980775376,2.6703210888049296,2.863245457673669,2.7758806523021375,2.7600966689352333,2.7695747935176787,2.6864489168622616,2.8148243432164963,2.7651579372457213,2.7982727230390485,2.730387572228908,2.868112840836014,2.907416519302887,3.8264549882029875,2.8292860782848965
256,2.6566666666666667,4.659914169340082,2.735409902828352,2.316510782081908,2.813755246580797,2.8277579018934764,2.9120691894462665,2.774678008514972,2.7998282533685135,2.8402232276279262,2.8614821120044525,2.783424939210125,2.81761487259746,2.8740156135659074,2.8799418042162737,2.8298348392147163,2.9130711879857314,2.7844291026642844,2.7870610718850526,2.8613122514408333,3.450775621312441,2.9828888469158983,2.681810570660538,2.7230988882451284,2.929424952884287,2.8380433807239225,2.8247414933399972,2.83578776804172,2.7408320478272197,2.877011924217254,2.826685180224027,2.8619257147601456,2.7913991378137633,2.9341621214188733,2.9758243206280284,3.935086875897449,2.893832880109877
257,2.703333333333333,4.794792508722848,2.783201771200915,2.3865626026744717,2.8829417649567604,2.8871498334919026,2.9787169909823366,2.831922640192743,2.867068360320437,2.902527859651382,2.931958326378401,2.8493205859559616,2.8800762814012106,2.9386047962397837,2.944824122211733,2.8915697280428656,2.9783274064513363,2.8425758493375985,2.8528734022843674,2.925301606065399,3.5439256767427865,3.051741726710721,2.751739543243537,2.775876687685327,2.9956044480949044,2.9002061091457065,2.8893863177447603,2.9020007425657592,2.7952151787921773,2.9391995052180104,2.888212423202333,2.925578706481242,2.852410703398618,3.0002114020017325,3.04423212195317,4.043718763591909,2.958379681934858
258,2.75,4.929670848105616,2.830993639573479,2.456614423267036,2.9521282833327236,2.9465417650903296,3.0453647925184075,2.8891672718705146,2.934308467272362,2.964832491674839,3.002434540752351,2.915216232701799,2.942537690204963,3.003193978913661,3.009706440207193,2.9533046168710158,3.0435836249169426,2.900722596010914,2.9186857326836826,2.9892909606899654,3.6370757321731317,3.1205946065055454,2.8216685158265373,2.828654487125527,3.0617839433055223,2.9623688375674915,2.954031142149524,2.9682137170898004,2.8495983097571354,3.0013870862187675,2.9497396661806397,2.989231698202339,2.9134222689834735,3.066260682584592,3.112639923278312,4.15235065128637,3.0229264837598397
259,2.7,4.78515834162408,2.779788066317161,2.3815589012035745,2.8779998707870487,2.8829075526634442,2.9739564337297604,2.8278337379300456,2.8622654955381575,2.898077528792564,2.926924311065977,2.8446137540455454,2.8756147522009434,2.93399128319165,2.940189670926343,2.8871600931265697,2.9736662479895077,2.8384225102895053,2.848172521541559,2.9207309378779307,3.5372721013549047,3.0468236638682344,2.7467446166304663,2.772106844868171,2.9908773412941465,2.895765914258437,2.8847688302872774,2.897271244385471,2.7913306694375377,2.9347575351465283,2.8838176201324544,2.9210320642154497,2.8480527344282716,2.9954935962458147,3.039345850429946,4.035959343042306,2.953769196090217
260,2.72,4.842963344216694,2.8002702956196885,2.411581110028959,2.907651235805319,2.908361237634198,3.0025197772452197,2.8523671515062334,2.891082684231839,2.924779513945474,2.9571284029405263,2.8728547455080466,2.902383927402551,2.9616723614804545,2.9679963786386834,2.913617902624348,3.0016331987604814,2.863342544578069,2.8763778059984086,2.9481549470027444,3.577193553682195,3.076332040923159,2.7767141763088943,2.7947259017711135,3.019239982098697,2.9224070835820584,2.912473755032176,2.9256482334672027,2.8146377255653765,2.961409355575424,2.9101864385517286,2.948311917810205,2.8742005482503528,3.0238004307813258,3.0686634795692926,4.082515866339931,2.981432111158066
261,2.65,4.640645835142544,2.7285824930608427,2.306503379140113,2.8038714582413737,2.8192733402365575,2.902548074941113,2.766500203989576,2.790222523803952,2.8313225659102894,2.8514140813796023,2.7740112753892907,2.8086918141969237,2.864788587469639,2.8706729016454933,2.8210155693821237,2.9037488710620725,2.776122424568096,2.777659310399436,2.852170915065895,3.437468470536677,2.973052721230923,2.6718207174343944,2.7155592026108146,2.91997073928277,2.8291629909493814,2.815506518425031,2.826328771681142,2.7330630291179396,2.868127984074288,2.817895574084269,2.8528324302285597,2.7826831998730697,2.9247265099070363,2.9660517775815793,3.91956803479824,2.8846119084205943
262,2.34,3.744668294957021,2.411107938871671,1.841159142346652,2.34427530045819,2.4247412231898657,2.4598162504515004,2.386232293558667,2.3435560990518836,2.4174417960401877,2.383250657324081,2.3362759077205144,2.393769598572002,2.435731873993172,2.4396689321042255,2.4109195221665587,2.4702611341119782,2.389861893095363,2.340477401318272,2.4270987736312777,2.8186859594636697,2.5156728768795924,2.2072925424187533,2.364963820615206,2.480349806812237,2.4162248664332404,2.3860801848791025,2.386485440914302,2.371803659136434,2.455024767426402,2.4091788885855205,2.429994699509846,2.3773920856308175,2.4859705746066156,2.5116285259217084,3.1979419236850344,2.4558367248689343
263,2.41,3.946985804031171,2.482795741430516,1.946236873235497,2.448055078022134,2.5138291205875056,2.5597879527556064,2.4720992410753233,2.4444162594797696,2.510898744075372,2.488964978885005,2.4351193778392703,2.487461711777629,2.532615648003987,2.536992409097415,2.503521855408783,2.5681454618103867,2.477082013105335,2.4391958969172443,2.5230828055681265,2.9584110426091867,2.618952196571828,2.3121860012932522,2.4441305197755048,2.5796190496281635,2.5094689590659174,2.4830474214862472,2.4858049027003624,2.4533783555838715,2.548306138927537,2.5014697530529797,2.5254741870914907,2.4689094340081006,2.5850444954809038,2.614240227909421,3.360889755226726,2.5526569276064057
264,2.48,4.149303313105322,2.5544835439893614,2.051314604124344,2.5518348555860793,2.602917017985146,2.6597596550597125,2.5579661885919807,2.5452764199076565,2.6043556921105564,2.594679300445929,2.5339628479580263,2.581153824983257,2.6294994220148027,2.6343158860906044,2.5961241886510074,2.666029789508795,2.564302133115307,2.537914392516217,2.6190668375049757,3.0981361257547055,2.722231516264064,2.4170794601677525,2.523297218935803,2.678888292444091,2.602713051698595,2.5800146580933925,2.5851243644864232,2.534953052031308,2.641587510428673,2.5937606175204393,2.620953674673136,2.560426782385383,2.6841184163551928,2.7168519298971336,3.5238375867684177,2.6494771303438776
265,2.55,4.351620822179472,2.626171346548207,2.156392335013189,2.6556146331500234,2.6920049153827863,2.7597313573638185,2.6438331361086376,2.6461365803355426,2.6978126401457403,2.7003936220068527,2.632806318076782,2.6748459381888843,2.726383196025617,2.731639363083794,2.6887265218932312,2.7639141172072037,2.651522253125279,2.636632888115189,2.715050869441825,3.237861208900223,2.8255108359563,2.5219729190422515,2.6024639180961016,2.7781575352600165,2.6959571443312713,2.6769818947005373,2.6844438262724832,2.6165277484787444,2.734868881929809,2.6860514819878984,2.7164331622547815,2.6519441307626654,2.783192337229481,2.8194636318848465,3.6867854183101088,2.746297333081349
266,2.55,4.351620822179472,2.626171346548207,2.156392335013189,2.6556146331500234,2.6920049153827863,2.7597313573638185,2.6438331361086376,2.6461365803355426,2.6978126401457403,2.7003936220068527,2.632806318076782,2.6748459381888843,2.726383196025617,2.731639363083794,2.6887265218932312,2.7639141172072037,2.651522253125279,2.636632888115189,2.715050869441825,3.237861208900223,2.8255108359563,2.5219729190422515,2.6024639180961016,2.7781575352600165,2.6959571443312713,2.6769818947005373,2.6844438262724832,2.6165277484787444,2.734868881929809,2.6860514819878984,2.7164331622547815,2.6519441307626654,2.783192337229481,2.8194636318848465,3.6867854183101088,2.746297333081349
267,2.54,4.322718320883165,2.615930231896943,2.141381230600498,2.6407889506408893,2.679278072897409,2.7454496856060895,2.631566429320544,2.6317279859887024,2.684461647569286,2.6852915760695786,2.6186858223455314,2.6614613505880804,2.712542656881215,2.7177360092276244,2.6754976171443428,2.7499306418217166,2.6390622359809974,2.622530245886765,2.701338864879418,3.217900482736578,2.8107566474288377,2.5069881392030386,2.5911543896446307,2.763976214857742,2.6826365596694606,2.6631294323280885,2.670255331731618,2.604874220414825,2.721542971715361,2.6728670727782617,2.7027932354574036,2.6388702238516255,2.7690389199617256,2.8048048173151736,3.6635071566612964,2.732465875547425
268,2.57,4.409425824772086,2.646653575850734,2.1864145438385743,2.6852659981682936,2.717458600353541,2.7882947008792773,2.668366549684825,2.6749537690292247,2.7245146252986503,2.7305977138814033,2.661047309539284,2.701615113390492,2.7540642743144215,2.759446070796134,2.71518433139101,2.7918810679781774,2.6764422874138427,2.664838172572039,2.7424748785666386,3.277782661227514,2.855019213011224,2.5519424787206804,2.625082974999044,2.8065201760645677,2.7225983136548937,2.7046868194454365,2.712820815354215,2.6398348046065836,2.761520702358704,2.7124203004071723,2.7437130158495373,2.678091944584746,2.8114991717649924,2.848781261024193,3.7333419416077347,2.773960248149198
269,2.41,3.946985804031172,2.4827957414305164,1.946236873235498,2.4480550780221346,2.5138291205875065,2.559787952755607,2.472099241075324,2.4444162594797705,2.510898744075372,2.4889649788850052,2.4351193778392703,2.4874617117776294,2.5326156480039876,2.536992409097415,2.503521855408783,2.5681454618103867,2.477082013105335,2.4391958969172447,2.5230828055681274,2.9584110426091876,2.6189521965718283,2.312186001293253,2.4441305197755048,2.579619049628164,2.5094689590659174,2.4830474214862477,2.485804902700363,2.4533783555838715,2.548306138927538,2.50146975305298,2.5254741870914916,2.4689094340081006,2.585044495480904,2.6142402279094212,3.3608897552267267,2.552656927606406
270,2.396666666666667,3.908449135636096,2.4691409218954985,1.9262220673519088,2.4282875013432887,2.49685999727367,2.5407457237453013,2.4557436320245323,2.4252048003506492,2.4930974206400993,2.4688289176353058,2.416292050197603,2.4696155949765584,2.5141615958114514,2.5184546039558553,2.4858833157435978,2.5495008279630715,2.4604686569129592,2.4203923739460125,2.504800132818251,2.931796741057661,2.599279945201879,2.292206294840968,2.4290511485068764,2.5607106224251304,2.491708179516837,2.4645774716563156,2.466886909979209,2.4378403181653123,2.5305382586416076,2.4838905407734644,2.507287618028321,2.451477558126714,2.5661732724572306,2.5946951418165236,3.3298520730283094,2.5342149842278405
271,2.3833333333333333,3.869912467241019,2.45548610236048,1.9062072614683183,2.408519924664441,2.4798908739598335,2.5217034947349948,2.4393880229737404,2.4059933412215275,2.4752960972048257,2.4486928563856054,2.397464722555935,2.4517694781754855,2.4957075436189147,2.4999167988142954,2.4682447760784116,2.5308561941157555,2.4438553007205837,2.401588850974779,2.4865174600683746,2.9051824395061328,2.579607693831929,2.2722265883886816,2.413971777238248,2.541802195222096,2.473947399967755,2.4461075218263826,2.447968917258054,2.4223022807467522,2.5127703783556767,2.4663113284939477,2.48910104896515,2.4340456822453262,2.547302049433556,2.5751500557236255,3.2988143908298913,2.5157730408492744
272,2.37,3.831375798845944,2.441831282825462,1.886192455584729,2.388752347985595,2.4629217506459975,2.502661265724689,2.4230324139229484,2.3867818820924067,2.457494773769553,2.428556795135906,2.3786373949142674,2.433923361374414,2.477253491426379,2.4813789936727355,2.4506062364132264,2.5122115602684394,2.427241944528208,2.3827853280035463,2.468234787318499,2.8785681379546064,2.5599354424619793,2.2522468819363963,2.39889240596962,2.522893768019063,2.456186620418674,2.427637571996451,2.4290509245369,2.4067642433281935,2.495002498069746,2.448732116214432,2.47091447990198,2.4166138063639395,2.528430826409882,2.555604969630728,3.2677767086314744,2.497331097470708
273,2.36,3.802473297549636,2.431590168174198,1.8711813511720363,2.3739266654764597,2.4501949081606202,2.4883795939669593,2.4107657071348543,2.3723732877455657,2.4441437811930973,2.413454749198631,2.364516899183016,2.42053877377361,2.4634129522819768,2.4674756398165654,2.437377331664337,2.4982280848829523,2.414781927383926,2.3686826857751213,2.454522782756092,2.8586074117909606,2.545181253934517,2.2372621020971817,2.3875828775181485,2.5087124476167872,2.442866035756863,2.4137851096240013,2.4148624299960337,2.3951107152642734,2.481676587855298,2.435547707004795,2.457274553104602,2.4035398994528987,2.5142774091421263,2.5409461550610546,3.244498446982661,2.4834996399367832
274,2.36,3.802473297549636,2.431590168174198,1.8711813511720363,2.3739266654764597,2.4501949081606202,2.4883795939669593,2.4107657071348543,2.3723732877455657,2.4441437811930973,2.413454749198631,2.364516899183016,2.42053877377361,2.4634129522819768,2.4674756398165654,2.437377331664337,2.4982280848829523,2.414781927383926,2.3686826857751213,2.454522782756092,2.8586074117909606,2.545181253934517,2.2372621020971817,2.3875828775181485,2.5087124476167872,2.442866035756863,2.4137851096240013,2.4148624299960337,2.3951107152642734,2.481676587855298,2.435547707004795,2.457274553104602,2.4035398994528987,2.5142774091421263,2.5409461550610546,3.244498446982661,2.4834996399367832
275,2.31,3.6579607910681,2.38038459491788,1.796125829108575,2.299798252930785,2.386560695733735,2.4169712351783126,2.3494321731943852,2.300330316011361,2.377388818310823,2.3379445195122566,2.2939144205267623,2.3536158357695904,2.394210256559966,2.3979588705357155,2.371232807919891,2.4283107079555175,2.3524818416625175,2.2981694746329984,2.385962759944057,2.758803780972734,2.4714103112972055,2.1623382029011107,2.3310352352607926,2.437805845605411,2.3762631124478077,2.344522797761755,2.343919957291705,2.3368430749446762,2.4150470367830583,2.3696256609566095,2.3890749191177125,2.338170364897697,2.443510322803349,2.4676520822126884,3.1281071387385952,2.4143423522671608
276,2.25,3.4845457832902573,2.3189379070102984,1.7060592026324213,2.210844157875975,2.3101996408214713,2.331281204631936,2.2758319324658225,2.2138787499303154,2.297282862852094,2.247332243888607,2.2091914461392568,2.273308310164767,2.311167021693553,2.3145387473986965,2.2918593794265556,2.344409855642596,2.277721738796827,2.2135536212624505,2.3036907325696143,2.6390394239908614,2.382885180132432,2.0724295238658255,2.263178064551965,2.3527179231917597,2.296339604476942,2.261408023527059,2.25878899004651,2.266921906561159,2.335091575496371,2.2905192056987875,2.307235358333445,2.2597269234314545,2.3585898191968155,2.379699194794649,2.988437568845718,2.3313536070636136
277,2.286666666666666,3.590521621376716,2.3564886607315985,1.7610999188122929,2.2652049937428034,2.356864729934521,2.383647334410277,2.320809857355499,2.2667102625353985,2.3462365022990945,2.302706412325281,2.260966597153843,2.3223851313677146,2.3619156652230275,2.3655177115379855,2.340365363505816,2.3956825987227144,2.32340846832586,2.2652633094333403,2.3539680826317735,2.712228753257561,2.4369838713997933,2.1273737166096107,2.3046463355406925,2.404716098000102,2.3451817482369153,2.3122003855593727,2.3108134700296845,2.3096515094621966,2.3839532462826796,2.338862039467456,2.3572484232571638,2.307664582105269,2.410485682511919,2.433448181550117,3.0737911948913648,2.38206895135467
278,2.3233333333333333,3.696497459463176,2.3940394144528985,1.8161406349921645,2.3195658296096315,2.403529819047571,2.436013464188618,2.365787782245177,2.3195417751404817,2.395190141746096,2.358080580761956,2.31274174816843,2.3714619525706624,2.412664308752502,2.4164966756772754,2.3888713475850767,2.4469553418028336,2.369095197854893,2.3169729976042306,2.4042454326939326,2.7854180825242607,2.491082562667155,2.1823179093533964,2.3461146065294205,2.4567142728084446,2.394023891996889,2.362992747591687,2.3628379500128593,2.3523811123632354,2.432814917068989,2.3872048732361253,2.407261488180883,2.355602240779084,2.462381545827023,2.487197168305586,3.1591448209370125,2.4327842956457273
279,2.36,3.802473297549636,2.431590168174198,1.8711813511720363,2.3739266654764597,2.4501949081606202,2.4883795939669593,2.4107657071348543,2.3723732877455657,2.4441437811930973,2.413454749198631,2.364516899183016,2.42053877377361,2.4634129522819768,2.4674756398165654,2.437377331664337,2.4982280848829523,2.414781927383926,2.3686826857751213,2.454522782756092,2.8586074117909606,2.545181253934517,2.2372621020971817,2.3875828775181485,2.5087124476167872,2.442866035756863,2.4137851096240013,2.4148624299960337,2.3951107152642734,2.481676587855298,2.435547707004795,2.457274553104602,2.4035398994528987,2.5142774091421263,2.5409461550610546,3.244498446982661,2.4834996399367832
280,2.29,3.600155788475486,2.359902365615353,1.7661036202831903,2.270146887912515,2.3611070107629804,2.3884078916628537,2.324898759618198,2.2715131273176787,2.3506868331579134,2.3077404276377065,2.26567342906426,2.3268466605679827,2.3665291782711613,2.370152162823376,2.3447749984221127,2.400343757184544,2.3275618073739537,2.2699641901761485,2.3585387508192426,2.7188823286454427,2.441901934242281,2.1323686432226823,2.30841617835785,2.4094432048008607,2.349621943124186,2.316817873016856,2.3155429682099733,2.313536018816837,2.388395216354162,2.3432568425373352,2.3617950655229567,2.312022551075616,2.4152034882678377,2.4383344530733417,3.081550615440969,2.386679437199312
281,2.26,3.513448284586564,2.329179021661562,1.721070307045113,2.22566984038511,2.3229264833068486,2.345562876389665,2.2880986392539158,2.228287344277156,2.310633855428548,2.262434289825882,2.2233119418705076,2.2866928977655707,2.325007560837955,2.3284421012548657,2.3050882841754445,2.3583933310280827,2.2901817559411084,2.227656263490875,2.3174027371320216,2.659000150154506,2.397639368659894,2.0874143037050388,2.2744875930034363,2.3668992435940344,2.3096601891387527,2.275260485899508,2.2729774845873756,2.278575434625078,2.348417485710818,2.3037036149084242,2.320875285130823,2.272800830342495,2.372743236464571,2.3943580093643213,3.01171583049453,2.3451850645975383
282,2.26,3.513448284586564,2.329179021661562,1.721070307045113,2.22566984038511,2.3229264833068486,2.345562876389665,2.2880986392539158,2.228287344277156,2.310633855428548,2.262434289825882,2.2233119418705076,2.2866928977655707,2.325007560837955,2.3284421012548657,2.3050882841754445,2.3583933310280827,2.2901817559411084,2.227656263490875,2.3174027371320216,2.659000150154506,2.397639368659894,2.0874143037050388,2.2744875930034363,2.3668992435940344,2.3096601891387527,2.275260485899508,2.2729774845873756,2.278575434625078,2.348417485710818,2.3037036149084242,2.320875285130823,2.272800830342495,2.372743236464571,2.3943580093643213,3.01171583049453,2.3451850645975383
283,2.13,3.13771576773457,2.196044531195135,1.5259259496801136,2.032935967766355,2.1574775309969456,2.1599011435391824,2.128631451008696,2.0409756177682237,2.1370709519346347,2.0661076926413084,2.0397454973642466,2.1126932589551197,2.145080551960727,2.147698501124657,2.1331125224398857,2.1766081510167528,2.1282015330654462,2.0443219145213543,2.1391466778207304,2.399510710027116,2.205834917802884,1.8926121657952542,2.12746372313431,2.1825420783644565,2.1364925885352095,2.0951784750576667,2.08852705555612,2.1270795697941245,2.1751806529229953,2.132306295183142,2.143556236764911,2.10284004049897,2.188748811983749,2.203793419958569,2.7090984290599596,2.1653761166565193
284,2.13,3.13771576773457,2.196044531195135,1.5259259496801136,2.032935967766355,2.1574775309969456,2.1599011435391824,2.128631451008696,2.0409756177682237,2.1370709519346347,2.0661076926413084,2.0397454973642466,2.1126932589551197,2.145080551960727,2.147698501124657,2.1331125224398857,2.1766081510167528,2.1282015330654462,2.0443219145213543,2.1391466778207304,2.399510710027116,2.205834917802884,1.8926121657952542,2.12746372313431,2.1825420783644565,2.1364925885352095,2.0951784750576667,2.08852705555612,2.1270795697941245,2.1751806529229953,2.132306295183142,2.143556236764911,2.10284004049897,2.188748811983749,2.203793419958569,2.7090984290599596,2.1653761166565193
285,2.13,3.13771576773457,2.196044531195135,1.5259259496801136,2.032935967766355,2.1574775309969456,2.1599011435391824,2.128631451008696,2.0409756177682237,2.1370709519346347,2.0661076926413084,2.0397454973642466,2.1126932589551197,2.145080551960727,2.147698501124657,2.1331125224398857,2.1766081510167528,2.1282015330654462,2.0443219145213543,2.1391466778207304,2.399510710027116,2.205834917802884,1.8926121657952542,2.12746372313431,2.1825420783644565,2.1364925885352095,2.0951784750576667,2.08852705555612,2.1270795697941245,2.1751806529229953,2.132306295183142,2.143556236764911,2.10284004049897,2.188748811983749,2.203793419958569,2.7090984290599596,2.1653761166565193
286,2.13,3.13771576773457,2.196044531195135,1.5259259496801136,2.032935967766355,2.1574775309969456,2.1599011435391824,2.128631451008696,2.0409756177682237,2.1370709519346347,2.0661076926413084,2.0397454973642466,2.1126932589551197,2.145080551960727,2.147698501124657,2.1331125224398857,2.1766081510167528,2.1282015330654462,2.0443219145213543,2.1391466778207304,2.399510710027116,2.205834917802884,1.8926121657952542,2.12746372313431,2.1825420783644565,2.1364925885352095,2.0951784750576667,2.08852705555612,2.1270795697941245,2.1751806529229953,2.132306295183142,2.143556236764911,2.10284004049897,2.188748811983749,2.203793419958569,2.7090984290599596,2.1653761166565193
287,2.29,3.600155788475486,2.359902365615353,1.7661036202831903,2.270146887912515,2.3611070107629804,2.3884078916628537,2.324898759618198,2.2715131273176787,2.3506868331579134,2.3077404276377065,2.26567342906426,2.3268466605679827,2.3665291782711613,2.370152162823376,2.3447749984221127,2.400343757184544,2.3275618073739537,2.2699641901761485,2.3585387508192426,2.7188823286454427,2.441901934242281,2.1323686432226823,2.30841617835785,2.4094432048008607,2.349621943124186,2.316817873016856,2.3155429682099733,2.313536018816837,2.388395216354162,2.3432568425373352,2.3617950655229567,2.312022551075616,2.4152034882678377,2.4383344530733417,3.081550615440969,2.386679437199312
288,2.44,4.033693307920093,2.5135190853843072,1.9912701864735745,2.4925321255495394,2.552009648043638,2.6026329680287947,2.5088993614396053,2.4876420425202928,2.550951721804737,2.5342711166968295,2.477480865033023,2.5276154745800414,2.574137265437194,2.5787024706659247,2.5432085696554507,2.610095887966848,2.51446206453818,2.4815038236025186,2.5642188192553474,3.018293221100124,2.6632147621542153,2.3571403408108953,2.4780591051299186,2.6221630108349894,2.5494307130513505,2.5246048086035957,2.52837038632296,2.4883389397756295,2.588283869570881,2.541022980681891,2.5663939674836245,2.5081311547412217,2.6275047472841706,2.6582166716184408,3.4307245401731654,2.5941513002081793
289,2.29,3.600155788475486,2.359902365615353,1.7661036202831903,2.270146887912515,2.3611070107629804,2.3884078916628537,2.324898759618198,2.2715131273176787,2.3506868331579134,2.3077404276377065,2.26567342906426,2.3268466605679827,2.3665291782711613,2.370152162823376,2.3447749984221127,2.400343757184544,2.3275618073739537,2.2699641901761485,2.3585387508192426,2.7188823286454427,2.441901934242281,2.1323686432226823,2.30841617835785,2.4094432048008607,2.349621943124186,2.316817873016856,2.3155429682099733,2.313536018816837,2.388395216354162,2.3432568425373352,2.3617950655229567,2.312022551075616,2.4152034882678377,2.4383344530733417,3.081550615440969,2.386679437199312
290,2.08,2.9932032612530355,2.144838957938817,1.4508704276166524,1.9588075552206807,2.09384331857006,2.0884927847505357,2.0672979170682266,1.9689326460340193,2.0703159890523604,1.9905974629549341,1.9691430187079928,2.0457703209511005,2.0758778562387166,2.0781817318438076,2.0669679986954397,2.1066907740893184,2.0659014473440376,1.9738087033792313,2.0705866550086958,2.29970707920889,2.132063975165573,1.8176882665991834,2.0709160808769544,2.1116354763530802,2.069889665226155,2.025916163195421,2.0175845828517915,2.0688119294745273,2.1085511018507557,2.0663842491349573,2.0753566027780215,2.0374705059437686,2.117981725644972,2.1304993471102027,2.5927071208158954,2.096218828986897
291,2.0966666666666667,3.04137409674688,2.16190748235759,1.4758889349711397,1.9835170260692392,2.1150547227123555,2.1122955710134175,2.0877424283817168,1.992946969945421,2.092567643346452,2.015767539517059,1.9926771782600774,2.06807796695244,2.0989454214793866,2.1013539882707577,2.0890161732769217,2.1299965663984635,2.0866681425845073,1.9973131070932724,2.0934399959460404,2.332974956148298,2.1566542893780105,1.8426628996645402,2.0897652949627394,2.135271010356872,2.0920906396625067,2.0490036004828363,2.0412320737532346,2.0882344762477265,2.130760952208169,2.088358264484352,2.0980898141069844,2.059260350795502,2.1415707544245643,2.154930704726325,2.6315042235639163,2.1192712582101048
292,2.1133333333333333,3.0895449322407256,2.1789760067763626,1.5009074423256266,2.008226496917797,2.1362661268546503,2.1360983572763,2.108186939695206,2.0169612938568227,2.114819297640543,2.0409376160791837,2.016211337812162,2.0903856129537797,2.122012986720057,2.1245262446977073,2.1110643478584037,2.153302358707608,2.107434837824977,2.0208175108073134,2.1162933368833854,2.366242833087707,2.1812446035904474,1.8676375327298973,2.108614509048525,2.158906544360664,2.114291614098858,2.0720910377702517,2.064879564654677,2.1076570230209253,2.1529708025655823,2.1103322798337474,2.1208230254359473,2.0810501956472365,2.1651597832041567,2.1793620623424474,2.6703013263119386,2.1423236874333123
293,2.13,3.13771576773457,2.196044531195135,1.5259259496801136,2.032935967766355,2.1574775309969456,2.1599011435391824,2.128631451008696,2.0409756177682237,2.1370709519346347,2.0661076926413084,2.0397454973642466,2.1126932589551197,2.145080551960727,2.147698501124657,2.1331125224398857,2.1766081510167528,2.1282015330654462,2.0443219145213543,2.1391466778207304,2.399510710027116,2.205834917802884,1.8926121657952542,2.12746372313431,2.1825420783644565,2.1364925885352095,2.0951784750576667,2.08852705555612,2.1270795697941245,2.1751806529229953,2.132306295183142,2.143556236764911,2.10284004049897,2.188748811983749,2.203793419958569,2.7090984290599596,2.1653761166565193
294,2.21,3.368935778105028,2.2779734484052443,1.6460147849816518,2.151541427839435,2.259292270879963,2.274154517601018,2.2267651053134467,2.156244372542951,2.243878892546274,2.1869240601395075,2.1527094632142534,2.2197699597615514,2.255804865115944,2.2589253319740163,2.238943760430999,2.2884759541006483,2.2278816702197,2.1571430523487516,2.2488427143199865,2.5591965193362793,2.3238684260225826,2.012490404508968,2.21793995074608,2.295992641582658,2.2430572658296977,2.2059981740372616,2.2020350118830465,2.220307794305481,2.281787934638579,2.237781568860239,2.252675651143934,2.207431295787293,2.3019761501257934,2.321063936515955,2.8953245222504647,2.2760277769279154
295,2.34,3.744668294957021,2.411107938871671,1.841159142346652,2.34427530045819,2.4247412231898657,2.4598162504515004,2.386232293558667,2.3435560990518836,2.4174417960401877,2.383250657324081,2.3362759077205144,2.393769598572002,2.435731873993172,2.4396689321042255,2.4109195221665587,2.4702611341119782,2.389861893095363,2.340477401318272,2.4270987736312777,2.8186859594636697,2.5156728768795924,2.2072925424187533,2.364963820615206,2.480349806812237,2.4162248664332404,2.3860801848791025,2.386485440914302,2.371803659136434,2.455024767426402,2.4091788885855205,2.429994699509846,2.3773920856308175,2.4859705746066156,2.5116285259217084,3.1979419236850344,2.4558367248689343
296,2.33,3.715765793660714,2.400866824220408,1.8261480379339596,2.329449617949055,2.4120143807044894,2.4455345786937714,2.373965586770573,2.329147504705043,2.404090803463733,2.368148611386806,2.3221554119892636,2.3803850109711986,2.42189133484877,2.425765578248056,2.3976906174176698,2.456277658726491,2.3774018759510813,2.326374759089848,2.413386769068871,2.798725233300024,2.5009186883521304,2.192307762579539,2.3536542921637347,2.466168486409962,2.4029042817714297,2.3722277225066533,2.372296946373436,2.3601501310725155,2.4416988572119545,2.395994479375884,2.4163547727124683,2.3643181787197776,2.4718171573388603,2.4969697113520346,3.174663662036221,2.44200526733501
297,2.26,3.513448284586564,2.329179021661562,1.721070307045113,2.22566984038511,2.3229264833068486,2.345562876389665,2.2880986392539158,2.228287344277156,2.310633855428548,2.262434289825882,2.2233119418705076,2.2866928977655707,2.325007560837955,2.3284421012548657,2.3050882841754445,2.3583933310280827,2.2901817559411084,2.227656263490875,2.3174027371320216,2.659000150154506,2.397639368659894,2.0874143037050388,2.2744875930034363,2.3668992435940344,2.3096601891387527,2.275260485899508,2.2729774845873756,2.278575434625078,2.348417485710818,2.3037036149084242,2.320875285130823,2.272800830342495,2.372743236464571,2.3943580093643213,3.01171583049453,2.3451850645975383
298,2.3366666666666664,3.735034127858252,2.4076942339879164,1.8361554408757537,2.339333406288478,2.420498942361407,2.455055693198924,2.3821433912959686,2.338753234269603,2.4129914651813693,2.3782166420116555,2.3315690758100973,2.389308069371734,2.431118360945038,2.4350344808188353,2.406509887250262,2.465599975650149,2.3857085540472687,2.3357765205754637,2.4225281054438086,2.8120323840757875,2.5107548140371043,2.2022976158056817,2.361193977798049,2.475622700011478,2.41178467154597,2.381462697421619,2.381755942734013,2.3679191497817946,2.4505827973549192,2.4047840855156415,2.4254480572440533,2.373034116660471,2.4812527688506965,2.506742254398483,3.19018250313543,2.451226239024293
299,2.4133333333333336,3.9566199711299417,2.486209446314271,1.951240574706396,2.4529969721918468,2.5180714014159653,2.5645485100081835,2.476188143338022,2.449219124262051,2.515349074934191,2.4939989941974305,2.439826209749688,2.491923240977898,2.537229161052122,2.541626860382806,2.50793149032508,2.572806620272216,2.481235352153429,2.4438967776600533,2.5276534737555965,2.9650646179970703,2.623870259414316,2.3171809279063247,2.4479003625926623,2.5843461564289227,2.5139091539531884,2.4876649089437315,2.490534400880652,2.457262864938511,2.5527481089990207,2.5058645561228596,2.530020829357284,2.473267402978448,2.589762301236823,2.619126499432646,3.368649175776331,2.557267413451048
300,2.49,4.17820581440163,2.5647246586406256,2.066325708537037,2.566660538095215,2.615643860470524,2.674041326817443,2.570232895380075,2.559685014254498,2.617706684687012,2.6097813463832047,2.548083343689278,2.5945384125840616,2.6433399611592048,2.6482192399467754,2.609353093399897,2.6800132648942827,2.576762150259589,2.5520170347446425,2.6327788420673834,3.118096851918351,2.7369857047915267,2.432064240006967,2.534606747387275,2.6930696128463665,2.616033636360406,2.593867120465843,2.5993128590272896,2.5466065800952276,2.6549134206431213,2.606945026730077,2.634593601470515,2.573500689296424,2.698271833622949,2.731510744466808,3.5471158484172314,2.6633085878778027
301,2.61,4.525035829957315,2.6876180344557885,2.2464589614893438,2.744568728204834,2.7683659702950494,2.8454213879101955,2.7174333768372008,2.732588146416589,2.7779185956044703,2.7910058976305026,2.7175292924642873,2.755153463793708,2.8094264308920303,2.8150594862208136,2.7680999503865666,2.8478149695201256,2.7262823559909695,2.7212487414857374,2.797322896816267,3.3576255658820964,2.914035967121073,2.6118815980775376,2.6703210888049296,2.863245457673669,2.7758806523021375,2.7600966689352333,2.7695747935176787,2.6864489168622616,2.8148243432164963,2.7651579372457213,2.7982727230390485,2.730387572228908,2.868112840836014,2.907416519302887,3.8264549882029875,2.8292860782848965
302,2.71,4.814060842920386,2.7900291809684243,2.3965700056162667,2.8928255532961833,2.8956343951488206,2.98823810548749,2.8401004447181393,2.8766740898849985,2.911428521369019,2.942026357003251,2.858734249776796,2.888999339801747,2.9478318223360516,2.954093024782513,2.9003889978754587,2.987649723374995,2.850882527433787,2.8622751637699837,2.934442942440337,3.5572328275185496,3.0615778523956965,2.76172939646968,2.7834163733196418,3.0050586616964208,2.9090864989202476,2.8986212926597266,2.911459738926337,2.802984197501457,2.948083445360976,2.8970020293420915,2.934671991012827,2.861126641339312,3.00964701351357,3.0540046649996193,4.059237604691118,2.9676006536241415
303,2.73,4.8718658455130015,2.810511410270952,2.426592214441651,2.9224769183144534,2.921088080119575,3.0168014490029487,2.8646338582943267,2.90549127857868,2.938130506521929,2.972230448877801,2.8869752412392975,2.915768515003355,2.975512900624856,2.9818997324948526,2.926846807373237,3.0156166741459685,2.8758025617223506,2.890480448226833,2.9618669515651512,3.5971542798458405,3.091086229450621,2.7916989561481085,2.8060354302225843,3.0334213025009715,2.9357276682438695,2.9263262174046254,2.939836728008068,2.8262912536292957,2.974735265789872,2.9233708477613654,2.961951844607583,2.8872744551613927,3.0379538480490806,3.0833222941389655,4.105794127988744,2.995263568691991
304,2.54,4.322718320883165,2.615930231896943,2.141381230600498,2.6407889506408893,2.679278072897409,2.7454496856060895,2.631566429320544,2.6317279859887024,2.684461647569286,2.6852915760695786,2.6186858223455314,2.6614613505880804,2.712542656881215,2.7177360092276244,2.6754976171443428,2.7499306418217166,2.6390622359809974,2.622530245886765,2.701338864879418,3.217900482736578,2.8107566474288377,2.5069881392030386,2.5911543896446307,2.763976214857742,2.6826365596694606,2.6631294323280885,2.670255331731618,2.604874220414825,2.721542971715361,2.6728670727782617,2.7027932354574036,2.6388702238516255,2.7690389199617256,2.8048048173151736,3.6635071566612964,2.732465875547425
305,2.6166666666666667,4.544304164154854,2.6944454442232977,2.2564663644311387,2.7544525165442573,2.7768505319519674,2.8549425024153487,2.7256111813625967,2.7421938759811493,2.786819257322107,2.8010739282553523,2.7269429562851215,2.764076522194244,2.8186534569882986,2.824328388791594,2.7769192202191597,2.857137286443783,2.7345890340871577,2.730650502971354,2.806464233191205,3.3709327166578595,2.923872092806049,2.6218714513036807,2.6778607744392433,2.8726996712751856,2.7847610420766786,2.7693316438502,2.779033789878256,2.694217935571541,2.823708283359462,2.7739475433854794,2.807366007570634,2.7391035101696017,2.8775484523478516,2.917189062349335,3.8419738293021966,2.8385070499741794
306,2.6933333333333334,4.765890007426542,2.772960656549652,2.371551498261779,2.868116082447625,2.8744229910065258,2.9644353192246076,2.8196559334046496,2.8526597659735966,2.889176867074928,2.9168562804411264,2.8352000902247108,2.8666916938004072,2.9247642570953816,2.930920768355563,2.8783408232939767,2.9643439310658497,2.830115832193317,2.838770760055943,2.911589601502992,3.523964950579141,3.0369875381832596,2.7367547634043228,2.7645671592338563,2.9814231276926293,2.886885524483896,2.875533855372311,2.8878122480248933,2.7835616507282577,2.925873595003563,2.8750280139926963,2.9119387796838643,2.8393367964875775,2.986057984733977,3.029573307383497,4.020440501943097,2.9445482244009336
307,2.77,4.987475850698231,2.851475868876006,2.4866366320924205,2.9817796483509937,2.971995450061084,3.0739281360338664,2.9137006854467025,2.963125655966044,2.9915344768277485,3.0326386326269006,2.943457224164301,2.969306865406571,3.030875057202465,3.0375131479195323,2.9797624263687936,3.0715505756879162,2.9256426302994774,2.946891017140532,3.016714969814779,3.676997184500423,3.15010298356047,2.8516380755049653,2.851273544028469,3.090146584110073,2.989010006891114,2.9817360668944226,2.996590706171532,2.872905365884974,3.028038906647663,2.976108484599914,3.0165115517970946,2.939570082805554,3.094567517120103,3.141957552417659,4.198907174583997,3.050589398827688
308,2.77,4.987475850698231,2.851475868876006,2.4866366320924205,2.9817796483509937,2.971995450061084,3.0739281360338664,2.9137006854467025,2.963125655966044,2.9915344768277485,3.0326386326269006,2.943457224164301,2.969306865406571,3.030875057202465,3.0375131479195323,2.9797624263687936,3.0715505756879162,2.9256426302994774,2.946891017140532,3.016714969814779,3.676997184500423,3.15010298356047,2.8516380755049653,2.851273544028469,3.090146584110073,2.989010006891114,2.9817360668944226,2.996590706171532,2.872905365884974,3.028038906647663,2.976108484599914,3.0165115517970946,2.939570082805554,3.094567517120103,3.141957552417659,4.198907174583997,3.050589398827688
309,2.82,5.1319883571797655,2.902681442132324,2.5616921541558813,3.0559080608966673,3.0356296624879695,3.145336494822513,2.9750342193871715,3.035168627700248,3.0582894397100224,3.108148862313275,3.014059702820555,3.03622980341059,3.1000777529244754,3.107029917200382,3.045906950113239,3.1414679526153506,2.9879427160208856,3.0174042282826545,3.085274992626814,3.7768008153186488,3.223873926197781,2.9265619747010367,2.907821186285825,3.161053186121449,3.0556129302001684,3.0509983787566686,3.06753317887586,2.9311730062045713,3.0946684577199033,3.0420305306480984,3.0847111857839833,3.0049396173607557,3.1653346034588803,3.2152516252660246,4.315298482828062,3.1197466864973107
310,2.84,5.18979335977238,2.9231636714348515,2.5917143629812665,3.085559425914938,3.061083347458724,3.173899838337973,2.999567632963359,3.06398581639393,3.084991424862933,3.138352954187825,3.042300694283057,3.062998978612198,3.12775883121328,3.134836624912722,3.072364759611018,3.1694349033863247,3.0128627503094494,3.0456095127395044,3.1126990017516283,3.81672226764594,3.253382303252706,2.956531534379465,2.9304402431887677,3.189415826925999,3.0822540995237904,3.078703303501568,3.0959101679575918,2.9544800623324106,3.121320278148799,3.0683993490673727,3.1119910393787396,3.0310874311828364,3.193641437994392,3.2445692544053713,4.361855006125689,3.14740960156516
311,2.87,5.276500863661302,2.9538870153886423,2.636747676219344,3.1300364734423427,3.0992638749148558,3.2167448536111607,3.036367753327641,3.1072115994344536,3.125044402592297,3.1836590919996492,3.08466218147681,3.10315274141461,3.1692804486464863,3.176546686481232,3.112051473857686,3.211385329542786,3.0502428017422947,3.087917439424779,3.1538350154388497,3.8766044461368767,3.2976448688350932,3.0014858738971086,2.964368828543182,3.2319597881328255,3.122215853509224,3.120260690618916,3.1384756515801895,2.9894406465241694,3.1612980087921434,3.1079525766962846,3.1529108197708733,3.070309151915958,3.2361016897976587,3.2885456981143917,4.431689791072127,3.188903974166934
312,2.8325,5.168116483800151,2.915482835446404,2.580456034671748,3.074440164033087,3.0515382155946917,3.163188584519676,2.990367602872289,3.0531793706338,3.074978180430592,3.1270264197348694,3.03171032248462,3.052960537911596,3.117378426854979,3.1244091095205953,3.0624430810493517,3.15894729684721,3.0035177374512387,3.0350325310681865,3.1024149983298233,3.801751723023207,3.2423166618571098,2.9452929495000553,2.9219580968501644,3.178779836624294,3.0722636610274323,3.068313956722231,3.0852687970519437,2.9457399162844715,3.111325845487964,3.058511042160146,3.1017610942807066,3.021282000999557,3.183026375043575,3.233575143478117,4.344396309889079,3.137036008414717
313,2.795,5.059732103938997,2.877078655504165,2.5241643931241518,3.0188438546238308,3.003812556274527,3.1096323154281897,2.944367452416937,2.9991471418331463,3.024911958268886,3.0703937474700878,2.9787584634924285,3.0027683344085805,3.06547640506347,3.0722715325599577,3.012834688241017,3.106509264151634,2.956792673160182,2.9821476227115937,3.050994981220797,3.726898999909536,3.186988454879126,2.8891000251030015,2.8795473651571473,3.125599885115761,3.022311468545641,3.016367222825546,3.032061942523696,2.9020391860447727,3.0613536821837832,3.0090695076240066,3.0506113687905394,2.972254850083155,3.1299510602894918,3.1786045888418424,4.257102828706029,3.0851680426624997
314,2.7575000000000003,4.951347724077847,2.838674475561927,2.467872751576555,2.963247545214575,2.9560868969543623,3.056076046336705,2.8983673019615854,2.9451149130324925,2.9748457361071803,3.0137610752053074,2.925806604500238,2.952576130905566,3.0135743832719624,3.02013395559932,2.9632262954326825,3.054071231456058,2.9100676088691255,2.9292627143550014,2.999574964111771,3.652046276795866,3.1316602479011424,2.8329071007059476,2.83713663346413,3.0724199336072293,2.97235927606385,2.9644204889288615,2.9788550879954494,2.858338455805075,3.011381518879604,2.959627973087868,2.9994616433003722,2.9232276991667536,3.076875745535409,3.1236340342055673,4.169809347522981,3.033300076910283
315,2.72,4.842963344216694,2.8002702956196885,2.411581110028959,2.907651235805319,2.908361237634198,3.0025197772452197,2.8523671515062334,2.891082684231839,2.924779513945474,2.9571284029405263,2.8728547455080466,2.902383927402551,2.9616723614804545,2.9679963786386834,2.913617902624348,3.0016331987604814,2.863342544578069,2.8763778059984086,2.9481549470027444,3.577193553682195,3.076332040923159,2.7767141763088943,2.7947259017711135,3.019239982098697,2.9224070835820584,2.912473755032176,2.9256482334672027,2.8146377255653765,2.961409355575424,2.9101864385517286,2.948311917810205,2.8742005482503528,3.0238004307813258,3.0686634795692926,4.082515866339931,2.981432111158066
316,2.66,4.669548336438852,2.738823607712107,2.321514483552805,2.8186971407505084,2.832000182721935,2.9168297466988427,2.7787669107776702,2.8046311181507937,2.844673558486745,2.866516127316877,2.7881317711205416,2.8220764017977276,2.878629126614041,2.8845762555016634,2.834244474131013,2.91773234644756,2.7885824417123786,2.7917619526278608,2.8658829196283024,3.457429196700323,2.9878069097583855,2.6868054972736095,2.726868731062286,2.9341520596850454,2.842483575611193,2.82935898079748,2.840517266222008,2.7447165571818593,2.8814538942887364,2.8310799832939066,2.866472357025938,2.79575710678411,2.9388799271747925,2.980710592151253,3.9428462964470534,2.898443365954519
317,2.68,4.727353339031466,2.759305837014634,2.35153669237819,2.8483485057687785,2.8574538676926897,2.945393090214302,2.803300324353858,2.833448306844476,2.8713755436396546,2.896720219191427,2.8163727625830437,2.8488455769993357,2.9063102049028453,2.9123829632140037,2.8607022836287914,2.945699297218534,2.8135024760009424,2.81996723708471,2.8933069287531166,3.4973506490276143,3.01731528681331,2.716775056952038,2.7494877879652284,2.9625147004895958,2.869124744934815,2.857063905542379,2.86889425530374,2.7680236133096985,2.908105714717632,2.857448801713181,2.8937522106206943,2.821904920606191,2.9671867617103036,3.0100282212905993,3.989402819744679,2.9261062810223684
318,2.7,4.78515834162408,2.779788066317161,2.3815589012035745,2.8779998707870487,2.8829075526634442,2.9739564337297604,2.8278337379300456,2.8622654955381575,2.898077528792564,2.926924311065977,2.8446137540455454,2.8756147522009434,2.93399128319165,2.940189670926343,2.8871600931265697,2.9736662479895077,2.8384225102895053,2.848172521541559,2.9207309378779307,3.5372721013549047,3.0468236638682344,2.7467446166304663,2.772106844868171,2.9908773412941465,2.895765914258437,2.8847688302872774,2.897271244385471,2.7913306694375377,2.9347575351465283,2.8838176201324544,2.9210320642154497,2.8480527344282716,2.9954935962458147,3.039345850429946,4.035959343042306,2.953769196090217
319,2.68,4.727353339031466,2.759305837014634,2.35153669237819,2.8483485057687785,2.8574538676926897,2.945393090214302,2.803300324353858,2.833448306844476,2.8713755436396546,2.896720219191427,2.8163727625830437,2.8488455769993357,2.9063102049028453,2.9123829632140037,2.8607022836287914,2.945699297218534,2.8135024760009424,2.81996723708471,2.8933069287531166,3.4973506490276143,3.01731528681331,2.716775056952038,2.7494877879652284,2.9625147004895958,2.869124744934815,2.857063905542379,2.86889425530374,2.7680236133096985,2.908105714717632,2.857448801713181,2.8937522106206943,2.821904920606191,2.9671867617103036,3.0100282212905993,3.989402819744679,2.9261062810223684
320,2.66,4.669548336438852,2.738823607712107,2.321514483552805,2.8186971407505084,2.832000182721935,2.9168297466988427,2.7787669107776702,2.8046311181507937,2.844673558486745,2.866516127316877,2.7881317711205416,2.8220764017977276,2.878629126614041,2.8845762555016634,2.834244474131013,2.91773234644756,2.7885824417123786,2.7917619526278608,2.8658829196283024,3.457429196700323,2.9878069097583855,2.6868054972736095,2.726868731062286,2.9341520596850454,2.842483575611193,2.82935898079748,2.840517266222008,2.7447165571818593,2.8814538942887364,2.8310799832939066,2.866472357025938,2.79575710678411,2.9388799271747925,2.980710592151253,3.9428462964470534,2.898443365954519
321,2.64,4.6117433338462375,2.71834137840958,2.2914922747274207,2.789045775732239,2.806546497751181,2.8882664031833842,2.7542334972014824,2.775813929457112,2.8179715733338355,2.8363120354423272,2.75989077965804,2.79530722659612,2.850948048325237,2.856769547789324,2.807786664633235,2.8897653956765863,2.7636624074238147,2.7635566681710118,2.8384589105034883,3.4175077443730326,2.958298532703461,2.6568359375951807,2.7042496741593434,2.9057894188804947,2.8158424062875707,2.801654056052582,2.8121402771402764,2.7214095010540205,2.8548020738598407,2.8047111648746323,2.8391925034311827,2.7696092929620293,2.9105730926392814,2.9513929630119065,3.896289773149427,2.87078045088667
322,2.53,4.293815819586857,2.6056891172456798,2.126370126187805,2.625963268131754,2.6665512304120322,2.73116801384836,2.6192997225324497,2.6173193916418613,2.6711106549928307,2.6701895301323035,2.6045653266142805,2.6480767629872766,2.698702117736813,2.7038326553714542,2.662268712395453,2.7359471664362296,2.6266022188367155,2.60842760365834,2.6876268603170104,3.1979397565729326,2.796002458901375,2.4920033593638236,2.5798448611931595,2.7497948944554667,2.66931597500765,2.649276969955639,2.6560668371907523,2.593220692350905,2.708217061500913,2.659682663568625,2.6891533086600257,2.625796316940585,2.7548855026939707,2.7901460027455003,3.640228895012483,2.7186344180135
323,2.56,4.38052332347578,2.6364124611994706,2.1714034394258825,2.6704403156591594,2.7047317578681636,2.774013029121549,2.6560998428967317,2.6605451746823845,2.7111636327221955,2.7154956679441287,2.6469268138080335,2.6882305257896886,2.7402237351700194,2.745542716939964,2.7019554266421206,2.777897592592691,2.6639822702695612,2.6507355303436144,2.7287628740042322,3.257821935063869,2.840265024483762,2.5369576988814666,2.6137734465475733,2.792338855662293,2.709277728993083,2.6908343570729873,2.69863232081335,2.628181276542664,2.748194792144257,2.699235891197536,2.7300730890521594,2.6650180376737067,2.797345754497237,2.8341224464545203,3.710063679958923,2.7601287906152736
324,2.53,4.293815819586857,2.6056891172456798,2.126370126187805,2.625963268131754,2.6665512304120322,2.73116801384836,2.6192997225324497,2.6173193916418613,2.6711106549928307,2.6701895301323035,2.6045653266142805,2.6480767629872766,2.698702117736813,2.7038326553714542,2.662268712395453,2.7359471664362296,2.6266022188367155,2.60842760365834,2.6876268603170104,3.1979397565729326,2.796002458901375,2.4920033593638236,2.5798448611931595,2.7497948944554667,2.66931597500765,2.649276969955639,2.6560668371907523,2.593220692350905,2.708217061500913,2.659682663568625,2.6891533086600257,2.625796316940585,2.7548855026939707,2.7901460027455003,3.640228895012483,2.7186344180135
325,2.62,4.553938331253622,2.6978591491070523,2.2614700659020364,2.759394410713969,2.7810928127804266,2.859703059667925,2.7297000836252945,2.74699674076343,2.791269588180925,2.8061079435677776,2.731649788195538,2.768538051394512,2.823266970036433,2.8289628400769837,2.781328855135456,2.8617984449056126,2.7387423731352514,2.7353513837141623,2.811034901378674,3.3775862920457413,2.928790155648536,2.6268663779167523,2.681630617256401,2.877426778075944,2.7892012369639487,2.773949131307683,2.7837632880585446,2.6981024449261817,2.8281502534309446,2.778342346455358,2.8119126498364264,2.743461479139948,2.88226625810377,2.92207533387256,3.8497332498518,2.8431175358188208
326,2.583333333333333,4.447962493167164,2.6603083953857523,2.2064293497221645,2.705033574847141,2.7344277236673773,2.8073369298895843,2.6847221587356174,2.6941652281583464,2.742315948733924,2.750733775131103,2.6798746371809523,2.7194612301915644,2.772518326506958,2.777983875937694,2.7328228710561957,2.810525701825494,2.6930556436062183,2.683641695543272,2.760757551316515,3.304396962779042,2.874691464381175,2.5719221851729666,2.640162346267673,2.8254286032676017,2.740359093203975,2.723156769275369,2.73173880807537,2.655372842025143,2.779288582644636,2.729999512686689,2.7618995849127077,2.695523820466134,2.830370394788667,2.8683263471170912,3.7643796238061538,2.7924021915277644
327,2.5466666666666664,4.341986655080702,2.622757641664452,2.1513886335422923,2.650672738980312,2.687762634554327,2.7549708001112423,2.6397442338459394,2.6413337155532624,2.693362309286922,2.695359606694428,2.628099486166365,2.6703844089886157,2.7217696829774827,2.727004911798404,2.684316886976935,2.7592529587453747,2.6473689140771848,2.631932007372381,2.7104802012543554,3.2312076335123407,2.820592773113812,2.5169779924291804,2.598694075278945,2.7734304284592586,2.6915169494440008,2.6723644072430544,2.679714328092195,2.6126432391241043,2.7304269118583258,2.6816566789180194,2.7118865199889886,2.6475861617923186,2.7784745314735626,2.8145773603616218,3.679025997760504,2.741686847236707
328,2.51,4.236010816994243,2.585206887943152,2.0963479173624204,2.5963119031134836,2.6410975454412773,2.7026046703329007,2.5947663089562623,2.5885022029481792,2.6444086698399207,2.6399854382577534,2.576324335151779,2.6213075877856684,2.6710210394480085,2.676025947659114,2.635810902897674,2.7079802156652555,2.601682184548152,2.5802223192014906,2.6602028511921967,3.1580183042456413,2.7664940818464503,2.462033799685395,2.557225804290217,2.7214322536509155,2.6426748056840275,2.6215720452107405,2.6276898481090205,2.5699136362230663,2.6815652410720165,2.63331384514935,2.6618734550652694,2.599648503118504,2.726578668158459,2.760828373606153,3.5936723717148564,2.6909715029456507
329,2.51,4.236010816994243,2.585206887943152,2.0963479173624204,2.5963119031134836,2.6410975454412773,2.7026046703329007,2.5947663089562623,2.5885022029481792,2.6444086698399207,2.6399854382577534,2.576324335151779,2.6213075877856684,2.6710210394480085,2.676025947659114,2.635810902897674,2.7079802156652555,2.601682184548152,2.5802223192014906,2.6602028511921967,3.1580183042456413,2.7664940818464503,2.462033799685395,2.557225804290217,2.7214322536509155,2.6426748056840275,2.6215720452107405,2.6276898481090205,2.5699136362230663,2.6815652410720165,2.63331384514935,2.6618734550652694,2.599648503118504,2.726578668158459,2.760828373606153,3.5936723717148564,2.6909715029456507
330,2.46,4.091498310512708,2.5340013146868343,2.021292395298959,2.5221834905678095,2.5774633330143923,2.6311963115442536,2.5334327750157932,2.516459231213975,2.577653706957647,2.5644752085713796,2.5057218564955246,2.554384649781649,2.6018183437259985,2.606509178378265,2.5696663791532286,2.6380628387378215,2.5393820988267435,2.5097091080593676,2.591642828380162,3.0582146734274147,2.6927231392091397,2.387109900489324,2.5006781620328606,2.6505256516395397,2.576071882374973,2.552309733348494,2.556747375404692,2.5116459959034687,2.6149356899997773,2.5673917991011654,2.5936738210783803,2.5342789685633025,2.6558115818196817,2.687534300757787,3.4772810634707914,2.6218142152760286
331,2.46,4.091498310512708,2.5340013146868343,2.021292395298959,2.5221834905678095,2.5774633330143923,2.6311963115442536,2.5334327750157932,2.516459231213975,2.577653706957647,2.5644752085713796,2.5057218564955246,2.554384649781649,2.6018183437259985,2.606509178378265,2.5696663791532286,2.6380628387378215,2.5393820988267435,2.5097091080593676,2.591642828380162,3.0582146734274147,2.6927231392091397,2.387109900489324,2.5006781620328606,2.6505256516395397,2.576071882374973,2.552309733348494,2.556747375404692,2.5116459959034687,2.6149356899997773,2.5673917991011654,2.5936738210783803,2.5342789685633025,2.6558115818196817,2.687534300757787,3.4772810634707914,2.6218142152760286
332,2.46,4.091498310512708,2.5340013146868343,2.021292395298959,2.5221834905678095,2.5774633330143923,2.6311963115442536,2.5334327750157932,2.516459231213975,2.577653706957647,2.5644752085713796,2.5057218564955246,2.554384649781649,2.6018183437259985,2.606509178378265,2.5696663791532286,2.6380628387378215,2.5393820988267435,2.5097091080593676,2.591642828380162,3.0582146734274147,2.6927231392091397,2.387109900489324,2.5006781620328606,2.6505256516395397,2.576071882374973,2.552309733348494,2.556747375404692,2.5116459959034687,2.6149356899997773,2.5673917991011654,2.5936738210783803,2.5342789685633025,2.6558115818196817,2.687534300757787,3.4772810634707914,2.6218142152760286
333,2.4033333333333333,3.9277174698336337,2.4759683316630072,1.936229470293703,2.4381712896827112,2.505344558930588,2.5502668382504536,2.463921436549928,2.434810529915209,2.5019980823577352,2.478896948260155,2.4257057140184366,2.4785386533770937,2.5233886219077193,2.527723506526635,2.4947025855761904,2.5588231448867287,2.468775335009147,2.4297941354316284,2.513941469193189,2.9451038918334245,2.609116070886853,2.30219614806711,2.4365908341411906,2.570164836026647,2.500588569291377,2.4738124465712814,2.4763459063397857,2.4456093368745915,2.5394221987845724,2.492680146913222,2.5163809025599058,2.460193496067407,2.575608883969067,2.604467684862972,3.3453709141275176,2.543435955917123
334,2.3466666666666667,3.76393662915456,2.41793534863918,1.8511665452884465,2.354159088797613,2.433225784846784,2.4693373649566537,2.394410098084063,2.3531618286164444,2.4263424577578245,2.393318687948931,2.3456895715413486,2.402692656972538,2.4449589000894405,2.4489378346750055,2.4197387919991513,2.4795834510356363,2.3981685711915506,2.349879162803888,2.4362401100062154,2.831993110239434,2.5255090025645672,2.217282395644896,2.37250350624952,2.4898040204137537,2.4251052562077815,2.3953151597940687,2.3959444372748795,2.3795726778457142,2.4639087075693675,2.4179684947252786,2.4390879840414312,2.3861080235715115,2.4954061861184527,2.521401068968157,3.2134607647842435,2.4650576965582176
335,2.29,3.600155788475486,2.359902365615353,1.7661036202831903,2.270146887912515,2.3611070107629804,2.3884078916628537,2.324898759618198,2.2715131273176787,2.3506868331579134,2.3077404276377065,2.26567342906426,2.3268466605679827,2.3665291782711613,2.370152162823376,2.3447749984221127,2.400343757184544,2.3275618073739537,2.2699641901761485,2.3585387508192426,2.7188823286454427,2.441901934242281,2.1323686432226823,2.30841617835785,2.4094432048008607,2.349621943124186,2.316817873016856,2.3155429682099733,2.313536018816837,2.388395216354162,2.3432568425373352,2.3617950655229567,2.312022551075616,2.4152034882678377,2.4383344530733417,3.081550615440969,2.386679437199312
336,2.42,3.9758883053274783,2.49303685608178,1.96124797764819,2.4628807605312693,2.5265559630728833,2.574069624513336,2.4843659478634175,2.458824853826611,2.524249736651827,2.50406702482228,2.449239873570521,2.5008462993784333,2.5464561871483893,2.550895762953585,2.516750760157672,2.5821289371958738,2.4895420302496163,2.453298539145669,2.5367948101305338,2.9783717687728326,2.6337063850992903,2.327170781132467,2.455440048226976,2.593800370030439,2.5227895437277286,2.496899883858697,2.4999933972412283,2.4650318836477907,2.5616320491419855,2.514654162262617,2.5391141138888687,2.4819833409191405,2.5991979127486595,2.628899042479094,3.3841680168755386,2.5664883851403304
337,2.43,4.004790806623786,2.503277970733044,1.9762590820608827,2.4777064430404048,2.539282805558261,2.5883512962710657,2.4966326546515116,2.473233448173452,2.537600729228282,2.5191690707595553,2.4633603693017725,2.5142308869792376,2.5602967262927923,2.5647991168097555,2.5299796649065613,2.596112412581361,2.5020020473938986,2.467401181374094,2.550506814692941,2.998332494936479,2.648460573626753,2.342155560971682,2.4667495766784473,2.607981690432714,2.5361101283895398,2.5107523462311465,2.5141818917820946,2.4766854117117103,2.574957959356434,2.5278385714722544,2.552754040686247,2.4950572478301813,2.6133513300164157,2.6435578570487674,3.407446278524353,2.5803198426742555
338,2.42,3.9758883053274783,2.49303685608178,1.96124797764819,2.4628807605312693,2.5265559630728833,2.574069624513336,2.4843659478634175,2.458824853826611,2.524249736651827,2.50406702482228,2.449239873570521,2.5008462993784333,2.5464561871483893,2.550895762953585,2.516750760157672,2.5821289371958738,2.4895420302496163,2.453298539145669,2.5367948101305338,2.9783717687728326,2.6337063850992903,2.327170781132467,2.455440048226976,2.593800370030439,2.5227895437277286,2.496899883858697,2.4999933972412283,2.4650318836477907,2.5616320491419855,2.514654162262617,2.5391141138888687,2.4819833409191405,2.5991979127486595,2.628899042479094,3.3841680168755386,2.5664883851403304
339,2.31,3.6579607910681,2.38038459491788,1.796125829108575,2.299798252930785,2.386560695733735,2.4169712351783126,2.3494321731943852,2.300330316011361,2.377388818310823,2.3379445195122566,2.2939144205267623,2.3536158357695904,2.394210256559966,2.3979588705357155,2.371232807919891,2.4283107079555175,2.3524818416625175,2.2981694746329984,2.385962759944057,2.758803780972734,2.4714103112972055,2.1623382029011107,2.3310352352607926,2.437805845605411,2.3762631124478077,2.344522797761755,2.343919957291705,2.3368430749446762,2.4150470367830583,2.3696256609566095,2.3890749191177125,2.338170364897697,2.443510322803349,2.4676520822126884,3.1281071387385952,2.4143423522671608
340,2.263333333333333,3.523082451685333,2.332592726545317,1.726074008516011,2.230611734554822,2.327168764135308,2.3503234336422416,2.292187541516614,2.2330902090594362,2.3150841862873666,2.267468305138307,2.2280187737809247,2.291154426965839,2.3296210738860887,2.3330765525402564,2.3094979190917413,2.3630544894899117,2.2943350949892025,2.232357144233683,2.3219734053194907,2.665653725542388,2.4025574315023817,2.0924092303181108,2.278257435820593,2.371626350394793,2.3141003840260232,2.2798779733569914,2.2777069827676644,2.282459943979718,2.3528594557823013,2.3080984179783033,2.325421927396616,2.2771587993128417,2.3774610422204896,2.3992442808875465,3.0194752510441343,2.34979555044218
341,2.216666666666667,3.3882041123025664,2.284800858172753,1.6560221879234471,2.1614252161788587,2.2677768325368812,2.283675632106171,2.2349429098388427,2.165850102107512,2.2527795542639106,2.1969920907643576,2.1621231270350876,2.228693018162087,2.2650318912122125,2.2681942345447963,2.247763030263592,2.2977982710243063,2.236188348315888,2.1665448138343684,2.2579840506949247,2.5725036701120434,2.333704551707558,2.0224802577351113,2.2254796363803946,2.3054468551841754,2.2519376556042383,2.215233148952228,2.211494008243624,2.228076813014761,2.290671874781544,2.246571174999997,2.2617689356755193,2.2161472337279866,2.311411761637631,2.330836479562404,2.9108433633496738,2.2852487486171986
342,2.17,3.2533257729197995,2.2370089898001897,1.5859703673308827,2.092238697802895,2.208384900938454,2.2170278305701,2.1776982781610714,2.098609995155588,2.1904749222404543,2.1265158763904077,2.09622748028925,2.1662316093583356,2.200442708538336,2.2033119165493367,2.1860281414354423,2.2325420525587005,2.1780416016425734,2.1007324834350527,2.1939946960703587,2.4793536146816977,2.2648516719127336,1.952551285152111,2.172701836940195,2.2392673599735575,2.1897749271824534,2.1505883245474644,2.1452810337195833,2.1736936820498025,2.228484293780787,2.1850439320216903,2.1981159439544222,2.1551356681431315,2.245362481054771,2.2624286782372622,2.802211475655213,2.2207019467922176
343,2.18,3.2822282742161075,2.247250104451453,1.6009814717435753,2.1070643803120306,2.2211117434238314,2.23130950232783,2.1899649849491656,2.113018589502429,2.2038259148169095,2.141617922327683,2.1103479760205013,2.1796161969591394,2.214283247682738,2.2172152704055073,2.1992570461843313,2.2465255279441876,2.190501618786855,2.1148351256634776,2.207706700632766,2.4993143408453435,2.2796058604401965,1.9675360649913258,2.1840113653916666,2.2534486803758327,2.203095511844265,2.164440786919914,2.1594695282604497,2.185347210113722,2.241810203995235,2.198228341231328,2.2117558707518006,2.1682095750541723,2.259515898322527,2.2770874928069356,2.825489737304026,2.2345334043261422
344,2.28,3.571253287179178,2.3496612509640893,1.7510925158704975,2.25532120540338,2.348380168277603,2.374126219905124,2.3126320528301036,2.2571045329708377,2.337335840581458,2.2926383817004314,2.2515529333330093,2.3134620729671784,2.352688639126759,2.356248808967206,2.3315460936732233,2.3863602817990563,2.315101790229672,2.255861547947724,2.3448267462568353,2.698921602481797,2.4271477457148185,2.117383863383467,2.2971066499063784,2.395261884398585,2.3363013584623746,2.3029654106444064,2.301354473669107,2.3018824907529174,2.3750693061397143,2.330072433327698,2.348155138725579,2.2989486441645752,2.401050071000082,2.423675638503668,3.0582723537921557,2.3728479796653867
345,2.28,3.571253287179178,2.3496612509640893,1.7510925158704975,2.25532120540338,2.348380168277603,2.374126219905124,2.3126320528301036,2.2571045329708377,2.337335840581458,2.2926383817004314,2.2515529333330093,2.3134620729671784,2.352688639126759,2.356248808967206,2.3315460936732233,2.3863602817990563,2.315101790229672,2.255861547947724,2.3448267462568353,2.698921602481797,2.4271477457148185,2.117383863383467,2.2971066499063784,2.395261884398585,2.3363013584623746,2.3029654106444064,2.301354473669107,2.3018824907529174,2.3750693061397143,2.330072433327698,2.348155138725579,2.2989486441645752,2.401050071000082,2.423675638503668,3.0582723537921557,2.3728479796653867
346,2.28,3.571253287179178,2.3496612509640893,1.7510925158704975,2.25532120540338,2.348380168277603,2.374126219905124,2.3126320528301036,2.2571045329708377,2.337335840581458,2.2926383817004314,2.2515529333330093,2.3134620729671784,2.352688639126759,2.356248808967206,2.3315460936732233,2.3863602817990563,2.315101790229672,2.255861547947724,2.3448267462568353,2.698921602481797,2.4271477457148185,2.117383863383467,2.2971066499063784,2.395261884398585,2.3363013584623746,2.3029654106444064,2.301354473669107,2.3018824907529174,2.3750693061397143,2.330072433327698,2.348155138725579,2.2989486441645752,2.401050071000082,2.423675638503668,3.0582723537921557,2.3728479796653867
347,2.3,3.629058289771792,2.3701434802666164,1.7811147246958825,2.2849725704216497,2.373833853248357,2.4026895634205827,2.337165466406291,2.2859217216645193,2.364037825734368,2.322842473574981,2.279793924795511,2.340231248168786,2.3803697174155634,2.3840555166795454,2.358003903171001,2.41432723257003,2.3400218245182356,2.2840668324045734,2.3722507553816494,2.7388430548090876,2.456656122769743,2.1473534230618965,2.319725706809321,2.4236245252031354,2.3629425277859966,2.3306703353893052,2.3297314627508388,2.3251895468807566,2.40172112656861,2.356441251746972,2.3754349923203346,2.3250964579866564,2.429356905535593,2.4529932676430146,3.104828877089782,2.400510894733236
348,2.32,3.686863292364407,2.390625709569144,1.8111369335212668,2.31462393543992,2.399287538219112,2.4312529069360416,2.361698879982479,2.3147389103582015,2.390739810887278,2.353046565449531,2.3080349162580127,2.3670004233703943,2.408050795704368,2.4118622243918857,2.38446171266878,2.4422941833410046,2.364941858806799,2.3122721168614224,2.3996747645064636,2.778764507136379,2.4861644998246675,2.1773229827403244,2.3423447637122634,2.451987166007686,2.3895836971096185,2.3583752601342036,2.35810845183257,2.3484966030085954,2.428372946997506,2.3828100701662462,2.4027148459150904,2.351244271808737,2.457663740071104,2.4823108967823613,3.1513854003874084,2.428173809801085
349,2.34,3.744668294957021,2.411107938871671,1.841159142346652,2.34427530045819,2.4247412231898657,2.4598162504515004,2.386232293558667,2.3435560990518836,2.4174417960401877,2.383250657324081,2.3362759077205144,2.393769598572002,2.435731873993172,2.4396689321042255,2.4109195221665587,2.4702611341119782,2.389861893095363,2.340477401318272,2.4270987736312777,2.8186859594636697,2.5156728768795924,2.2072925424187533,2.364963820615206,2.480349806812237,2.4162248664332404,2.3860801848791025,2.386485440914302,2.371803659136434,2.455024767426402,2.4091788885855205,2.429994699509846,2.3773920856308175,2.4859705746066156,2.5116285259217084,3.1979419236850344,2.4558367248689343
350,2.3,3.629058289771792,2.3701434802666164,1.7811147246958825,2.2849725704216497,2.373833853248357,2.4026895634205827,2.337165466406291,2.2859217216645193,2.364037825734368,2.322842473574981,2.279793924795511,2.340231248168786,2.3803697174155634,2.3840555166795454,2.358003903171001,2.41432723257003,2.3400218245182356,2.2840668324045734,2.3722507553816494,2.7388430548090876,2.456656122769743,2.1473534230618965,2.319725706809321,2.4236245252031354,2.3629425277859966,2.3306703353893052,2.3297314627508388,2.3251895468807566,2.40172112656861,2.356441251746972,2.3754349923203346,2.3250964579866564,2.429356905535593,2.4529932676430146,3.104828877089782,2.400510894733236
351,2.26,3.513448284586564,2.329179021661562,1.721070307045113,2.22566984038511,2.3229264833068486,2.345562876389665,2.2880986392539158,2.228287344277156,2.310633855428548,2.262434289825882,2.2233119418705076,2.2866928977655707,2.325007560837955,2.3284421012548657,2.3050882841754445,2.3583933310280827,2.2901817559411084,2.227656263490875,2.3174027371320216,2.659000150154506,2.397639368659894,2.0874143037050388,2.2744875930034363,2.3668992435940344,2.3096601891387527,2.275260485899508,2.2729774845873756,2.278575434625078,2.348417485710818,2.3037036149084242,2.320875285130823,2.272800830342495,2.372743236464571,2.3943580093643213,3.01171583049453,2.3451850645975383
352,2.21,3.368935778105028,2.2779734484052443,1.6460147849816518,2.151541427839435,2.259292270879963,2.274154517601018,2.2267651053134467,2.156244372542951,2.243878892546274,2.1869240601395075,2.1527094632142534,2.2197699597615514,2.255804865115944,2.2589253319740163,2.238943760430999,2.2884759541006483,2.2278816702197,2.1571430523487516,2.2488427143199865,2.5591965193362793,2.3238684260225826,2.012490404508968,2.21793995074608,2.295992641582658,2.2430572658296977,2.2059981740372616,2.2020350118830465,2.220307794305481,2.281787934638579,2.237781568860239,2.252675651143934,2.207431295787293,2.3019761501257934,2.321063936515955,2.8953245222504647,2.2760277769279154
353,2.27,3.542350785882872,2.339420136312826,1.7360814114578056,2.2404955228942454,2.335653325792226,2.359844548147395,2.30036534604201,2.242695938623997,2.3239848480050034,2.2775363357631573,2.2374324376017585,2.3000774853663746,2.338848099982357,2.3423454551110363,2.3183171889243344,2.3723768064135697,2.3026417730853908,2.2417589057192995,2.331114741694429,2.6789608763181523,2.4123935571873565,2.1023990835442534,2.2857971214549075,2.38108056399631,2.3229807738005634,2.2891129482719577,2.2871659791282415,2.290228962688998,2.3617433959252665,2.3168880241180614,2.334515211928201,2.2858747372535353,2.386896653732327,2.4090168239339955,3.034994092143344,2.359016522131463
354,2.236666666666667,3.446009114895181,2.3052830874752805,1.6860443967488314,2.1910765811971284,2.2932305175076357,2.31223897562163,2.2594763234150306,2.194667290801194,2.2794815394168206,2.2271961826389073,2.1903641184975893,2.2554621933636954,2.292712969501017,2.2960009422571366,2.2742208397613703,2.3257652217952804,2.2611083826044514,2.1947500982912174,2.285408059819739,2.6124251224393342,2.3632129287624823,2.0524498174135397,2.2480986932833367,2.333809495988726,2.2785788249278607,2.2429380736971263,2.2398709973253554,2.2513838691426,2.3173236952104403,2.2729399934192713,2.289048789270275,2.2422950475500674,2.3397185961731415,2.3601541087017512,2.9573998866473,2.312911663685048
355,2.203333333333333,3.3496674439074896,2.271146038637735,1.6360073820398569,2.1416576395000115,2.2508077092230447,2.264633403095865,2.2185873007880508,2.1466386429783904,2.234978230828637,2.1768560295146573,2.1432957993934196,2.210846901361015,2.2465778390196762,2.2496564294032364,2.2301244905984063,2.2791536371769903,2.219574992123512,2.147741290863135,2.2397013779450483,2.5458893685605157,2.3140323003376078,2.002500551282825,2.210400265111766,2.2865384279811414,2.234176876055157,2.1967631991222953,2.1925760155224694,2.212538775596201,2.2729039944956138,2.228991962720481,2.2435823666123484,2.1987153578465994,2.2925405386139563,2.3112913934695065,2.879805681151256,2.266806805238633
356,2.17,3.2533257729197995,2.2370089898001897,1.5859703673308827,2.092238697802895,2.208384900938454,2.2170278305701,2.1776982781610714,2.098609995155588,2.1904749222404543,2.1265158763904077,2.09622748028925,2.1662316093583356,2.200442708538336,2.2033119165493367,2.1860281414354423,2.2325420525587005,2.1780416016425734,2.1007324834350527,2.1939946960703587,2.4793536146816977,2.2648516719127336,1.952551285152111,2.172701836940195,2.2392673599735575,2.1897749271824534,2.1505883245474644,2.1452810337195833,2.1736936820498025,2.228484293780787,2.1850439320216903,2.1981159439544222,2.1551356681431315,2.245362481054771,2.2624286782372622,2.802211475655213,2.2207019467922176
357,2.11,3.079910765141956,2.175562301892608,1.4959037408547289,2.0032846027480855,2.132023846026191,2.1313378000237235,2.1040980374325082,2.0121584290745416,2.110368966781725,2.035903600766759,2.011504505901745,2.085924083753512,2.117399473671923,2.119891793412317,2.106654712942107,2.1486412002457786,2.103281498776883,2.0161166300645053,2.1117226686959163,2.359589257699825,2.1763265407479597,1.8626426061168255,2.1048446662313673,2.1541794375599057,2.1098514192115876,2.0674735503127684,2.0601500664743884,2.1037725136662853,2.148528832494099,2.1059374767638683,2.116276383170155,2.0766922266768892,2.160441977448238,2.1744757908192227,2.6625419057623336,2.1377132015886704
358,2.1,3.051008263845648,2.1653211872413443,1.4808926364420365,1.98845892023895,2.119297003540814,2.117056128265994,2.0918313306444145,1.997749834727701,2.09701797420527,2.0208015548294833,1.997384010170494,2.072539496152708,2.1035589345275203,2.105988439556147,2.093425808193218,2.1346577248602916,2.090821481632601,2.0020139878360803,2.0980106641335095,2.3396285315361793,2.1615723522204973,1.8476578262776113,2.093535137779896,2.13999811715763,2.0965308345497764,2.053621087940319,2.0459615719335225,2.092118985602366,2.1352029222796514,2.092753067554231,2.1026364563727773,2.063618319765849,2.1462885601804826,2.1598169762495494,2.6392636441135204,2.123881744054746
359,2.09,3.0221057625493417,2.155080072590081,1.465881532029344,1.9736332377298154,2.1065701610554366,2.1027744565082642,2.0795646238563203,1.98334124038086,2.0836669816288147,2.0056995088922087,1.9832635144392432,2.0591549085519034,2.0897183953831187,2.0920850856999773,2.080196903444328,2.1206742494748045,2.078361464488319,1.9879113456076554,2.084298659571102,2.319667805372534,2.1468181636930352,1.832673046438397,2.0822256093284253,2.1258167967553554,2.0832102498879657,2.03976862556787,2.031773077392657,2.0804654575384465,2.1218770120652035,2.079568658344594,2.088996529575399,2.0505444128548085,2.132135142912727,2.145158161679876,2.6159853824647077,2.110050286520821
360,1.75,2.039420718474898,1.8068821744471184,0.9555039819978064,1.4695600324192268,1.6738575165526137,1.617197616745464,1.66249659306113,1.4934490325882683,1.6297332340293484,1.4922299470248634,1.5031666595767146,1.6040789301245706,1.6191400644734455,1.6193710545902,1.6304141419820963,1.6452360863682496,1.65472088158274,1.508421509841218,1.6180905044492642,1.6410031158085907,1.645175753759318,1.3231905319051132,1.6977016419784032,1.6436519030779968,1.630310371386392,1.5687849049045939,1.54936426300322,1.6842455033651829,1.6687960647739737,1.6312987452169345,1.6252390184645518,1.606031577879436,1.6509189558090394,1.6467584663109849,1.8245244864050638,1.6397807303673881
361,1.8533333333333333,2.338079898536739,1.9127070258435088,1.110618727595627,1.6227587516802882,1.8053682222348442,1.7647748915753345,1.7892525632047662,1.642337840838958,1.7676934906527157,1.648284421710037,1.64907844879964,1.7423863353328781,1.762158968965601,1.7630390444372892,1.7671128243872847,1.7897319986849478,1.7834743920736513,1.6541488128682724,1.759781218260803,1.8472639528329262,1.7976357018764282,1.4780332569103272,1.8145667693102725,1.7901922139015076,1.7679564128917722,1.71192701608657,1.6959787065921665,1.804665293359018,1.8064971369899356,1.7675376403831842,1.766184928704123,1.7411286159601866,1.797170934242513,1.7982328835309422,2.0650665234427987,1.7827057915512747
362,1.9566666666666668,2.6367390785985805,2.0185318772399,1.2657334731934475,1.77595747094135,1.9368789279170753,1.9123521664052059,1.916008533348403,1.7912266490896482,1.9056537472760835,1.8043388963952112,1.7949902380225657,1.8806937405411857,1.905177873457757,1.9067070342843788,1.9038115067924732,1.9342279110016465,1.9122279025645632,1.7998761158953276,1.9014719320723428,2.0535247898572626,1.950095649993539,1.6328759819155412,1.9314318966421422,1.9367325247250191,1.9056024543971528,1.8550691272685462,1.8425931501811135,1.9250850833528532,1.944198209205898,1.9037765355494343,1.907130838943695,1.8762256540409377,1.9434229126759877,1.9497073007508996,2.3056085604805343,1.9256308527351618
363,2.06,2.9353982586604213,2.12435672863629,1.4208482187912677,1.929156190202411,2.0683896335993053,2.059929441235077,2.042764503492039,1.9401154573403376,2.043614003899451,1.9603933710803845,1.940902027245491,2.0190011457494927,2.0481967779499124,2.0503750241314678,2.0405101891976614,2.0787238233183447,2.0409814130554738,1.945603418922382,2.0431626458838816,2.259785626881599,2.1025555981106487,1.787718706920755,2.0482970239740115,2.08327283554853,2.043248495902533,1.9982112384505222,1.98920759377006,2.045504873346688,2.08189928142186,2.040015430715683,2.0480767491832657,2.011322692121688,2.089674891109461,2.1011817179708565,2.546150597518269,2.068555913919048
364,2.09,3.0221057625493417,2.155080072590081,1.465881532029344,1.9736332377298154,2.1065701610554366,2.1027744565082642,2.0795646238563203,1.98334124038086,2.0836669816288147,2.0056995088922087,1.9832635144392432,2.0591549085519034,2.0897183953831187,2.0920850856999773,2.080196903444328,2.1206742494748045,2.078361464488319,1.9879113456076554,2.084298659571102,2.319667805372534,2.1468181636930352,1.832673046438397,2.0822256093284253,2.1258167967553554,2.0832102498879657,2.03976862556787,2.031773077392657,2.0804654575384465,2.1218770120652035,2.079568658344594,2.088996529575399,2.0505444128548085,2.132135142912727,2.145158161679876,2.6159853824647077,2.110050286520821
