,"Southern Company Services, Inc. - Trans",ISO New England,"Midcontinent Independent System Operator, Inc.","PJM Interconnection, LLC","Alcoa Power Generating, Inc. - Yadkin Division","Associated Electric Cooperative, Inc.",City of Homestead,City of Tallahassee,Duke Energy Carolinas,"Duke Energy Florida, Inc.",Duke Energy Progress East,Duke Energy Progress West,"Electric Energy, Inc.",Florida Municipal Power Pool,Florida Power & Light Co.,Gainesville Regional Utilities,"Gridforce Energy Management, LLC",JEA,Louisville Gas and Electric Company and Kentucky Utilities Company,Utilities Commission of New Smyrna Beach,New York Independent System Operator,NorthWestern Corporation,Ohio Valley Electric Corporation,PowerSouth Energy Cooperative,Public Service Company of New Mexico,Seminole Electric Cooperative,"Dominion Energy South Carolina, Inc.",South Carolina Public Service Authority,Southeastern Power Administration,Southwest Power Pool,Southwestern Power Administration,Tampa Electric Company,Tennessee Valley Authority,Western Area Power Administration - Rocky Mountain Region,Western Area Power Administration - Upper Great Plains West,New Brunswick System Operator,"Electric Reliability Council of Texas, Inc."
0,2.07,2.9643007599567275,2.1345978432875534,1.4358593232039598,1.9439818727115459,2.0811164760846825,2.074211112992806,2.0550312102801325,1.9545240516871782,2.056964996475905,1.9754954170176595,1.9550225229767415,2.032385733350296,2.062037317094314,2.0642783779876375,2.0537390939465503,2.0927072987038313,2.0534414301997557,1.9597060611508064,2.0568746504462885,2.2797463530452435,2.1173097866381108,1.8027034867599687,2.0596065524254827,2.0974541559508046,2.0565690805643437,2.012063700822971,2.0033960883109256,2.0571584014106072,2.0952251916363074,2.05319983992532,2.0617166759806436,2.0243965990327277,2.1038283083772162,2.1158405325405294,2.5694288591670813,2.082387371452972
1,2.05,2.9064957573641133,2.1141156139850263,1.405837114378575,1.9143305076932755,2.055662791113928,2.045647769477347,2.030497796703945,1.9257068629934966,2.0302630113229956,1.9452913251431092,1.9267815315142398,2.0056165581486884,2.03435623880551,2.036471670275297,2.027281284448772,2.064740347932857,2.0285213959111923,1.931500776693957,2.0294506413214743,2.2398249007179527,2.0878014095831863,1.77273392708154,2.03698749552254,2.069091515146254,2.029927911240722,1.9843587760780728,1.9750190992291938,2.0338513452827685,2.0685733712074117,2.026831021506046,2.0344368223858877,1.998248785210647,2.075521473841705,2.0865229034011827,2.5228723358694554,2.0547244563851232
2,2.06,2.9353982586604213,2.12435672863629,1.4208482187912677,1.929156190202411,2.0683896335993053,2.059929441235077,2.042764503492039,1.9401154573403376,2.043614003899451,1.9603933710803845,1.940902027245491,2.0190011457494927,2.0481967779499124,2.0503750241314678,2.0405101891976614,2.0787238233183447,2.0409814130554738,1.945603418922382,2.0431626458838816,2.259785626881599,2.1025555981106487,1.787718706920755,2.0482970239740115,2.08327283554853,2.043248495902533,1.9982112384505222,1.98920759377006,2.045504873346688,2.08189928142186,2.040015430715683,2.0480767491832657,2.011322692121688,2.089674891109461,2.1011817179708565,2.546150597518269,2.068555913919048
3,2.0733333333333333,2.973934927055497,2.138011548171308,1.440863024674857,1.9489237668812573,2.0853587569131418,2.0789716702453824,2.059120112542831,1.9593269164694584,2.0614153273347235,1.9805294323300842,1.9597293548871586,2.0368472625505643,2.066650830142448,2.0689128292730277,2.0581487288628466,2.0973684571656603,2.0575947692478493,1.9644069418936145,2.0614453186337576,2.2863999284331253,2.1222278494805984,1.80769841337304,2.06337639524264,2.102181262751563,2.061009275451614,2.0166811882804545,2.008125586491214,2.0610429107652473,2.09966716170779,2.0575946429951992,2.066263318246436,2.028754568003075,2.108546114133135,2.120726804063754,2.5771882797166863,2.086997857297614
4,2.086666666666667,3.012471595450574,2.151666367706327,1.460877830558447,1.9686913435601043,2.1023278802269787,2.0980138992556885,2.075475721593623,1.9785383755985801,2.079216650769997,2.0006654935797843,1.978556682528827,2.0546933793516367,2.085104882334985,2.087450634414588,2.0757872685280327,2.1160130910129764,2.074208125440226,1.9832104648648479,2.079727991383634,2.3130142299846534,2.1419001008505485,1.827678119825326,2.0784557665112686,2.1210896899545975,2.078770055000696,2.035151138110387,2.0270435792123687,2.076580948183807,2.1174350419937213,2.075173855274716,2.0844498873096073,2.046186443884462,2.127417337156809,2.140271890156652,2.6082259619151045,2.1054398006761805
5,2.1,3.0510082638456497,2.1653211872413447,1.4808926364420367,1.9884589202389509,2.1192970035408143,2.1170561282659945,2.0918313306444145,1.9977498347277014,2.0970179742052704,2.020801554829484,1.9973840101704945,2.072539496152708,2.1035589345275207,2.1059884395561475,2.093425808193218,2.1346577248602925,2.0908214816326014,2.0020139878360808,2.0980106641335095,2.3396285315361802,2.1615723522204977,1.8476578262776115,2.0935351377798965,2.1399981171576306,2.096530834549777,2.0536210879403196,2.045961571933523,2.092118985602366,2.135202922279652,2.0927530675542316,2.1026364563727773,2.0636183197658493,2.146288560180483,2.15981697624955,2.6392636441135218,2.123881744054746
6,2.17,3.2533257729197995,2.2370089898001897,1.5859703673308827,2.092238697802895,2.208384900938454,2.2170278305701,2.1776982781610714,2.098609995155588,2.1904749222404543,2.1265158763904077,2.09622748028925,2.1662316093583356,2.200442708538336,2.2033119165493367,2.1860281414354423,2.2325420525587005,2.1780416016425734,2.1007324834350527,2.1939946960703587,2.4793536146816977,2.2648516719127336,1.952551285152111,2.172701836940195,2.2392673599735575,2.1897749271824534,2.1505883245474644,2.1452810337195833,2.1736936820498025,2.228484293780787,2.1850439320216903,2.1981159439544222,2.1551356681431315,2.245362481054771,2.2624286782372622,2.802211475655213,2.2207019467922176
7,2.09,3.0221057625493417,2.155080072590081,1.465881532029344,1.9736332377298154,2.1065701610554366,2.1027744565082642,2.0795646238563203,1.98334124038086,2.0836669816288147,2.0056995088922087,1.9832635144392432,2.0591549085519034,2.0897183953831187,2.0920850856999773,2.080196903444328,2.1206742494748045,2.078361464488319,1.9879113456076554,2.084298659571102,2.319667805372534,2.1468181636930352,1.832673046438397,2.0822256093284253,2.1258167967553554,2.0832102498879657,2.03976862556787,2.031773077392657,2.0804654575384465,2.1218770120652035,2.079568658344594,2.088996529575399,2.0505444128548085,2.132135142912727,2.145158161679876,2.6159853824647077,2.110050286520821
8,2.05,2.9064957573641133,2.1141156139850263,1.405837114378575,1.9143305076932755,2.055662791113928,2.045647769477347,2.030497796703945,1.9257068629934966,2.0302630113229956,1.9452913251431092,1.9267815315142398,2.0056165581486884,2.03435623880551,2.036471670275297,2.027281284448772,2.064740347932857,2.0285213959111923,1.931500776693957,2.0294506413214743,2.2398249007179527,2.0878014095831863,1.77273392708154,2.03698749552254,2.069091515146254,2.029927911240722,1.9843587760780728,1.9750190992291938,2.0338513452827685,2.0685733712074117,2.026831021506046,2.0344368223858877,1.998248785210647,2.075521473841705,2.0865229034011827,2.5228723358694554,2.0547244563851232
9,2.05,2.9064957573641133,2.1141156139850263,1.405837114378575,1.9143305076932755,2.055662791113928,2.045647769477347,2.030497796703945,1.9257068629934966,2.0302630113229956,1.9452913251431092,1.9267815315142398,2.0056165581486884,2.03435623880551,2.036471670275297,2.027281284448772,2.064740347932857,2.0285213959111923,1.931500776693957,2.0294506413214743,2.2398249007179527,2.0878014095831863,1.77273392708154,2.03698749552254,2.069091515146254,2.029927911240722,1.9843587760780728,1.9750190992291938,2.0338513452827685,2.0685733712074117,2.026831021506046,2.0344368223858877,1.998248785210647,2.075521473841705,2.0865229034011827,2.5228723358694554,2.0547244563851232
10,2.043333333333333,2.887227423166575,2.107288204217517,1.39582971143678,1.9044467193538521,2.04717822945701,2.036126654972194,2.022319992178549,1.9161011334289353,2.0213623496053588,1.9352232945182593,1.9173678676934056,1.9966934997481522,2.0251292127092415,2.0272027677045172,2.018462014616179,2.055418031009199,2.020214717815004,1.9220990152083406,2.020309304946536,2.2265177499421887,2.0779652838982114,1.7627440738553972,2.0294478098882256,2.059637301544737,2.0210475214661807,1.975123801163106,1.9655601028686163,2.0260823265734884,2.0596894310644465,2.018041415366288,2.0253435378543023,1.9895328472699532,2.066085862329868,2.0767503603547337,2.5073534947702467,2.04550348469584
11,2.036666666666666,2.8679590889690374,2.1004607944500084,1.3858223084949857,1.8945629310144292,2.0386936678000924,2.026605540467041,2.014142187653153,1.9064954038643753,2.012461687887722,1.9251552638934097,1.9079542038725719,1.9877704413476165,2.0159021866129736,2.0179338651337377,2.0096427447835863,2.0460957140855416,2.0119080397188167,1.9126972537227247,2.0111679685715984,2.213210599166426,2.0681291582132366,1.7527542206292548,2.0219081242539114,2.0501830879432204,2.0121671316916405,1.9658888262481402,1.9561011065080396,2.018313307864209,2.0508054909214812,2.00925180922653,2.016250253322717,1.98081690932926,2.056650250818031,2.0669778173082856,2.4918346536710385,2.0362825130065576
12,2.03,2.848690754771499,2.0936333846824997,1.3758149055531903,1.8846791426750058,2.030209106143174,2.017084425961888,2.0059643831277576,1.8968896742998143,2.0035610261700856,1.9150872332685598,1.8985405400517381,1.9788473829470805,2.0066751605167057,2.008664962562958,2.0008234749509937,2.036773397161884,2.0036013616226285,1.903295492237108,2.00202663219666,2.199903448390662,2.058293032528262,1.7427643674031117,2.0143684386195977,2.0407288743417036,2.0032867419170994,1.956653851333174,1.9466421101474625,2.010544289154929,2.041921550778516,2.000462203086772,2.007156968791132,1.9721009713885662,2.047214639306194,2.0572052742618365,2.4763158125718294,2.0270615413172743
13,2.15,3.1955207703271853,2.2165267604976626,1.555948158505498,2.0625873327846254,2.1829312159677,2.1884644870546412,2.153164864584884,2.0697928064619058,2.1637729370875443,2.0963117845158585,2.0679864888267483,2.1394624341567274,2.1727616302495316,2.175505208836997,2.159570331937664,2.204575101787727,2.1531215673540096,2.0725271989782037,2.1665706869455446,2.439432162354407,2.235343294857809,1.9225817254736826,2.150082780037253,2.2109047191690068,2.163133757858832,2.122883399802566,2.116904044637852,2.1503866259219637,2.2018324733518915,2.1586751136024165,2.1708360903596664,2.1289878543210508,2.2170556465192606,2.233111049097916,2.7556549523575864,2.1930390317243686
14,2.01,2.790885752178884,2.073151155379972,1.345792696727806,1.8550277776567357,2.0047554211724194,1.9885210824464288,1.9814309695515697,1.8680724856061326,1.976859041017176,1.88488314139401,1.8702995485892364,1.9520782077454726,1.9789940822279013,1.980858254850618,1.974365665453215,2.0088064463909094,1.978681327334065,1.8750902077802585,1.9746026230718463,2.159981996063371,2.0287846554733373,1.7127948077246833,1.9917493817166552,2.0123662335371533,1.9766455725934777,1.9289489265882753,1.9182651210657304,1.9872372330270902,2.01526973034962,1.9740933846674977,1.979877115196376,1.9459531575664857,2.018907804770683,2.02788764512249,2.429759289274203,1.9993986262494252
15,2.06,2.9353982586604213,2.12435672863629,1.4208482187912677,1.929156190202411,2.0683896335993053,2.059929441235077,2.042764503492039,1.9401154573403376,2.043614003899451,1.9603933710803845,1.940902027245491,2.0190011457494927,2.0481967779499124,2.0503750241314678,2.0405101891976614,2.0787238233183447,2.0409814130554738,1.945603418922382,2.0431626458838816,2.259785626881599,2.1025555981106487,1.787718706920755,2.0482970239740115,2.08327283554853,2.043248495902533,1.9982112384505222,1.98920759377006,2.045504873346688,2.08189928142186,2.040015430715683,2.0480767491832657,2.011322692121688,2.089674891109461,2.1011817179708565,2.546150597518269,2.068555913919048
16,2.07,2.9643007599567275,2.1345978432875534,1.4358593232039598,1.9439818727115459,2.0811164760846825,2.074211112992806,2.0550312102801325,1.9545240516871782,2.056964996475905,1.9754954170176595,1.9550225229767415,2.032385733350296,2.062037317094314,2.0642783779876375,2.0537390939465503,2.0927072987038313,2.0534414301997557,1.9597060611508064,2.0568746504462885,2.2797463530452435,2.1173097866381108,1.8027034867599687,2.0596065524254827,2.0974541559508046,2.0565690805643437,2.012063700822971,2.0033960883109256,2.0571584014106072,2.0952251916363074,2.05319983992532,2.0617166759806436,2.0243965990327277,2.1038283083772162,2.1158405325405294,2.5694288591670813,2.082387371452972
17,2.0475,2.8992701320400363,2.1115553353222105,1.4020843382754022,1.910624087065992,2.052481080492584,2.0420773515379143,2.0274311200069217,1.9221047144067862,2.0269252631788817,1.941515813658791,1.9232514075814273,2.002270411248487,2.0308961040194093,2.032995831811255,2.0239740582615497,2.0612444790864854,2.025406391625122,1.9279751161368512,2.0260226401808725,2.2348347191770417,2.0841128624513203,1.7689877321217367,2.0341601134096723,2.0655461850456853,2.026597765075269,1.9808956604849604,1.9714719755939774,2.0309379632667883,2.0652418936537997,2.0235349192036365,2.0310268406865433,1.9949803084828868,2.071983119524766,2.082858199758765,2.5170527704572523,2.0512665920016424
18,2.025,2.834239504123345,2.088512827356867,1.3683093533468442,1.877266301420438,2.0238456849004853,2.009943590083023,1.9998310297337105,1.889685377126394,1.996885529881858,1.9075362102999223,1.8914802921861127,1.9721550891466784,1.9997548909445042,2.0017132856348727,1.9942090225765488,2.02978165946914,1.9973713530504877,1.8962441711228952,1.9951706299154568,2.189923085308839,2.0509159382645303,1.7352719774835046,2.0087136743938623,2.033638214140566,1.996626449586194,1.9497276201469493,1.939547862877029,2.0047175251229694,2.0352585956712916,1.993869998481953,2.000337005392443,1.965564017933046,2.040137930672316,2.0498758669769996,2.464676681747423,2.020145812550312
19,2.0025,2.7692088762066547,2.0654703193915243,1.3345343684182869,1.8439085157748847,1.995210289308387,1.977809828628132,1.9722309394604993,1.857266039846002,1.966845796584835,1.873556606941054,1.8597091767907985,1.9420397670448697,1.9686136778696,1.9704307394584908,1.9644439868915482,1.9983188398517946,1.9693363144758542,1.86451322610894,1.964318619650041,2.145011451440637,2.017719014077741,1.7015562228452727,1.983267235378052,2.0017302432354467,1.9666551340971195,1.9185595798089388,1.9076237501600815,1.9784970869791507,2.005275297688784,1.96420507776027,1.9696471700983431,1.9361477273832053,2.0082927418198664,2.016893534195235,2.4123005930375943,1.989025033098982
20,1.98,2.7041782482899634,2.0424278114261813,1.300759383489729,1.8105507301293309,1.9665748937162881,1.9456760671732412,1.9446308491872883,1.8248467025656097,1.9368060632878112,1.8395770035821855,1.8279380613954843,1.9119244449430612,1.937472464794695,1.9391481932821082,1.9346789512065479,1.966856020234449,1.9413012759012203,1.8327822810949848,1.9334666093846256,2.1000998175724352,1.9845220898909508,1.6678404682070407,1.9578207963622416,1.9698222723303278,1.9366838186080448,1.8873915394709275,1.8756996374431334,1.9522766488353318,1.9752919997062763,1.9345401570385867,1.9389573348042428,1.9067314368333648,1.9764475529674168,1.9839112014134703,2.3599245043277643,1.9579042536476519
21,1.89,2.4440557366231985,1.9502577795648088,1.1656594437754983,1.677119587547116,1.852033311347894,1.817141021353676,1.8342304880944436,1.6951693534440415,1.816647130099717,1.7036585901467114,1.7008535998142265,1.7914631565358257,1.8129076124950756,1.814018008576579,1.815618808466545,1.8410047417650666,1.8291611216026844,1.705858501039163,1.8100585683229622,1.9204532820996263,1.8517343931437902,1.5329774496541124,1.8560350402990005,1.84219038870985,1.8167985566517457,1.762719378118884,1.7480031865753412,1.8473948962600562,1.8553588077762448,1.815880474151853,1.8161979936278418,1.7890662746340014,1.849066797557617,1.8519818702864108,2.1504201494884465,1.8334211358423311
22,1.95,2.617470744401042,2.0117044674723905,1.2557260702516522,1.766073682601926,1.9283943662601568,1.9028310519000526,1.9078307288230067,1.7816209195250874,1.8967530855584467,1.7942708657703608,1.7855765742017315,1.8717706821406495,1.8959508473614886,1.8974381317135984,1.89499223695988,1.9249055940779884,1.903921224468375,1.790474354409711,1.8923305956974044,2.040217639081499,1.9402595243085636,1.6228861286893979,1.923892211007828,1.927278311123502,1.8967220646226117,1.8458341523535797,1.8331341538205361,1.9173160646435732,1.9353142690629326,1.8949869294096755,1.898037554412109,1.8675097161002436,1.93398730116415,1.9399347577044503,2.2900897193813257,1.9164098810458783
23,1.91,2.5018607392158128,1.970740008867336,1.195681652600883,1.7067709525653862,1.8774869963186482,1.845704364869135,1.8587639016706312,1.7239865421377234,1.843349115252627,1.7338626820212615,1.729094591276728,1.8182323317374336,1.8405886907838798,1.8418247162889188,1.8420766179643233,1.8689716925360402,1.854081155891248,1.734063785496012,1.8374825774477763,1.9603747344269171,1.8812427701987144,1.562947009332541,1.878654097201943,1.8705530295144008,1.8434397259753676,1.7904243028637827,1.7763801756570725,1.8707019523878952,1.8820106282051408,1.8422492925711271,1.8434778472225977,1.8152140884560821,1.877373632093128,1.8812994994257575,2.196976672786073,1.8610840509101803
24,1.95,2.617470744401042,2.0117044674723905,1.2557260702516522,1.766073682601926,1.9283943662601568,1.9028310519000526,1.9078307288230067,1.7816209195250874,1.8967530855584467,1.7942708657703608,1.7855765742017315,1.8717706821406495,1.8959508473614886,1.8974381317135984,1.89499223695988,1.9249055940779884,1.903921224468375,1.790474354409711,1.8923305956974044,2.040217639081499,1.9402595243085636,1.6228861286893979,1.923892211007828,1.927278311123502,1.8967220646226117,1.8458341523535797,1.8331341538205361,1.9173160646435732,1.9353142690629326,1.8949869294096755,1.898037554412109,1.8675097161002436,1.93398730116415,1.9399347577044503,2.2900897193813257,1.9164098810458783
25,1.99,2.7330807495862697,2.0526689260774447,1.3157704879024212,1.825376412638466,1.979301736201665,1.9599577389309701,1.9568975559753823,1.8392552969124505,1.950157055864266,1.85467904951946,1.8420585571267347,1.9253090325438647,1.951313003939097,1.953051547138278,1.9479078559554366,1.9808394956199356,1.9537612930455017,1.846884923323409,1.9471786139470324,2.1200605437360798,1.9992762784184124,1.6828252480462547,1.9691303248137126,1.9840035927326027,1.9500044032698558,1.9012440018433767,1.8898881319839993,1.9639301768992514,1.988617909920724,1.9477245662482234,1.9525972616016205,1.9198053437444047,1.9906009702351717,1.9985700159831432,2.3832027659765767,1.9717357111815765
26,2.03,2.848690754771499,2.0936333846824997,1.3758149055531903,1.8846791426750058,2.030209106143174,2.017084425961888,2.0059643831277576,1.8968896742998143,2.0035610261700856,1.9150872332685598,1.8985405400517381,1.9788473829470805,2.0066751605167057,2.008664962562958,2.0008234749509937,2.036773397161884,2.0036013616226285,1.903295492237108,2.00202663219666,2.199903448390662,2.058293032528262,1.7427643674031117,2.0143684386195977,2.0407288743417036,2.0032867419170994,1.956653851333174,1.9466421101474625,2.010544289154929,2.041921550778516,2.000462203086772,2.007156968791132,1.9721009713885662,2.047214639306194,2.0572052742618365,2.4763158125718294,2.0270615413172743
27,1.96,2.646373245697349,2.021945582123654,1.2707371746643448,1.7808993651110612,1.9411212087455336,1.9171127236577823,1.9200974356111007,1.796029513871928,1.9101040781349017,1.8093729117076358,1.7996970699329826,1.8851552697414533,1.9097913865058906,1.9113414855697684,1.9082211417087693,1.938889069463475,1.9163812416126567,1.8045769966381355,1.9060426002598114,2.0601783652451444,1.9550137128360259,1.6378709085286123,1.9352017394592993,1.941459631525777,1.910042649284423,1.8596866147260291,1.8473226483614018,1.9289695927074928,1.9486401792773806,1.9081713386193127,1.911677481209487,1.880583623011284,1.9481407184319053,1.954593572274124,2.313367981030139,1.930241338579803
28,1.93,2.559665741808427,1.9912222381698632,1.225703861426268,1.7364223175836562,1.9029406812894023,1.8742677083845938,1.883297315246819,1.7528037308314053,1.8700511004055367,1.7640667738958111,1.7573355827392299,1.8450015069390413,1.8682697690726842,1.8696314240012586,1.8685344274621019,1.8969386433070143,1.8790011901798116,1.7622690699528616,1.8649065865725905,2.000296186754208,1.9107511472536394,1.5929165690109697,1.9012731541048853,1.8989156703189511,1.8700808952989898,1.8181292276086811,1.8047571647388043,1.8940090085157344,1.9086624486340367,1.8686181109904014,1.8707577008173533,1.8413619022781629,1.905680466628639,1.9106171285651037,2.243533196083699,1.8887469659780294
29,1.94,2.588568243104734,2.0014633528211268,1.24071496583896,1.751248000092791,1.9156675237747796,1.8885493801423232,1.895564022034913,1.7672123251782461,1.8834020929819915,1.7791688198330862,1.7714560784704805,1.8583860945398452,1.8821103082170862,1.8835347778574283,1.881763332210991,1.9109221186925014,1.8914612073240933,1.776371712181286,1.8786185911349973,2.020256912917853,1.9255053357811014,1.6079013488501837,1.9125826825563566,1.9130969907212263,1.8834014799608008,1.8319816899811303,1.81894565927967,1.9056625365796536,1.9219883588484845,1.8818025202000384,1.8843976276147312,1.854435809189203,1.9198338838963942,1.925275943134777,2.2668114577325116,1.9025784235119536
30,1.91,2.5018607392158128,1.970740008867336,1.195681652600883,1.7067709525653862,1.8774869963186482,1.845704364869135,1.8587639016706312,1.7239865421377234,1.843349115252627,1.7338626820212615,1.729094591276728,1.8182323317374336,1.8405886907838798,1.8418247162889188,1.8420766179643233,1.8689716925360402,1.854081155891248,1.734063785496012,1.8374825774477763,1.9603747344269171,1.8812427701987144,1.562947009332541,1.878654097201943,1.8705530295144008,1.8434397259753676,1.7904243028637827,1.7763801756570725,1.8707019523878952,1.8820106282051408,1.8422492925711271,1.8434778472225977,1.8152140884560821,1.877373632093128,1.8812994994257575,2.196976672786073,1.8610840509101803
31,1.9066666666666665,2.492226572117044,1.967326303983581,1.1906779511299854,1.7018290583956746,1.873244715490189,1.8409438076165583,1.8546749994079332,1.719183677355443,1.8388987843938085,1.7288286667088362,1.7243877593663108,1.8137708025371655,1.8359751777357456,1.8371902650035286,1.8376669830480268,1.8643105340742114,1.8499278168431539,1.7293629047532038,1.8329119092603072,1.953721159039035,1.876324707356227,1.5579520827194693,1.8748842543847857,1.865825922713642,1.8389995310880973,1.7858068154062994,1.771650677476784,1.8668174430332551,1.8775686581336577,1.837854489501248,1.838931204956805,1.810856119485735,1.872655826337209,1.8764132279025325,2.1892172522364683,1.8564735650655384
32,1.903333333333333,2.4825924050182757,1.963912599099827,1.1856742496590882,1.6968871642259629,1.86900243466173,1.8361832503639821,1.8505860971452355,1.7143808125731628,1.8344484535349903,1.7237946513964113,1.7196809274558942,1.8093092733368976,1.8313616646876119,1.8325558137181388,1.8332573481317305,1.8596493756123822,1.84577447779506,1.7246620240103958,1.8283412410728384,1.947067583651154,1.8714066445137398,1.5529571561063982,1.8711144115676288,1.8610988159128838,1.834559336200827,1.7811893279488165,1.7669211792964956,1.8629329336786153,1.8731266880621755,1.8334596864313695,1.8343845626910125,1.8064981505153885,1.8679380205812908,1.8715269563793084,2.1814578316868647,1.851863079220897
33,1.9,2.4729582379195056,1.960498894216072,1.180670548188191,1.6919452700562512,1.8647601538332708,1.8314226931114055,1.8464971948825375,1.7095779477908821,1.829998122676172,1.7187606360839864,1.7149740955454775,1.8048477441366295,1.8267481516394777,1.8279213624327486,1.828847713215434,1.8549882171505532,1.841621138746966,1.7199611432675872,1.823770572885369,1.9404140082632715,1.8664885816712522,1.5479622294933266,1.8673445687504717,1.8563717091121255,1.8301191413135567,1.776571840491333,1.762191681116207,1.8590484243239755,1.8686847179906927,1.82906488336149,1.8298379204252195,1.8021401815450417,1.8632202148253723,1.866640684856084,2.1736984111372597,1.8472525933762554
34,1.89,2.4440557366231985,1.9502577795648088,1.1656594437754983,1.677119587547116,1.852033311347894,1.817141021353676,1.8342304880944436,1.6951693534440415,1.816647130099717,1.7036585901467114,1.7008535998142265,1.7914631565358257,1.8129076124950756,1.814018008576579,1.815618808466545,1.8410047417650666,1.8291611216026844,1.705858501039163,1.8100585683229622,1.9204532820996263,1.8517343931437902,1.5329774496541124,1.8560350402990005,1.84219038870985,1.8167985566517457,1.762719378118884,1.7480031865753412,1.8473948962600562,1.8553588077762448,1.815880474151853,1.8161979936278418,1.7890662746340014,1.849066797557617,1.8519818702864108,2.1504201494884465,1.8334211358423311
35,1.89,2.4440557366231985,1.9502577795648088,1.1656594437754983,1.677119587547116,1.852033311347894,1.817141021353676,1.8342304880944436,1.6951693534440415,1.816647130099717,1.7036585901467114,1.7008535998142265,1.7914631565358257,1.8129076124950756,1.814018008576579,1.815618808466545,1.8410047417650666,1.8291611216026844,1.705858501039163,1.8100585683229622,1.9204532820996263,1.8517343931437902,1.5329774496541124,1.8560350402990005,1.84219038870985,1.8167985566517457,1.762719378118884,1.7480031865753412,1.8473948962600562,1.8553588077762448,1.815880474151853,1.8161979936278418,1.7890662746340014,1.849066797557617,1.8519818702864108,2.1504201494884465,1.8334211358423311
36,1.86,2.357348232734277,1.919534435611018,1.120626130537422,1.6326425400197118,1.8138527838917624,1.7742960060804878,1.7974303677301624,1.6519435704035188,1.7765941523703526,1.6583524523348872,1.6584921126204741,1.751309393733414,1.7713859950618693,1.7723079470080692,1.7759320942198775,1.799054315608606,1.7917810701698396,1.6635505743538892,1.7689225546357414,1.86057110360869,1.8074718275614035,1.48802311013647,1.822106454944587,1.7996464275030246,1.7768368026663128,1.7211619910015363,1.7054377029527439,1.8124343120682975,1.8153810771329013,1.7763272465229423,1.7752782132357083,1.7498445539008802,1.8066065457543505,1.808005426577391,2.0805853645420074,1.791926763240558
37,1.93,2.559665741808427,1.9912222381698632,1.225703861426268,1.7364223175836562,1.9029406812894023,1.8742677083845938,1.883297315246819,1.7528037308314053,1.8700511004055367,1.7640667738958111,1.7573355827392299,1.8450015069390413,1.8682697690726842,1.8696314240012586,1.8685344274621019,1.8969386433070143,1.8790011901798116,1.7622690699528616,1.8649065865725905,2.000296186754208,1.9107511472536394,1.5929165690109697,1.9012731541048853,1.8989156703189511,1.8700808952989898,1.8181292276086811,1.8047571647388043,1.8940090085157344,1.9086624486340367,1.8686181109904014,1.8707577008173533,1.8413619022781629,1.905680466628639,1.9106171285651037,2.243533196083699,1.8887469659780294
38,1.903333333333333,2.4825924050182757,1.963912599099827,1.1856742496590882,1.6968871642259629,1.86900243466173,1.8361832503639821,1.8505860971452355,1.7143808125731628,1.8344484535349903,1.7237946513964113,1.7196809274558942,1.8093092733368976,1.8313616646876119,1.8325558137181388,1.8332573481317305,1.8596493756123822,1.84577447779506,1.7246620240103958,1.8283412410728384,1.947067583651154,1.8714066445137398,1.5529571561063982,1.8711144115676288,1.8610988159128838,1.834559336200827,1.7811893279488165,1.7669211792964956,1.8629329336786153,1.8731266880621755,1.8334596864313695,1.8343845626910125,1.8064981505153885,1.8679380205812908,1.8715269563793084,2.1814578316868647,1.851863079220897
39,1.8766666666666667,2.4055190682281227,1.9366029600297907,1.145644637891909,1.65735201086827,1.8350641880340577,1.7980987923433702,1.8178748790436519,1.6759578943149203,1.7988458066644442,1.683522528897012,1.6820262721725587,1.773617039734754,1.7944535603025396,1.795480203435019,1.7979802688013597,1.8223601079177507,1.8125477654103088,1.68705497806793,1.7917758955730863,1.8938389805480993,1.8320621417738403,1.5129977432018271,1.840955669030372,1.8232819615068168,1.7990377771026647,1.7442494282889518,1.729085193854187,1.8318568588414967,1.8375909274903142,1.798301261872337,1.7980114245646717,1.7716343987526142,1.8301955745339429,1.8324367841935134,2.1193824672900297,1.8149791924637655
40,1.85,2.32844573143797,1.9092933209597545,1.1056150261247295,1.6178168575105767,1.8011259414063852,1.7600143343227583,1.7851636609420682,1.6375349760566782,1.7632431597938978,1.643250406397612,1.6443716168892233,1.7379248061326102,1.7575454559174672,1.7584045931518992,1.7627031894709884,1.785070840223119,1.7793210530255577,1.6494479321254643,1.7552105500733342,1.8406103774450446,1.792717639033941,1.4730383302972556,1.8107969264931154,1.7854651071007492,1.7635162180045019,1.707309528629087,1.691249208411878,1.8007807840043784,1.8020551669184532,1.7631428373133051,1.7616382864383306,1.7367706469898399,1.7924531284865948,1.793346612007718,2.0573071028931946,1.7780953057066333
41,1.85,2.32844573143797,1.9092933209597545,1.1056150261247295,1.6178168575105767,1.8011259414063852,1.7600143343227583,1.7851636609420682,1.6375349760566782,1.7632431597938978,1.643250406397612,1.6443716168892233,1.7379248061326102,1.7575454559174672,1.7584045931518992,1.7627031894709884,1.785070840223119,1.7793210530255577,1.6494479321254643,1.7552105500733342,1.8406103774450446,1.792717639033941,1.4730383302972556,1.8107969264931154,1.7854651071007492,1.7635162180045019,1.707309528629087,1.691249208411878,1.8007807840043784,1.8020551669184532,1.7631428373133051,1.7616382864383306,1.7367706469898399,1.7924531284865948,1.793346612007718,2.0573071028931946,1.7780953057066333
42,1.91,2.5018607392158128,1.970740008867336,1.195681652600883,1.7067709525653862,1.8774869963186482,1.845704364869135,1.8587639016706312,1.7239865421377234,1.843349115252627,1.7338626820212615,1.729094591276728,1.8182323317374336,1.8405886907838798,1.8418247162889188,1.8420766179643233,1.8689716925360402,1.854081155891248,1.734063785496012,1.8374825774477763,1.9603747344269171,1.8812427701987144,1.562947009332541,1.878654097201943,1.8705530295144008,1.8434397259753676,1.7904243028637827,1.7763801756570725,1.8707019523878952,1.8820106282051408,1.8422492925711271,1.8434778472225977,1.8152140884560821,1.877373632093128,1.8812994994257575,2.196976672786073,1.8610840509101803
43,1.95,2.617470744401042,2.0117044674723905,1.2557260702516522,1.766073682601926,1.9283943662601568,1.9028310519000526,1.9078307288230067,1.7816209195250874,1.8967530855584467,1.7942708657703608,1.7855765742017315,1.8717706821406495,1.8959508473614886,1.8974381317135984,1.89499223695988,1.9249055940779884,1.903921224468375,1.790474354409711,1.8923305956974044,2.040217639081499,1.9402595243085636,1.6228861286893979,1.923892211007828,1.927278311123502,1.8967220646226117,1.8458341523535797,1.8331341538205361,1.9173160646435732,1.9353142690629326,1.8949869294096755,1.898037554412109,1.8675097161002436,1.93398730116415,1.9399347577044503,2.2900897193813257,1.9164098810458783
44,1.93,2.559665741808427,1.9912222381698632,1.225703861426268,1.7364223175836562,1.9029406812894023,1.8742677083845938,1.883297315246819,1.7528037308314053,1.8700511004055367,1.7640667738958111,1.7573355827392299,1.8450015069390413,1.8682697690726842,1.8696314240012586,1.8685344274621019,1.8969386433070143,1.8790011901798116,1.7622690699528616,1.8649065865725905,2.000296186754208,1.9107511472536394,1.5929165690109697,1.9012731541048853,1.8989156703189511,1.8700808952989898,1.8181292276086811,1.8047571647388043,1.8940090085157344,1.9086624486340367,1.8686181109904014,1.8707577008173533,1.8413619022781629,1.905680466628639,1.9106171285651037,2.243533196083699,1.8887469659780294
45,1.9575,2.639147620373272,2.019385303460838,1.2669843985611715,1.7771929444837773,1.9379394981241895,1.9135423057183498,1.9170307589140774,1.7924273652852176,1.9067663299907878,1.805597400223317,1.7961669460001697,1.881809122841252,1.9063312517197901,1.907865647105726,1.904913915521547,1.9353932006171033,1.9132662373265863,1.8010513360810294,1.9026145991192096,2.055188183704233,1.9513251657041604,1.6341247135688084,1.9323743573464314,1.937914301425208,1.9067125031189702,1.8562234991329167,1.8437755247261851,1.9260562106915131,1.9453087017237685,1.9048752363169033,1.9082674995101425,1.8773151462835238,1.9446023641149668,1.9509288686317054,2.307548415617935,1.9267834741963217
46,1.985,2.718629498938117,2.047548368751813,1.3082649356960752,1.8179635713838986,1.9729383149589768,1.9528169030521059,1.9507642025813354,1.8320509997390304,1.9434815595760389,1.847128026550823,1.8349983092611095,1.918616738743463,1.944392734366896,1.9460998702101935,1.9412934035809923,1.9738477579271922,1.947531284473361,1.8398336022091968,1.9403226116658288,2.1100801806542577,1.9918991841546816,1.6753328581266478,1.9634755605879772,1.9769129325314654,1.9433441109389502,1.8943177706571523,1.8827938847135663,1.9581034128672918,1.9819549548135003,1.9411323616434053,1.9457772982029318,1.9132683902888847,1.9835242616012945,1.9912406086983068,2.3715636351521714,1.964819982414614
47,2.0125,2.798111377502962,2.075711434042788,1.3495454728309793,1.85873419828402,2.0079371317937644,1.992091500385862,1.9844976462485937,1.8716746341928432,1.98019678916129,1.8886586528783291,1.8738296725220493,1.955424354645674,1.982454217014002,1.9843340933146605,1.9776728916404378,2.0123023152372816,1.981796331620136,1.878615868337365,1.9780306242124484,2.164972177604283,2.032473202605203,1.7165410026844872,1.9945767638295233,2.0159115636377223,1.9799757187589306,1.932412042181388,1.9218122447009476,1.9901506150430706,2.0186012079032323,1.9773894869699071,1.983287096895721,1.949221634294246,2.022446159087622,2.0315523487649085,2.435578854686407,2.0028564906329063
48,2.04,2.877593256067806,2.103874499333763,1.390826009965883,1.8995048251841409,2.042935948628551,2.0313660977196175,2.0182310899158518,1.9112982686466555,2.016912018746541,1.9301892792058348,1.912661035782989,1.9922319705478848,2.020515699661108,2.022568316419128,2.014052379699883,2.05075687254737,2.016061378766911,1.9173981344655324,2.0157386367590675,2.2198641745543073,2.0730472210557243,1.7577491472423261,2.025677967071069,2.054910194743979,2.0166073265789106,1.9705063137056236,1.9608306046883281,2.0221978172188493,2.055247460992964,2.013646612296409,2.0207968955885103,1.985174878299607,2.06136805657395,2.07186408883151,2.4995940742206426,2.040892998851199
49,2.01,2.790885752178884,2.073151155379972,1.345792696727806,1.8550277776567357,2.0047554211724194,1.9885210824464288,1.9814309695515697,1.8680724856061326,1.976859041017176,1.88488314139401,1.8702995485892364,1.9520782077454726,1.9789940822279013,1.980858254850618,1.974365665453215,2.0088064463909094,1.978681327334065,1.8750902077802585,1.9746026230718463,2.159981996063371,2.0287846554733373,1.7127948077246833,1.9917493817166552,2.0123662335371533,1.9766455725934777,1.9289489265882753,1.9182651210657304,1.9872372330270902,2.01526973034962,1.9740933846674977,1.979877115196376,1.9459531575664857,2.018907804770683,2.02788764512249,2.429759289274203,1.9993986262494252
50,1.98,2.7041782482899634,2.0424278114261813,1.300759383489729,1.8105507301293309,1.9665748937162881,1.9456760671732412,1.9446308491872883,1.8248467025656097,1.9368060632878112,1.8395770035821855,1.8279380613954843,1.9119244449430612,1.937472464794695,1.9391481932821082,1.9346789512065479,1.966856020234449,1.9413012759012203,1.8327822810949848,1.9334666093846256,2.1000998175724352,1.9845220898909508,1.6678404682070407,1.9578207963622416,1.9698222723303278,1.9366838186080448,1.8873915394709275,1.8756996374431334,1.9522766488353318,1.9752919997062763,1.9345401570385867,1.9389573348042428,1.9067314368333648,1.9764475529674168,1.9839112014134703,2.3599245043277643,1.9579042536476519
51,1.96,2.646373245697349,2.021945582123654,1.2707371746643448,1.7808993651110612,1.9411212087455336,1.9171127236577823,1.9200974356111007,1.796029513871928,1.9101040781349017,1.8093729117076358,1.7996970699329826,1.8851552697414533,1.9097913865058906,1.9113414855697684,1.9082211417087693,1.938889069463475,1.9163812416126567,1.8045769966381355,1.9060426002598114,2.0601783652451444,1.9550137128360259,1.6378709085286123,1.9352017394592993,1.941459631525777,1.910042649284423,1.8596866147260291,1.8473226483614018,1.9289695927074928,1.9486401792773806,1.9081713386193127,1.911677481209487,1.880583623011284,1.9481407184319053,1.954593572274124,2.313367981030139,1.930241338579803
52,1.9533333333333331,2.627104911499811,2.015118172356145,1.26072977172255,1.7710155767716382,1.932636647088616,1.9075916091526293,1.9119196310857047,1.7864237843073676,1.9012034164172649,1.7993048810827859,1.7902834061121486,1.8762322113409173,1.9005643604096227,1.9020725829989886,1.8994018718761767,1.9295667525398172,1.9080745635164686,1.7951752351525192,1.8969012638848732,2.046871214469381,1.945177587151051,1.6278810553024696,1.927662053824985,1.9320054179242603,1.9011622595098823,1.8504516398110629,1.8378636520008245,1.9212005739982132,1.9397562391344152,1.8993817324795548,1.9025841966779018,1.8718676850705904,1.9387051069200685,1.9448210292276749,2.2978491399309298,1.9210203668905197
53,1.9466666666666663,2.6078365773022725,2.0082907625886355,1.250722368780755,1.7611317884322144,1.9241520854316976,1.8980704946474762,1.9037418265603085,1.7768180547428067,1.892302754699628,1.789236850457936,1.7808697422913145,1.867309152940381,1.8913373343133542,1.8928036804282082,1.8905826020435834,1.920244435616159,1.8997678854202809,1.7857734736669024,1.887759927509935,2.0335640636936168,1.9353414614660758,1.6178912020763265,1.9201223681906705,1.922551204322743,1.8922818697353412,1.8412166648960966,1.828404655640247,1.9134315552889332,1.9308722989914497,1.8905921263397962,1.8934909121463164,1.8631517471298964,1.9292694954082312,1.9350484861812256,2.2823302988317207,1.9117993952012364
54,1.94,2.588568243104734,2.0014633528211268,1.24071496583896,1.751248000092791,1.9156675237747796,1.8885493801423232,1.895564022034913,1.7672123251782461,1.8834020929819915,1.7791688198330862,1.7714560784704805,1.8583860945398452,1.8821103082170862,1.8835347778574283,1.881763332210991,1.9109221186925014,1.8914612073240933,1.776371712181286,1.8786185911349973,2.020256912917853,1.9255053357811014,1.6079013488501837,1.9125826825563566,1.9130969907212263,1.8834014799608008,1.8319816899811303,1.81894565927967,1.9056625365796536,1.9219883588484845,1.8818025202000384,1.8843976276147312,1.854435809189203,1.9198338838963942,1.925275943134777,2.2668114577325116,1.9025784235119536
55,1.93,2.559665741808427,1.9912222381698632,1.225703861426268,1.7364223175836562,1.9029406812894023,1.8742677083845938,1.883297315246819,1.7528037308314053,1.8700511004055367,1.7640667738958111,1.7573355827392299,1.8450015069390413,1.8682697690726842,1.8696314240012586,1.8685344274621019,1.8969386433070143,1.8790011901798116,1.7622690699528616,1.8649065865725905,2.000296186754208,1.9107511472536394,1.5929165690109697,1.9012731541048853,1.8989156703189511,1.8700808952989898,1.8181292276086811,1.8047571647388043,1.8940090085157344,1.9086624486340367,1.8686181109904014,1.8707577008173533,1.8413619022781629,1.905680466628639,1.9106171285651037,2.243533196083699,1.8887469659780294
56,1.96,2.646373245697349,2.021945582123654,1.2707371746643448,1.7808993651110612,1.9411212087455336,1.9171127236577823,1.9200974356111007,1.796029513871928,1.9101040781349017,1.8093729117076358,1.7996970699329826,1.8851552697414533,1.9097913865058906,1.9113414855697684,1.9082211417087693,1.938889069463475,1.9163812416126567,1.8045769966381355,1.9060426002598114,2.0601783652451444,1.9550137128360259,1.6378709085286123,1.9352017394592993,1.941459631525777,1.910042649284423,1.8596866147260291,1.8473226483614018,1.9289695927074928,1.9486401792773806,1.9081713386193127,1.911677481209487,1.880583623011284,1.9481407184319053,1.954593572274124,2.313367981030139,1.930241338579803
57,1.78,2.1261282223638203,1.837605518400909,1.0005372952358833,1.5140370799466318,1.712038044008745,1.6600426320186523,1.6992967134254116,1.5366748156287913,1.6697862117587134,1.5375360848366881,1.5455281467704673,1.6442326929269826,1.660661681906652,1.6610811161587096,1.6701008562287638,1.6871865125247103,1.6921009330155856,1.5507294365264919,1.6592265181364851,1.7008852942995272,1.689438319341705,1.3681448714227558,1.731630227332817,1.6861958642848225,1.6702721253718247,1.610342292021942,1.5919297466258175,1.7192060875569415,1.7087737954173174,1.6708519728458455,1.6661587988566855,1.6452532986125572,1.6933792076123062,1.6907349100200046,1.8943592713515036,1.6812751029691617
58,1.79,2.1550307236601274,1.8478466330521728,1.015548399648576,1.528862762455767,1.7247648864941223,1.6743243037763818,1.7115634202135053,1.5510834099756323,1.6831372043351682,1.5526381307739632,1.5596486425017182,1.6576172805277867,1.6745022210510543,1.6749844700148797,1.6833297609776532,1.7011699879101976,1.7045609501598673,1.5648320787549166,1.6729385226988924,1.7208460204631728,1.7041925078691675,1.3831296512619702,1.7429397557842883,1.7003771846870976,1.6835927100336359,1.624194754394391,1.6061182411666834,1.730859615620861,1.7220997056317655,1.6840363820554827,1.6797987256540634,1.6583272055235976,1.7075326248800617,1.7053937245896782,1.9176375330003168,1.6951065605030862
59,1.77,2.097225721067513,1.8273644037496453,0.9855261908231912,1.499211397437497,1.699311201523368,1.645760960260923,1.6870300066373176,1.5222662212819502,1.6564352191822584,1.522434038899413,1.5314076510392165,1.6308481053261787,1.6468211427622497,1.6471777623025399,1.6568719514798746,1.6732030371392235,1.6796409158713037,1.5366267942980671,1.6455145135740783,1.680924568135882,1.6746841308142428,1.3531600915835418,1.7203206988813458,1.6720145438825473,1.656951540710014,1.5964898296494923,1.5777412520849516,1.7075525594930219,1.6954478852028698,1.6576675636362084,1.6525188720593076,1.6321793917015168,1.6792257903445504,1.6760760954503313,1.8710810097026904,1.6674436454352373
60,1.75,2.039420718474898,1.8068821744471184,0.9555039819978064,1.4695600324192268,1.6738575165526137,1.617197616745464,1.66249659306113,1.4934490325882683,1.6297332340293484,1.4922299470248634,1.5031666595767146,1.6040789301245706,1.6191400644734455,1.6193710545902,1.6304141419820963,1.6452360863682496,1.65472088158274,1.508421509841218,1.6180905044492642,1.6410031158085907,1.645175753759318,1.3231905319051132,1.6977016419784032,1.6436519030779968,1.630310371386392,1.5687849049045939,1.54936426300322,1.6842455033651829,1.6687960647739737,1.6312987452169345,1.6252390184645518,1.606031577879436,1.6509189558090394,1.6467584663109849,1.8245244864050638,1.6397807303673881
61,1.78,2.1261282223638203,1.837605518400909,1.0005372952358833,1.5140370799466318,1.712038044008745,1.6600426320186523,1.6992967134254116,1.5366748156287913,1.6697862117587134,1.5375360848366881,1.5455281467704673,1.6442326929269826,1.660661681906652,1.6610811161587096,1.6701008562287638,1.6871865125247103,1.6921009330155856,1.5507294365264919,1.6592265181364851,1.7008852942995272,1.689438319341705,1.3681448714227558,1.731630227332817,1.6861958642848225,1.6702721253718247,1.610342292021942,1.5919297466258175,1.7192060875569415,1.7087737954173174,1.6708519728458455,1.6661587988566855,1.6452532986125572,1.6933792076123062,1.6907349100200046,1.8943592713515036,1.6812751029691617
62,1.83,2.270640728845356,1.8888110916572272,1.075592817299345,1.5881654924923065,1.775672256435631,1.7314509908072995,1.7606302473658808,1.6087177873629959,1.7365411746409878,1.6130463145230625,1.6161306254267214,1.7111556309310023,1.7298643776286626,1.7305978854395594,1.73624537997321,1.7571038894521451,1.7544010187369943,1.6212426476686153,1.7277865409485202,1.8006889251177542,1.7632092619790163,1.4430687706188272,1.7881778695901733,1.7571024662961987,1.7368750486808797,1.6796046038841883,1.6628722193301466,1.7774737278765391,1.7754033464895573,1.736774018894031,1.734358432843575,1.710622833167759,1.764146293951084,1.764028982868371,2.0107505795955687,1.750432390638784
63,1.89,2.4440557366231985,1.9502577795648088,1.1656594437754983,1.677119587547116,1.852033311347894,1.817141021353676,1.8342304880944436,1.6951693534440415,1.816647130099717,1.7036585901467114,1.7008535998142265,1.7914631565358257,1.8129076124950756,1.814018008576579,1.815618808466545,1.8410047417650666,1.8291611216026844,1.705858501039163,1.8100585683229622,1.9204532820996263,1.8517343931437902,1.5329774496541124,1.8560350402990005,1.84219038870985,1.8167985566517457,1.762719378118884,1.7480031865753412,1.8473948962600562,1.8553588077762448,1.815880474151853,1.8161979936278418,1.7890662746340014,1.849066797557617,1.8519818702864108,2.1504201494884465,1.8334211358423311
64,1.76,2.068323219771205,1.817123289098382,0.970515086410499,1.484385714928362,1.6865843590379908,1.6314792885031935,1.6747632998492237,1.5078576269351096,1.6430842266058034,1.5073319929621385,1.5172871553079657,1.6174635177253749,1.6329806036178476,1.6332744084463697,1.6436430467309855,1.6592195617537366,1.667180898727022,1.5225241520696424,1.631802509011671,1.6609638419722361,1.6599299422867806,1.3381753117443274,1.7090111704298745,1.657833223480272,1.6436309560482028,1.582637367277043,1.563552757544086,1.6958990314291023,1.6821219749884215,1.6444831544265717,1.6388789452619297,1.6191054847904764,1.665072373076795,1.661417280880658,1.8478027480538768,1.6536121879013126
65,1.7533333333333334,2.049054885573668,1.8102958793308728,0.960507683468704,1.4745019265889387,1.6780997973810725,1.6219581739980407,1.666585495323828,1.4982518973705488,1.634183564888167,1.4972639623372883,1.5078734914871317,1.608540459324839,1.6237535775215797,1.62400550587559,1.6348237768983929,1.6498972448300788,1.6588742206308345,1.5131223905840263,1.6226611726367333,1.6476566911964727,1.650093816601806,1.3281854585181847,1.7014714847955603,1.6483790098787552,1.6347505662736626,1.5734023923620768,1.5540937611835086,1.6881300127198229,1.6732380348454563,1.6356935482868136,1.6297856607303447,1.6103895468497829,1.6556367615649583,1.6516447378342094,1.8322839069546686,1.6443912162120298
66,1.7466666666666666,2.0297865513761293,1.803468469563364,0.9505002805269092,1.4646181382495154,1.6696152357241547,1.6124370594928876,1.658407690798432,1.4886461678059884,1.6252829031705303,1.4871959317124386,1.4984598276662977,1.599617400924303,1.6145265514253115,1.61473660330481,1.6260045070658,1.6405749279064208,1.6505675425346464,1.50372062909841,1.6135198362617953,1.6343495404207091,1.6402576909168312,1.318195605292042,1.6939317991612461,1.6389247962772382,1.6258701764991215,1.5641674174471105,1.5446347648229315,1.680360994010543,1.664354094702491,1.6269039421470557,1.6206923761987593,1.6016736089090893,1.6462011500531213,1.6418721947877608,1.8167650658554595,1.6351702445227465
67,1.74,2.010518217178591,1.7966410597958546,0.9404928775851142,1.4547343499100918,1.6611306740672365,1.6029159449877346,1.650229886273036,1.4790404382414275,1.6163822414528937,1.4771279010875884,1.489046163845464,1.590694342523767,1.6052995253290434,1.60546770073403,1.6171852372332072,1.6312526109827625,1.6422608644384584,1.4943188676127932,1.6043784998868569,1.621042389644945,1.630421565231856,1.308205752065899,1.686392113526932,1.6294705826757214,1.6169897867245808,1.5549324425321445,1.5351757684623542,1.6725919753012635,1.6554701545595258,1.6181143360072974,1.6115990916671739,1.5929576709683957,1.636765538541284,1.6320996517413118,1.8012462247562508,1.6259492728334637
68,1.91,2.5018607392158128,1.970740008867336,1.195681652600883,1.7067709525653862,1.8774869963186482,1.845704364869135,1.8587639016706312,1.7239865421377234,1.843349115252627,1.7338626820212615,1.729094591276728,1.8182323317374336,1.8405886907838798,1.8418247162889188,1.8420766179643233,1.8689716925360402,1.854081155891248,1.734063785496012,1.8374825774477763,1.9603747344269171,1.8812427701987144,1.562947009332541,1.878654097201943,1.8705530295144008,1.8434397259753676,1.7904243028637827,1.7763801756570725,1.8707019523878952,1.8820106282051408,1.8422492925711271,1.8434778472225977,1.8152140884560821,1.877373632093128,1.8812994994257575,2.196976672786073,1.8610840509101803
69,1.96,2.646373245697349,2.021945582123654,1.2707371746643448,1.7808993651110612,1.9411212087455336,1.9171127236577823,1.9200974356111007,1.796029513871928,1.9101040781349017,1.8093729117076358,1.7996970699329826,1.8851552697414533,1.9097913865058906,1.9113414855697684,1.9082211417087693,1.938889069463475,1.9163812416126567,1.8045769966381355,1.9060426002598114,2.0601783652451444,1.9550137128360259,1.6378709085286123,1.9352017394592993,1.941459631525777,1.910042649284423,1.8596866147260291,1.8473226483614018,1.9289695927074928,1.9486401792773806,1.9081713386193127,1.911677481209487,1.880583623011284,1.9481407184319053,1.954593572274124,2.313367981030139,1.930241338579803
70,1.82,2.2417382275490487,1.878569977005964,1.0605817128866528,1.573339809983172,1.762945413950254,1.71716931904957,1.7483635405777869,1.594309193016155,1.723190182064533,1.5979442685857879,1.6020101296954707,1.6977710433301987,1.7160238384842605,1.7166945315833897,1.7230164752243207,1.7431204140666585,1.7419410015927128,1.6071400054401908,1.7140745363861134,1.7807281989541088,1.7484550734515543,1.4280839907796132,1.776868341138702,1.742921145893924,1.723554464019069,1.6657521415117391,1.6486837247892807,1.7658201998126195,1.7620774362751095,1.7235896096843943,1.7207185060461971,1.697548926256719,1.7499928766833286,1.7493701682986984,1.9874723179467555,1.7366009331048597
71,1.94,2.588568243104734,2.0014633528211268,1.24071496583896,1.751248000092791,1.9156675237747796,1.8885493801423232,1.895564022034913,1.7672123251782461,1.8834020929819915,1.7791688198330862,1.7714560784704805,1.8583860945398452,1.8821103082170862,1.8835347778574283,1.881763332210991,1.9109221186925014,1.8914612073240933,1.776371712181286,1.8786185911349973,2.020256912917853,1.9255053357811014,1.6079013488501837,1.9125826825563566,1.9130969907212263,1.8834014799608008,1.8319816899811303,1.81894565927967,1.9056625365796536,1.9219883588484845,1.8818025202000384,1.8843976276147312,1.854435809189203,1.9198338838963942,1.925275943134777,2.2668114577325116,1.9025784235119536
72,1.9233333333333331,2.540397407610889,1.984394828402354,1.215696458484473,1.726538529244233,1.894456119632484,1.8647465938794405,1.875119510721423,1.7431980012668444,1.8611504386879,1.7539987432709612,1.7479219189183959,1.8360784485385053,1.859042742976416,1.8603625214304786,1.859715157629509,1.887616326383356,1.8706945120836236,1.7528673084672448,1.8557652501976523,1.9869890359784443,1.900915021568664,1.5829267157848268,1.8937334684705711,1.8894614567174342,1.8612005055244492,1.8088942526937148,1.7952981683782272,1.8862399898064544,1.8997785084910712,1.8598285048506433,1.861664416285768,1.8326459643374693,1.8962448551168019,1.9008445855186549,2.22801435498449,1.8795259942887461
73,1.9066666666666665,2.492226572117044,1.967326303983581,1.1906779511299854,1.7018290583956746,1.873244715490189,1.8409438076165583,1.8546749994079332,1.719183677355443,1.8388987843938085,1.7288286667088362,1.7243877593663108,1.8137708025371655,1.8359751777357456,1.8371902650035286,1.8376669830480268,1.8643105340742114,1.8499278168431539,1.7293629047532038,1.8329119092603072,1.953721159039035,1.876324707356227,1.5579520827194693,1.8748842543847857,1.865825922713642,1.8389995310880973,1.7858068154062994,1.771650677476784,1.8668174430332551,1.8775686581336577,1.837854489501248,1.838931204956805,1.810856119485735,1.872655826337209,1.8764132279025325,2.1892172522364683,1.8564735650655384
74,1.89,2.4440557366231985,1.9502577795648088,1.1656594437754983,1.677119587547116,1.852033311347894,1.817141021353676,1.8342304880944436,1.6951693534440415,1.816647130099717,1.7036585901467114,1.7008535998142265,1.7914631565358257,1.8129076124950756,1.814018008576579,1.815618808466545,1.8410047417650666,1.8291611216026844,1.705858501039163,1.8100585683229622,1.9204532820996263,1.8517343931437902,1.5329774496541124,1.8560350402990005,1.84219038870985,1.8167985566517457,1.762719378118884,1.7480031865753412,1.8473948962600562,1.8553588077762448,1.815880474151853,1.8161979936278418,1.7890662746340014,1.849066797557617,1.8519818702864108,2.1504201494884465,1.8334211358423311
75,1.89,2.4440557366231985,1.9502577795648088,1.1656594437754983,1.677119587547116,1.852033311347894,1.817141021353676,1.8342304880944436,1.6951693534440415,1.816647130099717,1.7036585901467114,1.7008535998142265,1.7914631565358257,1.8129076124950756,1.814018008576579,1.815618808466545,1.8410047417650666,1.8291611216026844,1.705858501039163,1.8100585683229622,1.9204532820996263,1.8517343931437902,1.5329774496541124,1.8560350402990005,1.84219038870985,1.8167985566517457,1.762719378118884,1.7480031865753412,1.8473948962600562,1.8553588077762448,1.815880474151853,1.8161979936278418,1.7890662746340014,1.849066797557617,1.8519818702864108,2.1504201494884465,1.8334211358423311
76,1.73,1.981615715882284,1.786399945144591,0.925481773172422,1.4399086674009571,1.6484038315818594,1.5886342732300052,1.6379631794849423,1.4646318438945864,1.6030312488764387,1.4620258551503138,1.4749256681142129,1.577309754922963,1.5914589861846413,1.5915643468778602,1.603956332484318,1.617269135597276,1.6298008472941767,1.4802162253843687,1.59066649532445,1.6010816634813,1.6156673767043936,1.2932209722266848,1.6750825850754607,1.6152892622734463,1.6036692020627699,1.5410799801596953,1.5209872739214885,1.6609384472373439,1.6421442443450778,1.6049299267976604,1.597959164869796,1.5798837640573555,1.6226121212735287,1.6174408371716384,1.7779679631074379,1.612117815299539
77,1.68,1.837103209400748,1.735194371888273,0.8504262511089604,1.3657802548552822,1.5847696191549736,1.517225914441358,1.5766296455444728,1.3925888721603819,1.5362762859941643,1.3865156254639392,1.4043231894579586,1.5103868169189436,1.5222562904626304,1.5220475775970104,1.537811808739872,1.547351758669841,1.567500761572768,1.4097030142422453,1.522106472512415,1.5012780326630728,1.541896434067082,1.2182970730306135,1.6185349428181044,1.5443826602620698,1.5370662787537148,1.4718176682974486,1.4500448012171594,1.6026708069177462,1.575514693272838,1.5390078807494751,1.5297595308829066,1.5145142295021534,1.5518450349347506,1.544146764323272,1.6615766548633721,1.542960527629916
78,1.76,2.068323219771205,1.817123289098382,0.970515086410499,1.484385714928362,1.6865843590379908,1.6314792885031935,1.6747632998492237,1.5078576269351096,1.6430842266058034,1.5073319929621385,1.5172871553079657,1.6174635177253749,1.6329806036178476,1.6332744084463697,1.6436430467309855,1.6592195617537366,1.667180898727022,1.5225241520696424,1.631802509011671,1.6609638419722361,1.6599299422867806,1.3381753117443274,1.7090111704298745,1.657833223480272,1.6436309560482028,1.582637367277043,1.563552757544086,1.6958990314291023,1.6821219749884215,1.6444831544265717,1.6388789452619297,1.6191054847904764,1.665072373076795,1.661417280880658,1.8478027480538768,1.6536121879013126
79,1.74,2.010518217178591,1.7966410597958546,0.9404928775851142,1.4547343499100918,1.6611306740672365,1.6029159449877346,1.650229886273036,1.4790404382414275,1.6163822414528937,1.4771279010875884,1.489046163845464,1.590694342523767,1.6052995253290434,1.60546770073403,1.6171852372332072,1.6312526109827625,1.6422608644384584,1.4943188676127932,1.6043784998868569,1.621042389644945,1.630421565231856,1.308205752065899,1.686392113526932,1.6294705826757214,1.6169897867245808,1.5549324425321445,1.5351757684623542,1.6725919753012635,1.6554701545595258,1.6181143360072974,1.6115990916671739,1.5929576709683957,1.636765538541284,1.6320996517413118,1.8012462247562508,1.6259492728334637
80,1.72,1.952713214585977,1.7761588304933271,0.9104706687597296,1.425082984891822,1.635676989096482,1.5743526014722755,1.6256964726968484,1.4502232495477456,1.5896802562999839,1.4469238092130388,1.4608051723829618,1.563925167322159,1.577618447040239,1.57766099302169,1.5907274277354286,1.6032856602117889,1.617340830149895,1.466113583155944,1.5769544907620432,1.5811209373176545,1.6009131881769312,1.2782361923874705,1.6637730566239894,1.6011079418711707,1.590348617400959,1.5272275177872459,1.5067987793806226,1.6492849191734242,1.6288183341306297,1.5917455175880235,1.584319238072418,1.566809857146315,1.608458704005773,1.602782022601965,1.7546897014586247,1.5982863577656143
81,1.7,1.8949082119933625,1.7556766011908,0.8804484599343452,1.395431619873552,1.6102233041257277,1.5457892579568169,1.6011630591206605,1.4214060608540637,1.5629782711470739,1.4167197173384891,1.4325641809204606,1.5371559921205513,1.5499373687514346,1.5498542853093502,1.5642696182376503,1.5753187094408152,1.5924207958613317,1.4379082986990948,1.549530481637229,1.5411994849903636,1.5714048111220067,1.2482666327090421,1.641153999721047,1.5727453010666204,1.5637074480773367,1.4995225930423473,1.478421790298891,1.6259778630455854,1.602166513701734,1.5653766991687492,1.5570393844776624,1.5406620433242342,1.5801518694702619,1.5734643934626187,1.7081331781609985,1.5706234426977654
82,1.73,1.981615715882284,1.786399945144591,0.925481773172422,1.4399086674009571,1.6484038315818594,1.5886342732300052,1.6379631794849423,1.4646318438945864,1.6030312488764387,1.4620258551503138,1.4749256681142129,1.577309754922963,1.5914589861846413,1.5915643468778602,1.603956332484318,1.617269135597276,1.6298008472941767,1.4802162253843687,1.59066649532445,1.6010816634813,1.6156673767043936,1.2932209722266848,1.6750825850754607,1.6152892622734463,1.6036692020627699,1.5410799801596953,1.5209872739214885,1.6609384472373439,1.6421442443450778,1.6049299267976604,1.597959164869796,1.5798837640573555,1.6226121212735287,1.6174408371716384,1.7779679631074379,1.612117815299539
83,1.8,2.1839332249564345,1.8580877477034363,1.030559504061268,1.5436884449649018,1.7374917289794993,1.6886059755341112,1.723830127001599,1.5654920043224734,1.696488196911623,1.5677401767112378,1.573769138232969,1.6710018681285905,1.6883427601954564,1.6888878238710496,1.6965586657265423,1.7151534632956842,1.717020967304149,1.5789347209833413,1.6866505272612993,1.740806746626818,1.7189466963966296,1.3981144311011846,1.7542492842357593,1.7145585050893728,1.696913294695447,1.6380472167668403,1.620306735707549,1.7425131436847805,1.7354256158462136,1.6972207912651198,1.6934386524514413,1.671401112434638,1.7216860421478173,1.7200525391593515,1.9409157946491293,1.7089380180370108
84,1.73,1.981615715882284,1.786399945144591,0.925481773172422,1.4399086674009571,1.6484038315818594,1.5886342732300052,1.6379631794849423,1.4646318438945864,1.6030312488764387,1.4620258551503138,1.4749256681142129,1.577309754922963,1.5914589861846413,1.5915643468778602,1.603956332484318,1.617269135597276,1.6298008472941767,1.4802162253843687,1.59066649532445,1.6010816634813,1.6156673767043936,1.2932209722266848,1.6750825850754607,1.6152892622734463,1.6036692020627699,1.5410799801596953,1.5209872739214885,1.6609384472373439,1.6421442443450778,1.6049299267976604,1.597959164869796,1.5798837640573555,1.6226121212735287,1.6174408371716384,1.7779679631074379,1.612117815299539
85,1.7,1.8949082119933625,1.7556766011908,0.8804484599343452,1.395431619873552,1.6102233041257277,1.5457892579568169,1.6011630591206605,1.4214060608540637,1.5629782711470739,1.4167197173384891,1.4325641809204606,1.5371559921205513,1.5499373687514346,1.5498542853093502,1.5642696182376503,1.5753187094408152,1.5924207958613317,1.4379082986990948,1.549530481637229,1.5411994849903636,1.5714048111220067,1.2482666327090421,1.641153999721047,1.5727453010666204,1.5637074480773367,1.4995225930423473,1.478421790298891,1.6259778630455854,1.602166513701734,1.5653766991687492,1.5570393844776624,1.5406620433242342,1.5801518694702619,1.5734643934626187,1.7081331781609985,1.5706234426977654
86,1.6833333333333331,1.846737376499517,1.7386080767720276,0.8554299525798581,1.370722149024994,1.5890118999834326,1.5219864716939342,1.5807185478071708,1.3973917369426623,1.5407266168529825,1.3915496407763641,1.4090300213683755,1.5148483461192115,1.5268698035107644,1.5266820288824003,1.5422214436561683,1.5520129171316701,1.571654100620862,1.4144038949850537,1.526677140699884,1.5079316080509546,1.5468144969095696,1.223291999643685,1.6223047856352615,1.5491097670628284,1.5415064736409851,1.4764351557549318,1.454774299397448,1.606555316272386,1.5799566633443207,1.543402683819354,1.5343061731486993,1.5188721984725002,1.556562840690669,1.549033035846496,1.6693360754129767,1.5475710134745577
87,1.6666666666666663,1.7985665410056717,1.7215395523532546,0.8304114452253706,1.3460126781764352,1.5678004958411371,1.498183685431052,1.5602740364936807,1.3733774130312604,1.5184749625588907,1.3663795642142391,1.3854958618162907,1.4925407001178712,1.503802238270094,1.5035097724554503,1.520173269074686,1.528707124822525,1.5508874053803923,1.3908994912710122,1.503823799762539,1.4746637311115454,1.5222241826971326,1.1983173665783278,1.6034555715494758,1.525474233059036,1.5193054992046333,1.453347718467516,1.4311268084960047,1.5871327694991866,1.5577468129869072,1.5214286684699587,1.511572961819736,1.4970823536207662,1.5329738119110763,1.524601678230374,1.630538972664955,1.52451858425135
88,1.65,1.750395705511826,1.704471027934482,0.8053929378708835,1.3213032073278772,1.5465890916988418,1.4743808991681695,1.5398295251801912,1.349363089119859,1.4962233082647995,1.3412094876521143,1.3619617022642059,1.4702330541165316,1.4807346730294237,1.4803375160285004,1.4981250944932043,1.5054013325133802,1.5301207101399226,1.3673950875569714,1.480970458825194,1.4413958541721366,1.4976338684846953,1.1733427335129707,1.5846063574636908,1.501838699055244,1.4971045247682817,1.4302602811801006,1.4074793175945617,1.5677102227259874,1.5355369626294941,1.499454653120564,1.488839750490773,1.4752925087690323,1.509384783131484,1.5001703206142518,1.5917418699169328,1.5014661550281427
89,1.71,1.9238107132896696,1.7659177158420638,0.8954595643470373,1.410257302382687,1.6229501466111047,1.5600709297145463,1.6134297659087546,1.4358146552009048,1.576329263723529,1.431821763275764,1.4466846766517112,1.550540579721355,1.563777907895837,1.5637576391655204,1.5774985229865395,1.589302184826302,1.6048808130056134,1.4520109409275193,1.563242486199636,1.561160211154009,1.586158999649469,1.2632514125482563,1.6524635281725182,1.5869266214688955,1.5770280327391477,1.5133750554147964,1.4926102848397567,1.6376313911095046,1.6154924239161819,1.5785611083783864,1.5706793112750403,1.5537359502352746,1.5943052867380174,1.5881232080322918,1.7314114398098115,1.58445490023169
90,1.69,1.8660057106970556,1.7454354865395365,0.8654373555216526,1.380605937364417,1.5974964616403504,1.5315075861990874,1.5888963523325668,1.4069974665072227,1.549627278570619,1.401617671401214,1.4184436851892095,1.5237714045197475,1.5360968296070325,1.5359509314531805,1.551040713488761,1.5613352340553281,1.5799607787170498,1.42380565647067,1.535818477074822,1.5212387588267184,1.5566506225945447,1.2332818528698277,1.6298444712695757,1.558563980664345,1.5503868634155258,1.4856701306698978,1.4642332957580253,1.6143243349816656,1.588840603487286,1.552192289959112,1.5433994576802845,1.5275881364131938,1.5659984522025063,1.5588055788929454,1.6848549165121853,1.5567919851638408
91,1.55,1.4613706925487548,1.602059881421846,0.6552818937439606,1.1730463822365276,1.4193206668450704,1.3315641815908752,1.417162457299253,1.2052771456514497,1.3627133825002504,1.190189028279366,1.2207567449516978,1.3363871781084924,1.3423292815854024,1.3413039774668014,1.3658360470043125,1.3655665786585112,1.4055205386971055,1.226368665272725,1.343850413201124,1.2417885925356826,1.3500919832100726,1.0234949351208285,1.4715110729489786,1.3600254950324915,1.3638986781501719,1.2917356574556078,1.265594372185904,1.4511749420867925,1.402277860485015,1.3676105610241935,1.3524404825169944,1.3445534396586287,1.367850610453929,1.3535821749175194,1.3589592534288026,1.3631515796888978
92,1.5,1.3168581860672193,1.550854308165528,0.580226371680499,1.0989179696908526,1.3556864544181844,1.260155822802228,1.3558289233587837,1.133234173917245,1.295958419617976,1.1146787985929913,1.1501542662954434,1.269464240104473,1.2731265858633916,1.2717872081859518,1.2996915232598665,1.2956492017310763,1.3432204529756968,1.1558554541306016,1.2752903903890886,1.1419849617174556,1.2763210405727614,0.948571035924757,1.4149634306916221,1.2891188930211153,1.2972957548411168,1.2224733455933612,1.194651899481575,1.392907301767195,1.3356483094127751,1.3016885149760082,1.284240848530105,1.2791839051034268,1.2970835241151513,1.2802881020691532,1.2425679451847373,1.293994292019275
93,1.5466666666666666,1.451736525449986,1.5986461765380915,0.6502781922730634,1.1681044880668159,1.4150783860166114,1.3268036243382988,1.4130735550365547,1.2004742808691695,1.3582630516414322,1.185155012966941,1.216049913041281,1.3319256489082245,1.3377157685372685,1.3366695261814114,1.361426412088016,1.3609054201966824,1.4013671996490116,1.2216677845299169,1.3392797450136549,1.2351350171478008,1.3451739203675854,1.0185000085077571,1.4677412301318213,1.3552983882317333,1.3594584832629018,1.2871181699981247,1.2608648740056156,1.4472904327321527,1.3978358904135324,1.3632157579543145,1.347893840251202,1.340195470688282,1.3631328046980105,1.3486959033942951,1.3511998328791983,1.3585410938442561
94,1.5933333333333333,1.586614864832752,1.646438044910655,0.7203300128656274,1.2372910064427791,1.474470317615038,1.3934514258743693,1.4703181867143262,1.2677143878210937,1.4205676836648884,1.2556312273408903,1.2819455597871179,1.3943870577119761,1.402304951211145,1.401551844176871,1.4231613009161657,1.4261616386622877,1.4595139463223261,1.2874801149292316,1.4032690996382207,1.3282850725781459,1.414026800162409,1.0884289810907566,1.5205190295720206,1.421477883442351,1.4216212116846862,1.351762994402888,1.327077848529656,1.5016735636971101,1.460023471414289,1.4247430009326205,1.4115468319722984,1.4012070362731368,1.4291820852808694,1.4171037047194368,1.4598317205736586,1.4230878956692372
95,1.64,1.7214932042155189,1.6942299132832184,0.7903818334581914,1.3064775248187424,1.5338622492134646,1.4600992274104398,1.5275628183920975,1.3349544947730179,1.4828723156883443,1.3261074417148395,1.347841206532955,1.4568484665157277,1.4668941338850217,1.4664341621723307,1.4848961897443151,1.4914178571278933,1.517660692995641,1.3532924453285466,1.467258454262787,1.421435128008491,1.482879679957233,1.1583579536737565,1.5732968290122193,1.4876573786529685,1.4837839401064707,1.4164078188076514,1.3932908230536962,1.5560566946620682,1.5222110524150463,1.4862702439109268,1.4751998236933952,1.462218601857992,1.4952313658637286,1.4855115060445787,1.5684636082681198,1.4876346974942183
96,1.83,2.270640728845356,1.8888110916572272,1.075592817299345,1.5881654924923065,1.775672256435631,1.7314509908072995,1.7606302473658808,1.6087177873629959,1.7365411746409878,1.6130463145230625,1.6161306254267214,1.7111556309310023,1.7298643776286626,1.7305978854395594,1.73624537997321,1.7571038894521451,1.7544010187369943,1.6212426476686153,1.7277865409485202,1.8006889251177542,1.7632092619790163,1.4430687706188272,1.7881778695901733,1.7571024662961987,1.7368750486808797,1.6796046038841883,1.6628722193301466,1.7774737278765391,1.7754033464895573,1.736774018894031,1.734358432843575,1.710622833167759,1.764146293951084,1.764028982868371,2.0107505795955687,1.750432390638784
97,1.86,2.357348232734277,1.919534435611018,1.120626130537422,1.6326425400197118,1.8138527838917624,1.7742960060804878,1.7974303677301624,1.6519435704035188,1.7765941523703526,1.6583524523348872,1.6584921126204741,1.751309393733414,1.7713859950618693,1.7723079470080692,1.7759320942198775,1.799054315608606,1.7917810701698396,1.6635505743538892,1.7689225546357414,1.86057110360869,1.8074718275614035,1.48802311013647,1.822106454944587,1.7996464275030246,1.7768368026663128,1.7211619910015363,1.7054377029527439,1.8124343120682975,1.8153810771329013,1.7763272465229423,1.7752782132357083,1.7498445539008802,1.8066065457543505,1.808005426577391,2.0805853645420074,1.791926763240558
98,1.74,2.010518217178591,1.7966410597958546,0.9404928775851142,1.4547343499100918,1.6611306740672365,1.6029159449877346,1.650229886273036,1.4790404382414275,1.6163822414528937,1.4771279010875884,1.489046163845464,1.590694342523767,1.6052995253290434,1.60546770073403,1.6171852372332072,1.6312526109827625,1.6422608644384584,1.4943188676127932,1.6043784998868569,1.621042389644945,1.630421565231856,1.308205752065899,1.686392113526932,1.6294705826757214,1.6169897867245808,1.5549324425321445,1.5351757684623542,1.6725919753012635,1.6554701545595258,1.6181143360072974,1.6115990916671739,1.5929576709683957,1.636765538541284,1.6320996517413118,1.8012462247562508,1.6259492728334637
99,1.77,2.097225721067513,1.8273644037496453,0.9855261908231912,1.499211397437497,1.699311201523368,1.645760960260923,1.6870300066373176,1.5222662212819502,1.6564352191822584,1.522434038899413,1.5314076510392165,1.6308481053261787,1.6468211427622497,1.6471777623025399,1.6568719514798746,1.6732030371392235,1.6796409158713037,1.5366267942980671,1.6455145135740783,1.680924568135882,1.6746841308142428,1.3531600915835418,1.7203206988813458,1.6720145438825473,1.656951540710014,1.5964898296494923,1.5777412520849516,1.7075525594930219,1.6954478852028698,1.6576675636362084,1.6525188720593076,1.6321793917015168,1.6792257903445504,1.6760760954503313,1.8710810097026904,1.6674436454352373
100,1.8,2.1839332249564345,1.8580877477034363,1.030559504061268,1.5436884449649018,1.7374917289794993,1.6886059755341112,1.723830127001599,1.5654920043224734,1.696488196911623,1.5677401767112378,1.573769138232969,1.6710018681285905,1.6883427601954564,1.6888878238710496,1.6965586657265423,1.7151534632956842,1.717020967304149,1.5789347209833413,1.6866505272612993,1.740806746626818,1.7189466963966296,1.3981144311011846,1.7542492842357593,1.7145585050893728,1.696913294695447,1.6380472167668403,1.620306735707549,1.7425131436847805,1.7354256158462136,1.6972207912651198,1.6934386524514413,1.671401112434638,1.7216860421478173,1.7200525391593515,1.9409157946491293,1.7089380180370108
101,1.83,2.270640728845356,1.8888110916572272,1.075592817299345,1.5881654924923065,1.775672256435631,1.7314509908072995,1.7606302473658808,1.6087177873629959,1.7365411746409878,1.6130463145230625,1.6161306254267214,1.7111556309310023,1.7298643776286626,1.7305978854395594,1.73624537997321,1.7571038894521451,1.7544010187369943,1.6212426476686153,1.7277865409485202,1.8006889251177542,1.7632092619790163,1.4430687706188272,1.7881778695901733,1.7571024662961987,1.7368750486808797,1.6796046038841883,1.6628722193301466,1.7774737278765391,1.7754033464895573,1.736774018894031,1.734358432843575,1.710622833167759,1.764146293951084,1.764028982868371,2.0107505795955687,1.750432390638784
102,1.86,2.357348232734277,1.919534435611018,1.120626130537422,1.6326425400197118,1.8138527838917624,1.7742960060804878,1.7974303677301624,1.6519435704035188,1.7765941523703526,1.6583524523348872,1.6584921126204741,1.751309393733414,1.7713859950618693,1.7723079470080692,1.7759320942198775,1.799054315608606,1.7917810701698396,1.6635505743538892,1.7689225546357414,1.86057110360869,1.8074718275614035,1.48802311013647,1.822106454944587,1.7996464275030246,1.7768368026663128,1.7211619910015363,1.7054377029527439,1.8124343120682975,1.8153810771329013,1.7763272465229423,1.7752782132357083,1.7498445539008802,1.8066065457543505,1.808005426577391,2.0805853645420074,1.791926763240558
103,1.76,2.068323219771205,1.817123289098382,0.970515086410499,1.484385714928362,1.6865843590379908,1.6314792885031935,1.6747632998492237,1.5078576269351096,1.6430842266058034,1.5073319929621385,1.5172871553079657,1.6174635177253749,1.6329806036178476,1.6332744084463697,1.6436430467309855,1.6592195617537366,1.667180898727022,1.5225241520696424,1.631802509011671,1.6609638419722361,1.6599299422867806,1.3381753117443274,1.7090111704298745,1.657833223480272,1.6436309560482028,1.582637367277043,1.563552757544086,1.6958990314291023,1.6821219749884215,1.6444831544265717,1.6388789452619297,1.6191054847904764,1.665072373076795,1.661417280880658,1.8478027480538768,1.6536121879013126
104,1.68,1.837103209400748,1.735194371888273,0.8504262511089604,1.3657802548552822,1.5847696191549736,1.517225914441358,1.5766296455444728,1.3925888721603819,1.5362762859941643,1.3865156254639392,1.4043231894579586,1.5103868169189436,1.5222562904626304,1.5220475775970104,1.537811808739872,1.547351758669841,1.567500761572768,1.4097030142422453,1.522106472512415,1.5012780326630728,1.541896434067082,1.2182970730306135,1.6185349428181044,1.5443826602620698,1.5370662787537148,1.4718176682974486,1.4500448012171594,1.6026708069177462,1.575514693272838,1.5390078807494751,1.5297595308829066,1.5145142295021534,1.5518450349347506,1.544146764323272,1.6615766548633721,1.542960527629916
105,1.59,1.5769806977339842,1.643024340026901,0.7153263113947301,1.2323491122730679,1.4702280367865792,1.3886908686217931,1.4662292844516285,1.262911523038814,1.4161173528060704,1.2505972120284656,1.2772387278767012,1.3899255285117085,1.3976914381630112,1.3969173928914813,1.4187516659998693,1.421500480200459,1.4553606072742329,1.282779234186424,1.3986984314507522,1.3216314971902647,1.409108737319922,1.0834340544776857,1.5167491867548637,1.4167507766415928,1.4171810167974161,1.3471455069454052,1.3223483503493676,1.4977890543424706,1.4555815013428068,1.420348197862742,1.407000189706506,1.3968490673027905,1.4244642795249514,1.412217433196213,1.4520723000240554,1.4184774098245962
106,1.71,1.9238107132896696,1.7659177158420638,0.8954595643470373,1.410257302382687,1.6229501466111047,1.5600709297145463,1.6134297659087546,1.4358146552009048,1.576329263723529,1.431821763275764,1.4466846766517112,1.550540579721355,1.563777907895837,1.5637576391655204,1.5774985229865395,1.589302184826302,1.6048808130056134,1.4520109409275193,1.563242486199636,1.561160211154009,1.586158999649469,1.2632514125482563,1.6524635281725182,1.5869266214688955,1.5770280327391477,1.5133750554147964,1.4926102848397567,1.6376313911095046,1.6154924239161819,1.5785611083783864,1.5706793112750403,1.5537359502352746,1.5943052867380174,1.5881232080322918,1.7314114398098115,1.58445490023169
107,1.7333333333333334,1.9912498829810532,1.7898136500283457,0.9304854746433192,1.4448505615706688,1.6526461124103187,1.5933948304825816,1.6420520817476403,1.469434708676867,1.607481579735257,1.4670598704627387,1.47963250002463,1.581771284123231,1.5960724992327753,1.59619879816325,1.6083659674006143,1.621930294059105,1.6339541863422706,1.4849171061271769,1.5952371635119191,1.6077352388691817,1.620585439546881,1.2982158988397563,1.6788524278926178,1.6200163690742047,1.6081093969500402,1.5456974676171784,1.5257167721017768,1.6648229565919839,1.6465862144165606,1.6093247298675397,1.6025058071355889,1.5842417330277023,1.6273299270294472,1.622327108694863,1.7857273836570422,1.6167283011441804
108,1.7566666666666666,2.0586890526724364,1.8137095842146271,0.9655113849396012,1.47944382075865,1.6823420782095315,1.6267187312506168,1.6706743975865255,1.503054762152829,1.638633895746985,1.5022979776497132,1.5125803233975486,1.6130019885251068,1.6283670905697134,1.6286399571609795,1.639233411814689,1.6545584032919074,1.6630275596789281,1.5178232713268343,1.627231840824202,1.654310266584354,1.6550118794442927,1.3331803851312558,1.7052413276127174,1.6531061166795133,1.6391907611609322,1.5780198798195597,1.5588232593637972,1.6920145220744627,1.6776800049169387,1.6400883513566926,1.634332302996137,1.6147475158201297,1.6603545673208764,1.6565310093574337,1.8400433275042727,1.6490017020566707
109,1.78,2.1261282223638203,1.837605518400909,1.0005372952358833,1.5140370799466318,1.712038044008745,1.6600426320186523,1.6992967134254116,1.5366748156287913,1.6697862117587134,1.5375360848366881,1.5455281467704673,1.6442326929269826,1.660661681906652,1.6610811161587096,1.6701008562287638,1.6871865125247103,1.6921009330155856,1.5507294365264919,1.6592265181364851,1.7008852942995272,1.689438319341705,1.3681448714227558,1.731630227332817,1.6861958642848225,1.6702721253718247,1.610342292021942,1.5919297466258175,1.7192060875569415,1.7087737954173174,1.6708519728458455,1.6661587988566855,1.6452532986125572,1.6933792076123062,1.6907349100200046,1.8943592713515036,1.6812751029691617
110,1.92,2.53076324051212,1.9809811235185997,1.2106927570135753,1.7215966350745209,1.8902138388040255,1.8599860366268643,1.8710306084587254,1.7383951364845642,1.8567001078290817,1.748964727958536,1.7432150870079788,1.8316169193382374,1.8544292299282819,1.8557280701450884,1.8553055227132125,1.8829551679215275,1.8665411730355297,1.7481664277244366,1.8511945820101832,1.9803354605905625,1.895996958726177,1.577931789171755,1.889963625653414,1.884734349916676,1.8567603106371788,1.8042767652362317,1.7905686701979384,1.8823554804518146,1.8953365384195888,1.8554337017807643,1.8571177740199754,1.8282879953671223,1.8915270493608833,1.8959583139954304,2.2202549344348856,1.8749155084441047
111,1.9,2.4729582379195056,1.960498894216072,1.180670548188191,1.6919452700562512,1.8647601538332708,1.8314226931114055,1.8464971948825375,1.7095779477908821,1.829998122676172,1.7187606360839864,1.7149740955454775,1.8048477441366295,1.8267481516394777,1.8279213624327486,1.828847713215434,1.8549882171505532,1.841621138746966,1.7199611432675872,1.823770572885369,1.9404140082632715,1.8664885816712522,1.5479622294933266,1.8673445687504717,1.8563717091121255,1.8301191413135567,1.776571840491333,1.762191681116207,1.8590484243239755,1.8686847179906927,1.82906488336149,1.8298379204252195,1.8021401815450417,1.8632202148253723,1.866640684856084,2.1736984111372597,1.8472525933762554
112,1.86,2.357348232734277,1.919534435611018,1.120626130537422,1.6326425400197118,1.8138527838917624,1.7742960060804878,1.7974303677301624,1.6519435704035188,1.7765941523703526,1.6583524523348872,1.6584921126204741,1.751309393733414,1.7713859950618693,1.7723079470080692,1.7759320942198775,1.799054315608606,1.7917810701698396,1.6635505743538892,1.7689225546357414,1.86057110360869,1.8074718275614035,1.48802311013647,1.822106454944587,1.7996464275030246,1.7768368026663128,1.7211619910015363,1.7054377029527439,1.8124343120682975,1.8153810771329013,1.7763272465229423,1.7752782132357083,1.7498445539008802,1.8066065457543505,1.808005426577391,2.0805853645420074,1.791926763240558
113,1.81,2.2128357262527416,1.8683288623547,1.0455706084739602,1.5585141274740368,1.7502185714648766,1.7028876472918406,1.7360968337896932,1.5799005986693142,1.7098391894880782,1.5828422226485128,1.5878896339642197,1.6843864557293946,1.7021832993398585,1.7027911777272196,1.7097875704754315,1.7291369386811715,1.729480984448431,1.5930373632117658,1.7003625318237061,1.7607674727904634,1.733700884924092,1.4130992109403986,1.7655588126872308,1.7287398254916482,1.7102338793572578,1.6518996791392897,1.6344952302484148,1.7541666717487001,1.7487515260606616,1.710405200474757,1.707078579248819,1.6844750193456783,1.7358394594155728,1.7347113537290249,1.9641940562979423,1.7227694755709353
114,1.7666666666666666,2.0875915539687435,1.823950698865891,0.9805224893522936,1.494269503267785,1.695068920694909,1.6410004030083463,1.6829411043746196,1.51746335649967,1.6519848883234398,1.5174000235869882,1.5267008191287994,1.6263865761259106,1.6422076297141155,1.6425433110171497,1.6524623165635783,1.6685418786773947,1.6754875768232098,1.531925913555259,1.6409438453866092,1.6742709927479995,1.6697660679717552,1.34816516497047,1.7165508560641884,1.6672874370817885,1.6525113458227434,1.5918723421920091,1.573011753904663,1.7036680501383819,1.6910059151313868,1.6532727605663298,1.647972229793515,1.62782142273117,1.6745079845886321,1.671189823927107,1.8633215891530859,1.6628331595905956
115,1.7233333333333334,1.9623473816847463,1.779572535377082,0.9154743702306272,1.4300248790615337,1.6399192699249414,1.5791131587248521,1.6297853749595461,1.455026114330026,1.5941305871588023,1.4519578245254638,1.4655120042933791,1.5683866965224273,1.5822319600883734,1.5822954443070802,1.5951370626517252,1.607946818673618,1.621494169197989,1.4708144638987524,1.5815251589495123,1.5877745127055367,1.6058312510194188,1.283231119000542,1.6675428994411465,1.6058350486719293,1.5947888122882294,1.531845005244729,1.5115282775609113,1.6531694285280643,1.6332603042021125,1.5961403206579026,1.588865880338211,1.5711678261166617,1.6131765097616917,1.6076682941251896,1.7624491220082292,1.6028968436102562
116,1.68,1.837103209400748,1.735194371888273,0.8504262511089604,1.3657802548552822,1.5847696191549736,1.517225914441358,1.5766296455444728,1.3925888721603819,1.5362762859941643,1.3865156254639392,1.4043231894579586,1.5103868169189436,1.5222562904626304,1.5220475775970104,1.537811808739872,1.547351758669841,1.567500761572768,1.4097030142422453,1.522106472512415,1.5012780326630728,1.541896434067082,1.2182970730306135,1.6185349428181044,1.5443826602620698,1.5370662787537148,1.4718176682974486,1.4500448012171594,1.6026708069177462,1.575514693272838,1.5390078807494751,1.5297595308829066,1.5145142295021534,1.5518450349347506,1.544146764323272,1.6615766548633721,1.542960527629916
117,1.8,2.1839332249564345,1.8580877477034363,1.030559504061268,1.5436884449649018,1.7374917289794993,1.6886059755341112,1.723830127001599,1.5654920043224734,1.696488196911623,1.5677401767112378,1.573769138232969,1.6710018681285905,1.6883427601954564,1.6888878238710496,1.6965586657265423,1.7151534632956842,1.717020967304149,1.5789347209833413,1.6866505272612993,1.740806746626818,1.7189466963966296,1.3981144311011846,1.7542492842357593,1.7145585050893728,1.696913294695447,1.6380472167668403,1.620306735707549,1.7425131436847805,1.7354256158462136,1.6972207912651198,1.6934386524514413,1.671401112434638,1.7216860421478173,1.7200525391593515,1.9409157946491293,1.7089380180370108
118,1.73,1.981615715882284,1.786399945144591,0.925481773172422,1.4399086674009571,1.6484038315818594,1.5886342732300052,1.6379631794849423,1.4646318438945864,1.6030312488764387,1.4620258551503138,1.4749256681142129,1.577309754922963,1.5914589861846413,1.5915643468778602,1.603956332484318,1.617269135597276,1.6298008472941767,1.4802162253843687,1.59066649532445,1.6010816634813,1.6156673767043936,1.2932209722266848,1.6750825850754607,1.6152892622734463,1.6036692020627699,1.5410799801596953,1.5209872739214885,1.6609384472373439,1.6421442443450778,1.6049299267976604,1.597959164869796,1.5798837640573555,1.6226121212735287,1.6174408371716384,1.7779679631074379,1.612117815299539
119,1.63,1.6925907029192118,1.6839887986319548,0.7753707290454988,1.2916518423096073,1.5211354067280876,1.4458175556527104,1.5152961116040036,1.3205459004261768,1.4695213231118895,1.3110053957775647,1.3337207108017042,1.4434638789149234,1.4530535947406196,1.4525308083161605,1.4716672849954258,1.4774343817424065,1.5052006758513592,1.3391898031001217,1.4535464497003798,1.4014744018448455,1.4681254914297706,1.143373173834542,1.561987300560748,1.4734760582506934,1.4704633554446596,1.4025553564352018,1.3791023285128303,1.5444031665981484,1.5088851422005982,1.4730858347012896,1.461559896896017,1.4491446949469515,1.4810779485959733,1.4708526914749056,1.5451853466193068,1.4738032399602936
120,1.69,1.8660057106970556,1.7454354865395365,0.8654373555216526,1.380605937364417,1.5974964616403504,1.5315075861990874,1.5888963523325668,1.4069974665072227,1.549627278570619,1.401617671401214,1.4184436851892095,1.5237714045197475,1.5360968296070325,1.5359509314531805,1.551040713488761,1.5613352340553281,1.5799607787170498,1.42380565647067,1.535818477074822,1.5212387588267184,1.5566506225945447,1.2332818528698277,1.6298444712695757,1.558563980664345,1.5503868634155258,1.4856701306698978,1.4642332957580253,1.6143243349816656,1.588840603487286,1.552192289959112,1.5433994576802845,1.5275881364131938,1.5659984522025063,1.5588055788929454,1.6848549165121853,1.5567919851638408
121,1.72,1.952713214585977,1.7761588304933271,0.9104706687597296,1.425082984891822,1.635676989096482,1.5743526014722755,1.6256964726968484,1.4502232495477456,1.5896802562999839,1.4469238092130388,1.4608051723829618,1.563925167322159,1.577618447040239,1.57766099302169,1.5907274277354286,1.6032856602117889,1.617340830149895,1.466113583155944,1.5769544907620432,1.5811209373176545,1.6009131881769312,1.2782361923874705,1.6637730566239894,1.6011079418711707,1.590348617400959,1.5272275177872459,1.5067987793806226,1.6492849191734242,1.6288183341306297,1.5917455175880235,1.584319238072418,1.566809857146315,1.608458704005773,1.602782022601965,1.7546897014586247,1.5982863577656143
122,1.75,2.039420718474898,1.8068821744471184,0.9555039819978064,1.4695600324192268,1.6738575165526137,1.617197616745464,1.66249659306113,1.4934490325882683,1.6297332340293484,1.4922299470248634,1.5031666595767146,1.6040789301245706,1.6191400644734455,1.6193710545902,1.6304141419820963,1.6452360863682496,1.65472088158274,1.508421509841218,1.6180905044492642,1.6410031158085907,1.645175753759318,1.3231905319051132,1.6977016419784032,1.6436519030779968,1.630310371386392,1.5687849049045939,1.54936426300322,1.6842455033651829,1.6687960647739737,1.6312987452169345,1.6252390184645518,1.606031577879436,1.6509189558090394,1.6467584663109849,1.8245244864050638,1.6397807303673881
123,1.78,2.1261282223638203,1.837605518400909,1.0005372952358833,1.5140370799466318,1.712038044008745,1.6600426320186523,1.6992967134254116,1.5366748156287913,1.6697862117587134,1.5375360848366881,1.5455281467704673,1.6442326929269826,1.660661681906652,1.6610811161587096,1.6701008562287638,1.6871865125247103,1.6921009330155856,1.5507294365264919,1.6592265181364851,1.7008852942995272,1.689438319341705,1.3681448714227558,1.731630227332817,1.6861958642848225,1.6702721253718247,1.610342292021942,1.5919297466258175,1.7192060875569415,1.7087737954173174,1.6708519728458455,1.6661587988566855,1.6452532986125572,1.6933792076123062,1.6907349100200046,1.8943592713515036,1.6812751029691617
124,1.93,2.559665741808427,1.9912222381698632,1.225703861426268,1.7364223175836562,1.9029406812894023,1.8742677083845938,1.883297315246819,1.7528037308314053,1.8700511004055367,1.7640667738958111,1.7573355827392299,1.8450015069390413,1.8682697690726842,1.8696314240012586,1.8685344274621019,1.8969386433070143,1.8790011901798116,1.7622690699528616,1.8649065865725905,2.000296186754208,1.9107511472536394,1.5929165690109697,1.9012731541048853,1.8989156703189511,1.8700808952989898,1.8181292276086811,1.8047571647388043,1.8940090085157344,1.9086624486340367,1.8686181109904014,1.8707577008173533,1.8413619022781629,1.905680466628639,1.9106171285651037,2.243533196083699,1.8887469659780294
125,1.9,2.4729582379195056,1.960498894216072,1.180670548188191,1.6919452700562512,1.8647601538332708,1.8314226931114055,1.8464971948825375,1.7095779477908821,1.829998122676172,1.7187606360839864,1.7149740955454775,1.8048477441366295,1.8267481516394777,1.8279213624327486,1.828847713215434,1.8549882171505532,1.841621138746966,1.7199611432675872,1.823770572885369,1.9404140082632715,1.8664885816712522,1.5479622294933266,1.8673445687504717,1.8563717091121255,1.8301191413135567,1.776571840491333,1.762191681116207,1.8590484243239755,1.8686847179906927,1.82906488336149,1.8298379204252195,1.8021401815450417,1.8632202148253723,1.866640684856084,2.1736984111372597,1.8472525933762554
126,1.84,2.299543230141663,1.8990522063084907,1.0906039217120371,1.6029911750014416,1.7883990989210081,1.745732662565029,1.7728969541539745,1.623126381709837,1.7498921672174428,1.6281483604603373,1.6302511211579724,1.7245402185318062,1.7437049167730647,1.7445012392957293,1.749474284722099,1.7710873648376317,1.7668610358812757,1.6353452898970398,1.7414985455109275,1.8206496512813994,1.7779634505064785,1.4580535504580414,1.7994873980416446,1.771283786698474,1.750195633342691,1.6934570662566375,1.6770607138710123,1.7891272559404585,1.7887292567040052,1.749958428103668,1.7479983596409525,1.7236967400787995,1.778299711218839,1.7786877974380446,2.0340288412443814,1.7642638481727086
127,1.74,2.010518217178591,1.7966410597958546,0.9404928775851142,1.4547343499100918,1.6611306740672365,1.6029159449877346,1.650229886273036,1.4790404382414275,1.6163822414528937,1.4771279010875884,1.489046163845464,1.590694342523767,1.6052995253290434,1.60546770073403,1.6171852372332072,1.6312526109827625,1.6422608644384584,1.4943188676127932,1.6043784998868569,1.621042389644945,1.630421565231856,1.308205752065899,1.686392113526932,1.6294705826757214,1.6169897867245808,1.5549324425321445,1.5351757684623542,1.6725919753012635,1.6554701545595258,1.6181143360072974,1.6115990916671739,1.5929576709683957,1.636765538541284,1.6320996517413118,1.8012462247562508,1.6259492728334637
128,1.7266666666666666,1.971981548783515,1.7829862402608363,0.9204780717015244,1.4349667732312452,1.6441615507534002,1.5838737159774285,1.633874277222244,1.4598289791123062,1.5985809180176203,1.4569918398378885,1.470218836203796,1.5728482257226948,1.5868454731365071,1.58692989559247,1.5995466975680215,1.612607977135447,1.6256475082460828,1.4755153446415603,1.5860958271369812,1.594428088093418,1.610749313861906,1.2882260456136132,1.6713127422583036,1.6105621554726877,1.5992290071754995,1.5364624927022121,1.5162577757411997,1.6570539378827038,1.637702274273595,1.6005351237277812,1.5934125226040035,1.5755257950870085,1.6178943155176098,1.6125545656484137,1.7702085425578336,1.6075073294548976
129,1.7133333333333334,1.9334448803884392,1.7693314207258184,0.900463265817935,1.415199196552399,1.6271924274395642,1.564831486967123,1.6175186681714524,1.4406175199831852,1.5807795945823475,1.436855778588189,1.4513915085621285,1.5550021089216233,1.5683914209439713,1.5683920904509103,1.581908157902836,1.5939633432881313,1.6090341520537073,1.4567118216703276,1.5678131543871052,1.5678137865418913,1.5910770624919566,1.268246339161328,1.6562333709896757,1.5916537282696543,1.5814682276264183,1.5179925428722798,1.4973397830200457,1.6415159004641446,1.6199343939876647,1.5829559114482654,1.575225953540833,1.5580939192056218,1.599023092493936,1.5930094795555165,1.739170860359416,1.5890653860763315
130,1.7,1.8949082119933625,1.7556766011908,0.8804484599343452,1.395431619873552,1.6102233041257277,1.5457892579568169,1.6011630591206605,1.4214060608540637,1.5629782711470739,1.4167197173384891,1.4325641809204606,1.5371559921205513,1.5499373687514346,1.5498542853093502,1.5642696182376503,1.5753187094408152,1.5924207958613317,1.4379082986990948,1.549530481637229,1.5411994849903636,1.5714048111220067,1.2482666327090421,1.641153999721047,1.5727453010666204,1.5637074480773367,1.4995225930423473,1.478421790298891,1.6259778630455854,1.602166513701734,1.5653766991687492,1.5570393844776624,1.5406620433242342,1.5801518694702619,1.5734643934626187,1.7081331781609985,1.5706234426977654
131,1.61,1.6347857003265984,1.6635065693294278,0.7453485202201144,1.2620004772913376,1.4956817217573333,1.417254212137252,1.4907626980278161,1.2917287117324954,1.44281933795898,1.2808013039030155,1.305479719339203,1.4166947037133162,1.4253725164518154,1.4247241006038212,1.4452094754976477,1.4494674309714328,1.480280641562796,1.310984518643273,1.4261224405755661,1.3615529495175551,1.4386171143748465,1.1134036141561139,1.5393682436578062,1.445113417446143,1.443822186121038,1.3748504316903036,1.350725339431099,1.5210961104703096,1.4822333217717027,1.4467170162820158,1.434280043301262,1.4229968811248712,1.4527711140604624,1.4415350623355594,1.4986288233216811,1.446140324892445
132,1.56,1.490273193845062,1.6123009960731098,0.6702929981566532,1.1878720647456626,1.4320475093304477,1.3458458533486046,1.4294291640873469,1.2196857399982908,1.3760643750767054,1.205291074216641,1.2348772406829487,1.3497717657092965,1.3561698207298047,1.3552073313229713,1.3790649517532017,1.3795500540439982,1.4179805558413874,1.2404713075011498,1.357562417763531,1.261749318699328,1.3648461717375349,1.0384797149600427,1.4828206014004497,1.3742068154347669,1.377219262811983,1.305588119828057,1.27978286672677,1.4628284701507122,1.415603770699463,1.3807949702338305,1.3660804093143724,1.3576273465696693,1.3820040277216847,1.3682409894871927,1.3822375150776156,1.3769830372228222
133,1.6,1.6058831990302913,1.6532654546781642,0.7303374158074223,1.2471747947822027,1.4829548792719565,1.4029725403795226,1.4784959912397224,1.2773201173856545,1.4294683453825252,1.2656992579657405,1.291359223607952,1.4033101161125123,1.4115319773074133,1.410820746747651,1.4319805707487587,1.435483955585946,1.4678206244185141,1.2968818764148484,1.412410436013159,1.34159222335391,1.4238629258473843,1.0984188343168997,1.5280587152063347,1.430932097043868,1.430501601459227,1.3609979693178542,1.3365368448902333,1.5094425824063902,1.468907411557255,1.433532607072379,1.420640116503884,1.4099229742138308,1.438617696792707,1.4268762477658863,1.4753505616728684,1.4323088673585205
134,1.66,1.779298206808134,1.7147121425857457,0.8204040422835757,1.3361288898370123,1.559315934184219,1.4886625709258992,1.5520962319682852,1.3637716834667,1.5095743008412543,1.3563115335893894,1.376082197995457,1.4836176417173355,1.4945752121738263,1.4942408698846705,1.5113539992420937,1.519384807898867,1.5425807272842045,1.3814977297853959,1.494682463387601,1.461356580335782,1.5123880570121577,1.188327513352185,1.595915885915162,1.5160200194575193,1.5104251094300927,1.4441127435525498,1.4216678121354276,1.5793637507899072,1.5488628728439422,1.512639062330201,1.502479677288151,1.4883664156800727,1.5235382003992395,1.5148291351839256,1.6150201315657464,1.5152976125620672
135,1.6966666666666663,1.8852740448945928,1.7522628963070457,0.8754447584634475,1.3904897257038402,1.6059810232972684,1.5410287007042398,1.5970741568579623,1.416603196071783,1.5585279402882555,1.4116857020260638,1.427857349010043,1.5326944629202832,1.5453238557033004,1.54521983402396,1.5598599833213536,1.5706575509789857,1.5882674568132376,1.4332074179562861,1.54495981344976,1.5345459096024816,1.5664867482795193,1.2432717060959704,1.6373841569038898,1.5680181942658615,1.5592672531900662,1.494905105584864,1.473692292118602,1.622093353690945,1.597724543630251,1.5609818960988702,1.5524927422118697,1.5363040743538872,1.5754340637143431,1.5685781219393942,1.7003737576113938,1.5660129568531236
136,1.7333333333333334,1.9912498829810532,1.7898136500283457,0.9304854746433192,1.4448505615706688,1.6526461124103187,1.5933948304825816,1.6420520817476403,1.469434708676867,1.607481579735257,1.4670598704627387,1.47963250002463,1.581771284123231,1.5960724992327753,1.59619879816325,1.6083659674006143,1.621930294059105,1.6339541863422706,1.4849171061271769,1.5952371635119191,1.6077352388691817,1.620585439546881,1.2982158988397563,1.6788524278926178,1.6200163690742047,1.6081093969500402,1.5456974676171784,1.5257167721017768,1.6648229565919839,1.6465862144165606,1.6093247298675397,1.6025058071355889,1.5842417330277023,1.6273299270294472,1.622327108694863,1.7857273836570422,1.6167283011441804
137,1.77,2.097225721067513,1.8273644037496453,0.9855261908231912,1.499211397437497,1.699311201523368,1.645760960260923,1.6870300066373176,1.5222662212819502,1.6564352191822584,1.522434038899413,1.5314076510392165,1.6308481053261787,1.6468211427622497,1.6471777623025399,1.6568719514798746,1.6732030371392235,1.6796409158713037,1.5366267942980671,1.6455145135740783,1.680924568135882,1.6746841308142428,1.3531600915835418,1.7203206988813458,1.6720145438825473,1.656951540710014,1.5964898296494923,1.5777412520849516,1.7075525594930219,1.6954478852028698,1.6576675636362084,1.6525188720593076,1.6321793917015168,1.6792257903445504,1.6760760954503313,1.8710810097026904,1.6674436454352373
138,1.85,2.32844573143797,1.9092933209597545,1.1056150261247295,1.6178168575105767,1.8011259414063852,1.7600143343227583,1.7851636609420682,1.6375349760566782,1.7632431597938978,1.643250406397612,1.6443716168892233,1.7379248061326102,1.7575454559174672,1.7584045931518992,1.7627031894709884,1.785070840223119,1.7793210530255577,1.6494479321254643,1.7552105500733342,1.8406103774450446,1.792717639033941,1.4730383302972556,1.8107969264931154,1.7854651071007492,1.7635162180045019,1.707309528629087,1.691249208411878,1.8007807840043784,1.8020551669184532,1.7631428373133051,1.7616382864383306,1.7367706469898399,1.7924531284865948,1.793346612007718,2.0573071028931946,1.7780953057066333
139,1.83,2.270640728845356,1.8888110916572272,1.075592817299345,1.5881654924923065,1.775672256435631,1.7314509908072995,1.7606302473658808,1.6087177873629959,1.7365411746409878,1.6130463145230625,1.6161306254267214,1.7111556309310023,1.7298643776286626,1.7305978854395594,1.73624537997321,1.7571038894521451,1.7544010187369943,1.6212426476686153,1.7277865409485202,1.8006889251177542,1.7632092619790163,1.4430687706188272,1.7881778695901733,1.7571024662961987,1.7368750486808797,1.6796046038841883,1.6628722193301466,1.7774737278765391,1.7754033464895573,1.736774018894031,1.734358432843575,1.710622833167759,1.764146293951084,1.764028982868371,2.0107505795955687,1.750432390638784
140,1.75,2.039420718474898,1.8068821744471184,0.9555039819978064,1.4695600324192268,1.6738575165526137,1.617197616745464,1.66249659306113,1.4934490325882683,1.6297332340293484,1.4922299470248634,1.5031666595767146,1.6040789301245706,1.6191400644734455,1.6193710545902,1.6304141419820963,1.6452360863682496,1.65472088158274,1.508421509841218,1.6180905044492642,1.6410031158085907,1.645175753759318,1.3231905319051132,1.6977016419784032,1.6436519030779968,1.630310371386392,1.5687849049045939,1.54936426300322,1.6842455033651829,1.6687960647739737,1.6312987452169345,1.6252390184645518,1.606031577879436,1.6509189558090394,1.6467584663109849,1.8245244864050638,1.6397807303673881
141,1.7,1.8949082119933625,1.7556766011908,0.8804484599343452,1.395431619873552,1.6102233041257277,1.5457892579568169,1.6011630591206605,1.4214060608540637,1.5629782711470739,1.4167197173384891,1.4325641809204606,1.5371559921205513,1.5499373687514346,1.5498542853093502,1.5642696182376503,1.5753187094408152,1.5924207958613317,1.4379082986990948,1.549530481637229,1.5411994849903636,1.5714048111220067,1.2482666327090421,1.641153999721047,1.5727453010666204,1.5637074480773367,1.4995225930423473,1.478421790298891,1.6259778630455854,1.602166513701734,1.5653766991687492,1.5570393844776624,1.5406620433242342,1.5801518694702619,1.5734643934626187,1.7081331781609985,1.5706234426977654
142,1.7225,1.9599388399100537,1.7787191091561432,0.9142234448629027,1.4287894055191057,1.638858699717826,1.577923019411708,1.6287631493938717,1.4538253981344558,1.5930180044440976,1.4506993206973573,1.4643352963157747,1.56727131422236,1.5810785818263395,1.5811368314857326,1.5940346539226509,1.6067815290581604,1.6204558344359654,1.46963924371305,1.5803824919026448,1.586111118858566,1.6046017353087967,1.281982387347274,1.6666004387368571,1.6046532719717397,1.5936787635664116,1.5306906333803583,1.510345903015839,1.6521983011894041,1.632149811684242,1.5950416198904327,1.5877292197717627,1.5700783338740751,1.6119970583227117,1.6064467262443836,1.760509266870828,1.6017442221490956
143,1.745,2.024969467826745,1.8017616171214863,0.9479984297914604,1.4621471911646595,1.667494095309925,1.6100567808665993,1.656363239667083,1.486244735414848,1.6230577377411213,1.4846789240562261,1.4961064117110894,1.597386636324169,1.6122197949012445,1.612419377662115,1.6237996896076519,1.6382443486755063,1.6484908730105996,1.5013701887270057,1.6112345021680607,1.631022752726768,1.6377986594955871,1.315698141985506,1.6920468777526676,1.636561242876859,1.6236500790554866,1.561858673718369,1.542270015732787,1.6784187393332233,1.6621331096667498,1.624706540612116,1.6184190550658628,1.599494624423916,1.643842247175162,1.6394290590261482,1.8128853555806574,1.6328650016004258
144,1.7675,2.090000095743436,1.8248041250868297,0.9817734147200184,1.4955049768102135,1.6961294909020237,1.6421905423214906,1.6839633299402943,1.5186640726952403,1.6530974710381448,1.5186585274150946,1.5278775271064038,1.6275019584259778,1.6433610079761496,1.6437019238384976,1.6535647252926524,1.669707168292852,1.6765259115852333,1.5331011337409612,1.6420865124334765,1.6759343865949703,1.6709955836823773,1.3494138966237383,1.7174933167684778,1.6684692137819785,1.6536213945445613,1.5930267140563803,1.5741941284497352,1.7046391774770422,1.6921164076492576,1.6543714613337994,1.6491088903599633,1.628910914973757,1.675687436027612,1.6724113918079135,1.8652614442904871,1.663985781051756
145,1.79,2.1550307236601274,1.8478466330521728,1.015548399648576,1.528862762455767,1.7247648864941223,1.6743243037763818,1.7115634202135053,1.5510834099756323,1.6831372043351682,1.5526381307739632,1.5596486425017182,1.6576172805277867,1.6745022210510543,1.6749844700148797,1.6833297609776532,1.7011699879101976,1.7045609501598673,1.5648320787549166,1.6729385226988924,1.7208460204631728,1.7041925078691675,1.3831296512619702,1.7429397557842883,1.7003771846870976,1.6835927100336359,1.624194754394391,1.6061182411666834,1.730859615620861,1.7220997056317655,1.6840363820554827,1.6797987256540634,1.6583272055235976,1.7075326248800617,1.7053937245896782,1.9176375330003168,1.6951065605030862
146,1.78,2.1261282223638203,1.837605518400909,1.0005372952358833,1.5140370799466318,1.712038044008745,1.6600426320186523,1.6992967134254116,1.5366748156287913,1.6697862117587134,1.5375360848366881,1.5455281467704673,1.6442326929269826,1.660661681906652,1.6610811161587096,1.6701008562287638,1.6871865125247103,1.6921009330155856,1.5507294365264919,1.6592265181364851,1.7008852942995272,1.689438319341705,1.3681448714227558,1.731630227332817,1.6861958642848225,1.6702721253718247,1.610342292021942,1.5919297466258175,1.7192060875569415,1.7087737954173174,1.6708519728458455,1.6661587988566855,1.6452532986125572,1.6933792076123062,1.6907349100200046,1.8943592713515036,1.6812751029691617
147,1.79,2.1550307236601274,1.8478466330521728,1.015548399648576,1.528862762455767,1.7247648864941223,1.6743243037763818,1.7115634202135053,1.5510834099756323,1.6831372043351682,1.5526381307739632,1.5596486425017182,1.6576172805277867,1.6745022210510543,1.6749844700148797,1.6833297609776532,1.7011699879101976,1.7045609501598673,1.5648320787549166,1.6729385226988924,1.7208460204631728,1.7041925078691675,1.3831296512619702,1.7429397557842883,1.7003771846870976,1.6835927100336359,1.624194754394391,1.6061182411666834,1.730859615620861,1.7220997056317655,1.6840363820554827,1.6797987256540634,1.6583272055235976,1.7075326248800617,1.7053937245896782,1.9176375330003168,1.6951065605030862
148,1.7,1.8949082119933625,1.7556766011908,0.8804484599343452,1.395431619873552,1.6102233041257277,1.5457892579568169,1.6011630591206605,1.4214060608540637,1.5629782711470739,1.4167197173384891,1.4325641809204606,1.5371559921205513,1.5499373687514346,1.5498542853093502,1.5642696182376503,1.5753187094408152,1.5924207958613317,1.4379082986990948,1.549530481637229,1.5411994849903636,1.5714048111220067,1.2482666327090421,1.641153999721047,1.5727453010666204,1.5637074480773367,1.4995225930423473,1.478421790298891,1.6259778630455854,1.602166513701734,1.5653766991687492,1.5570393844776624,1.5406620433242342,1.5801518694702619,1.5734643934626187,1.7081331781609985,1.5706234426977654
149,1.663333333333333,1.7889323739069027,1.7181258474695005,0.8254077437544733,1.3410707840067237,1.5635582150126783,1.4934231281784753,1.556185134230983,1.3685745482489802,1.5140246317000727,1.3613455489018145,1.3807890299058738,1.4880791709176036,1.4991887252219602,1.4988753211700605,1.51576363415839,1.5240459663606962,1.5467340663322984,1.3861986105282043,1.49925313157507,1.4680101557236638,1.5173061198546451,1.1933224399652564,1.5996857287323192,1.5207471262582777,1.5148653043173632,1.4487302310100332,1.4263973103157164,1.583248260144547,1.5533048429154248,1.5170338654000801,1.5070263195539435,1.4927243846504195,1.5282560061551584,1.5197154067071499,1.6227795521153507,1.5199080984067086
150,1.6266666666666667,1.682956535820443,1.6805750937482005,0.7703670275746015,1.2867099481398956,1.5168931258996285,1.4410569984001342,1.5112072093413058,1.315743035643897,1.4650709922530716,1.30597138046514,1.3290138788912875,1.439002349714656,1.4484400816924854,1.4478963570307708,1.4672576500791297,1.4727732232805775,1.5010473368032655,1.334488922357314,1.448975781512911,1.394820826456964,1.4632074285872834,1.1383782472214707,1.5582174577435914,1.468748951449935,1.4660231605573895,1.3979378689777189,1.374372830332542,1.5405186572435088,1.5044431721291158,1.468691031631411,1.4570132546302248,1.4447867259766047,1.4763601428400546,1.4659664199516813,1.5374259260697027,1.4691927541156524
151,1.59,1.5769806977339842,1.643024340026901,0.7153263113947301,1.2323491122730679,1.4702280367865792,1.3886908686217931,1.4662292844516285,1.262911523038814,1.4161173528060704,1.2505972120284656,1.2772387278767012,1.3899255285117085,1.3976914381630112,1.3969173928914813,1.4187516659998693,1.421500480200459,1.4553606072742329,1.282779234186424,1.3986984314507522,1.3216314971902647,1.409108737319922,1.0834340544776857,1.5167491867548637,1.4167507766415928,1.4171810167974161,1.3471455069454052,1.3223483503493676,1.4977890543424706,1.4555815013428068,1.420348197862742,1.407000189706506,1.3968490673027905,1.4244642795249514,1.412217433196213,1.4520723000240554,1.4184774098245962
152,1.58,1.548078196437677,1.632783225375637,0.7003152069820375,1.2175234297639326,1.457501194301202,1.3744091968640637,1.4539625776635345,1.2485029286919729,1.4027663602296152,1.2354951660911906,1.2631182321454504,1.3765409409109044,1.3838508990186091,1.3830140390353112,1.4055227612509802,1.4075170048149719,1.442900590129951,1.268676591957999,1.3849864268883452,1.301670771026619,1.3943545487924598,1.0684492746384713,1.5054396583033922,1.4025694562393174,1.403860432135605,1.3332930445729558,1.3081598558085017,1.4861355262785512,1.4422555911283588,1.4071637886531048,1.3933602629091282,1.38377516039175,1.4103108622571956,1.3975586186265394,1.4287940383752422,1.4046459522906714
153,1.84,2.299543230141663,1.8990522063084907,1.0906039217120371,1.6029911750014416,1.7883990989210081,1.745732662565029,1.7728969541539745,1.623126381709837,1.7498921672174428,1.6281483604603373,1.6302511211579724,1.7245402185318062,1.7437049167730647,1.7445012392957293,1.749474284722099,1.7710873648376317,1.7668610358812757,1.6353452898970398,1.7414985455109275,1.8206496512813994,1.7779634505064785,1.4580535504580414,1.7994873980416446,1.771283786698474,1.750195633342691,1.6934570662566375,1.6770607138710123,1.7891272559404585,1.7887292567040052,1.749958428103668,1.7479983596409525,1.7236967400787995,1.778299711218839,1.7786877974380446,2.0340288412443814,1.7642638481727086
154,1.68,1.837103209400748,1.735194371888273,0.8504262511089604,1.3657802548552822,1.5847696191549736,1.517225914441358,1.5766296455444728,1.3925888721603819,1.5362762859941643,1.3865156254639392,1.4043231894579586,1.5103868169189436,1.5222562904626304,1.5220475775970104,1.537811808739872,1.547351758669841,1.567500761572768,1.4097030142422453,1.522106472512415,1.5012780326630728,1.541896434067082,1.2182970730306135,1.6185349428181044,1.5443826602620698,1.5370662787537148,1.4718176682974486,1.4500448012171594,1.6026708069177462,1.575514693272838,1.5390078807494751,1.5297595308829066,1.5145142295021534,1.5518450349347506,1.544146764323272,1.6615766548633721,1.542960527629916
155,1.8,2.1839332249564345,1.8580877477034363,1.030559504061268,1.5436884449649018,1.7374917289794993,1.6886059755341112,1.723830127001599,1.5654920043224734,1.696488196911623,1.5677401767112378,1.573769138232969,1.6710018681285905,1.6883427601954564,1.6888878238710496,1.6965586657265423,1.7151534632956842,1.717020967304149,1.5789347209833413,1.6866505272612993,1.740806746626818,1.7189466963966296,1.3981144311011846,1.7542492842357593,1.7145585050893728,1.696913294695447,1.6380472167668403,1.620306735707549,1.7425131436847805,1.7354256158462136,1.6972207912651198,1.6934386524514413,1.671401112434638,1.7216860421478173,1.7200525391593515,1.9409157946491293,1.7089380180370108
156,1.76,2.068323219771205,1.817123289098382,0.970515086410499,1.484385714928362,1.6865843590379908,1.6314792885031935,1.6747632998492237,1.5078576269351096,1.6430842266058034,1.5073319929621385,1.5172871553079657,1.6174635177253749,1.6329806036178476,1.6332744084463697,1.6436430467309855,1.6592195617537366,1.667180898727022,1.5225241520696424,1.631802509011671,1.6609638419722361,1.6599299422867806,1.3381753117443274,1.7090111704298745,1.657833223480272,1.6436309560482028,1.582637367277043,1.563552757544086,1.6958990314291023,1.6821219749884215,1.6444831544265717,1.6388789452619297,1.6191054847904764,1.665072373076795,1.661417280880658,1.8478027480538768,1.6536121879013126
157,1.72,1.952713214585977,1.7761588304933271,0.9104706687597296,1.425082984891822,1.635676989096482,1.5743526014722755,1.6256964726968484,1.4502232495477456,1.5896802562999839,1.4469238092130388,1.4608051723829618,1.563925167322159,1.577618447040239,1.57766099302169,1.5907274277354286,1.6032856602117889,1.617340830149895,1.466113583155944,1.5769544907620432,1.5811209373176545,1.6009131881769312,1.2782361923874705,1.6637730566239894,1.6011079418711707,1.590348617400959,1.5272275177872459,1.5067987793806226,1.6492849191734242,1.6288183341306297,1.5917455175880235,1.584319238072418,1.566809857146315,1.608458704005773,1.602782022601965,1.7546897014586247,1.5982863577656143
158,1.68,1.837103209400748,1.735194371888273,0.8504262511089604,1.3657802548552822,1.5847696191549736,1.517225914441358,1.5766296455444728,1.3925888721603819,1.5362762859941643,1.3865156254639392,1.4043231894579586,1.5103868169189436,1.5222562904626304,1.5220475775970104,1.537811808739872,1.547351758669841,1.567500761572768,1.4097030142422453,1.522106472512415,1.5012780326630728,1.541896434067082,1.2182970730306135,1.6185349428181044,1.5443826602620698,1.5370662787537148,1.4718176682974486,1.4500448012171594,1.6026708069177462,1.575514693272838,1.5390078807494751,1.5297595308829066,1.5145142295021534,1.5518450349347506,1.544146764323272,1.6615766548633721,1.542960527629916
159,1.68,1.837103209400748,1.735194371888273,0.8504262511089604,1.3657802548552822,1.5847696191549736,1.517225914441358,1.5766296455444728,1.3925888721603819,1.5362762859941643,1.3865156254639392,1.4043231894579586,1.5103868169189436,1.5222562904626304,1.5220475775970104,1.537811808739872,1.547351758669841,1.567500761572768,1.4097030142422453,1.522106472512415,1.5012780326630728,1.541896434067082,1.2182970730306135,1.6185349428181044,1.5443826602620698,1.5370662787537148,1.4718176682974486,1.4500448012171594,1.6026708069177462,1.575514693272838,1.5390078807494751,1.5297595308829066,1.5145142295021534,1.5518450349347506,1.544146764323272,1.6615766548633721,1.542960527629916
160,1.72,1.952713214585977,1.7761588304933271,0.9104706687597296,1.425082984891822,1.635676989096482,1.5743526014722755,1.6256964726968484,1.4502232495477456,1.5896802562999839,1.4469238092130388,1.4608051723829618,1.563925167322159,1.577618447040239,1.57766099302169,1.5907274277354286,1.6032856602117889,1.617340830149895,1.466113583155944,1.5769544907620432,1.5811209373176545,1.6009131881769312,1.2782361923874705,1.6637730566239894,1.6011079418711707,1.590348617400959,1.5272275177872459,1.5067987793806226,1.6492849191734242,1.6288183341306297,1.5917455175880235,1.584319238072418,1.566809857146315,1.608458704005773,1.602782022601965,1.7546897014586247,1.5982863577656143
161,1.77,2.097225721067513,1.8273644037496453,0.9855261908231912,1.499211397437497,1.699311201523368,1.645760960260923,1.6870300066373176,1.5222662212819502,1.6564352191822584,1.522434038899413,1.5314076510392165,1.6308481053261787,1.6468211427622497,1.6471777623025399,1.6568719514798746,1.6732030371392235,1.6796409158713037,1.5366267942980671,1.6455145135740783,1.680924568135882,1.6746841308142428,1.3531600915835418,1.7203206988813458,1.6720145438825473,1.656951540710014,1.5964898296494923,1.5777412520849516,1.7075525594930219,1.6954478852028698,1.6576675636362084,1.6525188720593076,1.6321793917015168,1.6792257903445504,1.6760760954503313,1.8710810097026904,1.6674436454352373
162,1.67,1.808200708104441,1.7249532572370092,0.8354151466962683,1.3509545723461471,1.5720427766695964,1.5029442426836284,1.564362938756379,1.378180277813541,1.522925293417709,1.3714135795266644,1.3902026937267078,1.4970022293181393,1.5084157513182281,1.5081442237408407,1.5245829039909826,1.5333682832843543,1.5550407444284864,1.3956003720138208,1.508394467950008,1.4813173064994274,1.52714224553962,1.2033122931913993,1.6072254143666334,1.5302013398597945,1.5237456940919039,1.4579652059249995,1.4358563066762937,1.5910172788538266,1.56218878305839,1.525823471539838,1.5161196040855287,1.501440322591113,1.537691617666995,1.5294879497535987,1.6382983932145594,1.5291290700959919
163,1.66,1.779298206808134,1.7147121425857457,0.8204040422835757,1.3361288898370123,1.559315934184219,1.4886625709258992,1.5520962319682852,1.3637716834667,1.5095743008412543,1.3563115335893894,1.376082197995457,1.4836176417173355,1.4945752121738263,1.4942408698846705,1.5113539992420937,1.519384807898867,1.5425807272842045,1.3814977297853959,1.494682463387601,1.461356580335782,1.5123880570121577,1.188327513352185,1.595915885915162,1.5160200194575193,1.5104251094300927,1.4441127435525498,1.4216678121354276,1.5793637507899072,1.5488628728439422,1.512639062330201,1.502479677288151,1.4883664156800727,1.5235382003992395,1.5148291351839256,1.6150201315657464,1.5152976125620672
164,1.65,1.750395705511826,1.704471027934482,0.8053929378708835,1.3213032073278772,1.5465890916988418,1.4743808991681695,1.5398295251801912,1.349363089119859,1.4962233082647995,1.3412094876521143,1.3619617022642059,1.4702330541165316,1.4807346730294237,1.4803375160285004,1.4981250944932043,1.5054013325133802,1.5301207101399226,1.3673950875569714,1.480970458825194,1.4413958541721366,1.4976338684846953,1.1733427335129707,1.5846063574636908,1.501838699055244,1.4971045247682817,1.4302602811801006,1.4074793175945617,1.5677102227259874,1.5355369626294941,1.499454653120564,1.488839750490773,1.4752925087690323,1.509384783131484,1.5001703206142518,1.5917418699169328,1.5014661550281427
165,1.64,1.7214932042155189,1.6942299132832184,0.7903818334581914,1.3064775248187424,1.5338622492134646,1.4600992274104398,1.5275628183920975,1.3349544947730179,1.4828723156883443,1.3261074417148395,1.347841206532955,1.4568484665157277,1.4668941338850217,1.4664341621723307,1.4848961897443151,1.4914178571278933,1.517660692995641,1.3532924453285466,1.467258454262787,1.421435128008491,1.482879679957233,1.1583579536737565,1.5732968290122193,1.4876573786529685,1.4837839401064707,1.4164078188076514,1.3932908230536962,1.5560566946620682,1.5222110524150463,1.4862702439109268,1.4751998236933952,1.462218601857992,1.4952313658637286,1.4855115060445787,1.5684636082681198,1.4876346974942183
166,1.43,1.1145406769930686,1.4791665056066827,0.475148640791653,0.995138192126908,1.2665985570205442,1.1601841204981218,1.2699619758421268,1.0323740134893584,1.2025014715827915,1.0089644770320674,1.0513107961766877,1.1757721268988452,1.1762428118525765,1.1744637311927622,1.2070891900176421,1.1977648740326678,1.2560003329657246,1.057136958531629,1.1793063584522396,1.0022598785719377,1.173041720880525,0.8436775770502574,1.3357967315313237,1.1898496502051883,1.2040516622084398,1.1255061089862162,1.0953324376955145,1.3113326053197583,1.2423669379116393,1.2093976505085486,1.18876136094846,1.1876665567261442,1.1980096032408627,1.1776764000814401,1.0796201136430457,1.1971740892818035
167,1.55,1.4613706925487548,1.602059881421846,0.6552818937439606,1.1730463822365276,1.4193206668450704,1.3315641815908752,1.417162457299253,1.2052771456514497,1.3627133825002504,1.190189028279366,1.2207567449516978,1.3363871781084924,1.3423292815854024,1.3413039774668014,1.3658360470043125,1.3655665786585112,1.4055205386971055,1.226368665272725,1.343850413201124,1.2417885925356826,1.3500919832100726,1.0234949351208285,1.4715110729489786,1.3600254950324915,1.3638986781501719,1.2917356574556078,1.265594372185904,1.4511749420867925,1.402277860485015,1.3676105610241935,1.3524404825169944,1.3445534396586287,1.367850610453929,1.3535821749175194,1.3589592534288026,1.3631515796888978
168,1.51,1.3457606873635264,1.5610954228167917,0.5952374760931916,1.1137436521999877,1.3684132969035616,1.2744374945599577,1.3680956301468776,1.147642768264086,1.3093094121944309,1.1297808445302664,1.1642747620266944,1.2828488277052768,1.286967125007794,1.2856905620421217,1.3129204280087556,1.3096326771165634,1.3556804701199785,1.1699580963590264,1.289002394951496,1.161945687881101,1.2910752291002237,0.9635558157639715,1.4262729591430936,1.3033002134233906,1.310616339502928,1.2363258079658106,1.2088403940224408,1.4045608298311143,1.3489742196272232,1.3148729241856454,1.297880775327483,1.2922578120144674,1.311236941382907,1.2949469166388263,1.2658462068335503,1.3078257495531997
169,1.49,1.2879556847709122,1.5406131935142644,0.5652152672678068,1.0840922871817178,1.3429596119328076,1.2458741510444986,1.3435622165706897,1.118825579570404,1.282607427041521,1.0995767526557167,1.1360337705641927,1.2560796525036688,1.2592860467189895,1.2578838543297817,1.2864626185109773,1.2816657263455895,1.3307604358314151,1.141752811902177,1.2615783858266818,1.1220242355538101,1.261566852045299,0.933586256085543,1.4036539022401513,1.2749375726188399,1.2839751701793058,1.2086208832209118,1.1804634049407092,1.3812537737032753,1.3223223991983273,1.288504105766371,1.2706009217327272,1.2661099981923865,1.282930106847396,1.26562928749948,1.2192896835359244,1.2801628344853506
170,1.54,1.4324681912524475,1.5918187667705823,0.6402707893312685,1.1582206997273925,1.4065938243596932,1.3172825098331458,1.404895750511159,1.190868551304609,1.3493623899237956,1.175086982342091,1.206636249220447,1.3230025905076885,1.3284887424410003,1.3274006236106315,1.3526071422554233,1.3515831032730241,1.3930605215528238,1.2122660230443003,1.330138408638717,1.2218278663720372,1.3353377946826104,1.008510155281614,1.4602015444975074,1.345844174630216,1.3505780934883609,1.2778831950831584,1.2514058776450383,1.439521414022873,1.388951950270567,1.3544261518145564,1.3388005557196165,1.3314795327475883,1.3536971931861734,1.338923360347846,1.3356809917799894,1.349320122154973
171,1.59,1.5769806977339833,1.6430243400269005,0.7153263113947297,1.2323491122730674,1.4702280367865788,1.388690868621793,1.4662292844516283,1.2629115230388135,1.41611735280607,1.2505972120284652,1.277238727876701,1.389925528511708,1.397691438163011,1.396917392891481,1.4187516659998691,1.421500480200459,1.4553606072742324,1.2827792341864235,1.398698431450752,1.321631497190264,1.4091087373199216,1.0834340544776853,1.5167491867548635,1.4167507766415923,1.4171810167974157,1.347145506945405,1.3223483503493672,1.4977890543424706,1.4555815013428064,1.420348197862742,1.4070001897065056,1.39684906730279,1.4244642795249511,1.4122174331962125,1.4520723000240547,1.4184774098245958
172,1.64,1.7214932042155189,1.6942299132832184,0.7903818334581914,1.3064775248187424,1.5338622492134646,1.4600992274104398,1.5275628183920975,1.3349544947730179,1.4828723156883443,1.3261074417148395,1.347841206532955,1.4568484665157277,1.4668941338850217,1.4664341621723307,1.4848961897443151,1.4914178571278933,1.517660692995641,1.3532924453285466,1.467258454262787,1.421435128008491,1.482879679957233,1.1583579536737565,1.5732968290122193,1.4876573786529685,1.4837839401064707,1.4164078188076514,1.3932908230536962,1.5560566946620682,1.5222110524150463,1.4862702439109268,1.4751998236933952,1.462218601857992,1.4952313658637286,1.4855115060445787,1.5684636082681198,1.4876346974942183
173,1.61,1.6347857003265984,1.6635065693294278,0.7453485202201144,1.2620004772913376,1.4956817217573333,1.417254212137252,1.4907626980278161,1.2917287117324954,1.44281933795898,1.2808013039030155,1.305479719339203,1.4166947037133162,1.4253725164518154,1.4247241006038212,1.4452094754976477,1.4494674309714328,1.480280641562796,1.310984518643273,1.4261224405755661,1.3615529495175551,1.4386171143748465,1.1134036141561139,1.5393682436578062,1.445113417446143,1.443822186121038,1.3748504316903036,1.350725339431099,1.5210961104703096,1.4822333217717027,1.4467170162820158,1.434280043301262,1.4229968811248712,1.4527711140604624,1.4415350623355594,1.4986288233216811,1.446140324892445
174,1.64,1.7214932042155189,1.6942299132832184,0.7903818334581914,1.3064775248187424,1.5338622492134646,1.4600992274104398,1.5275628183920975,1.3349544947730179,1.4828723156883443,1.3261074417148395,1.347841206532955,1.4568484665157277,1.4668941338850217,1.4664341621723307,1.4848961897443151,1.4914178571278933,1.517660692995641,1.3532924453285466,1.467258454262787,1.421435128008491,1.482879679957233,1.1583579536737565,1.5732968290122193,1.4876573786529685,1.4837839401064707,1.4164078188076514,1.3932908230536962,1.5560566946620682,1.5222110524150463,1.4862702439109268,1.4751998236933952,1.462218601857992,1.4952313658637286,1.4855115060445787,1.5684636082681198,1.4876346974942183
175,1.53,1.4035656899561406,1.581577652119319,0.6252596849185763,1.1433950172182579,1.3938669818743161,1.3030008380754166,1.3926290437230653,1.176459956957768,1.3360113973473409,1.1599849364048163,1.1925157534891961,1.309618002906885,1.3146482032965983,1.3134972697544616,1.3393782375065342,1.3375996278875373,1.380600504408542,1.1981633808158758,1.31642640407631,1.201867140208392,1.3205836061551484,0.9935253754424002,1.4488920160460361,1.3316628542279412,1.33725750882655,1.2640307327107092,1.2372173831041726,1.4278678859589533,1.375626040056119,1.3412417426049195,1.3251606289222386,1.3184056258365482,1.3395437759184181,1.324264545778173,1.3124027301311765,1.3354886646210486
176,1.42,1.0856381756967617,1.4689253909554192,0.4601375363789608,0.980312509617773,1.2538717145351672,1.1459024487403926,1.2576952690540328,1.0179654191425176,1.1891504790063367,0.9938624310947926,1.0371903004454368,1.1623875392980416,1.1624022727081746,1.1605603773365925,1.193860285268753,1.183781398647181,1.2435403158214429,1.0430343163032045,1.1655943538898328,0.9822991524082922,1.158287532353063,0.8286927972110432,1.3244872030798525,1.1756683298029131,1.1907310775466289,1.1116536466137668,1.0811439431546486,1.2996790772558386,1.2290410276971917,1.1962132412989117,1.175121434151082,1.1745926498151038,1.1838561859731072,1.163017585511767,1.056341851994233,1.183342631747879
177,1.5033333333333332,1.326492353165988,1.5542680130492823,0.5852300731513962,1.1038598638605643,1.3599287352466434,1.2649163800548044,1.3599178256214814,1.138037038699525,1.300408750476794,1.1197128139054162,1.1548610982058602,1.2739257693047406,1.2777400989115257,1.2764216594713416,1.3041011581761626,1.3003103601929054,1.3473737920237907,1.1605563348734096,1.2798610585765577,1.1486385371053371,1.2812391034152486,0.9535659625378283,1.4187332735087792,1.2938459998218734,1.301735949728387,1.227090833050844,1.1993813976618635,1.3967918111218345,1.3400902794842575,1.3060833180458868,1.2887874907958974,1.2835418740737734,1.3018013298710698,1.2851743735923773,1.2503273657343417,1.2986047778639165
178,1.586666666666667,1.5673465306352146,1.639610635143146,0.7103226099238324,1.227407218103356,1.46598575595812,1.3839303113692165,1.4621403821889305,1.2581086582565333,1.411667021947252,1.2455631967160405,1.2725318959662841,1.3854639993114404,1.393077925114877,1.3922829416060913,1.414342031083573,1.41683932173863,1.4512072682261388,1.2780783534436155,1.3941277632632831,1.3149779218023825,1.4041906744774344,1.078439127864614,1.5129793439377066,1.4120236698408342,1.4127408219101456,1.342528019487922,1.3176188521690788,1.4939045449878308,1.451139531271324,1.4159533947928629,1.4024535474407136,1.3924910983324437,1.4197464737690326,1.4073311616729884,1.4443128794744506,1.4138669239799544
179,1.67,1.808200708104441,1.7249532572370092,0.8354151466962683,1.3509545723461471,1.5720427766695964,1.5029442426836284,1.564362938756379,1.378180277813541,1.522925293417709,1.3714135795266644,1.3902026937267078,1.4970022293181393,1.5084157513182281,1.5081442237408407,1.5245829039909826,1.5333682832843543,1.5550407444284864,1.3956003720138208,1.508394467950008,1.4813173064994274,1.52714224553962,1.2033122931913993,1.6072254143666334,1.5302013398597945,1.5237456940919039,1.4579652059249995,1.4358563066762937,1.5910172788538266,1.56218878305839,1.525823471539838,1.5161196040855287,1.501440322591113,1.537691617666995,1.5294879497535987,1.6382983932145594,1.5291290700959919
180,1.76,2.068323219771205,1.817123289098382,0.970515086410499,1.484385714928362,1.6865843590379908,1.6314792885031935,1.6747632998492237,1.5078576269351096,1.6430842266058034,1.5073319929621385,1.5172871553079657,1.6174635177253749,1.6329806036178476,1.6332744084463697,1.6436430467309855,1.6592195617537366,1.667180898727022,1.5225241520696424,1.631802509011671,1.6609638419722361,1.6599299422867806,1.3381753117443274,1.7090111704298745,1.657833223480272,1.6436309560482028,1.582637367277043,1.563552757544086,1.6958990314291023,1.6821219749884215,1.6444831544265717,1.6388789452619297,1.6191054847904764,1.665072373076795,1.661417280880658,1.8478027480538768,1.6536121879013126
181,1.69,1.8660057106970556,1.7454354865395365,0.8654373555216526,1.380605937364417,1.5974964616403504,1.5315075861990874,1.5888963523325668,1.4069974665072227,1.549627278570619,1.401617671401214,1.4184436851892095,1.5237714045197475,1.5360968296070325,1.5359509314531805,1.551040713488761,1.5613352340553281,1.5799607787170498,1.42380565647067,1.535818477074822,1.5212387588267184,1.5566506225945447,1.2332818528698277,1.6298444712695757,1.558563980664345,1.5503868634155258,1.4856701306698978,1.4642332957580253,1.6143243349816656,1.588840603487286,1.552192289959112,1.5433994576802845,1.5275881364131938,1.5659984522025063,1.5588055788929454,1.6848549165121853,1.5567919851638408
182,1.58,1.548078196437677,1.632783225375637,0.7003152069820375,1.2175234297639326,1.457501194301202,1.3744091968640637,1.4539625776635345,1.2485029286919729,1.4027663602296152,1.2354951660911906,1.2631182321454504,1.3765409409109044,1.3838508990186091,1.3830140390353112,1.4055227612509802,1.4075170048149719,1.442900590129951,1.268676591957999,1.3849864268883452,1.301670771026619,1.3943545487924598,1.0684492746384713,1.5054396583033922,1.4025694562393174,1.403860432135605,1.3332930445729558,1.3081598558085017,1.4861355262785512,1.4422555911283588,1.4071637886531048,1.3933602629091282,1.38377516039175,1.4103108622571956,1.3975586186265394,1.4287940383752422,1.4046459522906714
183,1.6125,1.6420113256506743,1.6660668479922436,0.7491012963232877,1.2657068979186212,1.4988634323786778,1.4208246300766842,1.4938293747248395,1.2953308603192055,1.4461570861030937,1.2845768153873338,1.3090098432720154,1.4200408506135171,1.428832651237916,1.4281999390678635,1.44851670168487,1.4529632998178044,1.4833956458488664,1.3145101792003788,1.4295504417161677,1.3665431310584664,1.4423056615067118,1.1171498091159173,1.5421956257706737,1.4486587475467116,1.4471523322864908,1.3783135472834158,1.3542724630663154,1.5240094924862895,1.4855647993253145,1.4500131185844252,1.437690025000606,1.426265357852631,1.456309468377401,1.4451997659779774,1.504448388733884,1.449598189275926
184,1.645,1.7359444548636729,1.6993504706088505,0.7978873856645374,1.3138903660733097,1.5402256704561537,1.4672400632893048,1.5336961717861444,1.3421587919464386,1.4895478119765722,1.3336584646834773,1.354901454398581,1.46354076031613,1.473814403457223,1.4733858391004158,1.4915106421187598,1.498409594820637,1.523890701567782,1.3603437664427591,1.4741144565439908,1.4314154910903136,1.4902567742209645,1.1658503435933636,1.5789515932379552,1.4947480388541066,1.4904442324373763,1.423334049993876,1.4003850703241292,1.5618834586940278,1.5288740075222704,1.4928624485157456,1.4820197870920842,1.4687555553135123,1.5023080744976065,1.4928409133294154,1.5801027390925264,1.4945504262611806
185,1.6775,1.8298775840766712,1.7326340932254571,0.8466734750057872,1.3620738342279983,1.581587908533629,1.5136554965019255,1.5735629688474493,1.3889867235736717,1.5329385378500504,1.3827401139796205,1.400793065525146,1.5070406700187426,1.5187961556765297,1.5185717391329678,1.5345045825526498,1.5438558898234693,1.5643857572866975,1.4061773536851392,1.518678471371813,1.4962878511221613,1.5382078869352167,1.2145508780708099,1.6157075607052367,1.540837330161501,1.5337361325882621,1.4683545527043362,1.446497677581943,1.5997574249017663,1.572183215719226,1.535711778447066,1.5263495491835624,1.5112457527743934,1.548306680617812,1.5404820606808536,1.6557570894511693,1.539502663246435
186,1.71,1.9238107132896696,1.7659177158420638,0.8954595643470373,1.410257302382687,1.6229501466111047,1.5600709297145463,1.6134297659087546,1.4358146552009048,1.576329263723529,1.431821763275764,1.4466846766517112,1.550540579721355,1.563777907895837,1.5637576391655204,1.5774985229865395,1.589302184826302,1.6048808130056134,1.4520109409275193,1.563242486199636,1.561160211154009,1.586158999649469,1.2632514125482563,1.6524635281725182,1.5869266214688955,1.5770280327391477,1.5133750554147964,1.4926102848397567,1.6376313911095046,1.6154924239161819,1.5785611083783864,1.5706793112750403,1.5537359502352746,1.5943052867380174,1.5881232080322918,1.7314114398098115,1.58445490023169
187,1.76,2.068323219771205,1.817123289098382,0.970515086410499,1.484385714928362,1.6865843590379908,1.6314792885031935,1.6747632998492237,1.5078576269351096,1.6430842266058034,1.5073319929621385,1.5172871553079657,1.6174635177253749,1.6329806036178476,1.6332744084463697,1.6436430467309855,1.6592195617537366,1.667180898727022,1.5225241520696424,1.631802509011671,1.6609638419722361,1.6599299422867806,1.3381753117443274,1.7090111704298745,1.657833223480272,1.6436309560482028,1.582637367277043,1.563552757544086,1.6958990314291023,1.6821219749884215,1.6444831544265717,1.6388789452619297,1.6191054847904764,1.665072373076795,1.661417280880658,1.8478027480538768,1.6536121879013126
188,1.78,2.1261282223638203,1.837605518400909,1.0005372952358833,1.5140370799466318,1.712038044008745,1.6600426320186523,1.6992967134254116,1.5366748156287913,1.6697862117587134,1.5375360848366881,1.5455281467704673,1.6442326929269826,1.660661681906652,1.6610811161587096,1.6701008562287638,1.6871865125247103,1.6921009330155856,1.5507294365264919,1.6592265181364851,1.7008852942995272,1.689438319341705,1.3681448714227558,1.731630227332817,1.6861958642848225,1.6702721253718247,1.610342292021942,1.5919297466258175,1.7192060875569415,1.7087737954173174,1.6708519728458455,1.6661587988566855,1.6452532986125572,1.6933792076123062,1.6907349100200046,1.8943592713515036,1.6812751029691617
189,1.88,2.4151532353268914,1.940016664913545,1.1506483393628062,1.6622939050379812,1.8393064688625165,1.8028593495959466,1.8219637813063496,1.6807607590972005,1.8032961375232623,1.6885565442094366,1.6867331040829754,1.7780785689350216,1.7990670733506735,1.800114654720409,1.8023899037176556,1.8270212663795795,1.8167011044584025,1.6917558588107382,1.7963465637605551,1.9004925559359809,1.8369802046163277,1.5179926698148982,1.8447255118475292,1.828009068307575,1.8034779719899348,1.7488669157464347,1.7338146920344752,1.8357413681961363,1.8420328975617968,1.8026960649422161,1.802558066830464,1.7759923677229608,1.8349133802898614,1.8373230557167375,2.1271418878396338,1.8195896783084067
190,1.79,2.1550307236601274,1.8478466330521728,1.015548399648576,1.528862762455767,1.7247648864941223,1.6743243037763818,1.7115634202135053,1.5510834099756323,1.6831372043351682,1.5526381307739632,1.5596486425017182,1.6576172805277867,1.6745022210510543,1.6749844700148797,1.6833297609776532,1.7011699879101976,1.7045609501598673,1.5648320787549166,1.6729385226988924,1.7208460204631728,1.7041925078691675,1.3831296512619702,1.7429397557842883,1.7003771846870976,1.6835927100336359,1.624194754394391,1.6061182411666834,1.730859615620861,1.7220997056317655,1.6840363820554827,1.6797987256540634,1.6583272055235976,1.7075326248800617,1.7053937245896782,1.9176375330003168,1.6951065605030862
191,1.7766666666666666,2.11649405526505,1.8341918135171544,0.995533593764986,1.50909518577692,1.707795763180286,1.6552820747660757,1.6952078111627134,1.5318719508465108,1.6653358808998948,1.5325020695242628,1.5408213148600503,1.6397711637267145,1.6560481688585176,1.6564466648733198,1.6656912213124673,1.6825253540628813,1.6879475939674913,1.5460285557836833,1.654655849949016,1.694231718911645,1.6845202564992174,1.3631499448096844,1.7278603845156597,1.6814687574840639,1.6658319304845544,1.6057248045644585,1.5872002484455288,1.7153215782023017,1.7043318253458348,1.6664571697759665,1.6616121565908926,1.6408953296422104,1.6886614018563875,1.6858486384967803,1.8865998508018982,1.67666461712452
192,1.7633333333333334,2.0779573868699748,1.8205369939821363,0.9755187878813962,1.4893276090980736,1.6908266398664498,1.6362398457557699,1.6788522021119217,1.5126604917173898,1.6475345574646219,1.5123660082745634,1.5219939872183823,1.6219250469256428,1.6375941166659818,1.63790885973176,1.648052681647282,1.6638807202155657,1.671334237775116,1.5272250328124508,1.63637317719914,1.6676174173601181,1.664848005129268,1.343170238357399,1.7127810132470316,1.6625603302810301,1.6480711509354733,1.5872548547345264,1.5682822557243745,1.6997835407837423,1.6865639450599041,1.6488779574964507,1.6434255875277222,1.6234634537608232,1.6697901788327136,1.6663035524038825,1.8555621686034816,1.658222673745954
193,1.75,2.039420718474898,1.8068821744471184,0.9555039819978064,1.4695600324192268,1.6738575165526137,1.617197616745464,1.66249659306113,1.4934490325882683,1.6297332340293484,1.4922299470248634,1.5031666595767146,1.6040789301245706,1.6191400644734455,1.6193710545902,1.6304141419820963,1.6452360863682496,1.65472088158274,1.508421509841218,1.6180905044492642,1.6410031158085907,1.645175753759318,1.3231905319051132,1.6977016419784032,1.6436519030779968,1.630310371386392,1.5687849049045939,1.54936426300322,1.6842455033651829,1.6687960647739737,1.6312987452169345,1.6252390184645518,1.606031577879436,1.6509189558090394,1.6467584663109849,1.8245244864050638,1.6397807303673881
194,1.74,2.010518217178591,1.7966410597958546,0.9404928775851142,1.4547343499100918,1.6611306740672365,1.6029159449877346,1.650229886273036,1.4790404382414275,1.6163822414528937,1.4771279010875884,1.489046163845464,1.590694342523767,1.6052995253290434,1.60546770073403,1.6171852372332072,1.6312526109827625,1.6422608644384584,1.4943188676127932,1.6043784998868569,1.621042389644945,1.630421565231856,1.308205752065899,1.686392113526932,1.6294705826757214,1.6169897867245808,1.5549324425321445,1.5351757684623542,1.6725919753012635,1.6554701545595258,1.6181143360072974,1.6115990916671739,1.5929576709683957,1.636765538541284,1.6320996517413118,1.8012462247562508,1.6259492728334637
195,1.76,2.068323219771205,1.817123289098382,0.970515086410499,1.484385714928362,1.6865843590379908,1.6314792885031935,1.6747632998492237,1.5078576269351096,1.6430842266058034,1.5073319929621385,1.5172871553079657,1.6174635177253749,1.6329806036178476,1.6332744084463697,1.6436430467309855,1.6592195617537366,1.667180898727022,1.5225241520696424,1.631802509011671,1.6609638419722361,1.6599299422867806,1.3381753117443274,1.7090111704298745,1.657833223480272,1.6436309560482028,1.582637367277043,1.563552757544086,1.6958990314291023,1.6821219749884215,1.6444831544265717,1.6388789452619297,1.6191054847904764,1.665072373076795,1.661417280880658,1.8478027480538768,1.6536121879013126
196,1.79,2.1550307236601274,1.8478466330521728,1.015548399648576,1.528862762455767,1.7247648864941223,1.6743243037763818,1.7115634202135053,1.5510834099756323,1.6831372043351682,1.5526381307739632,1.5596486425017182,1.6576172805277867,1.6745022210510543,1.6749844700148797,1.6833297609776532,1.7011699879101976,1.7045609501598673,1.5648320787549166,1.6729385226988924,1.7208460204631728,1.7041925078691675,1.3831296512619702,1.7429397557842883,1.7003771846870976,1.6835927100336359,1.624194754394391,1.6061182411666834,1.730859615620861,1.7220997056317655,1.6840363820554827,1.6797987256540634,1.6583272055235976,1.7075326248800617,1.7053937245896782,1.9176375330003168,1.6951065605030862
197,1.79,2.1550307236601274,1.8478466330521728,1.015548399648576,1.528862762455767,1.7247648864941223,1.6743243037763818,1.7115634202135053,1.5510834099756323,1.6831372043351682,1.5526381307739632,1.5596486425017182,1.6576172805277867,1.6745022210510543,1.6749844700148797,1.6833297609776532,1.7011699879101976,1.7045609501598673,1.5648320787549166,1.6729385226988924,1.7208460204631728,1.7041925078691675,1.3831296512619702,1.7429397557842883,1.7003771846870976,1.6835927100336359,1.624194754394391,1.6061182411666834,1.730859615620861,1.7220997056317655,1.6840363820554827,1.6797987256540634,1.6583272055235976,1.7075326248800617,1.7053937245896782,1.9176375330003168,1.6951065605030862
198,1.7633333333333334,2.0779573868699748,1.8205369939821363,0.9755187878813962,1.4893276090980736,1.6908266398664498,1.6362398457557699,1.6788522021119217,1.5126604917173898,1.6475345574646219,1.5123660082745634,1.5219939872183823,1.6219250469256428,1.6375941166659818,1.63790885973176,1.648052681647282,1.6638807202155657,1.671334237775116,1.5272250328124508,1.63637317719914,1.6676174173601181,1.664848005129268,1.343170238357399,1.7127810132470316,1.6625603302810301,1.6480711509354733,1.5872548547345264,1.5682822557243745,1.6997835407837423,1.6865639450599041,1.6488779574964507,1.6434255875277222,1.6234634537608232,1.6697901788327136,1.6663035524038825,1.8555621686034816,1.658222673745954
199,1.7366666666666666,2.000884050079822,1.7932273549121,0.9354891761142166,1.44979245574038,1.6568883932387772,1.598155387735158,1.646140984010338,1.4742375734591473,1.6119319105940755,1.4720938857751635,1.4843393319350469,1.5862328133234989,1.6006860122809092,1.6008332494486401,1.6127756023169106,1.6265914525209337,1.6381075253903645,1.4896179868699848,1.599807831699388,1.6143888142570637,1.6255035023893685,1.3032108254528274,1.6826222707097749,1.6247434758749628,1.6125495918373105,1.550314955074661,1.5304462702820656,1.6687074659466234,1.6510281844880432,1.6137195329374183,1.6070524494013811,1.588599701998049,1.6320477327853653,1.6272133802180873,1.7934868042066463,1.621338786988822
200,1.71,1.9238107132896696,1.7659177158420638,0.8954595643470373,1.410257302382687,1.6229501466111047,1.5600709297145463,1.6134297659087546,1.4358146552009048,1.576329263723529,1.431821763275764,1.4466846766517112,1.550540579721355,1.563777907895837,1.5637576391655204,1.5774985229865395,1.589302184826302,1.6048808130056134,1.4520109409275193,1.563242486199636,1.561160211154009,1.586158999649469,1.2632514125482563,1.6524635281725182,1.5869266214688955,1.5770280327391477,1.5133750554147964,1.4926102848397567,1.6376313911095046,1.6154924239161819,1.5785611083783864,1.5706793112750403,1.5537359502352746,1.5943052867380174,1.5881232080322918,1.7314114398098115,1.58445490023169
201,1.66,1.779298206808134,1.7147121425857457,0.8204040422835757,1.3361288898370123,1.559315934184219,1.4886625709258992,1.5520962319682852,1.3637716834667,1.5095743008412543,1.3563115335893894,1.376082197995457,1.4836176417173355,1.4945752121738263,1.4942408698846705,1.5113539992420937,1.519384807898867,1.5425807272842045,1.3814977297853959,1.494682463387601,1.461356580335782,1.5123880570121577,1.188327513352185,1.595915885915162,1.5160200194575193,1.5104251094300927,1.4441127435525498,1.4216678121354276,1.5793637507899072,1.5488628728439422,1.512639062330201,1.502479677288151,1.4883664156800727,1.5235382003992395,1.5148291351839256,1.6150201315657464,1.5152976125620672
202,1.69,1.8660057106970556,1.7454354865395365,0.8654373555216526,1.380605937364417,1.5974964616403504,1.5315075861990874,1.5888963523325668,1.4069974665072227,1.549627278570619,1.401617671401214,1.4184436851892095,1.5237714045197475,1.5360968296070325,1.5359509314531805,1.551040713488761,1.5613352340553281,1.5799607787170498,1.42380565647067,1.535818477074822,1.5212387588267184,1.5566506225945447,1.2332818528698277,1.6298444712695757,1.558563980664345,1.5503868634155258,1.4856701306698978,1.4642332957580253,1.6143243349816656,1.588840603487286,1.552192289959112,1.5433994576802845,1.5275881364131938,1.5659984522025063,1.5588055788929454,1.6848549165121853,1.5567919851638408
203,1.75,2.039420718474898,1.8068821744471184,0.9555039819978064,1.4695600324192268,1.6738575165526137,1.617197616745464,1.66249659306113,1.4934490325882683,1.6297332340293484,1.4922299470248634,1.5031666595767146,1.6040789301245706,1.6191400644734455,1.6193710545902,1.6304141419820963,1.6452360863682496,1.65472088158274,1.508421509841218,1.6180905044492642,1.6410031158085907,1.645175753759318,1.3231905319051132,1.6977016419784032,1.6436519030779968,1.630310371386392,1.5687849049045939,1.54936426300322,1.6842455033651829,1.6687960647739737,1.6312987452169345,1.6252390184645518,1.606031577879436,1.6509189558090394,1.6467584663109849,1.8245244864050638,1.6397807303673881
204,1.77,2.097225721067513,1.8273644037496453,0.9855261908231912,1.499211397437497,1.699311201523368,1.645760960260923,1.6870300066373176,1.5222662212819502,1.6564352191822584,1.522434038899413,1.5314076510392165,1.6308481053261787,1.6468211427622497,1.6471777623025399,1.6568719514798746,1.6732030371392235,1.6796409158713037,1.5366267942980671,1.6455145135740783,1.680924568135882,1.6746841308142428,1.3531600915835418,1.7203206988813458,1.6720145438825473,1.656951540710014,1.5964898296494923,1.5777412520849516,1.7075525594930219,1.6954478852028698,1.6576675636362084,1.6525188720593076,1.6321793917015168,1.6792257903445504,1.6760760954503313,1.8710810097026904,1.6674436454352373
205,1.7966666666666666,2.174299057857665,1.8546740428196815,1.0255558025903704,1.5387465507951896,1.73324944815104,1.6838454182815346,1.719741224738901,1.5606891395401927,1.6920378660528046,1.5627061613988127,1.5690623063225517,1.6665403389283222,1.6837292471473222,1.6842533725856592,1.6921490308102456,1.7104923048338552,1.7128676282560549,1.5742338402405327,1.6820798590738302,1.7341531712389355,1.714028633554142,1.3931195044881128,1.7504794414186022,1.7098313982886142,1.6924730998081765,1.6334297293093571,1.6155772375272603,1.7386286343301407,1.7309836457747303,1.6928259881952405,1.6888920101856484,1.6670431434642912,1.7169682363918986,1.7151662676361268,1.9331563740995246,1.704327532192369
206,1.8233333333333333,2.2513723946478184,1.8819836818897184,1.06558541435755,1.5782817041528836,1.767187694778713,1.7219298763021467,1.7524524428404848,1.5991120577984355,1.7276405129233512,1.6029782838982127,1.6067169616058876,1.7022325725304666,1.7206373515323947,1.7213289828687794,1.727426110140617,1.7477815725284875,1.7460943406408063,1.611840886182999,1.7186452045735825,1.7873817743419909,1.7533731362940417,1.4330789173926846,1.7806381839558592,1.7476482526946822,1.7279946589063393,1.670369628969222,1.6534132229695695,1.7697047091672593,1.7665194063465923,1.7279844127542732,1.7252651483119896,1.7019068952270655,1.754710682439247,1.7542564398219225,1.99523173849636,1.7412114189495014
207,1.85,2.32844573143797,1.9092933209597545,1.1056150261247295,1.6178168575105767,1.8011259414063852,1.7600143343227583,1.7851636609420682,1.6375349760566782,1.7632431597938978,1.643250406397612,1.6443716168892233,1.7379248061326102,1.7575454559174672,1.7584045931518992,1.7627031894709884,1.785070840223119,1.7793210530255577,1.6494479321254643,1.7552105500733342,1.8406103774450446,1.792717639033941,1.4730383302972556,1.8107969264931154,1.7854651071007492,1.7635162180045019,1.707309528629087,1.691249208411878,1.8007807840043784,1.8020551669184532,1.7631428373133051,1.7616382864383306,1.7367706469898399,1.7924531284865948,1.793346612007718,2.0573071028931946,1.7780953057066333
208,1.83,2.270640728845356,1.8888110916572272,1.075592817299345,1.5881654924923065,1.775672256435631,1.7314509908072995,1.7606302473658808,1.6087177873629959,1.7365411746409878,1.6130463145230625,1.6161306254267214,1.7111556309310023,1.7298643776286626,1.7305978854395594,1.73624537997321,1.7571038894521451,1.7544010187369943,1.6212426476686153,1.7277865409485202,1.8006889251177542,1.7632092619790163,1.4430687706188272,1.7881778695901733,1.7571024662961987,1.7368750486808797,1.6796046038841883,1.6628722193301466,1.7774737278765391,1.7754033464895573,1.736774018894031,1.734358432843575,1.710622833167759,1.764146293951084,1.764028982868371,2.0107505795955687,1.750432390638784
209,1.77,2.097225721067513,1.8273644037496453,0.9855261908231912,1.499211397437497,1.699311201523368,1.645760960260923,1.6870300066373176,1.5222662212819502,1.6564352191822584,1.522434038899413,1.5314076510392165,1.6308481053261787,1.6468211427622497,1.6471777623025399,1.6568719514798746,1.6732030371392235,1.6796409158713037,1.5366267942980671,1.6455145135740783,1.680924568135882,1.6746841308142428,1.3531600915835418,1.7203206988813458,1.6720145438825473,1.656951540710014,1.5964898296494923,1.5777412520849516,1.7075525594930219,1.6954478852028698,1.6576675636362084,1.6525188720593076,1.6321793917015168,1.6792257903445504,1.6760760954503313,1.8710810097026904,1.6674436454352373
210,1.81,2.2128357262527416,1.8683288623547,1.0455706084739602,1.5585141274740368,1.7502185714648766,1.7028876472918406,1.7360968337896932,1.5799005986693142,1.7098391894880782,1.5828422226485128,1.5878896339642197,1.6843864557293946,1.7021832993398585,1.7027911777272196,1.7097875704754315,1.7291369386811715,1.729480984448431,1.5930373632117658,1.7003625318237061,1.7607674727904634,1.733700884924092,1.4130992109403986,1.7655588126872308,1.7287398254916482,1.7102338793572578,1.6518996791392897,1.6344952302484148,1.7541666717487001,1.7487515260606616,1.710405200474757,1.707078579248819,1.6844750193456783,1.7358394594155728,1.7347113537290249,1.9641940562979423,1.7227694755709353
211,1.83,2.270640728845356,1.8888110916572272,1.075592817299345,1.5881654924923065,1.775672256435631,1.7314509908072995,1.7606302473658808,1.6087177873629959,1.7365411746409878,1.6130463145230625,1.6161306254267214,1.7111556309310023,1.7298643776286626,1.7305978854395594,1.73624537997321,1.7571038894521451,1.7544010187369943,1.6212426476686153,1.7277865409485202,1.8006889251177542,1.7632092619790163,1.4430687706188272,1.7881778695901733,1.7571024662961987,1.7368750486808797,1.6796046038841883,1.6628722193301466,1.7774737278765391,1.7754033464895573,1.736774018894031,1.734358432843575,1.710622833167759,1.764146293951084,1.764028982868371,2.0107505795955687,1.750432390638784
212,1.87,2.386250734030585,1.929775550262281,1.135637234950114,1.6474682225288464,1.8265796263771394,1.7885776778382172,1.809697074518256,1.6663521647503599,1.7899451449468076,1.673454498272162,1.672612608351725,1.7646939813342177,1.7852265342062714,1.786211300864239,1.7891609989687667,1.813037790994093,1.804241087314121,1.6776532165823137,1.7826345591981483,1.8805318297723357,1.8222260160888655,1.503007889975684,1.8334159833960582,1.8138277479052998,1.790157387328124,1.7350144533739853,1.7196261974936098,1.8240878401322171,1.828706987347349,1.7895116557325794,1.7889181400330862,1.7629184608119206,1.8207599630221056,1.8226642411470642,2.103863626190821,1.8057582207744822
213,1.91,2.5018607392158128,1.970740008867336,1.195681652600883,1.7067709525653862,1.8774869963186482,1.845704364869135,1.8587639016706312,1.7239865421377234,1.843349115252627,1.7338626820212615,1.729094591276728,1.8182323317374336,1.8405886907838798,1.8418247162889188,1.8420766179643233,1.8689716925360402,1.854081155891248,1.734063785496012,1.8374825774477763,1.9603747344269171,1.8812427701987144,1.562947009332541,1.878654097201943,1.8705530295144008,1.8434397259753676,1.7904243028637827,1.7763801756570725,1.8707019523878952,1.8820106282051408,1.8422492925711271,1.8434778472225977,1.8152140884560821,1.877373632093128,1.8812994994257575,2.196976672786073,1.8610840509101803
214,1.95,2.617470744401042,2.0117044674723905,1.2557260702516522,1.766073682601926,1.9283943662601568,1.9028310519000526,1.9078307288230067,1.7816209195250874,1.8967530855584467,1.7942708657703608,1.7855765742017315,1.8717706821406495,1.8959508473614886,1.8974381317135984,1.89499223695988,1.9249055940779884,1.903921224468375,1.790474354409711,1.8923305956974044,2.040217639081499,1.9402595243085636,1.6228861286893979,1.923892211007828,1.927278311123502,1.8967220646226117,1.8458341523535797,1.8331341538205361,1.9173160646435732,1.9353142690629326,1.8949869294096755,1.898037554412109,1.8675097161002436,1.93398730116415,1.9399347577044503,2.2900897193813257,1.9164098810458783
215,2.07,2.9643007599567275,2.1345978432875534,1.4358593232039598,1.9439818727115459,2.0811164760846825,2.074211112992806,2.0550312102801325,1.9545240516871782,2.056964996475905,1.9754954170176595,1.9550225229767415,2.032385733350296,2.062037317094314,2.0642783779876375,2.0537390939465503,2.0927072987038313,2.0534414301997557,1.9597060611508064,2.0568746504462885,2.2797463530452435,2.1173097866381108,1.8027034867599687,2.0596065524254827,2.0974541559508046,2.0565690805643437,2.012063700822971,2.0033960883109256,2.0571584014106072,2.0952251916363074,2.05319983992532,2.0617166759806436,2.0243965990327277,2.1038283083772162,2.1158405325405294,2.5694288591670813,2.082387371452972
216,2.23,3.426740780697642,2.298455677707772,1.6760369938070363,2.181192792857705,2.2847459558507173,2.302717861116477,2.2512985188896346,2.1850615612366333,2.2705808776991843,2.217128152014057,2.180950454676755,2.246539134963159,2.2834859434047488,2.286732039686356,2.2654015699287777,2.3164429048716224,2.2528017045082636,2.1853483368056006,2.2762667234448006,2.59911797166357,2.3533768030775075,2.0424599641873966,2.2405590076490225,2.324355282387209,2.2696984351533196,2.2337030987821604,2.2304120009647783,2.2436148504333198,2.3084397550674747,2.2641503872795132,2.2799555047386892,2.233579109609374,2.330282984661305,2.350381565655302,2.941881045548091,2.3036906919957647
217,2.26,3.513448284586564,2.329179021661562,1.721070307045113,2.22566984038511,2.3229264833068486,2.345562876389665,2.2880986392539158,2.228287344277156,2.310633855428548,2.262434289825882,2.2233119418705076,2.2866928977655707,2.325007560837955,2.3284421012548657,2.3050882841754445,2.3583933310280827,2.2901817559411084,2.227656263490875,2.3174027371320216,2.659000150154506,2.397639368659894,2.0874143037050388,2.2744875930034363,2.3668992435940344,2.3096601891387527,2.275260485899508,2.2729774845873756,2.278575434625078,2.348417485710818,2.3037036149084242,2.320875285130823,2.272800830342495,2.372743236464571,2.3943580093643213,3.01171583049453,2.3451850645975383
218,2.15,3.1955207703271853,2.2165267604976626,1.555948158505498,2.0625873327846254,2.1829312159677,2.1884644870546412,2.153164864584884,2.0697928064619058,2.1637729370875443,2.0963117845158585,2.0679864888267483,2.1394624341567274,2.1727616302495316,2.175505208836997,2.159570331937664,2.204575101787727,2.1531215673540096,2.0725271989782037,2.1665706869455446,2.439432162354407,2.235343294857809,1.9225817254736826,2.150082780037253,2.2109047191690068,2.163133757858832,2.122883399802566,2.116904044637852,2.1503866259219637,2.2018324733518915,2.1586751136024165,2.1708360903596664,2.1289878543210508,2.2170556465192606,2.233111049097916,2.7556549523575864,2.1930390317243686
219,2.16,3.2244232716234933,2.2267678751489264,1.5709592629181903,2.077413015293761,2.1956580584530774,2.202746158812371,2.1654315713729777,2.084201400808747,2.177123929664,2.1114138304531336,2.0821069845579996,2.1528470217575317,2.1866021693939337,2.189408562693167,2.1727992366865534,2.218558577173214,2.1655815844982915,2.0866298412066286,2.1802826915079514,2.4593928885180527,2.2500974833852716,1.9375665053128972,2.161392308488724,2.2250860395712824,2.1764543425206426,2.136735862175015,2.131092539178718,2.1620401539858833,2.2151583835663393,2.1718595228120536,2.1844760171570448,2.1420617612320916,2.2312090637870163,2.24776986366759,2.7789332140064,2.2068704892582933
220,2.17,3.2533257729197995,2.2370089898001897,1.5859703673308827,2.092238697802895,2.208384900938454,2.2170278305701,2.1776982781610714,2.098609995155588,2.1904749222404543,2.1265158763904077,2.09622748028925,2.1662316093583356,2.200442708538336,2.2033119165493367,2.1860281414354423,2.2325420525587005,2.1780416016425734,2.1007324834350527,2.1939946960703587,2.4793536146816977,2.2648516719127336,1.952551285152111,2.172701836940195,2.2392673599735575,2.1897749271824534,2.1505883245474644,2.1452810337195833,2.1736936820498025,2.228484293780787,2.1850439320216903,2.1981159439544222,2.1551356681431315,2.245362481054771,2.2624286782372622,2.802211475655213,2.2207019467922176
221,2.18,3.2822282742161075,2.247250104451453,1.6009814717435753,2.1070643803120306,2.2211117434238314,2.23130950232783,2.1899649849491656,2.113018589502429,2.2038259148169095,2.141617922327683,2.1103479760205013,2.1796161969591394,2.214283247682738,2.2172152704055073,2.1992570461843313,2.2465255279441876,2.190501618786855,2.1148351256634776,2.207706700632766,2.4993143408453435,2.2796058604401965,1.9675360649913258,2.1840113653916666,2.2534486803758327,2.203095511844265,2.164440786919914,2.1594695282604497,2.185347210113722,2.241810203995235,2.198228341231328,2.2117558707518006,2.1682095750541723,2.259515898322527,2.2770874928069356,2.825489737304026,2.2345334043261422
222,2.19,3.3111307755124137,2.2574912191027168,1.6159925761562677,2.121890062821165,2.2338385859092087,2.2455911740855594,2.202231691737259,2.1274271838492695,2.2171769073933643,2.156719968264958,2.124468471751752,2.1930007845599433,2.22812378682714,2.2311186242616765,2.212485950933221,2.260509003329674,2.2029616359311364,2.1289377678919026,2.2214187051951724,2.5192750670089885,2.294360048967658,1.9825208448305398,2.1953208938431374,2.267630000778108,2.2164160965060757,2.178293249292363,2.173658022801315,2.1970007381776417,2.255136114209683,2.2114127504409646,2.225395797549178,2.1812834819652123,2.2736693155902823,2.291746307376609,2.8487679989528387,2.2483648618600665
223,2.05,2.9064957573641133,2.1141156139850263,1.405837114378575,1.9143305076932755,2.055662791113928,2.045647769477347,2.030497796703945,1.9257068629934966,2.0302630113229956,1.9452913251431092,1.9267815315142398,2.0056165581486884,2.03435623880551,2.036471670275297,2.027281284448772,2.064740347932857,2.0285213959111923,1.931500776693957,2.0294506413214743,2.2398249007179527,2.0878014095831863,1.77273392708154,2.03698749552254,2.069091515146254,2.029927911240722,1.9843587760780728,1.9750190992291938,2.0338513452827685,2.0685733712074117,2.026831021506046,2.0344368223858877,1.998248785210647,2.075521473841705,2.0865229034011827,2.5228723358694554,2.0547244563851232
224,2.19,3.3111307755124137,2.2574912191027168,1.6159925761562677,2.121890062821165,2.2338385859092087,2.2455911740855594,2.202231691737259,2.1274271838492695,2.2171769073933643,2.156719968264958,2.124468471751752,2.1930007845599433,2.22812378682714,2.2311186242616765,2.212485950933221,2.260509003329674,2.2029616359311364,2.1289377678919026,2.2214187051951724,2.5192750670089885,2.294360048967658,1.9825208448305398,2.1953208938431374,2.267630000778108,2.2164160965060757,2.178293249292363,2.173658022801315,2.1970007381776417,2.255136114209683,2.2114127504409646,2.225395797549178,2.1812834819652123,2.2736693155902823,2.291746307376609,2.8487679989528387,2.2483648618600665
225,2.23,3.426740780697642,2.298455677707772,1.6760369938070363,2.181192792857705,2.2847459558507173,2.302717861116477,2.2512985188896346,2.1850615612366333,2.2705808776991843,2.217128152014057,2.180950454676755,2.246539134963159,2.2834859434047488,2.286732039686356,2.2654015699287777,2.3164429048716224,2.2528017045082636,2.1853483368056006,2.2762667234448006,2.59911797166357,2.3533768030775075,2.0424599641873966,2.2405590076490225,2.324355282387209,2.2696984351533196,2.2337030987821604,2.2304120009647783,2.2436148504333198,2.3084397550674747,2.2641503872795132,2.2799555047386892,2.233579109609374,2.330282984661305,2.350381565655302,2.941881045548091,2.3036906919957647
226,2.26,3.513448284586564,2.329179021661562,1.721070307045113,2.22566984038511,2.3229264833068486,2.345562876389665,2.2880986392539158,2.228287344277156,2.310633855428548,2.262434289825882,2.2233119418705076,2.2866928977655707,2.325007560837955,2.3284421012548657,2.3050882841754445,2.3583933310280827,2.2901817559411084,2.227656263490875,2.3174027371320216,2.659000150154506,2.397639368659894,2.0874143037050388,2.2744875930034363,2.3668992435940344,2.3096601891387527,2.275260485899508,2.2729774845873756,2.278575434625078,2.348417485710818,2.3037036149084242,2.320875285130823,2.272800830342495,2.372743236464571,2.3943580093643213,3.01171583049453,2.3451850645975383
227,2.29,3.600155788475486,2.359902365615353,1.7661036202831903,2.270146887912515,2.3611070107629804,2.3884078916628537,2.324898759618198,2.2715131273176787,2.3506868331579134,2.3077404276377065,2.26567342906426,2.3268466605679827,2.3665291782711613,2.370152162823376,2.3447749984221127,2.400343757184544,2.3275618073739537,2.2699641901761485,2.3585387508192426,2.7188823286454427,2.441901934242281,2.1323686432226823,2.30841617835785,2.4094432048008607,2.349621943124186,2.316817873016856,2.3155429682099733,2.313536018816837,2.388395216354162,2.3432568425373352,2.3617950655229567,2.312022551075616,2.4152034882678377,2.4383344530733417,3.081550615440969,2.386679437199312
228,2.32,3.686863292364407,2.390625709569144,1.8111369335212668,2.31462393543992,2.399287538219112,2.4312529069360416,2.361698879982479,2.3147389103582015,2.390739810887278,2.353046565449531,2.3080349162580127,2.3670004233703943,2.408050795704368,2.4118622243918857,2.38446171266878,2.4422941833410046,2.364941858806799,2.3122721168614224,2.3996747645064636,2.778764507136379,2.4861644998246675,2.1773229827403244,2.3423447637122634,2.451987166007686,2.3895836971096185,2.3583752601342036,2.35810845183257,2.3484966030085954,2.428372946997506,2.3828100701662462,2.4027148459150904,2.351244271808737,2.457663740071104,2.4823108967823613,3.1513854003874084,2.428173809801085
229,2.45,4.062595809216401,2.523760200035571,2.0062812908862675,2.507357808058675,2.564736490529015,2.6169146397865246,2.5211660682276995,2.5020506368671342,2.564302714381192,2.549373162634105,2.4916013607642746,2.5410000621808457,2.5879778045815964,2.592605824522095,2.55643747440434,2.624079363352335,2.526922081682462,2.4956064658309436,2.5779308238177556,3.0382539472637697,2.677968950681678,2.3721251206501104,2.48936863358139,2.636344331237265,2.562751297713162,2.5384572709760453,2.5425588808638264,2.4999924678395495,2.60160977978533,2.5542073898915283,2.5800338942810033,2.5212050616522625,2.6416581645519264,2.672875486188114,3.4540028018219795,2.6079827577421044
230,2.43,4.004790806623786,2.503277970733044,1.9762590820608827,2.4777064430404048,2.539282805558261,2.5883512962710657,2.4966326546515116,2.473233448173452,2.537600729228282,2.5191690707595553,2.4633603693017725,2.5142308869792376,2.5602967262927923,2.5647991168097555,2.5299796649065613,2.596112412581361,2.5020020473938986,2.467401181374094,2.550506814692941,2.998332494936479,2.648460573626753,2.342155560971682,2.4667495766784473,2.607981690432714,2.5361101283895398,2.5107523462311465,2.5141818917820946,2.4766854117117103,2.574957959356434,2.5278385714722544,2.552754040686247,2.4950572478301813,2.6133513300164157,2.6435578570487674,3.407446278524353,2.5803198426742555
231,2.35,3.77357079625333,2.4213490535229347,1.856170246759344,2.359100982967325,2.4374680656752434,2.4740979222092303,2.398499000346761,2.357964693398725,2.430792788616643,2.398352703261356,2.3503964034517657,2.4071541861728063,2.4495724131375747,2.4535722859603957,2.4241484269154476,2.4842446094974653,2.4023219102396443,2.354580043546697,2.440810778193685,2.838646685627316,2.530427065407055,2.2222773222579675,2.376273349066677,2.494531127214512,2.429545451095052,2.399932647251552,2.4006739354551683,2.3834571872003543,2.4683506776408506,2.422363297795158,2.443634626307224,2.3904659925418583,2.5001239918743714,2.5262873404913817,3.221220185333849,2.469668182402859
232,2.39,3.889180801438558,2.4623135121279893,1.9162146644101137,2.418403713003865,2.4883754356167525,2.531224609240148,2.4475658274991363,2.415599070786089,2.4841967589224625,2.4587608870104556,2.406878386376769,2.4606925365760217,2.504934569715183,2.5091857013850754,2.4770640459110047,2.5401785110394135,2.4521619788167714,2.4109906124603957,2.495658796443313,2.9184895902818973,2.5894438195169043,2.2822164416148247,2.4215114628725622,2.551256408823613,2.482827789742296,2.4553424967413493,2.4574279136186314,2.4300712994560323,2.521654318498642,2.4751009346337063,2.498194333496736,2.4427616201860203,2.556737660945393,2.5849225987700746,3.3143332319291003,2.5249940125385573
233,2.45,4.062595809216401,2.523760200035571,2.0062812908862675,2.507357808058675,2.564736490529015,2.6169146397865246,2.5211660682276995,2.5020506368671342,2.564302714381192,2.549373162634105,2.4916013607642746,2.5410000621808457,2.5879778045815964,2.592605824522095,2.55643747440434,2.624079363352335,2.526922081682462,2.4956064658309436,2.5779308238177556,3.0382539472637697,2.677968950681678,2.3721251206501104,2.48936863358139,2.636344331237265,2.562751297713162,2.5384572709760453,2.5425588808638264,2.4999924678395495,2.60160977978533,2.5542073898915283,2.5800338942810033,2.5212050616522625,2.6416581645519264,2.672875486188114,3.4540028018219795,2.6079827577421044
234,2.51,4.236010816994243,2.585206887943152,2.0963479173624204,2.5963119031134836,2.6410975454412773,2.7026046703329007,2.5947663089562623,2.5885022029481792,2.6444086698399207,2.6399854382577534,2.576324335151779,2.6213075877856684,2.6710210394480085,2.676025947659114,2.635810902897674,2.7079802156652555,2.601682184548152,2.5802223192014906,2.6602028511921967,3.1580183042456413,2.7664940818464503,2.462033799685395,2.557225804290217,2.7214322536509155,2.6426748056840275,2.6215720452107405,2.6276898481090205,2.5699136362230663,2.6815652410720165,2.63331384514935,2.6618734550652694,2.599648503118504,2.726578668158459,2.760828373606153,3.5936723717148564,2.6909715029456507
235,2.57,4.409425824772086,2.646653575850734,2.1864145438385743,2.6852659981682936,2.717458600353541,2.7882947008792773,2.668366549684825,2.6749537690292247,2.7245146252986503,2.7305977138814033,2.661047309539284,2.701615113390492,2.7540642743144215,2.759446070796134,2.71518433139101,2.7918810679781774,2.6764422874138427,2.664838172572039,2.7424748785666386,3.277782661227514,2.855019213011224,2.5519424787206804,2.625082974999044,2.8065201760645677,2.7225983136548937,2.7046868194454365,2.712820815354215,2.6398348046065836,2.761520702358704,2.7124203004071723,2.7437130158495373,2.678091944584746,2.8114991717649924,2.848781261024193,3.7333419416077347,2.773960248149198
236,2.54,4.322718320883165,2.615930231896943,2.141381230600498,2.6407889506408893,2.679278072897409,2.7454496856060895,2.631566429320544,2.6317279859887024,2.684461647569286,2.6852915760695786,2.6186858223455314,2.6614613505880804,2.712542656881215,2.7177360092276244,2.6754976171443428,2.7499306418217166,2.6390622359809974,2.622530245886765,2.701338864879418,3.217900482736578,2.8107566474288377,2.5069881392030386,2.5911543896446307,2.763976214857742,2.6826365596694606,2.6631294323280885,2.670255331731618,2.604874220414825,2.721542971715361,2.6728670727782617,2.7027932354574036,2.6388702238516255,2.7690389199617256,2.8048048173151736,3.6635071566612964,2.732465875547425
237,2.52,4.26491331829055,2.595448002594416,2.111359021775113,2.611137585622619,2.6538243879266545,2.71688634209063,2.607033015744356,2.6029107972950207,2.6577596624163764,2.655087484195029,2.5904448308830297,2.6346921753864727,2.684861578592411,2.689929301515284,2.649039807646564,2.721963691050743,2.6141422016924336,2.5943249614299155,2.673914855754604,3.1779790304092863,2.781248270373913,2.47701857952461,2.568535332741688,2.7356135740531915,2.6559953903458386,2.63542450758319,2.6418783426498864,2.581567164286986,2.6948911512864653,2.6464982543589874,2.6755133818626478,2.6127224100295448,2.740732085426215,2.775487188175827,3.6169506333636696,2.704802960479576
238,2.52,4.26491331829055,2.595448002594416,2.111359021775113,2.611137585622619,2.6538243879266545,2.71688634209063,2.607033015744356,2.6029107972950207,2.6577596624163764,2.655087484195029,2.5904448308830297,2.6346921753864727,2.684861578592411,2.689929301515284,2.649039807646564,2.721963691050743,2.6141422016924336,2.5943249614299155,2.673914855754604,3.1779790304092863,2.781248270373913,2.47701857952461,2.568535332741688,2.7356135740531915,2.6559953903458386,2.63542450758319,2.6418783426498864,2.581567164286986,2.6948911512864653,2.6464982543589874,2.6755133818626478,2.6127224100295448,2.740732085426215,2.775487188175827,3.6169506333636696,2.704802960479576
239,2.46,4.091498310512708,2.5340013146868343,2.021292395298959,2.5221834905678095,2.5774633330143923,2.6311963115442536,2.5334327750157932,2.516459231213975,2.577653706957647,2.5644752085713796,2.5057218564955246,2.554384649781649,2.6018183437259985,2.606509178378265,2.5696663791532286,2.6380628387378215,2.5393820988267435,2.5097091080593676,2.591642828380162,3.0582146734274147,2.6927231392091397,2.387109900489324,2.5006781620328606,2.6505256516395397,2.576071882374973,2.552309733348494,2.556747375404692,2.5116459959034687,2.6149356899997773,2.5673917991011654,2.5936738210783803,2.5342789685633025,2.6558115818196817,2.687534300757787,3.4772810634707914,2.6218142152760286
240,2.4066666666666667,3.9373516369324033,2.479382036546762,1.9412331717646003,2.443113183852423,2.5095868397590473,2.5550273955030303,2.468010338812626,2.43961339469749,2.506448413216554,2.4839309635725804,2.4304125459288537,2.4830001825773613,2.5280021349558535,2.532357957812025,2.4991122204924867,2.5634843033485577,2.472928674057241,2.434495016174436,2.5185121373806583,2.951757467221306,2.614034133729341,2.3071910746801816,2.4403606769583477,2.5748919428274055,2.5050287641786477,2.4784299340287648,2.4810754045200745,2.4494938462292315,2.543864168856055,2.4970749499831006,2.5209275448256987,2.4645514650377542,2.580326689724986,2.6093539563861965,3.353130334677122,2.5480464417617643
241,2.353333333333333,3.783204963352097,2.424762758406689,1.861173948230241,2.3640428771370363,2.441710346503702,2.4788584794618065,2.4025879026094583,2.3627675581810044,2.4352431194754605,2.4033867185737803,2.355103235362182,2.4116157153730735,2.4541859261857084,2.458206737245785,2.428558061831744,2.488905767959294,2.4064752492877384,2.3592809242895045,2.4453814463811536,2.845300261015196,2.5353451282495416,2.227272248871038,2.380043191883834,2.49925823401527,2.4339856459823217,2.4045501347090346,2.405403433635456,2.3873416965549934,2.4727926477123323,2.426758100865036,2.448181268573016,2.3948239615122047,2.504841797630289,2.5311736120146056,3.2289796058834517,2.4742786682475
242,2.3,3.629058289771792,2.3701434802666164,1.7811147246958825,2.2849725704216497,2.373833853248357,2.4026895634205827,2.337165466406291,2.2859217216645193,2.364037825734368,2.322842473574981,2.279793924795511,2.340231248168786,2.3803697174155634,2.3840555166795454,2.358003903171001,2.41432723257003,2.3400218245182356,2.2840668324045734,2.3722507553816494,2.7388430548090876,2.456656122769743,2.1473534230618965,2.319725706809321,2.4236245252031354,2.3629425277859966,2.3306703353893052,2.3297314627508388,2.3251895468807566,2.40172112656861,2.356441251746972,2.3754349923203346,2.3250964579866564,2.429356905535593,2.4529932676430146,3.104828877089782,2.400510894733236
243,2.22,3.397838279401336,2.288214563056508,1.6610258893943444,2.1663671103485704,2.2720191133653405,2.2884361893587477,2.239031812101541,2.1706529668897927,2.2572298851227295,2.202026106076783,2.1668299589455047,2.2331545473623553,2.2696454042603467,2.272828685830187,2.2521726651798883,2.3024594294861354,2.240341687363982,2.1712456945771765,2.262554718882394,2.579157245499925,2.3386226145500455,2.027475184348183,2.2292494791975512,2.310173961984934,2.256377850491509,2.2198506364097113,2.216223506423913,2.2319613223694006,2.2951138448530273,2.250965978069876,2.2663155779413118,2.220505202698334,2.316129567393549,2.335722751085629,2.9186027838992783,2.2898592344618405
244,2.15,3.1955207703271853,2.2165267604976626,1.555948158505498,2.0625873327846254,2.1829312159677,2.1884644870546412,2.153164864584884,2.0697928064619058,2.1637729370875443,2.0963117845158585,2.0679864888267483,2.1394624341567274,2.1727616302495316,2.175505208836997,2.159570331937664,2.204575101787727,2.1531215673540096,2.0725271989782037,2.1665706869455446,2.439432162354407,2.235343294857809,1.9225817254736826,2.150082780037253,2.2109047191690068,2.163133757858832,2.122883399802566,2.116904044637852,2.1503866259219637,2.2018324733518915,2.1586751136024165,2.1708360903596664,2.1289878543210508,2.2170556465192606,2.233111049097916,2.7556549523575864,2.1930390317243686
245,2.32,3.686863292364407,2.390625709569144,1.8111369335212668,2.31462393543992,2.399287538219112,2.4312529069360416,2.361698879982479,2.3147389103582015,2.390739810887278,2.353046565449531,2.3080349162580127,2.3670004233703943,2.408050795704368,2.4118622243918857,2.38446171266878,2.4422941833410046,2.364941858806799,2.3122721168614224,2.3996747645064636,2.778764507136379,2.4861644998246675,2.1773229827403244,2.3423447637122634,2.451987166007686,2.3895836971096185,2.3583752601342036,2.35810845183257,2.3484966030085954,2.428372946997506,2.3828100701662462,2.4027148459150904,2.351244271808737,2.457663740071104,2.4823108967823613,3.1513854003874084,2.428173809801085
246,1.8,2.1839332249564345,1.8580877477034363,1.030559504061268,1.5436884449649018,1.7374917289794993,1.6886059755341112,1.723830127001599,1.5654920043224734,1.696488196911623,1.5677401767112378,1.573769138232969,1.6710018681285905,1.6883427601954564,1.6888878238710496,1.6965586657265423,1.7151534632956842,1.717020967304149,1.5789347209833413,1.6866505272612993,1.740806746626818,1.7189466963966296,1.3981144311011846,1.7542492842357593,1.7145585050893728,1.696913294695447,1.6380472167668403,1.620306735707549,1.7425131436847805,1.7354256158462136,1.6972207912651198,1.6934386524514413,1.671401112434638,1.7216860421478173,1.7200525391593515,1.9409157946491293,1.7089380180370108
247,1.9375,2.581342617780658,1.998903074158311,1.2369621897357872,1.7475415794655076,1.9124858131534352,1.884978962202891,1.8924973453378895,1.763610176591536,1.8800643448378782,1.7753933083487674,1.767925954537668,1.8550399476396444,1.878650173430986,1.8800589393933862,1.8784561060237686,1.9074262498461299,1.888346203038023,1.77284605162418,1.8751905899943955,2.0152667313769426,1.9218167886492357,1.6041551538903804,1.909755300443489,1.9095516606206577,1.880071333795348,1.8285185743880183,1.8153985356444537,1.9027491545636739,1.9186568812948726,1.8785064178976292,1.880987645915387,1.851167332461443,1.9162955295794557,1.9216112394923592,2.2609918923203094,1.8991205591284728
248,2.075,2.9787520106048824,2.139718400613185,1.4433648754103063,1.9513947139661134,2.087479897327371,2.0813519488716707,2.06116456367418,1.961728348860599,2.063640492764133,1.983046439986297,1.9620827708423674,2.0390780271506985,2.0689575866665155,2.0712300549157225,2.060353546320995,2.099699036396575,2.059671438771897,1.9667573822650188,2.063730652727492,2.289726716127067,2.124686880901842,1.8101958766795763,2.0652613166512186,2.1045448161519427,2.0632293728952495,2.0189899320091964,2.0104903355813586,2.0629851654425675,2.1018881467435317,2.059792044530139,2.068536639379333,2.030933552488248,2.110905017011094,2.1231699398253667,2.5810679899914892,2.0893031002199347
249,2.2125,3.376161403429105,2.28053372706806,1.649767561084825,2.1552478484667192,2.262473981501307,2.2777249355404505,2.22983178201047,2.1598465211296616,2.2472166406903877,2.190699571623826,2.1562395871470663,2.2231161066617524,2.259264999902045,2.262401170438059,2.242250986618221,2.29197182294702,2.2309966745057705,2.1606687129058577,2.2522707154605883,2.564186700877191,2.3275569731544485,2.0162365994687717,2.220767332858948,2.299537971683227,2.2463874119951504,2.209461289630374,2.205582135518263,2.2232211763214607,2.285119412192191,2.241077671162648,2.256085632843278,2.2106997725150532,2.3055145044427325,2.3247286401583738,2.901144087662668,2.2794856413113966
250,2.35,3.77357079625333,2.4213490535229347,1.856170246759344,2.359100982967325,2.4374680656752434,2.4740979222092303,2.398499000346761,2.357964693398725,2.430792788616643,2.398352703261356,2.3503964034517657,2.4071541861728063,2.4495724131375747,2.4535722859603957,2.4241484269154476,2.4842446094974653,2.4023219102396443,2.354580043546697,2.440810778193685,2.838646685627316,2.530427065407055,2.2222773222579675,2.376273349066677,2.494531127214512,2.429545451095052,2.399932647251552,2.4006739354551683,2.3834571872003543,2.4683506776408506,2.422363297795158,2.443634626307224,2.3904659925418583,2.5001239918743714,2.5262873404913817,3.221220185333849,2.469668182402859
251,2.21,3.368935778105028,2.2779734484052443,1.6460147849816518,2.151541427839435,2.259292270879963,2.274154517601018,2.2267651053134467,2.156244372542951,2.243878892546274,2.1869240601395075,2.1527094632142534,2.2197699597615514,2.255804865115944,2.2589253319740163,2.238943760430999,2.2884759541006483,2.2278816702197,2.1571430523487516,2.2488427143199865,2.5591965193362793,2.3238684260225826,2.012490404508968,2.21793995074608,2.295992641582658,2.2430572658296977,2.2059981740372616,2.2020350118830465,2.220307794305481,2.281787934638579,2.237781568860239,2.252675651143934,2.207431295787293,2.3019761501257934,2.321063936515955,2.8953245222504647,2.2760277769279154
252,2.13,3.13771576773457,2.196044531195135,1.5259259496801136,2.032935967766355,2.1574775309969456,2.1599011435391824,2.128631451008696,2.0409756177682237,2.1370709519346347,2.0661076926413084,2.0397454973642466,2.1126932589551197,2.145080551960727,2.147698501124657,2.1331125224398857,2.1766081510167528,2.1282015330654462,2.0443219145213543,2.1391466778207304,2.399510710027116,2.205834917802884,1.8926121657952542,2.12746372313431,2.1825420783644565,2.1364925885352095,2.0951784750576667,2.08852705555612,2.1270795697941245,2.1751806529229953,2.132306295183142,2.143556236764911,2.10284004049897,2.188748811983749,2.203793419958569,2.7090984290599596,2.1653761166565193
253,1.93,2.559665741808427,1.9912222381698632,1.225703861426268,1.7364223175836562,1.9029406812894023,1.8742677083845938,1.883297315246819,1.7528037308314053,1.8700511004055367,1.7640667738958111,1.7573355827392299,1.8450015069390413,1.8682697690726842,1.8696314240012586,1.8685344274621019,1.8969386433070143,1.8790011901798116,1.7622690699528616,1.8649065865725905,2.000296186754208,1.9107511472536394,1.5929165690109697,1.9012731541048853,1.8989156703189511,1.8700808952989898,1.8181292276086811,1.8047571647388043,1.8940090085157344,1.9086624486340367,1.8686181109904014,1.8707577008173533,1.8413619022781629,1.905680466628639,1.9106171285651037,2.243533196083699,1.8887469659780294
254,2.013333333333333,2.800519919277653,2.0765648602637263,1.3507963981987032,1.8599696718264473,2.0089977020008787,1.9932816396990054,1.9855198718142677,1.8728753503884126,1.981309371875994,1.8899171567064346,1.875006380499653,1.9565397369457407,1.9836075952760353,1.9854927061360077,1.9787753003695112,2.0134676048527385,1.9828346663821592,1.8797910885230666,1.9791732912593152,2.166635571451253,2.0337027183158245,1.7177897343377546,1.9955192245338123,2.0170933403379117,1.9810857674807478,1.9335664140457585,1.922994619246019,1.99112174238173,2.0197117004211025,1.9784881877373766,1.9844237574621688,1.9503111265368323,2.0236256105266013,2.032773916645714,2.437518709823807,2.0040091120940664
255,2.0966666666666667,3.04137409674688,2.16190748235759,1.4758889349711397,1.9835170260692392,2.1150547227123555,2.1122955710134175,2.0877424283817168,1.992946969945421,2.092567643346452,2.015767539517059,1.9926771782600774,2.06807796695244,2.0989454214793866,2.1013539882707577,2.0890161732769217,2.1299965663984635,2.0866681425845073,1.9973131070932724,2.0934399959460404,2.332974956148298,2.1566542893780105,1.8426628996645402,2.0897652949627394,2.135271010356872,2.0920906396625067,2.0490036004828363,2.0412320737532346,2.0882344762477265,2.130760952208169,2.088358264484352,2.0980898141069844,2.059260350795502,2.1415707544245643,2.154930704726325,2.6315042235639163,2.1192712582101048
256,2.18,3.2822282742161075,2.247250104451453,1.6009814717435753,2.1070643803120306,2.2211117434238314,2.23130950232783,2.1899649849491656,2.113018589502429,2.2038259148169095,2.141617922327683,2.1103479760205013,2.1796161969591394,2.214283247682738,2.2172152704055073,2.1992570461843313,2.2465255279441876,2.190501618786855,2.1148351256634776,2.207706700632766,2.4993143408453435,2.2796058604401965,1.9675360649913258,2.1840113653916666,2.2534486803758327,2.203095511844265,2.164440786919914,2.1594695282604497,2.185347210113722,2.241810203995235,2.198228341231328,2.2117558707518006,2.1682095750541723,2.259515898322527,2.2770874928069356,2.825489737304026,2.2345334043261422
257,2.19,3.3111307755124137,2.2574912191027168,1.6159925761562677,2.121890062821165,2.2338385859092087,2.2455911740855594,2.202231691737259,2.1274271838492695,2.2171769073933643,2.156719968264958,2.124468471751752,2.1930007845599433,2.22812378682714,2.2311186242616765,2.212485950933221,2.260509003329674,2.2029616359311364,2.1289377678919026,2.2214187051951724,2.5192750670089885,2.294360048967658,1.9825208448305398,2.1953208938431374,2.267630000778108,2.2164160965060757,2.178293249292363,2.173658022801315,2.1970007381776417,2.255136114209683,2.2114127504409646,2.225395797549178,2.1812834819652123,2.2736693155902823,2.291746307376609,2.8487679989528387,2.2483648618600665
258,2.06,2.9353982586604213,2.12435672863629,1.4208482187912677,1.929156190202411,2.0683896335993053,2.059929441235077,2.042764503492039,1.9401154573403376,2.043614003899451,1.9603933710803845,1.940902027245491,2.0190011457494927,2.0481967779499124,2.0503750241314678,2.0405101891976614,2.0787238233183447,2.0409814130554738,1.945603418922382,2.0431626458838816,2.259785626881599,2.1025555981106487,1.787718706920755,2.0482970239740115,2.08327283554853,2.043248495902533,1.9982112384505222,1.98920759377006,2.045504873346688,2.08189928142186,2.040015430715683,2.0480767491832657,2.011322692121688,2.089674891109461,2.1011817179708565,2.546150597518269,2.068555913919048
259,1.65,1.750395705511826,1.704471027934482,0.8053929378708835,1.3213032073278772,1.5465890916988418,1.4743808991681695,1.5398295251801912,1.349363089119859,1.4962233082647995,1.3412094876521143,1.3619617022642059,1.4702330541165316,1.4807346730294237,1.4803375160285004,1.4981250944932043,1.5054013325133802,1.5301207101399226,1.3673950875569714,1.480970458825194,1.4413958541721366,1.4976338684846953,1.1733427335129707,1.5846063574636908,1.501838699055244,1.4971045247682817,1.4302602811801006,1.4074793175945617,1.5677102227259874,1.5355369626294941,1.499454653120564,1.488839750490773,1.4752925087690323,1.509384783131484,1.5001703206142518,1.5917418699169328,1.5014661550281427
260,1.56,1.490273193845062,1.6123009960731098,0.6702929981566532,1.1878720647456626,1.4320475093304477,1.3458458533486046,1.4294291640873469,1.2196857399982908,1.3760643750767054,1.205291074216641,1.2348772406829487,1.3497717657092965,1.3561698207298047,1.3552073313229713,1.3790649517532017,1.3795500540439982,1.4179805558413874,1.2404713075011498,1.357562417763531,1.261749318699328,1.3648461717375349,1.0384797149600427,1.4828206014004497,1.3742068154347669,1.377219262811983,1.305588119828057,1.27978286672677,1.4628284701507122,1.415603770699463,1.3807949702338305,1.3660804093143724,1.3576273465696693,1.3820040277216847,1.3682409894871927,1.3822375150776156,1.3769830372228222
261,1.4833333333333334,1.2686873505733738,1.5337857837467554,0.5552078643260123,1.0742084988422946,1.334475050275889,1.2363530365393456,1.335384412045294,1.1092198500058437,1.2737067653238845,1.089508722030867,1.126620106743359,1.247156594103133,1.2500590206227216,1.248614951759002,1.2776433486783847,1.2723434094219317,1.3224537577352273,1.1323510504165608,1.252437049451744,1.1087170847780468,1.2517307263603243,0.9235964028594004,1.396114216605837,1.2654833590173233,1.2750947804047654,1.199385908305946,1.1710044085801323,1.3734847549939957,1.3134384590553618,1.2797144996266132,1.261507637201142,1.257394060251693,1.273494495335559,1.255856744453031,1.2037708424367155,1.2709418627960678
262,1.4066666666666667,1.0471015073016856,1.455270571420401,0.440122730495371,0.9605449329389264,1.236902591221331,1.1268602197300868,1.2413396600032411,0.9987539600133963,1.1713491555710638,0.9737263698450926,1.0183629728037689,1.1445414224969697,1.1439482205156384,1.1420225721950326,1.1762217456035673,1.1651367647998652,1.2269269596290673,1.0242307933319716,1.1473116811399566,0.9556848508567652,1.1386152809831134,0.8087130907587576,1.309407831811224,1.1567599025998796,1.1729702979975476,1.0931836967838344,1.0622259504334943,1.2841410398372795,1.211273147411261,1.1786340290193957,1.1569348650879117,1.1571607739337166,1.1649849629494333,1.1434724994188694,1.0253041697958154,1.164900688369313
263,1.33,0.8255156640299974,1.376755359094047,0.3250375966647303,0.8468813670355586,1.1393301321667728,1.0173674029208277,1.1472949079611885,0.8882880700209493,1.0689915458182426,0.8579440176593188,0.9101058388641792,1.0419262508908065,1.0378374204085552,1.0354301926310632,1.0748001425287503,1.0579301201777989,1.1314001615229075,0.9161105362473829,1.0421863128281699,0.8026526169354838,1.0254998356059029,0.6938297786581153,1.2227014470166113,1.048036446182436,1.07084581559033,0.9869814852617232,0.9534474922868567,1.1947973246805632,1.1091078357671604,1.0775535584121785,1.0523620929746813,1.0569274876157406,1.0564754305633075,1.0310882543847075,0.8468374971549154,1.0588595139425585
264,1.49,1.2879556847709122,1.5406131935142644,0.5652152672678068,1.0840922871817178,1.3429596119328076,1.2458741510444986,1.3435622165706897,1.118825579570404,1.282607427041521,1.0995767526557167,1.1360337705641927,1.2560796525036688,1.2592860467189895,1.2578838543297817,1.2864626185109773,1.2816657263455895,1.3307604358314151,1.141752811902177,1.2615783858266818,1.1220242355538101,1.261566852045299,0.933586256085543,1.4036539022401513,1.2749375726188399,1.2839751701793058,1.2086208832209118,1.1804634049407092,1.3812537737032753,1.3223223991983273,1.288504105766371,1.2706009217327272,1.2661099981923865,1.282930106847396,1.26562928749948,1.2192896835359244,1.2801628344853506
265,1.74,2.010518217178591,1.7966410597958546,0.9404928775851142,1.4547343499100918,1.6611306740672365,1.6029159449877346,1.650229886273036,1.4790404382414275,1.6163822414528937,1.4771279010875884,1.489046163845464,1.590694342523767,1.6052995253290434,1.60546770073403,1.6171852372332072,1.6312526109827625,1.6422608644384584,1.4943188676127932,1.6043784998868569,1.621042389644945,1.630421565231856,1.308205752065899,1.686392113526932,1.6294705826757214,1.6169897867245808,1.5549324425321445,1.5351757684623542,1.6725919753012635,1.6554701545595258,1.6181143360072974,1.6115990916671739,1.5929576709683957,1.636765538541284,1.6320996517413118,1.8012462247562508,1.6259492728334637
266,1.93,2.559665741808427,1.9912222381698632,1.225703861426268,1.7364223175836562,1.9029406812894023,1.8742677083845938,1.883297315246819,1.7528037308314053,1.8700511004055367,1.7640667738958111,1.7573355827392299,1.8450015069390413,1.8682697690726842,1.8696314240012586,1.8685344274621019,1.8969386433070143,1.8790011901798116,1.7622690699528616,1.8649065865725905,2.000296186754208,1.9107511472536394,1.5929165690109697,1.9012731541048853,1.8989156703189511,1.8700808952989898,1.8181292276086811,1.8047571647388043,1.8940090085157344,1.9086624486340367,1.8686181109904014,1.8707577008173533,1.8413619022781629,1.905680466628639,1.9106171285651037,2.243533196083699,1.8887469659780294
267,1.9,2.4729582379195056,1.960498894216072,1.180670548188191,1.6919452700562512,1.8647601538332708,1.8314226931114055,1.8464971948825375,1.7095779477908821,1.829998122676172,1.7187606360839864,1.7149740955454775,1.8048477441366295,1.8267481516394777,1.8279213624327486,1.828847713215434,1.8549882171505532,1.841621138746966,1.7199611432675872,1.823770572885369,1.9404140082632715,1.8664885816712522,1.5479622294933266,1.8673445687504717,1.8563717091121255,1.8301191413135567,1.776571840491333,1.762191681116207,1.8590484243239755,1.8686847179906927,1.82906488336149,1.8298379204252195,1.8021401815450417,1.8632202148253723,1.866640684856084,2.1736984111372597,1.8472525933762554
268,1.8766666666666667,2.4055190682281227,1.9366029600297907,1.145644637891909,1.65735201086827,1.8350641880340577,1.7980987923433702,1.8178748790436519,1.6759578943149203,1.7988458066644442,1.683522528897012,1.6820262721725587,1.773617039734754,1.7944535603025396,1.795480203435019,1.7979802688013597,1.8223601079177507,1.8125477654103088,1.68705497806793,1.7917758955730863,1.8938389805480993,1.8320621417738403,1.5129977432018271,1.840955669030372,1.8232819615068168,1.7990377771026647,1.7442494282889518,1.729085193854187,1.8318568588414967,1.8375909274903142,1.798301261872337,1.7980114245646717,1.7716343987526142,1.8301955745339429,1.8324367841935134,2.1193824672900297,1.8149791924637655
269,1.8533333333333333,2.338079898536739,1.9127070258435088,1.110618727595627,1.6227587516802882,1.8053682222348442,1.7647748915753345,1.7892525632047662,1.642337840838958,1.7676934906527157,1.648284421710037,1.64907844879964,1.7423863353328781,1.762158968965601,1.7630390444372892,1.7671128243872847,1.7897319986849478,1.7834743920736513,1.6541488128682724,1.759781218260803,1.8472639528329262,1.7976357018764282,1.4780332569103272,1.8145667693102725,1.7901922139015076,1.7679564128917722,1.71192701608657,1.6959787065921665,1.804665293359018,1.8064971369899356,1.7675376403831842,1.766184928704123,1.7411286159601866,1.797170934242513,1.7982328835309422,2.0650665234427987,1.7827057915512747
270,1.83,2.270640728845356,1.8888110916572272,1.075592817299345,1.5881654924923065,1.775672256435631,1.7314509908072995,1.7606302473658808,1.6087177873629959,1.7365411746409878,1.6130463145230625,1.6161306254267214,1.7111556309310023,1.7298643776286626,1.7305978854395594,1.73624537997321,1.7571038894521451,1.7544010187369943,1.6212426476686153,1.7277865409485202,1.8006889251177542,1.7632092619790163,1.4430687706188272,1.7881778695901733,1.7571024662961987,1.7368750486808797,1.6796046038841883,1.6628722193301466,1.7774737278765391,1.7754033464895573,1.736774018894031,1.734358432843575,1.710622833167759,1.764146293951084,1.764028982868371,2.0107505795955687,1.750432390638784
271,1.74,2.010518217178591,1.7966410597958546,0.9404928775851142,1.4547343499100918,1.6611306740672365,1.6029159449877346,1.650229886273036,1.4790404382414275,1.6163822414528937,1.4771279010875884,1.489046163845464,1.590694342523767,1.6052995253290434,1.60546770073403,1.6171852372332072,1.6312526109827625,1.6422608644384584,1.4943188676127932,1.6043784998868569,1.621042389644945,1.630421565231856,1.308205752065899,1.686392113526932,1.6294705826757214,1.6169897867245808,1.5549324425321445,1.5351757684623542,1.6725919753012635,1.6554701545595258,1.6181143360072974,1.6115990916671739,1.5929576709683957,1.636765538541284,1.6320996517413118,1.8012462247562508,1.6259492728334637
272,1.66,1.779298206808134,1.7147121425857457,0.8204040422835757,1.3361288898370123,1.559315934184219,1.4886625709258992,1.5520962319682852,1.3637716834667,1.5095743008412543,1.3563115335893894,1.376082197995457,1.4836176417173355,1.4945752121738263,1.4942408698846705,1.5113539992420937,1.519384807898867,1.5425807272842045,1.3814977297853959,1.494682463387601,1.461356580335782,1.5123880570121577,1.188327513352185,1.595915885915162,1.5160200194575193,1.5104251094300927,1.4441127435525498,1.4216678121354276,1.5793637507899072,1.5488628728439422,1.512639062330201,1.502479677288151,1.4883664156800727,1.5235382003992395,1.5148291351839256,1.6150201315657464,1.5152976125620672
273,1.6,1.6058831990302913,1.6532654546781642,0.7303374158074223,1.2471747947822027,1.4829548792719565,1.4029725403795226,1.4784959912397224,1.2773201173856545,1.4294683453825252,1.2656992579657405,1.291359223607952,1.4033101161125123,1.4115319773074133,1.410820746747651,1.4319805707487587,1.435483955585946,1.4678206244185141,1.2968818764148484,1.412410436013159,1.34159222335391,1.4238629258473843,1.0984188343168997,1.5280587152063347,1.430932097043868,1.430501601459227,1.3609979693178542,1.3365368448902333,1.5094425824063902,1.468907411557255,1.433532607072379,1.420640116503884,1.4099229742138308,1.438617696792707,1.4268762477658863,1.4753505616728684,1.4323088673585205
274,1.41,1.0567356744004544,1.4586842763041554,0.4451264319662682,0.9654868271086379,1.24114487204979,1.131620776982663,1.245428562265939,1.0035568247956763,1.1757994864298817,0.9787603851575175,1.0230698047141855,1.1490029516972375,1.1485617335637723,1.1466570234804223,1.1806313805198636,1.169797923261694,1.2310802986771612,1.0289316740747796,1.1518823493274257,0.9623384262446466,1.1435333438256006,0.8137080173718287,1.3131776746283812,1.1614870094006378,1.1774104928848177,1.0978011842413173,1.0669554486137827,1.288025549191919,1.2157151174827434,1.1830288320892746,1.1614815073537041,1.1615187429040634,1.1697027687053514,1.1483587709420935,1.0330635903454195,1.1695111742139543
275,1.5799999999999998,1.5480781964376762,1.6327832253756367,0.7003152069820371,1.2175234297639324,1.4575011943012015,1.3744091968640633,1.453962577663534,1.2485029286919722,1.4027663602296148,1.2354951660911901,1.26311823214545,1.376540940910904,1.3838508990186087,1.383014039035311,1.40552276125098,1.4075170048149717,1.4429005901299505,1.2686765919579988,1.3849864268883447,1.3016707710266184,1.3943545487924593,1.0684492746384708,1.505439658303392,1.4025694562393172,1.4038604321356045,1.3332930445729554,1.3081598558085012,1.486135526278551,1.4422555911283583,1.4071637886531043,1.3933602629091277,1.3837751603917496,1.4103108622571954,1.3975586186265392,1.4287940383752415,1.4046459522906711
276,1.75,2.039420718474898,1.8068821744471184,0.9555039819978064,1.4695600324192268,1.6738575165526137,1.617197616745464,1.66249659306113,1.4934490325882683,1.6297332340293484,1.4922299470248634,1.5031666595767146,1.6040789301245706,1.6191400644734455,1.6193710545902,1.6304141419820963,1.6452360863682496,1.65472088158274,1.508421509841218,1.6180905044492642,1.6410031158085907,1.645175753759318,1.3231905319051132,1.6977016419784032,1.6436519030779968,1.630310371386392,1.5687849049045939,1.54936426300322,1.6842455033651829,1.6687960647739737,1.6312987452169345,1.6252390184645518,1.606031577879436,1.6509189558090394,1.6467584663109849,1.8245244864050638,1.6397807303673881
277,1.92,2.53076324051212,1.9809811235185997,1.2106927570135753,1.7215966350745209,1.8902138388040255,1.8599860366268643,1.8710306084587254,1.7383951364845642,1.8567001078290817,1.748964727958536,1.7432150870079788,1.8316169193382374,1.8544292299282819,1.8557280701450884,1.8553055227132125,1.8829551679215275,1.8665411730355297,1.7481664277244366,1.8511945820101832,1.9803354605905625,1.895996958726177,1.577931789171755,1.889963625653414,1.884734349916676,1.8567603106371788,1.8042767652362317,1.7905686701979384,1.8823554804518146,1.8953365384195888,1.8554337017807643,1.8571177740199754,1.8282879953671223,1.8915270493608833,1.8959583139954304,2.2202549344348856,1.8749155084441047
278,1.86,2.357348232734277,1.919534435611018,1.120626130537422,1.6326425400197118,1.8138527838917624,1.7742960060804878,1.7974303677301624,1.6519435704035188,1.7765941523703526,1.6583524523348872,1.6584921126204741,1.751309393733414,1.7713859950618693,1.7723079470080692,1.7759320942198775,1.799054315608606,1.7917810701698396,1.6635505743538892,1.7689225546357414,1.86057110360869,1.8074718275614035,1.48802311013647,1.822106454944587,1.7996464275030246,1.7768368026663128,1.7211619910015363,1.7054377029527439,1.8124343120682975,1.8153810771329013,1.7763272465229423,1.7752782132357083,1.7498445539008802,1.8066065457543505,1.808005426577391,2.0805853645420074,1.791926763240558
279,2.01,2.790885752178884,2.073151155379972,1.345792696727806,1.8550277776567357,2.0047554211724194,1.9885210824464288,1.9814309695515697,1.8680724856061326,1.976859041017176,1.88488314139401,1.8702995485892364,1.9520782077454726,1.9789940822279013,1.980858254850618,1.974365665453215,2.0088064463909094,1.978681327334065,1.8750902077802585,1.9746026230718463,2.159981996063371,2.0287846554733373,1.7127948077246833,1.9917493817166552,2.0123662335371533,1.9766455725934777,1.9289489265882753,1.9182651210657304,1.9872372330270902,2.01526973034962,1.9740933846674977,1.979877115196376,1.9459531575664857,2.018907804770683,2.02788764512249,2.429759289274203,1.9993986262494252
280,1.49,1.2879556847709122,1.5406131935142644,0.5652152672678068,1.0840922871817178,1.3429596119328076,1.2458741510444986,1.3435622165706897,1.118825579570404,1.282607427041521,1.0995767526557167,1.1360337705641927,1.2560796525036688,1.2592860467189895,1.2578838543297817,1.2864626185109773,1.2816657263455895,1.3307604358314151,1.141752811902177,1.2615783858266818,1.1220242355538101,1.261566852045299,0.933586256085543,1.4036539022401513,1.2749375726188399,1.2839751701793058,1.2086208832209118,1.1804634049407092,1.3812537737032753,1.3223223991983273,1.288504105766371,1.2706009217327272,1.2661099981923865,1.282930106847396,1.26562928749948,1.2192896835359244,1.2801628344853506
281,2.25,3.4845457832902573,2.3189379070102984,1.7060592026324213,2.210844157875975,2.3101996408214713,2.331281204631936,2.2758319324658225,2.2138787499303154,2.297282862852094,2.247332243888607,2.2091914461392568,2.273308310164767,2.311167021693553,2.3145387473986965,2.2918593794265556,2.344409855642596,2.277721738796827,2.2135536212624505,2.3036907325696143,2.6390394239908614,2.382885180132432,2.0724295238658255,2.263178064551965,2.3527179231917597,2.296339604476942,2.261408023527059,2.25878899004651,2.266921906561159,2.335091575496371,2.2905192056987875,2.307235358333445,2.2597269234314545,2.3585898191968155,2.379699194794649,2.988437568845718,2.3313536070636136
282,2.27,3.542350785882872,2.339420136312826,1.7360814114578056,2.2404955228942454,2.335653325792226,2.359844548147395,2.30036534604201,2.242695938623997,2.3239848480050034,2.2775363357631573,2.2374324376017585,2.3000774853663746,2.338848099982357,2.3423454551110363,2.3183171889243344,2.3723768064135697,2.3026417730853908,2.2417589057192995,2.331114741694429,2.6789608763181523,2.4123935571873565,2.1023990835442534,2.2857971214549075,2.38108056399631,2.3229807738005634,2.2891129482719577,2.2871659791282415,2.290228962688998,2.3617433959252665,2.3168880241180614,2.334515211928201,2.2858747372535353,2.386896653732327,2.4090168239339955,3.034994092143344,2.359016522131463
283,2.29,3.600155788475486,2.359902365615353,1.7661036202831903,2.270146887912515,2.3611070107629804,2.3884078916628537,2.324898759618198,2.2715131273176787,2.3506868331579134,2.3077404276377065,2.26567342906426,2.3268466605679827,2.3665291782711613,2.370152162823376,2.3447749984221127,2.400343757184544,2.3275618073739537,2.2699641901761485,2.3585387508192426,2.7188823286454427,2.441901934242281,2.1323686432226823,2.30841617835785,2.4094432048008607,2.349621943124186,2.316817873016856,2.3155429682099733,2.313536018816837,2.388395216354162,2.3432568425373352,2.3617950655229567,2.312022551075616,2.4152034882678377,2.4383344530733417,3.081550615440969,2.386679437199312
284,2.31,3.6579607910681,2.38038459491788,1.796125829108575,2.299798252930785,2.386560695733735,2.4169712351783126,2.3494321731943852,2.300330316011361,2.377388818310823,2.3379445195122566,2.2939144205267623,2.3536158357695904,2.394210256559966,2.3979588705357155,2.371232807919891,2.4283107079555175,2.3524818416625175,2.2981694746329984,2.385962759944057,2.758803780972734,2.4714103112972055,2.1623382029011107,2.3310352352607926,2.437805845605411,2.3762631124478077,2.344522797761755,2.343919957291705,2.3368430749446762,2.4150470367830583,2.3696256609566095,2.3890749191177125,2.338170364897697,2.443510322803349,2.4676520822126884,3.1281071387385952,2.4143423522671608
285,2.14,3.166618269030878,2.206285645846399,1.5409370540928062,2.0477616502754907,2.170204373482323,2.1741828152969123,2.14089815779679,2.055384212115065,2.1504219445110895,2.0812097385785835,2.053865993095498,2.1260778465559236,2.1589210911051295,2.161601854980827,2.1463414271887746,2.19059162640224,2.140661550209728,2.058424556749779,2.1528586823831377,2.419471436190762,2.220589106330347,1.9075969456344688,2.1387732515857816,2.1967233987667316,2.1498131731970207,2.1090309374301164,2.1027155500969865,2.1387330978580446,2.1885065631374436,2.1454907043927793,2.157196163562289,2.115913947410011,2.202902229251505,2.2184522345282427,2.732376690708773,2.179207574190444
286,2.02,2.819788253475192,2.0833922700312355,1.3608038011404986,1.8698534601658712,2.0174822636577967,2.0028027542041587,1.9936976763396639,1.8824810799529739,1.990210033593631,1.8999851873312852,1.8844200443204877,1.9654627953462767,1.9928346213723036,1.994761608706788,1.9875945702021043,2.022789921776397,1.9911413444783472,1.8891928500086834,1.9883146276342534,2.179942722227017,2.0435388440007998,1.7277795875638977,2.003058910168127,2.0265475539394284,1.989966157255289,1.9428013889607247,1.9324536156065966,1.99889076109101,2.0285956405640677,1.9872777938771349,1.9935170419937545,1.9590270644775258,2.0330612220384383,2.042546459692163,2.4530375509230167,2.0132300837833497
287,2.23,3.426740780697642,2.298455677707772,1.6760369938070363,2.181192792857705,2.2847459558507173,2.302717861116477,2.2512985188896346,2.1850615612366333,2.2705808776991843,2.217128152014057,2.180950454676755,2.246539134963159,2.2834859434047488,2.286732039686356,2.2654015699287777,2.3164429048716224,2.2528017045082636,2.1853483368056006,2.2762667234448006,2.59911797166357,2.3533768030775075,2.0424599641873966,2.2405590076490225,2.324355282387209,2.2696984351533196,2.2337030987821604,2.2304120009647783,2.2436148504333198,2.3084397550674747,2.2641503872795132,2.2799555047386892,2.233579109609374,2.330282984661305,2.350381565655302,2.941881045548091,2.3036906919957647
288,2.16,3.2244232716234933,2.2267678751489264,1.5709592629181903,2.077413015293761,2.1956580584530774,2.202746158812371,2.1654315713729777,2.084201400808747,2.177123929664,2.1114138304531336,2.0821069845579996,2.1528470217575317,2.1866021693939337,2.189408562693167,2.1727992366865534,2.218558577173214,2.1655815844982915,2.0866298412066286,2.1802826915079514,2.4593928885180527,2.2500974833852716,1.9375665053128972,2.161392308488724,2.2250860395712824,2.1764543425206426,2.136735862175015,2.131092539178718,2.1620401539858833,2.2151583835663393,2.1718595228120536,2.1844760171570448,2.1420617612320916,2.2312090637870163,2.24776986366759,2.7789332140064,2.2068704892582933
289,2.2066666666666666,3.3593016110062592,2.2745597435214897,1.6410110835107543,2.1465995336697237,2.255049990051504,2.2693939603484417,2.222676203050749,2.151441507760671,2.239428561687456,2.1818900448270826,2.1480026313038367,2.215308430561283,2.25119135206781,2.2542908806886266,2.2345341255147027,2.2838147956388193,2.223728331171606,2.1524421716059434,2.2442720461325174,2.5525429439483975,2.3189503631800954,2.0074954778958967,2.214170107928923,2.2912655347819,2.2386170709424276,2.2013806865797783,2.197305513702758,2.216423284950841,2.2773459645670964,2.23338676579036,2.2481290088781414,2.2030733268169462,2.297258344369875,2.3161776649927313,2.8875651017008606,2.2714172910832744
290,2.2533333333333334,3.494179950389026,2.322351611894053,1.7110629041033183,2.2157860520456865,2.3144419216499306,2.336041761884512,2.2799208347285203,2.2186816147125956,2.301733193710912,2.252366259201032,2.213898278049674,2.277769839365035,2.3157805347416867,2.3191731986840862,2.296269014342852,2.349071014104425,2.281875077844921,2.2182545020052586,2.3082614007570834,2.645692999378743,2.387803242974919,2.0774244504788966,2.266947907369122,2.3574450299925176,2.300779799364212,2.2660255109845417,2.2635184882267985,2.270806415915799,2.3395335455678534,2.294914008768666,2.311782000599238,2.2640848924018013,2.3633076249527343,2.3845854663178727,2.9961969893953215,2.335964092908255
291,2.3,3.629058289771792,2.3701434802666164,1.7811147246958825,2.2849725704216497,2.373833853248357,2.4026895634205827,2.337165466406291,2.2859217216645193,2.364037825734368,2.322842473574981,2.279793924795511,2.340231248168786,2.3803697174155634,2.3840555166795454,2.358003903171001,2.41432723257003,2.3400218245182356,2.2840668324045734,2.3722507553816494,2.7388430548090876,2.456656122769743,2.1473534230618965,2.319725706809321,2.4236245252031354,2.3629425277859966,2.3306703353893052,2.3297314627508388,2.3251895468807566,2.40172112656861,2.356441251746972,2.3754349923203346,2.3250964579866564,2.429356905535593,2.4529932676430146,3.104828877089782,2.400510894733236
292,2.57,4.409425824772086,2.646653575850734,2.1864145438385743,2.6852659981682936,2.717458600353541,2.7882947008792773,2.668366549684825,2.6749537690292247,2.7245146252986503,2.7305977138814033,2.661047309539284,2.701615113390492,2.7540642743144215,2.759446070796134,2.71518433139101,2.7918810679781774,2.6764422874138427,2.664838172572039,2.7424748785666386,3.277782661227514,2.855019213011224,2.5519424787206804,2.625082974999044,2.8065201760645677,2.7225983136548937,2.7046868194454365,2.712820815354215,2.6398348046065836,2.761520702358704,2.7124203004071723,2.7437130158495373,2.678091944584746,2.8114991717649924,2.848781261024193,3.7333419416077347,2.773960248149198
293,2.95,5.507720874031759,3.0358159325987515,2.756836511520882,3.248641933515423,3.201078614797873,3.330998227672996,3.1345014076323916,3.2224803542091807,3.231852343203937,3.3044754594978483,3.1976261473268166,3.210229442221041,3.2800047618017034,3.2877735173305913,3.2178827118488,3.3232531326266814,3.149922938896549,3.2007385772521757,3.2635310519381058,4.0362902554460405,3.415678377054791,3.1213641126108223,3.0548450561549516,3.3454103513510276,3.2287805308037116,3.2310803895985103,3.2519836079071163,3.0826688710355254,3.2679052905077266,3.213427850373381,3.262030234149896,3.174900407204281,3.349329027939703,3.405816214671778,4.617915884262631,3.29955563443833
294,2.99,5.623330879216989,3.0767803912038056,2.8168809291716514,3.307944663551963,3.251985984739382,3.3881249147039147,3.1835682347847674,3.2801147315965453,3.2852563135097568,3.3648836432469484,3.25410813025182,3.2637677926242574,3.3353669183793127,3.343386932755271,3.2707983308443564,3.3791870341686288,3.199763007473676,3.2571491461658746,3.318379070187734,4.116133160100622,3.4746951311646406,3.1813032319676795,3.100083169960836,3.402135632960129,3.282062869450956,3.286490239088307,3.3087375860705794,3.129282983291204,3.3212089313655184,3.2661654872119295,3.316589941339408,3.2271960348484425,3.4059426970107247,3.464451472950471,4.711028930857885,3.3548814645740284
295,2.91,5.3921108688465305,2.994851473993697,2.6967920938701124,3.189339203478883,3.1501712448563643,3.2738715406420784,3.0854345804800163,3.164845976821817,3.178448372898117,3.244067275748749,3.1411441644018128,3.1566910918178257,3.224642605224095,3.2321601019059116,3.1649670928532423,3.2673192310847337,3.100082870319422,3.1443280083384773,3.2086830336884775,3.9564473507914575,3.356661622944942,3.061424993253965,3.0096069423490666,3.288685069741926,3.175498192156468,3.1756705401087126,3.195229629743653,3.036054758779847,3.214601649649935,3.1606902135348327,3.2074705269603845,3.1226047795601195,3.292715358868681,3.3471809563930845,4.52480283766738,3.244229804302632
296,2.986666666666667,5.613696712118219,3.073366686320051,2.8118772277007538,3.303002769382251,3.2477437039109223,3.3833643574513377,3.179479332522069,3.2753118668142642,3.2808059826509384,3.359849627934523,3.2494012983414025,3.259306263423989,3.3307534053311785,3.3387524814698812,3.26638869592806,3.3745258757067997,3.1956096684255817,3.252448265423066,3.3138084020002645,4.10947958471274,3.4697770683221525,3.1763083053546075,3.0963133271436796,3.3974085261593707,3.2776226745636854,3.281872751630824,3.3040080878902907,3.1253984739365634,3.3167669612940354,3.26177068414205,3.312043299073615,3.2228380658780953,3.401224891254806,3.459565201427246,4.70326951030828,3.3502709787293865
297,3.063333333333333,5.835282555389907,3.1518818986464057,2.926962361531394,3.4166663352856186,3.3453161629654806,3.4928571742605965,3.273524084564122,3.385777756806711,3.3831635924037586,3.475631980120297,3.357658432280992,3.3619214350301525,3.436864205438261,3.44534486103385,3.367810299002876,3.4817325203288654,3.2911364665317415,3.3605685225076547,3.4189337703120515,4.262511818634021,3.5828925136993637,3.29119161745525,3.1830197119382917,3.5061319825768136,3.3797471569709026,3.3880749631529357,3.412786546036928,3.21474218909328,3.4189322729381364,3.362851154749267,3.416616071186845,3.323071352196071,3.5097344236409316,3.5719494464614083,4.881736182949179,3.4563121531561407
298,3.14,6.056868398661595,3.23039711097276,3.042047495362036,3.5303299011889875,3.442888622020039,3.6023499910698558,3.367568836606175,3.496243646799159,3.4855212021565802,3.591414332306071,3.465915566220583,3.4645366066363157,3.542975005545345,3.5519372405978196,3.469231902077694,3.5889391649509323,3.3866632646379022,3.4686887795922443,3.524059138623839,4.415544052555302,3.6960079590765744,3.406074929555893,3.2697260967329047,3.6148554389942578,3.481871639378121,3.494277174675047,3.521565004183566,3.3040859042499964,3.521097584582237,3.4639316253564854,3.521188843300076,3.4233046385140478,3.618243956027058,3.68433369149557,5.060202855590081,3.562353327582896
299,3.07,5.854550889587444,3.1587093084139144,2.9369697644731887,3.4265501236250424,3.353800724622398,3.5023782887657493,3.2817018890895175,3.395383486371272,3.3920642541213955,3.4857000107451466,3.3670720961018263,3.370844493430688,3.4460912315345293,3.4546137636046303,3.3766295688354693,3.491054837252524,3.2994431446279293,3.369970283993271,3.4280751066869892,4.275818969409784,3.5927286393843376,3.3011814706813922,3.1905593975726063,3.5155861961783303,3.388627546745443,3.3973099380679015,3.422245542397505,3.222511207802559,3.427816213081102,3.3716407608890253,3.42570935571843,3.3317872901367647,3.5191700351527677,3.581721989507857,4.897255024048388,3.4655331248454235
300,3.14,6.056868398661595,3.23039711097276,3.042047495362036,3.5303299011889875,3.442888622020039,3.6023499910698558,3.367568836606175,3.496243646799159,3.4855212021565802,3.591414332306071,3.465915566220583,3.4645366066363157,3.542975005545345,3.5519372405978196,3.469231902077694,3.5889391649509323,3.3866632646379022,3.4686887795922443,3.524059138623839,4.415544052555302,3.6960079590765744,3.406074929555893,3.2697260967329047,3.6148554389942578,3.481871639378121,3.494277174675047,3.521565004183566,3.3040859042499964,3.521097584582237,3.4639316253564854,3.521188843300076,3.4233046385140478,3.618243956027058,3.68433369149557,5.060202855590081,3.562353327582896
301,3.06,5.825648388291138,3.148468193762651,2.921958660060497,3.4117244411159073,3.3410738821370214,3.4880966170080203,3.269435182301424,3.3809748920244314,3.378713261544941,3.4705979648078724,3.3529516003705755,3.3574599058298844,3.4322506923901273,3.4407104097484607,3.3634006640865803,3.4770713618670372,3.286983127483648,3.3558676417648465,3.4143631021245824,4.255858243246139,3.5779744508568765,3.2861966908421785,3.179249869121135,3.501404875776055,3.3753069620836325,3.3834574756954523,3.40805704785664,3.21085767973864,3.4144903028666542,3.3584563516793886,3.412069428921053,3.3187133832257247,3.5050166178850133,3.567063174938184,4.873976762399575,3.4517016673114997
302,3.03,5.738940884402216,3.11774484980886,2.87692534682242,3.367247393588502,3.3028933546808896,3.4452516017348316,3.2326350619371422,3.3377491089839078,3.338660283815576,3.4252918269960473,3.310590113176823,3.317306143027473,3.39072907495692,3.3990003481799507,3.323713949839913,3.435120935710576,3.2496030760508026,3.3135597150795726,3.3732270884373614,4.195976064755203,3.533711885274489,3.241242351324536,3.1453212837667213,3.458860914569229,3.3353452080981993,3.3419000885781043,3.3654915642340417,3.175897095546881,3.37451257222331,3.318903124050477,3.371149648528919,3.2794916624926036,3.4625563660817464,3.5230867312291636,4.804141977453136,3.4102072947097257
303,3.03,5.738940884402216,3.11774484980886,2.87692534682242,3.367247393588502,3.3028933546808896,3.4452516017348316,3.2326350619371422,3.3377491089839078,3.338660283815576,3.4252918269960473,3.310590113176823,3.317306143027473,3.39072907495692,3.3990003481799507,3.323713949839913,3.435120935710576,3.2496030760508026,3.3135597150795726,3.3732270884373614,4.195976064755203,3.533711885274489,3.241242351324536,3.1453212837667213,3.458860914569229,3.3353452080981993,3.3419000885781043,3.3654915642340417,3.175897095546881,3.37451257222331,3.318903124050477,3.371149648528919,3.2794916624926036,3.4625563660817464,3.5230867312291636,4.804141977453136,3.4102072947097257
304,3.03,5.738940884402216,3.11774484980886,2.87692534682242,3.367247393588502,3.3028933546808896,3.4452516017348316,3.2326350619371422,3.3377491089839078,3.338660283815576,3.4252918269960473,3.310590113176823,3.317306143027473,3.39072907495692,3.3990003481799507,3.323713949839913,3.435120935710576,3.2496030760508026,3.3135597150795726,3.3732270884373614,4.195976064755203,3.533711885274489,3.241242351324536,3.1453212837667213,3.458860914569229,3.3353452080981993,3.3419000885781043,3.3654915642340417,3.175897095546881,3.37451257222331,3.318903124050477,3.371149648528919,3.2794916624926036,3.4625563660817464,3.5230867312291636,4.804141977453136,3.4102072947097257
305,3.03,5.738940884402216,3.11774484980886,2.87692534682242,3.367247393588502,3.3028933546808896,3.4452516017348316,3.2326350619371422,3.3377491089839078,3.338660283815576,3.4252918269960473,3.310590113176823,3.317306143027473,3.39072907495692,3.3990003481799507,3.323713949839913,3.435120935710576,3.2496030760508026,3.3135597150795726,3.3732270884373614,4.195976064755203,3.533711885274489,3.241242351324536,3.1453212837667213,3.458860914569229,3.3353452080981993,3.3419000885781043,3.3654915642340417,3.175897095546881,3.37451257222331,3.318903124050477,3.371149648528919,3.2794916624926036,3.4625563660817464,3.5230867312291636,4.804141977453136,3.4102072947097257
306,2.88,5.305403364957608,2.9641281300399056,2.651758780632035,3.1448621559514778,3.1119907174002326,3.2310265253688897,3.0486344601157347,3.1216201937812933,3.138395395168752,3.1987611379369234,3.0987826772080598,3.1165373290154137,3.183120987790888,3.190450040337401,3.1252803786065746,3.225368804928272,3.062702818886576,3.1020200816532024,3.167547020001256,3.8965651723005212,3.312399057362555,3.0164706537363215,2.9756783569946528,3.2461411085351006,3.1355364381710347,3.1341131529913646,3.1526641461210545,3.001094174588088,3.174623919006591,3.121136985905921,3.1665507465682508,3.083383058826998,3.250255107065414,3.303204512684064,4.454968052720939,3.202735431700858
307,2.63,4.5828408325499295,2.708100263758316,2.276481170314728,2.7742200932231036,2.7938196552658034,2.8739847314256544,2.7419667904133886,2.7614053351102705,2.80462058075738,2.8212099895050526,2.745770283926789,2.7819226389953156,2.837107509180835,2.842866193933154,2.794557759884345,2.8757819202910992,2.7512023902795333,2.749454025942587,2.824746905941081,3.3975470182093868,2.943544344175998,2.641851157755966,2.692940145707872,2.891608098478219,2.8025218216257595,2.7878015936801326,2.79795178259941,2.7097559729901004,2.8414761636453925,2.791526755664995,2.8255525766338043,2.756535386050989,2.8964196753715257,2.936734148442233,3.873011511500614,2.8569489933527454
308,2.69,4.756255840327772,2.7695469516658973,2.3665477967908823,2.8631741882779136,2.8701807101780665,2.959674761972031,2.8155670311419514,2.8478569011913164,2.8847265362161094,2.9118222651287016,2.830493258314294,2.862230164600139,2.9201507440472474,2.926286317070173,2.8739311883776804,2.9596827726040207,2.8259624931452234,2.8340698793131347,2.9070189333155234,3.517311375191259,3.032069475340772,2.7317598367912517,2.7607973164166992,2.976696020891871,2.8824453295966252,2.8709163679148277,2.883082749844605,2.7796771413736177,2.92143162493208,2.8706332109228176,2.9073921374180713,2.8349788275172307,2.981340178978059,3.024687035860272,4.0126810813934926,2.939937738556292
309,2.67,4.698450837735158,2.74906472236337,2.336525587965497,2.8335228232596434,2.8447270252073125,2.931111418456572,2.7910336175657635,2.8190397124976343,2.8580245510631994,2.881618173254152,2.8022522668517924,2.8354609893985314,2.892469665758443,2.8984796093578327,2.8474733788799016,2.931715821833047,2.80104245885666,2.805864594856285,2.879594924190709,3.477389922863968,3.002561098285847,2.701790277112823,2.7381782595137567,2.9483333800873206,2.8558041602730033,2.8432114431699294,2.854705760762873,2.756370085245779,2.894779804503184,2.8442643925035433,2.8801122838233155,2.8088310136951504,2.953033344442548,2.995369406720926,3.9661245580958653,2.9122748234884432
310,2.6566666666666667,4.659914169340082,2.735409902828352,2.316510782081908,2.813755246580797,2.8277579018934764,2.9120691894462665,2.774678008514972,2.7998282533685135,2.8402232276279262,2.8614821120044525,2.783424939210125,2.81761487259746,2.8740156135659074,2.8799418042162737,2.8298348392147163,2.9130711879857314,2.7844291026642844,2.7870610718850526,2.8613122514408333,3.450775621312441,2.9828888469158983,2.681810570660538,2.7230988882451284,2.929424952884287,2.8380433807239225,2.8247414933399972,2.83578776804172,2.7408320478272197,2.877011924217254,2.826685180224027,2.8619257147601456,2.7913991378137633,2.9341621214188733,2.9758243206280284,3.935086875897449,2.893832880109877
311,2.643333333333333,4.621377500945005,2.721755083293333,2.296495976198317,2.79398766990195,2.810788778579639,2.89302696043596,2.7583223994641797,2.7806167942393913,2.8224219041926526,2.8413460507547517,2.7645976115684565,2.799768755796387,2.8555615613733702,2.861403999074713,2.81219629954953,2.894426554138415,2.767815746471908,2.7682575489138195,2.8430295786909565,3.4241613197609126,2.9632165955459477,2.661830864208251,2.7080195169765,2.910516525681252,2.8202826011748403,2.8062715435100642,2.8168697753205643,2.7252940104086596,2.8592440439313225,2.8091059679445105,2.8437391456969743,2.773967261932375,2.915290898395199,2.9562792345351303,3.9040491936990303,2.8753909367313106
312,2.63,4.5828408325499295,2.708100263758316,2.276481170314728,2.7742200932231036,2.7938196552658034,2.8739847314256544,2.7419667904133886,2.7614053351102705,2.80462058075738,2.8212099895050526,2.745770283926789,2.7819226389953156,2.837107509180835,2.842866193933154,2.794557759884345,2.8757819202910992,2.7512023902795333,2.749454025942587,2.824746905941081,3.3975470182093868,2.943544344175998,2.641851157755966,2.692940145707872,2.891608098478219,2.8025218216257595,2.7878015936801326,2.79795178259941,2.7097559729901004,2.8414761636453925,2.791526755664995,2.8255525766338043,2.756535386050989,2.8964196753715257,2.936734148442233,3.873011511500614,2.8569489933527454
313,2.74,4.9007683468093095,2.820752524922216,2.441603318854344,2.937302600823589,2.933814922604953,3.0310831207606785,2.876900565082421,2.9198998729255217,2.9514814990983846,2.987332494815077,2.9010957369705492,2.9291531026041597,2.9893534397692587,2.995803086351023,2.940075712122127,3.029600149531456,2.8882625788666325,2.904583090455258,2.975578956127559,3.6171150060094868,3.105840417978084,2.806683735987323,2.817344958674056,3.047602622903248,2.949048252905681,2.940178679777075,2.9540252225489345,2.837944781693216,2.9880611760043205,2.9365552569710034,2.975591771404962,2.9003483620724335,3.0521072653168373,3.0979811087086397,4.1290723896375585,3.0090950262259155
314,2.75,4.929670848105616,2.830993639573479,2.456614423267036,2.9521282833327236,2.9465417650903296,3.0453647925184075,2.8891672718705146,2.934308467272362,2.964832491674839,3.002434540752351,2.915216232701799,2.942537690204963,3.003193978913661,3.009706440207193,2.9533046168710158,3.0435836249169426,2.900722596010914,2.9186857326836826,2.9892909606899654,3.6370757321731317,3.1205946065055454,2.8216685158265373,2.828654487125527,3.0617839433055223,2.9623688375674915,2.954031142149524,2.9682137170898004,2.8495983097571354,3.0013870862187675,2.9497396661806397,2.989231698202339,2.9134222689834735,3.066260682584592,3.112639923278312,4.15235065128637,3.0229264837598397
315,2.81,5.103085855883459,2.8924403274810606,2.54668104974319,3.0410823783875336,3.0229028200025927,3.1310548230647846,2.962767512599078,3.0207600333534077,3.0449384471335685,3.0930468163760003,2.9999392070893043,3.0228452158097863,3.0862372137800738,3.0931265633442124,3.0326780453643507,3.1274844772298644,2.9754826988766045,3.0033015860542305,3.0715629880644073,3.756840089155004,3.2091197376703193,2.911577194861823,2.8965116578343544,3.1468718657191745,3.0422923455383577,3.03714591638422,3.053344684334995,2.919519478140652,3.0813425475054554,3.0288461214384625,3.0710712589866063,2.9918657104497157,3.151181186191125,3.200592810696352,4.292020221179249,3.105915228963387
316,2.82,5.1319883571797655,2.902681442132324,2.5616921541558813,3.0559080608966673,3.0356296624879695,3.145336494822513,2.9750342193871715,3.035168627700248,3.0582894397100224,3.108148862313275,3.014059702820555,3.03622980341059,3.1000777529244754,3.107029917200382,3.045906950113239,3.1414679526153506,2.9879427160208856,3.0174042282826545,3.085274992626814,3.7768008153186488,3.223873926197781,2.9265619747010367,2.907821186285825,3.161053186121449,3.0556129302001684,3.0509983787566686,3.06753317887586,2.9311730062045713,3.0946684577199033,3.0420305306480984,3.0847111857839833,3.0049396173607557,3.1653346034588803,3.2152516252660246,4.315298482828062,3.1197466864973107
317,2.7533333333333334,4.9393050152043845,2.834407344457233,2.461618124737933,2.957070177502435,2.950784045918788,3.0501253497709837,2.8932561741332123,2.939111332054642,2.969282822533657,3.007468556064776,2.919923064612216,2.9469992194052304,3.0078074919617945,3.0143408914925827,2.957714251787312,3.048244783378771,2.9048759350590077,2.9233866134264908,2.993861628877434,3.6437293075610127,3.1255126693480326,2.8266634424396084,2.832424329942684,3.0665110501062802,2.966809032454762,2.9586486296070067,2.9729432152700883,2.8534828191117745,3.00582905629025,2.9541344692505187,2.993778340468131,2.91778023795382,3.0709784883405105,3.1175261948015365,4.160110071835975,3.0275369696044807
318,2.6866666666666665,4.746621673229003,2.7661332467821427,2.3615440953199847,2.858232294108202,2.8659384293496073,2.9549142047194543,2.811478128879253,2.843054036409036,2.880276205357291,2.9067882498162767,2.8257864264038774,2.8577686353998715,2.9155372309991137,2.921651865784783,2.869521553461384,2.9550216141421917,2.8218091540971297,2.8293689985703265,2.9024482651280543,3.5106577998033774,3.0271514124982843,2.7267649101781806,2.757027473599542,2.971968914091112,2.878005134709355,2.866298880457345,2.8783532516643167,2.7757926320189776,2.9169896548605974,2.866238407852938,2.9028454951522784,2.830620858546884,2.97662237322214,3.019800764337048,4.004921660843888,2.9353272527116507
319,2.62,4.553938331253622,2.6978591491070523,2.2614700659020364,2.759394410713969,2.7810928127804266,2.859703059667925,2.7297000836252945,2.74699674076343,2.791269588180925,2.8061079435677776,2.731649788195538,2.768538051394512,2.823266970036433,2.8289628400769837,2.781328855135456,2.8617984449056126,2.7387423731352514,2.7353513837141623,2.811034901378674,3.3775862920457413,2.928790155648536,2.6268663779167523,2.681630617256401,2.877426778075944,2.7892012369639487,2.773949131307683,2.7837632880585446,2.6981024449261817,2.8281502534309446,2.778342346455358,2.8119126498364264,2.743461479139948,2.88226625810377,2.92207533387256,3.8497332498518,2.8431175358188208
320,2.55,4.351620822179472,2.626171346548207,2.156392335013189,2.6556146331500234,2.6920049153827863,2.7597313573638185,2.6438331361086376,2.6461365803355426,2.6978126401457403,2.7003936220068527,2.632806318076782,2.6748459381888843,2.726383196025617,2.731639363083794,2.6887265218932312,2.7639141172072037,2.651522253125279,2.636632888115189,2.715050869441825,3.237861208900223,2.8255108359563,2.5219729190422515,2.6024639180961016,2.7781575352600165,2.6959571443312713,2.6769818947005373,2.6844438262724832,2.6165277484787444,2.734868881929809,2.6860514819878984,2.7164331622547815,2.6519441307626654,2.783192337229481,2.8194636318848465,3.6867854183101088,2.746297333081349
321,2.37,3.831375798845944,2.441831282825462,1.886192455584729,2.388752347985595,2.4629217506459975,2.502661265724689,2.4230324139229484,2.3867818820924067,2.457494773769553,2.428556795135906,2.3786373949142674,2.433923361374414,2.477253491426379,2.4813789936727355,2.4506062364132264,2.5122115602684394,2.427241944528208,2.3827853280035463,2.468234787318499,2.8785681379546064,2.5599354424619793,2.2522468819363963,2.39889240596962,2.522893768019063,2.456186620418674,2.427637571996451,2.4290509245369,2.4067642433281935,2.495002498069746,2.448732116214432,2.47091447990198,2.4166138063639395,2.528430826409882,2.555604969630728,3.2677767086314744,2.497331097470708
322,2.19,3.3111307755124137,2.2574912191027168,1.6159925761562677,2.121890062821165,2.2338385859092087,2.2455911740855594,2.202231691737259,2.1274271838492695,2.2171769073933643,2.156719968264958,2.124468471751752,2.1930007845599433,2.22812378682714,2.2311186242616765,2.212485950933221,2.260509003329674,2.2029616359311364,2.1289377678919026,2.2214187051951724,2.5192750670089885,2.294360048967658,1.9825208448305398,2.1953208938431374,2.267630000778108,2.2164160965060757,2.178293249292363,2.173658022801315,2.1970007381776417,2.255136114209683,2.2114127504409646,2.225395797549178,2.1812834819652123,2.2736693155902823,2.291746307376609,2.8487679989528387,2.2483648618600665
323,2.22,3.397838279401336,2.288214563056508,1.6610258893943444,2.1663671103485704,2.2720191133653405,2.2884361893587477,2.239031812101541,2.1706529668897927,2.2572298851227295,2.202026106076783,2.1668299589455047,2.2331545473623553,2.2696454042603467,2.272828685830187,2.2521726651798883,2.3024594294861354,2.240341687363982,2.1712456945771765,2.262554718882394,2.579157245499925,2.3386226145500455,2.027475184348183,2.2292494791975512,2.310173961984934,2.256377850491509,2.2198506364097113,2.216223506423913,2.2319613223694006,2.2951138448530273,2.250965978069876,2.2663155779413118,2.220505202698334,2.316129567393549,2.335722751085629,2.9186027838992783,2.2898592344618405
324,2.2233333333333336,3.4074724465001056,2.291628267940262,1.666029590865242,2.1713090045182826,2.2762613941937992,2.2931967466113243,2.2431207143642387,2.175455831672073,2.2616802159815474,2.207060121389208,2.1715367908559218,2.2376160765626234,2.274258917308481,2.2774631371155767,2.256582300096185,2.3071205879479644,2.2444950264120758,2.1759465753199847,2.267125387069863,2.5858108208878074,2.3435406773925327,2.032470110961254,2.2330193220147088,2.3149010687856926,2.2608180453787794,2.2244681238671946,2.2209530046042016,2.23584583172404,2.29955581492451,2.255360781139755,2.2708622202071043,2.2248631716686806,2.320847373149468,2.3406090226088536,2.9263622044488837,2.2944697203064823
325,2.2266666666666666,3.417106613598873,2.295041972824017,1.6710332923361388,2.1762508986879934,2.280503675022258,2.2979573038639,2.2472096166269364,2.1802586964543527,2.2661305468403654,2.2120941367016322,2.176243622766338,2.2420776057628906,2.278872430356614,2.2820975884009664,2.2609919350124805,2.311781746409793,2.2486483654601694,2.1806474560627924,2.2716960552573315,2.592464396275688,2.3484587402350194,2.037465037574325,2.2367891648318654,2.31962817558645,2.265258240266049,2.2290856113246766,2.2256825027844895,2.2397303410786797,2.303997784995992,2.2597555842096337,2.2754088624728968,2.229221140639027,2.325565178905386,2.3454952941320775,2.9341216249984865,2.299080206151123
326,2.23,3.426740780697642,2.298455677707772,1.6760369938070363,2.181192792857705,2.2847459558507173,2.302717861116477,2.2512985188896346,2.1850615612366333,2.2705808776991843,2.217128152014057,2.180950454676755,2.246539134963159,2.2834859434047488,2.286732039686356,2.2654015699287777,2.3164429048716224,2.2528017045082636,2.1853483368056006,2.2762667234448006,2.59911797166357,2.3533768030775075,2.0424599641873966,2.2405590076490225,2.324355282387209,2.2696984351533196,2.2337030987821604,2.2304120009647783,2.2436148504333198,2.3084397550674747,2.2641503872795132,2.2799555047386892,2.233579109609374,2.330282984661305,2.350381565655302,2.941881045548091,2.3036906919957647
327,2.47,4.120400811809016,2.544242429338098,2.036303499711652,2.537009173076945,2.590190175499769,2.6454779833019835,2.5456994818038874,2.530867825560816,2.5910046995341016,2.5795772545086546,2.519842352226776,2.5677692373824534,2.6156588828704006,2.620412532234435,2.5828952839021184,2.6520463141233086,2.5518421159710254,2.5238117502877926,2.6053548329425693,3.07817539959106,2.707477327736602,2.402094680328539,2.5119876904843323,2.6647069720418153,2.5893924670367836,2.5661621957209437,2.570935869945558,2.5232995239673883,2.628261600214225,2.5805762083108026,2.6073137478757586,2.547352875474343,2.6699649990874375,2.7021931153274608,3.5005593251196054,2.6356456728099533
328,2.47,4.120400811809016,2.544242429338098,2.036303499711652,2.537009173076945,2.590190175499769,2.6454779833019835,2.5456994818038874,2.530867825560816,2.5910046995341016,2.5795772545086546,2.519842352226776,2.5677692373824534,2.6156588828704006,2.620412532234435,2.5828952839021184,2.6520463141233086,2.5518421159710254,2.5238117502877926,2.6053548329425693,3.07817539959106,2.707477327736602,2.402094680328539,2.5119876904843323,2.6647069720418153,2.5893924670367836,2.5661621957209437,2.570935869945558,2.5232995239673883,2.628261600214225,2.5805762083108026,2.6073137478757586,2.547352875474343,2.6699649990874375,2.7021931153274608,3.5005593251196054,2.6356456728099533
329,2.5540000000000003,4.363181822697996,2.630267792408713,2.1623967767782672,2.6615449061536784,2.697095652376938,2.765444026066911,2.6487398188238753,2.65190001807428,2.7031530371763233,2.7064344403817637,2.638454516369283,2.6801997732292064,2.7319194116833785,2.7372007046262627,2.6940180837927876,2.769507507361399,2.6565062599829923,2.64227394500656,2.720535671266788,3.2458454993656822,2.8314125113672857,2.527966830977938,2.6069877294766908,2.783830063420928,2.7012853781959967,2.682522879649518,2.6901192240888308,2.6211891597043127,2.7401992460155884,2.691325245671754,2.721889132973733,2.657173693527082,2.788853704136584,2.825327157712717,3.6960967229696355,2.7518299160949193
330,2.6380000000000003,4.605962833586976,2.716293155479327,2.2884900538448827,2.7860806392304123,2.8040011292541056,2.8854100688318383,2.751780155843864,2.772932210587744,2.815301374818544,2.833291626254873,2.7570666805117905,2.7926303090759594,2.848179940496357,2.85398887701809,2.805140883683457,2.886968700599489,2.761170403994959,2.760736139725327,2.8357165095910073,3.413515599140304,2.9553476949979682,2.6538389816273384,2.701987768469049,2.90295315480004,2.813178289355209,2.7988835635780926,2.8093025782321037,2.719078795441237,2.852136891816951,2.8020742830327054,2.836464518071707,2.7669945115798216,2.9077424091857305,2.948461200097972,3.8916341208196648,2.8680141593798854
331,2.7220000000000004,4.8487438444759565,2.8023185185499413,2.414583330911498,2.910616372307146,2.9109066061312743,3.0053761115967657,2.854820492863852,2.893964403101208,2.9274497124607657,2.9601488121279815,2.8756788446542974,2.9050608449227124,2.964440469309335,2.970777049409917,2.916263683574126,3.0044298938375795,2.8658345480069256,2.8791983344440943,2.9508973479152267,3.5811856989149247,3.0792828786286517,2.779711132276738,2.7969878074614076,3.022076246179152,2.9250712005144215,2.915244247506666,2.9284859323753762,2.816968431178161,2.964074537618314,2.9128233203936564,2.9510399031696815,2.876815329632561,3.026631114234877,3.0715952424832276,4.087171518669694,2.9841984026648514
332,2.806,5.091524855364937,2.888343881620555,2.540676607978113,3.0351521053838795,3.017812083008442,3.1253421543616926,2.9578608298838405,3.014996595614672,3.0395980501029864,3.08700599800109,2.9942910087968047,3.017491380769465,3.080700998122313,3.0875652218017446,3.027386483464795,3.121891087075669,2.9704986920188916,2.997660529162861,3.0660781862394453,3.7488557986895463,3.2032180622593347,2.905583282926137,2.891987846453766,3.1411993375582643,3.0369641116736337,3.0316049314352402,3.0476692865186488,2.9148580669150843,3.0760121834196763,3.0235723577546074,3.0656152882676553,2.9866361476852994,3.145519819284023,3.194729284868483,4.282708916519724,3.100382645949817
333,2.89,5.334305866253916,2.97436924469117,2.666769885044728,3.159687838460613,3.1247175598856103,3.24530819712662,3.060901166903829,3.1360287881281352,3.1517463877452077,3.2138631838741993,3.112903172939311,3.129921916616218,3.196961526935291,3.2043533941935722,3.1385092833554644,3.23935228031376,3.0751628360308585,3.116122723881628,3.1812590245636634,3.916525898464167,3.3271532458900177,3.0314554335755366,2.986987885446124,3.2603224289373762,3.1488570228328454,3.1479656153638143,3.1668526406619213,3.0127477026520086,3.187949829221039,3.134321395115559,3.1801906733656287,3.0964569657380387,3.2644085243331697,3.3178633272537383,4.478246314369754,3.2165668892347825
334,2.89,5.334305866253916,2.97436924469117,2.666769885044728,3.159687838460613,3.1247175598856103,3.24530819712662,3.060901166903829,3.1360287881281352,3.1517463877452077,3.2138631838741993,3.112903172939311,3.129921916616218,3.196961526935291,3.2043533941935722,3.1385092833554644,3.23935228031376,3.0751628360308585,3.116122723881628,3.1812590245636634,3.916525898464167,3.3271532458900177,3.0314554335755366,2.986987885446124,3.2603224289373762,3.1488570228328454,3.1479656153638143,3.1668526406619213,3.0127477026520086,3.187949829221039,3.134321395115559,3.1801906733656287,3.0964569657380387,3.2644085243331697,3.3178633272537383,4.478246314369754,3.2165668892347825
335,2.75,4.929670848105616,2.830993639573479,2.456614423267036,2.9521282833327236,2.9465417650903296,3.0453647925184075,2.8891672718705146,2.934308467272362,2.964832491674839,3.002434540752351,2.915216232701799,2.942537690204963,3.003193978913661,3.009706440207193,2.9533046168710158,3.0435836249169426,2.900722596010914,2.9186857326836826,2.9892909606899654,3.6370757321731317,3.1205946065055454,2.8216685158265373,2.828654487125527,3.0617839433055223,2.9623688375674915,2.954031142149524,2.9682137170898004,2.8495983097571354,3.0013870862187675,2.9497396661806397,2.989231698202339,2.9134222689834735,3.066260682584592,3.112639923278312,4.15235065128637,3.0229264837598397
336,2.46,4.091498310512708,2.5340013146868343,2.021292395298959,2.5221834905678095,2.5774633330143923,2.6311963115442536,2.5334327750157932,2.516459231213975,2.577653706957647,2.5644752085713796,2.5057218564955246,2.554384649781649,2.6018183437259985,2.606509178378265,2.5696663791532286,2.6380628387378215,2.5393820988267435,2.5097091080593676,2.591642828380162,3.0582146734274147,2.6927231392091397,2.387109900489324,2.5006781620328606,2.6505256516395397,2.576071882374973,2.552309733348494,2.556747375404692,2.5116459959034687,2.6149356899997773,2.5673917991011654,2.5936738210783803,2.5342789685633025,2.6558115818196817,2.687534300757787,3.4772810634707914,2.6218142152760286
337,2.48,4.149303313105322,2.5544835439893614,2.051314604124344,2.5518348555860793,2.602917017985146,2.6597596550597125,2.5579661885919807,2.5452764199076565,2.6043556921105564,2.594679300445929,2.5339628479580263,2.581153824983257,2.6294994220148027,2.6343158860906044,2.5961241886510074,2.666029789508795,2.564302133115307,2.537914392516217,2.6190668375049757,3.0981361257547055,2.722231516264064,2.4170794601677525,2.523297218935803,2.678888292444091,2.602713051698595,2.5800146580933925,2.5851243644864232,2.534953052031308,2.641587510428673,2.5937606175204393,2.620953674673136,2.560426782385383,2.6841184163551928,2.7168519298971336,3.5238375867684177,2.6494771303438776
338,2.45,4.062595809216401,2.523760200035571,2.0062812908862675,2.507357808058675,2.564736490529015,2.6169146397865246,2.5211660682276995,2.5020506368671342,2.564302714381192,2.549373162634105,2.4916013607642746,2.5410000621808457,2.5879778045815964,2.592605824522095,2.55643747440434,2.624079363352335,2.526922081682462,2.4956064658309436,2.5779308238177556,3.0382539472637697,2.677968950681678,2.3721251206501104,2.48936863358139,2.636344331237265,2.562751297713162,2.5384572709760453,2.5425588808638264,2.4999924678395495,2.60160977978533,2.5542073898915283,2.5800338942810033,2.5212050616522625,2.6416581645519264,2.672875486188114,3.4540028018219795,2.6079827577421044
339,2.42,3.9758883053274783,2.49303685608178,1.96124797764819,2.4628807605312693,2.5265559630728833,2.574069624513336,2.4843659478634175,2.458824853826611,2.524249736651827,2.50406702482228,2.449239873570521,2.5008462993784333,2.5464561871483893,2.550895762953585,2.516750760157672,2.5821289371958738,2.4895420302496163,2.453298539145669,2.5367948101305338,2.9783717687728326,2.6337063850992903,2.327170781132467,2.455440048226976,2.593800370030439,2.5227895437277286,2.496899883858697,2.4999933972412283,2.4650318836477907,2.5616320491419855,2.514654162262617,2.5391141138888687,2.4819833409191405,2.5991979127486595,2.628899042479094,3.3841680168755386,2.5664883851403304
340,2.39,3.889180801438558,2.4623135121279893,1.9162146644101137,2.418403713003865,2.4883754356167525,2.531224609240148,2.4475658274991363,2.415599070786089,2.4841967589224625,2.4587608870104556,2.406878386376769,2.4606925365760217,2.504934569715183,2.5091857013850754,2.4770640459110047,2.5401785110394135,2.4521619788167714,2.4109906124603957,2.495658796443313,2.9184895902818973,2.5894438195169043,2.2822164416148247,2.4215114628725622,2.551256408823613,2.482827789742296,2.4553424967413493,2.4574279136186314,2.4300712994560323,2.521654318498642,2.4751009346337063,2.498194333496736,2.4427616201860203,2.556737660945393,2.5849225987700746,3.3143332319291003,2.5249940125385573
341,2.36,3.802473297549636,2.431590168174198,1.8711813511720363,2.3739266654764597,2.4501949081606202,2.4883795939669593,2.4107657071348543,2.3723732877455657,2.4441437811930973,2.413454749198631,2.364516899183016,2.42053877377361,2.4634129522819768,2.4674756398165654,2.437377331664337,2.4982280848829523,2.414781927383926,2.3686826857751213,2.454522782756092,2.8586074117909606,2.545181253934517,2.2372621020971817,2.3875828775181485,2.5087124476167872,2.442866035756863,2.4137851096240013,2.4148624299960337,2.3951107152642734,2.481676587855298,2.435547707004795,2.457274553104602,2.4035398994528987,2.5142774091421263,2.5409461550610546,3.244498446982661,2.4834996399367832
342,2.45,4.062595809216401,2.523760200035571,2.0062812908862675,2.507357808058675,2.564736490529015,2.6169146397865246,2.5211660682276995,2.5020506368671342,2.564302714381192,2.549373162634105,2.4916013607642746,2.5410000621808457,2.5879778045815964,2.592605824522095,2.55643747440434,2.624079363352335,2.526922081682462,2.4956064658309436,2.5779308238177556,3.0382539472637697,2.677968950681678,2.3721251206501104,2.48936863358139,2.636344331237265,2.562751297713162,2.5384572709760453,2.5425588808638264,2.4999924678395495,2.60160977978533,2.5542073898915283,2.5800338942810033,2.5212050616522625,2.6416581645519264,2.672875486188114,3.4540028018219795,2.6079827577421044
343,2.45,4.062595809216401,2.523760200035571,2.0062812908862675,2.507357808058675,2.564736490529015,2.6169146397865246,2.5211660682276995,2.5020506368671342,2.564302714381192,2.549373162634105,2.4916013607642746,2.5410000621808457,2.5879778045815964,2.592605824522095,2.55643747440434,2.624079363352335,2.526922081682462,2.4956064658309436,2.5779308238177556,3.0382539472637697,2.677968950681678,2.3721251206501104,2.48936863358139,2.636344331237265,2.562751297713162,2.5384572709760453,2.5425588808638264,2.4999924678395495,2.60160977978533,2.5542073898915283,2.5800338942810033,2.5212050616522625,2.6416581645519264,2.672875486188114,3.4540028018219795,2.6079827577421044
344,2.54,4.322718320883165,2.615930231896943,2.141381230600498,2.6407889506408893,2.679278072897409,2.7454496856060895,2.631566429320544,2.6317279859887024,2.684461647569286,2.6852915760695786,2.6186858223455314,2.6614613505880804,2.712542656881215,2.7177360092276244,2.6754976171443428,2.7499306418217166,2.6390622359809974,2.622530245886765,2.701338864879418,3.217900482736578,2.8107566474288377,2.5069881392030386,2.5911543896446307,2.763976214857742,2.6826365596694606,2.6631294323280885,2.670255331731618,2.604874220414825,2.721542971715361,2.6728670727782617,2.7027932354574036,2.6388702238516255,2.7690389199617256,2.8048048173151736,3.6635071566612964,2.732465875547425
345,2.59,4.4672308273647,2.667135805153261,2.216436752663959,2.7149173631865637,2.7429122853242944,2.8168580443947366,2.692899963261013,2.7037709577229068,2.75121661045156,2.7608018057559525,2.6892883010017856,2.7283842885920997,2.7817453526032256,2.7872527785084733,2.7416421408887883,2.819848018749151,2.7013623217024056,2.693043457028888,2.7698988876914528,3.3177041135548047,2.8845275900661487,2.581912038399109,2.6477020319019866,2.8348828168691176,2.749239482978515,2.732391744190335,2.741197804435947,2.6631418607344224,2.7881725227876,2.7387891188264466,2.7709928694442927,2.7042397584068274,2.839806006300503,2.87809889016354,3.7798984649053606,2.801623163217047
346,2.64,4.6117433338462375,2.71834137840958,2.2914922747274207,2.789045775732239,2.806546497751181,2.8882664031833842,2.7542334972014824,2.775813929457112,2.8179715733338355,2.8363120354423272,2.75989077965804,2.79530722659612,2.850948048325237,2.856769547789324,2.807786664633235,2.8897653956765863,2.7636624074238147,2.7635566681710118,2.8384589105034883,3.4175077443730326,2.958298532703461,2.6568359375951807,2.7042496741593434,2.9057894188804947,2.8158424062875707,2.801654056052582,2.8121402771402764,2.7214095010540205,2.8548020738598407,2.8047111648746323,2.8391925034311827,2.7696092929620293,2.9105730926392814,2.9513929630119065,3.896289773149427,2.87078045088667
347,2.69,4.756255840327772,2.7695469516658973,2.3665477967908823,2.8631741882779136,2.8701807101780665,2.959674761972031,2.8155670311419514,2.8478569011913164,2.8847265362161094,2.9118222651287016,2.830493258314294,2.862230164600139,2.9201507440472474,2.926286317070173,2.8739311883776804,2.9596827726040207,2.8259624931452234,2.8340698793131347,2.9070189333155234,3.517311375191259,3.032069475340772,2.7317598367912517,2.7607973164166992,2.976696020891871,2.8824453295966252,2.8709163679148277,2.883082749844605,2.7796771413736177,2.92143162493208,2.8706332109228176,2.9073921374180713,2.8349788275172307,2.981340178978059,3.024687035860272,4.0126810813934926,2.939937738556292
348,2.63,4.5828408325499295,2.708100263758316,2.276481170314728,2.7742200932231036,2.7938196552658034,2.8739847314256544,2.7419667904133886,2.7614053351102705,2.80462058075738,2.8212099895050526,2.745770283926789,2.7819226389953156,2.837107509180835,2.842866193933154,2.794557759884345,2.8757819202910992,2.7512023902795333,2.749454025942587,2.824746905941081,3.3975470182093868,2.943544344175998,2.641851157755966,2.692940145707872,2.891608098478219,2.8025218216257595,2.7878015936801326,2.79795178259941,2.7097559729901004,2.8414761636453925,2.791526755664995,2.8255525766338043,2.756535386050989,2.8964196753715257,2.936734148442233,3.873011511500614,2.8569489933527454
349,2.73,4.8718658455130015,2.810511410270952,2.426592214441651,2.9224769183144534,2.921088080119575,3.0168014490029487,2.8646338582943267,2.90549127857868,2.938130506521929,2.972230448877801,2.8869752412392975,2.915768515003355,2.975512900624856,2.9818997324948526,2.926846807373237,3.0156166741459685,2.8758025617223506,2.890480448226833,2.9618669515651512,3.5971542798458405,3.091086229450621,2.7916989561481085,2.8060354302225843,3.0334213025009715,2.9357276682438695,2.9263262174046254,2.939836728008068,2.8262912536292957,2.974735265789872,2.9233708477613654,2.961951844607583,2.8872744551613927,3.0379538480490806,3.0833222941389655,4.105794127988744,2.995263568691991
350,2.7,4.78515834162408,2.779788066317161,2.3815589012035745,2.8779998707870487,2.8829075526634442,2.9739564337297604,2.8278337379300456,2.8622654955381575,2.898077528792564,2.926924311065977,2.8446137540455454,2.8756147522009434,2.93399128319165,2.940189670926343,2.8871600931265697,2.9736662479895077,2.8384225102895053,2.848172521541559,2.9207309378779307,3.5372721013549047,3.0468236638682344,2.7467446166304663,2.772106844868171,2.9908773412941465,2.895765914258437,2.8847688302872774,2.897271244385471,2.7913306694375377,2.9347575351465283,2.8838176201324544,2.9210320642154497,2.8480527344282716,2.9954935962458147,3.039345850429946,4.035959343042306,2.953769196090217
351,2.73,4.8718658455130015,2.810511410270952,2.426592214441651,2.9224769183144534,2.921088080119575,3.0168014490029487,2.8646338582943267,2.90549127857868,2.938130506521929,2.972230448877801,2.8869752412392975,2.915768515003355,2.975512900624856,2.9818997324948526,2.926846807373237,3.0156166741459685,2.8758025617223506,2.890480448226833,2.9618669515651512,3.5971542798458405,3.091086229450621,2.7916989561481085,2.8060354302225843,3.0334213025009715,2.9357276682438695,2.9263262174046254,2.939836728008068,2.8262912536292957,2.974735265789872,2.9233708477613654,2.961951844607583,2.8872744551613927,3.0379538480490806,3.0833222941389655,4.105794127988744,2.995263568691991
352,2.7133333333333334,4.823695010019156,2.793442885852179,2.4015737070871643,2.897767447465895,2.8998766759772803,2.9929986627400664,2.844189346980837,2.8814769546672787,2.915878852227838,2.9470603723156765,2.863441081687213,2.893460869002015,2.952445335384186,2.958727476067903,2.9047986327917554,2.9923108818368243,2.855035866481881,2.866976044512792,2.939013610627806,3.563886402906432,3.0664959152381837,2.7667243230827516,2.787186216136799,3.0097857684971796,2.913526693807518,2.90323878011721,2.916189237106625,2.8068687068560965,2.9525254154324587,2.9013968324119705,2.93921863327862,2.8654846103096583,3.0143648192694883,3.058890936522844,4.066997025240723,2.972211139468783
353,2.6966666666666668,4.775524174525311,2.7763743614334064,2.376555199732677,2.8730579766173365,2.8786652718349846,2.969195876477184,2.8237448356673474,2.8574626307558773,2.8936271979337462,2.9218902957535517,2.8399069221351283,2.8711532230006753,2.9293777701435157,2.9355552196409533,2.882750458210273,2.9690050895276787,2.834269171241411,2.843471640798751,2.916160269690461,3.530618525967023,3.041905601025747,2.7417496900173948,2.768337002051014,2.9861502344933877,2.8913257193711663,2.8801513428297945,2.8925417462051826,2.7874461600828977,2.9303155650750456,2.8794228170625757,2.916485421949657,2.8436947654579248,2.990775790489896,3.0344595789067217,4.028199922492701,2.949158710245576
354,2.68,4.727353339031466,2.759305837014634,2.35153669237819,2.8483485057687785,2.8574538676926897,2.945393090214302,2.803300324353858,2.833448306844476,2.8713755436396546,2.896720219191427,2.8163727625830437,2.8488455769993357,2.9063102049028453,2.9123829632140037,2.8607022836287914,2.945699297218534,2.8135024760009424,2.81996723708471,2.8933069287531166,3.4973506490276143,3.01731528681331,2.716775056952038,2.7494877879652284,2.9625147004895958,2.869124744934815,2.857063905542379,2.86889425530374,2.7680236133096985,2.908105714717632,2.857448801713181,2.8937522106206943,2.821904920606191,2.9671867617103036,3.0100282212905993,3.989402819744679,2.9261062810223684
355,2.76,4.958573349401922,2.8412347542247423,2.4716255276797274,2.966953965841858,2.9592686075757064,3.059646464276137,2.9014339786586083,2.9487170616192024,2.9781834842512938,3.0175365866896255,2.9293367284330496,2.9559222778057666,3.017034518058062,3.023609794063362,2.9665335216199042,3.057567100302429,2.9131826131551954,2.932788374912107,3.0030029652523718,3.6570364583367763,3.1353487950330075,2.8366532956657506,2.8399640155769976,3.075965263707797,2.975689422229302,2.9678836045219725,2.9824022116306654,2.861251837821054,3.0147129964332153,2.9629240753902764,3.002871624999716,2.9264961758945134,3.080414099852347,3.127298737847985,4.175628912935183,3.0367579412937635
356,2.76,4.958573349401922,2.8412347542247423,2.4716255276797274,2.966953965841858,2.9592686075757064,3.059646464276137,2.9014339786586083,2.9487170616192024,2.9781834842512938,3.0175365866896255,2.9293367284330496,2.9559222778057666,3.017034518058062,3.023609794063362,2.9665335216199042,3.057567100302429,2.9131826131551954,2.932788374912107,3.0030029652523718,3.6570364583367763,3.1353487950330075,2.8366532956657506,2.8399640155769976,3.075965263707797,2.975689422229302,2.9678836045219725,2.9824022116306654,2.861251837821054,3.0147129964332153,2.9629240753902764,3.002871624999716,2.9264961758945134,3.080414099852347,3.127298737847985,4.175628912935183,3.0367579412937635
357,2.68,4.727353339031466,2.759305837014634,2.35153669237819,2.8483485057687785,2.8574538676926897,2.945393090214302,2.803300324353858,2.833448306844476,2.8713755436396546,2.896720219191427,2.8163727625830437,2.8488455769993357,2.9063102049028453,2.9123829632140037,2.8607022836287914,2.945699297218534,2.8135024760009424,2.81996723708471,2.8933069287531166,3.4973506490276143,3.01731528681331,2.716775056952038,2.7494877879652284,2.9625147004895958,2.869124744934815,2.857063905542379,2.86889425530374,2.7680236133096985,2.908105714717632,2.857448801713181,2.8937522106206943,2.821904920606191,2.9671867617103036,3.0100282212905993,3.989402819744679,2.9261062810223684
358,2.6075,4.517810204633238,2.6850577557929727,2.2427061853861705,2.74086230757755,2.7651842596737053,2.8418509699707633,2.714366700140177,2.7289859978298785,2.7745808474603564,2.7872303861461836,2.713999168531475,2.751807316893507,2.8059662961059297,2.8115836477567715,2.7647927241993444,2.844319100673754,2.723167351704899,2.7177230809286312,2.793894895675665,3.3526353843411845,2.910347419989208,2.608135403117734,2.6674937066920617,2.8597001275730998,2.772550506136685,2.7566335533421213,2.7660276698824617,2.683535534846282,2.8114928656628844,2.7618618349433115,2.794862741339704,2.727119095501148,2.8645744865190754,2.903751815660468,3.820635422790784,2.8258282139014153
359,2.535,4.308267070235011,2.6108096745713114,2.133875678394152,2.633376109386322,2.672914651654721,2.7383088497272245,2.625433075926497,2.624523688815282,2.677786151281059,2.6777405531009415,2.6116255744799064,2.6547690567876785,2.7056223873090146,2.7107843322995393,2.6688831647698983,2.742938904128973,2.6328322274088567,2.615478924772553,2.694482862598215,3.2079201196547555,2.803379553165107,2.4994957492834313,2.5854996254188953,2.7568855546566042,2.675976267338555,2.6562032011418646,2.6631610844611853,2.5990474563828654,2.7148800166081375,2.6662748681734434,2.6959732720587146,2.6323332703961055,2.761962211327848,2.7974754100303367,3.65186802583689,2.7255501467804626
360,2.4625000000000004,4.0987239358367855,2.5365615933496506,2.025045171402133,2.525889911195094,2.5806450436357364,2.6347667294836867,2.536499451712817,2.5200613798006852,2.5809914551017608,2.5682507200556985,2.509251980428338,2.5577307966818505,2.6052784785120995,2.609985016842308,2.5729736053404517,2.6415587075841938,2.5424971031128143,2.513234768616474,2.595070829520764,3.063204854968327,2.696411686341006,2.3908560954491285,2.503505544145729,2.654070981740109,2.579402028540426,2.555772848941607,2.560294499039909,2.514559377919449,2.61826716755339,2.570687901403575,2.5970838027777257,2.5375474452910627,2.6593499361366213,2.691199004400206,3.4831006288829958,2.6252720796595104
361,2.39,3.889180801438558,2.4623135121279893,1.9162146644101137,2.418403713003865,2.4883754356167525,2.531224609240148,2.4475658274991363,2.415599070786089,2.4841967589224625,2.4587608870104556,2.406878386376769,2.4606925365760217,2.504934569715183,2.5091857013850754,2.4770640459110047,2.5401785110394135,2.4521619788167714,2.4109906124603957,2.495658796443313,2.9184895902818973,2.5894438195169043,2.2822164416148247,2.4215114628725622,2.551256408823613,2.482827789742296,2.4553424967413493,2.4574279136186314,2.4300712994560323,2.521654318498642,2.4751009346337063,2.498194333496736,2.4427616201860203,2.556737660945393,2.5849225987700746,3.3143332319291003,2.5249940125385573
362,2.4,3.918083302734864,2.4725546267792526,1.9312257688228052,2.433229395512999,2.501102278102129,2.545506280997877,2.4598325342872296,2.430007665132929,2.4975477514989173,2.4738629329477297,2.4209988821080195,2.4740771241768256,2.518775108859585,2.523089055241245,2.4902929506598936,2.5541619864248997,2.4646219959610534,2.4250932546888198,2.5093708010057196,2.938450316445542,2.6041980080443654,2.2972012214540385,2.432820991324033,2.5654377292258883,2.4961483744041066,2.469194959113798,2.471616408159497,2.4417248275199515,2.5349802287130894,2.4882853438433425,2.511834260294113,2.4558355270970598,2.570891078213148,2.5995814133397475,3.3376114935779126,2.5388254700724815
363,2.36,3.802473297549636,2.431590168174198,1.8711813511720363,2.3739266654764597,2.4501949081606202,2.4883795939669593,2.4107657071348543,2.3723732877455657,2.4441437811930973,2.413454749198631,2.364516899183016,2.42053877377361,2.4634129522819768,2.4674756398165654,2.437377331664337,2.4982280848829523,2.414781927383926,2.3686826857751213,2.454522782756092,2.8586074117909606,2.545181253934517,2.2372621020971817,2.3875828775181485,2.5087124476167872,2.442866035756863,2.4137851096240013,2.4148624299960337,2.3951107152642734,2.481676587855298,2.435547707004795,2.457274553104602,2.4035398994528987,2.5142774091421263,2.5409461550610546,3.244498446982661,2.4834996399367832
364,2.39,3.889180801438558,2.4623135121279893,1.9162146644101137,2.418403713003865,2.4883754356167525,2.531224609240148,2.4475658274991363,2.415599070786089,2.4841967589224625,2.4587608870104556,2.406878386376769,2.4606925365760217,2.504934569715183,2.5091857013850754,2.4770640459110047,2.5401785110394135,2.4521619788167714,2.4109906124603957,2.495658796443313,2.9184895902818973,2.5894438195169043,2.2822164416148247,2.4215114628725622,2.551256408823613,2.482827789742296,2.4553424967413493,2.4574279136186314,2.4300712994560323,2.521654318498642,2.4751009346337063,2.498194333496736,2.4427616201860203,2.556737660945393,2.5849225987700746,3.3143332319291003,2.5249940125385573
