,"Southern Company Services, Inc. - Trans",ISO New England,"Midcontinent Independent System Operator, Inc.","PJM Interconnection, LLC","Alcoa Power Generating, Inc. - Yadkin Division","Associated Electric Cooperative, Inc.",City of Homestead,City of Tallahassee,Duke Energy Carolinas,"Duke Energy Florida, Inc.",Duke Energy Progress East,Duke Energy Progress West,"Electric Energy, Inc.",Florida Municipal Power Pool,Florida Power & Light Co.,Gainesville Regional Utilities,"Gridforce Energy Management, LLC",JEA,Louisville Gas and Electric Company and Kentucky Utilities Company,Utilities Commission of New Smyrna Beach,New York Independent System Operator,NorthWestern Corporation,Ohio Valley Electric Corporation,PowerSouth Energy Cooperative,Public Service Company of New Mexico,Seminole Electric Cooperative,"Dominion Energy South Carolina, Inc.",South Carolina Public Service Authority,Southeastern Power Administration,Southwest Power Pool,Southwestern Power Administration,Tampa Electric Company,Tennessee Valley Authority,Western Area Power Administration - Rocky Mountain Region,Western Area Power Administration - Upper Great Plains West,New Brunswick System Operator,"Electric Reliability Council of Texas, Inc."
0,2.4425,4.0409189332441695,2.516079364047123,1.995022962576748,2.4962385461768233,2.5551913586649815,2.6062033859682274,2.5119660381366287,2.491244191107003,2.5542894699488503,2.5380466281811485,2.481010988965836,2.530961621480242,2.5775974002232944,2.5821783091299673,2.546515795842673,2.6135917568132196,2.5175770688242505,2.4850294841596248,2.5676468203959493,3.023283402641035,2.6669033092860803,2.360886535770699,2.480886487242786,2.6257083409355584,2.5527608592168036,2.5280679241967077,2.5319175099581765,2.4912523217916096,2.5916153471244936,2.5443190829843,2.569803949182969,2.511399631468982,2.6310431016011093,2.661881375260859,3.436544105585369,2.5976091645916606
1,2.495,4.192657065049783,2.5698452159662573,2.073831260743382,2.574073379349782,2.6220072817132123,2.681182162696307,2.5763662487741215,2.566889311427918,2.624382180975239,2.6173323693518418,2.555143591554903,2.601230706384463,2.650260230731406,2.6551709168748596,2.6159675457743408,2.687005002587026,2.5829921588317295,2.5590683558588543,2.6396348443485866,3.128077215000174,2.7443627990552577,2.4395566299265745,2.5402615116130103,2.700160273047503,2.6226939286913113,2.600793351652067,2.606407106297722,2.552433344127187,2.6615763757503457,2.6135372313348952,2.641413564869203,2.580037642751944,2.705348542256826,2.738840151751644,3.558754979241637,2.670224316644765
2,2.5475000000000003,4.344395196855396,2.6236110678853914,2.1526395589100176,2.651908212522741,2.6888232047614427,2.756160939424387,2.6407664594116147,2.6425344317488335,2.6944748920016277,2.696618110522535,2.62927619414397,2.671499791288684,2.722923061239517,2.7281635246197524,2.6854192957060095,2.7604182483608324,2.6484072488392094,2.6331072275580842,2.711622868301224,3.232871027359313,2.8218222888244355,2.5182267240824494,2.599636535983235,2.7746122051594493,2.692626998165819,2.673518779107426,2.680896702637268,2.613614366462765,2.7315374043761973,2.68275537968549,2.7130231805554375,2.648675654034906,2.779653982912543,2.815798928242429,3.680965852897907,2.7428394686978685
3,2.6,4.496133328661008,2.677376919804525,2.231447857076652,2.7297430456956993,2.7556391278096726,2.8311397161524665,2.705166670049107,2.7181795520697483,2.7645676030280155,2.775903851693228,2.703408796733037,2.7417688761929044,2.7955858917476286,2.801156132364644,2.754871045637678,2.8338314941346385,2.713822338846688,2.7071460992573133,2.7836108922538605,3.337664839718451,2.8992817785936116,2.596896818238324,2.6590115603534583,2.8490641372713936,2.762560067640327,2.7462442065627846,2.755386298976813,2.6747953887983424,2.801498433002049,2.751973528036084,2.784632796241671,2.717313665317868,2.8539594235682593,2.892757704733213,3.8031767265541743,2.8154546207509723
4,2.77,4.987475850698231,2.851475868876006,2.4866366320924205,2.9817796483509937,2.971995450061084,3.0739281360338664,2.9137006854467025,2.963125655966044,2.9915344768277485,3.0326386326269006,2.943457224164301,2.969306865406571,3.030875057202465,3.0375131479195323,2.9797624263687936,3.0715505756879162,2.9256426302994774,2.946891017140532,3.016714969814779,3.676997184500423,3.15010298356047,2.8516380755049653,2.851273544028469,3.090146584110073,2.989010006891114,2.9817360668944226,2.996590706171532,2.872905365884974,3.028038906647663,2.976108484599914,3.0165115517970946,2.939570082805554,3.094567517120103,3.141957552417659,4.198907174583997,3.050589398827688
5,2.76,4.958573349401922,2.8412347542247423,2.4716255276797274,2.966953965841858,2.9592686075757064,3.059646464276137,2.9014339786586083,2.9487170616192024,2.9781834842512938,3.0175365866896255,2.9293367284330496,2.9559222778057666,3.017034518058062,3.023609794063362,2.9665335216199042,3.057567100302429,2.9131826131551954,2.932788374912107,3.0030029652523718,3.6570364583367763,3.1353487950330075,2.8366532956657506,2.8399640155769976,3.075965263707797,2.975689422229302,2.9678836045219725,2.9824022116306654,2.861251837821054,3.0147129964332153,2.9629240753902764,3.002871624999716,2.9264961758945134,3.080414099852347,3.127298737847985,4.175628912935183,3.0367579412937635
6,2.81,5.103085855883459,2.8924403274810606,2.54668104974319,3.0410823783875336,3.0229028200025927,3.1310548230647846,2.962767512599078,3.0207600333534077,3.0449384471335685,3.0930468163760003,2.9999392070893043,3.0228452158097863,3.0862372137800738,3.0931265633442124,3.0326780453643507,3.1274844772298644,2.9754826988766045,3.0033015860542305,3.0715629880644073,3.756840089155004,3.2091197376703193,2.911577194861823,2.8965116578343544,3.1468718657191745,3.0422923455383577,3.03714591638422,3.053344684334995,2.919519478140652,3.0813425475054554,3.0288461214384625,3.0710712589866063,2.9918657104497157,3.151181186191125,3.200592810696352,4.292020221179249,3.105915228963387
7,2.77,4.987475850698231,2.851475868876006,2.4866366320924205,2.9817796483509937,2.971995450061084,3.0739281360338664,2.9137006854467025,2.963125655966044,2.9915344768277485,3.0326386326269006,2.943457224164301,2.969306865406571,3.030875057202465,3.0375131479195323,2.9797624263687936,3.0715505756879162,2.9256426302994774,2.946891017140532,3.016714969814779,3.676997184500423,3.15010298356047,2.8516380755049653,2.851273544028469,3.090146584110073,2.989010006891114,2.9817360668944226,2.996590706171532,2.872905365884974,3.028038906647663,2.976108484599914,3.0165115517970946,2.939570082805554,3.094567517120103,3.141957552417659,4.198907174583997,3.050589398827688
8,2.75,4.929670848105616,2.830993639573479,2.456614423267036,2.9521282833327236,2.9465417650903296,3.0453647925184075,2.8891672718705146,2.934308467272362,2.964832491674839,3.002434540752351,2.915216232701799,2.942537690204963,3.003193978913661,3.009706440207193,2.9533046168710158,3.0435836249169426,2.900722596010914,2.9186857326836826,2.9892909606899654,3.6370757321731317,3.1205946065055454,2.8216685158265373,2.828654487125527,3.0617839433055223,2.9623688375674915,2.954031142149524,2.9682137170898004,2.8495983097571354,3.0013870862187675,2.9497396661806397,2.989231698202339,2.9134222689834735,3.066260682584592,3.112639923278312,4.15235065128637,3.0229264837598397
9,2.73,4.8718658455130015,2.810511410270952,2.426592214441651,2.9224769183144534,2.921088080119575,3.0168014490029487,2.8646338582943267,2.90549127857868,2.938130506521929,2.972230448877801,2.8869752412392975,2.915768515003355,2.975512900624856,2.9818997324948526,2.926846807373237,3.0156166741459685,2.8758025617223506,2.890480448226833,2.9618669515651512,3.5971542798458405,3.091086229450621,2.7916989561481085,2.8060354302225843,3.0334213025009715,2.9357276682438695,2.9263262174046254,2.939836728008068,2.8262912536292957,2.974735265789872,2.9233708477613654,2.961951844607583,2.8872744551613927,3.0379538480490806,3.0833222941389655,4.105794127988744,2.995263568691991
10,2.71,4.814060842920386,2.7900291809684243,2.3965700056162667,2.8928255532961833,2.8956343951488206,2.98823810548749,2.8401004447181393,2.8766740898849985,2.911428521369019,2.942026357003251,2.858734249776796,2.888999339801747,2.9478318223360516,2.954093024782513,2.9003889978754587,2.987649723374995,2.850882527433787,2.8622751637699837,2.934442942440337,3.5572328275185496,3.0615778523956965,2.76172939646968,2.7834163733196418,3.0050586616964208,2.9090864989202476,2.8986212926597266,2.911459738926337,2.802984197501457,2.948083445360976,2.8970020293420915,2.934671991012827,2.861126641339312,3.00964701351357,3.0540046649996193,4.059237604691118,2.9676006536241415
11,2.89,5.334305866253916,2.97436924469117,2.666769885044728,3.159687838460613,3.1247175598856103,3.24530819712662,3.060901166903829,3.1360287881281352,3.1517463877452077,3.2138631838741993,3.112903172939311,3.129921916616218,3.196961526935291,3.2043533941935722,3.1385092833554644,3.23935228031376,3.0751628360308585,3.116122723881628,3.1812590245636634,3.916525898464167,3.3271532458900177,3.0314554335755366,2.986987885446124,3.2603224289373762,3.1488570228328454,3.1479656153638143,3.1668526406619213,3.0127477026520086,3.187949829221039,3.134321395115559,3.1801906733656287,3.0964569657380387,3.2644085243331697,3.3178633272537383,4.478246314369754,3.2165668892347825
12,2.82,5.1319883571797655,2.902681442132324,2.5616921541558813,3.0559080608966673,3.0356296624879695,3.145336494822513,2.9750342193871715,3.035168627700248,3.0582894397100224,3.108148862313275,3.014059702820555,3.03622980341059,3.1000777529244754,3.107029917200382,3.045906950113239,3.1414679526153506,2.9879427160208856,3.0174042282826545,3.085274992626814,3.7768008153186488,3.223873926197781,2.9265619747010367,2.907821186285825,3.161053186121449,3.0556129302001684,3.0509983787566686,3.06753317887586,2.9311730062045713,3.0946684577199033,3.0420305306480984,3.0847111857839833,3.0049396173607557,3.1653346034588803,3.2152516252660246,4.315298482828062,3.1197466864973107
13,2.82,5.1319883571797655,2.902681442132324,2.5616921541558813,3.0559080608966673,3.0356296624879695,3.145336494822513,2.9750342193871715,3.035168627700248,3.0582894397100224,3.108148862313275,3.014059702820555,3.03622980341059,3.1000777529244754,3.107029917200382,3.045906950113239,3.1414679526153506,2.9879427160208856,3.0174042282826545,3.085274992626814,3.7768008153186488,3.223873926197781,2.9265619747010367,2.907821186285825,3.161053186121449,3.0556129302001684,3.0509983787566686,3.06753317887586,2.9311730062045713,3.0946684577199033,3.0420305306480984,3.0847111857839833,3.0049396173607557,3.1653346034588803,3.2152516252660246,4.315298482828062,3.1197466864973107
14,2.86,5.247598362364994,2.9436459007373785,2.6217365718066508,3.115210790933208,3.086537032429478,3.2024631818534317,3.024101046539547,3.092803005087612,3.1116934100158424,3.168557046062374,3.0705416857455585,3.0897681538138055,3.1554399095020838,3.162643332625062,3.0988225691087967,3.1974018541572984,3.0377827845980128,3.0738147971963534,3.140123010876442,3.856643719973231,3.2828906803076303,2.9865010940578935,2.9530593000917102,3.21777846773055,3.1088952688474123,3.1064082282464662,3.1242871570393236,2.97778711846025,3.1479720985776947,3.094768167486647,3.139270892973495,3.057235245004917,3.2219482725299025,3.2738868835447184,4.408411529423313,3.1750725166330094
15,2.8075,5.095860230559382,2.889880048818245,2.5429282736400167,3.0373759577602497,3.0197211093812486,3.127484405125352,2.9597008359020545,3.0171578847666973,3.0416006989894546,3.0892713048916813,2.9964090831564922,3.0194990689095857,3.082777078993973,3.08965072488017,3.0293708191771285,3.1239886083834922,2.9723676945905337,2.999775925497125,3.0681349869238055,3.751849907614093,3.2054311905384534,2.9078309999020195,2.8936842757214865,3.143326535618605,3.038962199372905,3.0336828007911074,3.0497975606997785,2.9166060961246725,3.0780110699518435,3.0255500191360527,3.067661277287262,2.988597233721956,3.1476428318741867,3.1969281070539335,4.286200655767046,3.102457364579905
16,2.755,4.944122098753769,2.8361141968991106,2.464119975473382,2.959541124587291,2.9529051863330182,3.052505628397272,2.8953006252645617,2.9415127644457826,2.971507987963066,3.009985563720988,2.9222764805674246,2.9492299840053646,3.010114248485861,3.0166581171352775,2.95991906924546,3.0505753626096856,2.9069526045830543,2.9257370537978944,2.996146962971169,3.647056095254954,3.1279717007692764,2.8291609057461438,2.834309251351262,3.06887460350666,2.969029129898397,2.9609573733357486,2.9753079643602325,2.8554250737890947,3.0080500413259914,2.956331870785458,2.9960516616010278,2.919959222438993,3.0733373912184696,3.1199693305631486,4.163989782110776,3.029842212526802
17,2.7025,4.792383966948155,2.7823483449799764,2.385311677306747,2.881706291414332,2.886089263284788,2.9775268516691926,2.8309004146270684,2.8658676441248674,2.901415276936678,2.9306998225502947,2.8481438779783574,2.8789608991011435,2.93745141797775,2.943665509390385,2.8904673193137915,2.977162116835879,2.8415375145755757,2.851698182098665,2.9241589390185316,3.5422622828958152,3.0505122110000995,2.750490811590269,2.7749342269810384,2.994422671394714,2.899096060423889,2.8882319458803893,2.900818368020687,2.794244051453517,2.9380890127001393,2.8871137224348633,2.9244420459147937,2.8513212111560313,2.9990319505627525,3.043010554072364,4.041778908454508,2.9572270604736977
18,2.65,4.640645835142544,2.7285824930608427,2.306503379140113,2.8038714582413737,2.8192733402365575,2.902548074941113,2.766500203989576,2.790222523803952,2.8313225659102894,2.8514140813796023,2.7740112753892907,2.8086918141969237,2.864788587469639,2.8706729016454933,2.8210155693821237,2.9037488710620725,2.776122424568096,2.777659310399436,2.852170915065895,3.437468470536677,2.973052721230923,2.6718207174343944,2.7155592026108146,2.91997073928277,2.8291629909493814,2.815506518425031,2.826328771681142,2.7330630291179396,2.868127984074288,2.817895574084269,2.8528324302285597,2.7826831998730697,2.9247265099070363,2.9660517775815793,3.91956803479824,2.8846119084205943
19,2.57,4.409425824772086,2.646653575850734,2.1864145438385743,2.6852659981682936,2.717458600353541,2.7882947008792773,2.668366549684825,2.6749537690292247,2.7245146252986503,2.7305977138814033,2.661047309539284,2.701615113390492,2.7540642743144215,2.759446070796134,2.71518433139101,2.7918810679781774,2.6764422874138427,2.664838172572039,2.7424748785666386,3.277782661227514,2.855019213011224,2.5519424787206804,2.625082974999044,2.8065201760645677,2.7225983136548937,2.7046868194454365,2.712820815354215,2.6398348046065836,2.761520702358704,2.7124203004071723,2.7437130158495373,2.678091944584746,2.8114991717649924,2.848781261024193,3.7333419416077347,2.773960248149198
20,2.49,4.17820581440163,2.5647246586406256,2.066325708537037,2.566660538095215,2.615643860470524,2.674041326817443,2.570232895380075,2.559685014254498,2.617706684687012,2.6097813463832047,2.548083343689278,2.5945384125840616,2.6433399611592048,2.6482192399467754,2.609353093399897,2.6800132648942827,2.576762150259589,2.5520170347446425,2.6327788420673834,3.118096851918351,2.7369857047915267,2.432064240006967,2.534606747387275,2.6930696128463665,2.616033636360406,2.593867120465843,2.5993128590272896,2.5466065800952276,2.6549134206431213,2.606945026730077,2.634593601470515,2.573500689296424,2.698271833622949,2.731510744466808,3.5471158484172314,2.6633085878778027
21,2.45,4.062595809216401,2.523760200035571,2.0062812908862675,2.507357808058675,2.564736490529015,2.6169146397865246,2.5211660682276995,2.5020506368671342,2.564302714381192,2.549373162634105,2.4916013607642746,2.5410000621808457,2.5879778045815964,2.592605824522095,2.55643747440434,2.624079363352335,2.526922081682462,2.4956064658309436,2.5779308238177556,3.0382539472637697,2.677968950681678,2.3721251206501104,2.48936863358139,2.636344331237265,2.562751297713162,2.5384572709760453,2.5425588808638264,2.4999924678395495,2.60160977978533,2.5542073898915283,2.5800338942810033,2.5212050616522625,2.6416581645519264,2.672875486188114,3.4540028018219795,2.6079827577421044
22,2.51,4.236010816994244,2.5852068879431527,2.0963479173624213,2.5963119031134845,2.6410975454412777,2.702604670332901,2.5947663089562623,2.5885022029481797,2.644408669839921,2.639985438257754,2.5763243351517793,2.621307587785669,2.671021039448009,2.676025947659115,2.635810902897675,2.7079802156652564,2.601682184548152,2.580222319201491,2.660202851192197,3.1580183042456422,2.766494081846451,2.462033799685396,2.5572258042902174,2.7214322536509163,2.6426748056840275,2.6215720452107405,2.627689848109021,2.5699136362230663,2.6815652410720174,2.6333138451493507,2.66187345506527,2.5996485031185044,2.72657866815846,2.760828373606154,3.593672371714857,2.6909715029456516
23,2.57,4.409425824772086,2.646653575850734,2.1864145438385743,2.6852659981682936,2.717458600353541,2.7882947008792773,2.668366549684825,2.6749537690292247,2.7245146252986503,2.7305977138814033,2.661047309539284,2.701615113390492,2.7540642743144215,2.759446070796134,2.71518433139101,2.7918810679781774,2.6764422874138427,2.664838172572039,2.7424748785666386,3.277782661227514,2.855019213011224,2.5519424787206804,2.625082974999044,2.8065201760645677,2.7225983136548937,2.7046868194454365,2.712820815354215,2.6398348046065836,2.761520702358704,2.7124203004071723,2.7437130158495373,2.678091944584746,2.8114991717649924,2.848781261024193,3.7333419416077347,2.773960248149198
24,2.63,4.5828408325499295,2.708100263758316,2.276481170314728,2.7742200932231036,2.7938196552658034,2.8739847314256544,2.7419667904133886,2.7614053351102705,2.80462058075738,2.8212099895050526,2.745770283926789,2.7819226389953156,2.837107509180835,2.842866193933154,2.794557759884345,2.8757819202910992,2.7512023902795333,2.749454025942587,2.824746905941081,3.3975470182093868,2.943544344175998,2.641851157755966,2.692940145707872,2.891608098478219,2.8025218216257595,2.7878015936801326,2.79795178259941,2.7097559729901004,2.8414761636453925,2.791526755664995,2.8255525766338043,2.756535386050989,2.8964196753715257,2.936734148442233,3.873011511500614,2.8569489933527454
25,2.73,4.8718658455130015,2.810511410270952,2.426592214441651,2.9224769183144534,2.921088080119575,3.0168014490029487,2.8646338582943267,2.90549127857868,2.938130506521929,2.972230448877801,2.8869752412392975,2.915768515003355,2.975512900624856,2.9818997324948526,2.926846807373237,3.0156166741459685,2.8758025617223506,2.890480448226833,2.9618669515651512,3.5971542798458405,3.091086229450621,2.7916989561481085,2.8060354302225843,3.0334213025009715,2.9357276682438695,2.9263262174046254,2.939836728008068,2.8262912536292957,2.974735265789872,2.9233708477613654,2.961951844607583,2.8872744551613927,3.0379538480490806,3.0833222941389655,4.105794127988744,2.995263568691991
26,2.77,4.987475850698231,2.851475868876006,2.4866366320924205,2.9817796483509937,2.971995450061084,3.0739281360338664,2.9137006854467025,2.963125655966044,2.9915344768277485,3.0326386326269006,2.943457224164301,2.969306865406571,3.030875057202465,3.0375131479195323,2.9797624263687936,3.0715505756879162,2.9256426302994774,2.946891017140532,3.016714969814779,3.676997184500423,3.15010298356047,2.8516380755049653,2.851273544028469,3.090146584110073,2.989010006891114,2.9817360668944226,2.996590706171532,2.872905365884974,3.028038906647663,2.976108484599914,3.0165115517970946,2.939570082805554,3.094567517120103,3.141957552417659,4.198907174583997,3.050589398827688
27,2.76,4.958573349401922,2.8412347542247423,2.4716255276797274,2.966953965841858,2.9592686075757064,3.059646464276137,2.9014339786586083,2.9487170616192024,2.9781834842512938,3.0175365866896255,2.9293367284330496,2.9559222778057666,3.017034518058062,3.023609794063362,2.9665335216199042,3.057567100302429,2.9131826131551954,2.932788374912107,3.0030029652523718,3.6570364583367763,3.1353487950330075,2.8366532956657506,2.8399640155769976,3.075965263707797,2.975689422229302,2.9678836045219725,2.9824022116306654,2.861251837821054,3.0147129964332153,2.9629240753902764,3.002871624999716,2.9264961758945134,3.080414099852347,3.127298737847985,4.175628912935183,3.0367579412937635
28,2.68,4.727353339031466,2.759305837014634,2.35153669237819,2.8483485057687785,2.8574538676926897,2.945393090214302,2.803300324353858,2.833448306844476,2.8713755436396546,2.896720219191427,2.8163727625830437,2.8488455769993357,2.9063102049028453,2.9123829632140037,2.8607022836287914,2.945699297218534,2.8135024760009424,2.81996723708471,2.8933069287531166,3.4973506490276143,3.01731528681331,2.716775056952038,2.7494877879652284,2.9625147004895958,2.869124744934815,2.857063905542379,2.86889425530374,2.7680236133096985,2.908105714717632,2.857448801713181,2.8937522106206943,2.821904920606191,2.9671867617103036,3.0100282212905993,3.989402819744679,2.9261062810223684
29,2.7466666666666666,4.920036681006846,2.8275799346897244,2.4516107217961385,2.947186389163012,2.942299484261871,3.040604235265831,2.885078369607817,2.9295056024900816,2.96038216081602,2.9974005254399256,2.9105094007913825,2.9380761610046946,2.998580465865526,3.0050719889218027,2.9488949819547186,3.0389224664551135,2.8965692569628203,2.913984851940874,2.9847202925024963,3.630422156785249,3.115676543663058,2.816673589213466,2.8248846443083693,3.057056836504764,2.9579286426802214,2.949413654692041,2.963484218909511,2.8457138004024953,2.996945116147285,2.9453448631107606,2.984685055936546,2.909064300013126,3.0615428768286734,3.107753651755088,4.144591230736766,3.018315997915198
30,2.813333333333333,5.112720022982228,2.895854032364815,2.5516847512140868,3.046024272557245,3.0271451008310515,3.1358153803173607,2.966856414861775,3.0255628981356875,3.0493887779923865,3.098080831688425,3.004646038999721,3.027306745010054,3.090850726828207,3.097761014629602,3.037087680280647,3.132145635691693,2.979636037924698,3.0080024667970386,3.076133656251876,3.763493664542886,3.2140378005128065,2.9165721214748936,2.900281500651511,3.151598972519932,3.046732540425628,3.0417634038417027,3.0580741825152833,2.9234039874952917,3.085784517576938,3.033240924508341,3.0756179012523983,2.996223679420062,3.1558989919470433,3.2054790822195764,4.299779641728853,3.110525714808028
31,2.88,5.305403364957608,2.9641281300399056,2.651758780632035,3.1448621559514778,3.1119907174002326,3.2310265253688897,3.0486344601157347,3.1216201937812933,3.138395395168752,3.1987611379369234,3.0987826772080598,3.1165373290154137,3.183120987790888,3.190450040337401,3.1252803786065746,3.225368804928272,3.062702818886576,3.1020200816532024,3.167547020001256,3.8965651723005212,3.312399057362555,3.0164706537363215,2.9756783569946528,3.2461411085351006,3.1355364381710347,3.1341131529913646,3.1526641461210545,3.001094174588088,3.174623919006591,3.121136985905921,3.1665507465682508,3.083383058826998,3.250255107065414,3.303204512684064,4.454968052720939,3.202735431700858
32,3.24,6.345893411624668,3.332808257485396,3.192158539488959,3.6785867262803373,3.5701570468738106,3.74516670864715,3.490235904487114,3.640329590267568,3.6190311279211294,3.7424347916788205,3.607120523533091,3.5983824826443556,3.681380396989366,3.690970779159519,3.6015209495665865,3.7287739188058024,3.511263436080719,3.60971520187649,3.661179184247909,4.615151314191757,3.8435498443511977,3.555922727948035,3.3828213812476173,3.7566686430170106,3.6150774859962307,3.63280179839954,3.6634499495922244,3.4206211848891916,3.654356686726717,3.595775717452856,3.6575881112738546,3.5540437076244515,3.759778128704613,3.830921837192303,5.292985472078212,3.700667902922141
33,3.01,5.681135881809602,3.0972626205063327,2.846903137997035,3.337596028570232,3.2774396697101356,3.4166882582193727,3.2081016483609543,3.308931920290226,3.311958298662666,3.395087735121497,3.282349121714321,3.2905369678258647,3.3630479966681164,3.3711936404676104,3.2972561403421343,3.407153984939602,3.2246830417622387,3.2853544306227227,3.3458030793125477,4.156054612427912,3.5042035082195646,3.211272791646107,3.1227022268637787,3.430498273764679,3.3087040387745774,3.3141951638332054,3.3371145751523104,3.1525900394190423,3.347860751794414,3.292534305631203,3.3438697949341627,3.2533438486705224,3.4342495315462354,3.4937691020898174,4.75758545415551,3.3825443796418764
34,2.99,5.623330879216989,3.0767803912038056,2.8168809291716514,3.307944663551963,3.251985984739382,3.3881249147039147,3.1835682347847674,3.2801147315965453,3.2852563135097568,3.3648836432469484,3.25410813025182,3.2637677926242574,3.3353669183793127,3.343386932755271,3.2707983308443564,3.3791870341686288,3.199763007473676,3.2571491461658746,3.318379070187734,4.116133160100622,3.4746951311646406,3.1813032319676795,3.100083169960836,3.402135632960129,3.282062869450956,3.286490239088307,3.3087375860705794,3.129282983291204,3.3212089313655184,3.2661654872119295,3.316589941339408,3.2271960348484425,3.4059426970107247,3.464451472950471,4.711028930857885,3.3548814645740284
35,3.49,7.068455944032347,3.588836123766986,3.567436149806265,4.049228789008711,3.8883281090082393,4.102208502590386,3.79690357418946,4.000544448938591,3.9528059423325015,4.119985940110691,3.960132916814362,3.9329971726644533,4.027393875599419,4.038554625563767,3.9322435682888157,4.078360803442974,3.8227638646877624,3.9622812575871063,4.003979298308084,5.114169468282892,4.212404557537754,3.930542223928391,3.6655595925343984,4.111201653073891,3.948092102541506,3.979113357710772,4.018162313113869,3.7119593864871794,3.987504442087915,3.9253859476937816,3.9985862812083015,3.8808913804004606,4.113613560398501,4.197392201434135,5.874942013298538,4.046454341270254
36,3.46,6.981748440143424,3.5581127798131957,3.522402836568189,4.004751741481306,3.850147581552108,4.0593634873171975,3.7601034538251783,3.9573186658980686,3.9127529646031367,4.074679802298867,3.917771429620609,3.8928434098620412,3.9858722581662134,3.9968445639952574,3.892556854042148,4.036410377286514,3.785383813254917,3.9199733309018328,3.962843284620863,5.054287289791955,4.168141991955367,3.8855878844107483,3.6316310071799847,4.068657691867066,3.9081303485560728,3.937555970593425,3.9755968294912716,3.676998802295421,3.9475267114445716,3.8858327200648706,3.9576665008161678,3.84166965966734,4.0711533085952345,4.153415757725115,5.805107228352099,4.00495996866848
37,3.43,6.895040936254504,3.5273894358594045,3.477369523330112,3.9602746939539006,3.811967054095977,4.01651847204401,3.7233033334608963,3.914092882857546,3.872699986873772,4.029373664487043,3.875409942426857,3.8526896470596297,3.944350640733007,3.955134502426748,3.8528701397954808,3.994459951130054,3.748003761822072,3.8776654042165584,3.9217072709336422,4.99440511130102,4.12387942637298,3.8406335448931057,3.597702421825571,4.0261137306602395,3.8681685945706397,3.8959985834760764,3.9330313458686748,3.6420382181036626,3.9075489808012276,3.8462794924359596,3.916746720424034,3.8024479389342187,4.028693056791968,4.109439314016095,5.735272443405658,3.963465596066707
38,3.4,6.808333432365582,3.496666091905613,3.432336210092035,3.915797646426496,3.773786526639845,3.973673456770821,3.686503213096614,3.8708670998170227,3.8326470091444076,3.9840675266752177,3.8330484552331043,3.8125358842572172,3.9028290232998,3.9134244408582375,3.8131834255488126,3.9525095249735926,3.7106237103892266,3.8353574775312844,3.8805712572464213,4.934522932810084,4.079616860790594,3.795679205375462,3.5637738364711566,3.983569769453414,3.828206840585206,3.854441196358729,3.890465862246077,3.6070776339119037,3.8675712501578836,3.8067262648070477,3.8758269400319003,3.7632262182010976,3.9862328049887013,4.0654628703070745,5.665437658459219,3.921971223464933
39,3.35,6.663820925884047,3.445460518649296,3.357280688028573,3.8416692338808214,3.7101523142129595,3.902265097982174,3.625169679156146,3.798824128082818,3.765892046262133,3.9085572969888434,3.76244597657685,3.745612946253198,3.8336263275777895,3.843907671577388,3.747038901804367,3.8825921480461587,3.6483236246678183,3.7648442663891615,3.812011234434386,4.834719301991856,4.005845918153282,3.720755306179391,3.5072261942138008,3.9126631674420382,3.7616039172761515,3.7851788844964824,3.819523389541748,3.5488099935923065,3.8009416990856444,3.7408042187588633,3.807627306045011,3.6978566836458953,3.9154657186499238,3.9921687974587092,5.549046350215155,3.852813935795311
40,3.76,7.84882347903264,3.8653462193511032,3.972735968948957,4.449522216755355,4.231952856113423,4.4878136400490805,4.128104657467993,4.389576496303296,4.313282741896783,4.527741180417113,4.341386301558135,4.294381037886159,4.401088432498278,4.413945179680355,4.289423996508823,4.455914638851122,4.159184327583369,4.343052597754572,4.374203421493073,5.653109074701318,4.610767647779236,4.335131279587175,3.970916860724121,4.494097303935323,4.307747888410402,4.353129841766903,4.401251665717245,4.026604644213006,4.34730401787801,4.2813649963539815,4.366864304737503,4.23388686699855,4.495755826627899,4.593180194815313,6.50345507781649,4.419903694686216
41,6.5,15.768108834220804,6.671411633797332,8.085778578026645,8.511759224258334,7.7191076971067645,8.400991701666946,7.4891823174057075,8.33753134733771,7.971454707845427,8.665701767230427,8.210402131920866,7.9617580405064325,8.193396158064466,8.223464136270914,7.914143897704463,8.28738689447454,7.573229025116564,8.207176568342925,8.131292671592593,11.122348043540159,8.653415304303898,8.440960955531876,7.06972765642724,8.379779094158742,7.957588085746616,8.14870453181801,8.288899169914474,7.2196713337269545,7.998603416636746,7.893893119794534,8.10420424721904,7.816137360623612,8.373792157992913,8.60969538690579,12.881698769591269,8.209723058981531
42,6.12,14.669813784961132,6.282249277049315,7.515356610344339,7.948383288911207,7.235487682662432,7.858288174873228,7.023047459458141,7.790004762157757,7.464116989940141,8.091824021613984,7.673823294133335,7.453143711675883,7.667455670577185,7.695136689736458,7.411445517246673,7.756014829826036,7.099748373633859,7.671276163662789,7.610236498221128,10.363840449321634,8.092756140260331,7.871539321641737,6.639965575271333,7.840888918872285,7.451405868597799,7.6223109616649385,7.7497363773615735,6.7768372672980135,7.492218828487724,7.3928855698283265,7.58588702891868,7.319328898004079,7.8359623018182045,8.052660433258206,11.997124826936373,7.684127672692401
43,7.42,18.427138953481062,7.613594181713584,9.466800183994335,9.87572201509875,8.889977205761463,9.714905503378054,8.617719341910341,9.663122027247079,9.199746024879278,10.055089993459717,9.509487739195944,9.193140099780393,9.466725759349465,9.502572691038548,9.131203134602266,9.573866629939337,8.719550602390484,9.504619653357992,9.392797091334039,12.958734850595535,10.010800648830427,9.819560700739585,8.110204273962593,9.684460571168065,9.183081874633228,9.423131070083347,9.594240667674129,8.291795915607551,9.224587156365954,9.106858767081143,9.359077512577803,9.018936796439325,9.675906546626422,9.95830632731573,15.023298841282068,9.482217152102587
44,8.72,22.184464122001,8.944939086377854,11.418243757644335,11.803060741286298,10.544466728860495,11.571522831882882,10.212391224362541,11.536239292336402,10.935375059818417,12.018355965305453,11.345152184258556,10.933136487884905,11.265995848121744,11.31000869234064,10.850960751957864,11.391718430052638,10.33935283114711,11.337963143053198,11.17535768444695,15.553629251869442,11.928845157400524,11.767582079837439,9.580442972653856,11.528032223463851,10.914757880668658,11.223951178501757,11.438744957986684,9.806754563917089,10.95695548424419,10.82083196433396,11.132267996236926,10.718544694874575,11.51585079143464,11.863952221373257,18.04947285562777,11.280306631512776
45,10.02,25.941789290520926,10.27628399104212,13.369687331294331,13.730399467473841,12.198956251959526,13.428140160387708,11.807063106814741,13.40935655742572,12.671004094757553,13.981621937151182,13.180816629321164,12.67313287598941,13.065265936894022,13.117444693642728,12.570718369313457,13.209570230165937,11.959155059903736,13.1713066327484,12.957918277559862,18.14852365314334,13.846889665970616,13.715603458935288,11.050681671345114,13.371603875759632,12.646433886704084,13.024771286920164,13.283249248299235,11.321713212226626,12.689323812122419,12.534805161586775,12.905458479896048,12.41815259330982,13.355795036242856,13.769598115430782,21.07564686997346,13.078396110922963
46,11.32,29.699114459040864,11.607628895706393,15.321130904944331,15.657738193661388,13.853445775058557,15.284757488892536,13.401734989266942,15.282473822515044,14.40663312969669,15.944887908996918,15.016481074383776,14.413129264093925,14.864536025666304,14.924880694944822,14.290475986669055,15.02742203027924,13.578957288660362,15.004650122443605,14.740478870672774,20.743418054417244,15.764934174540715,15.663624838033142,12.520920370036375,15.215175528055418,14.378109892739516,14.825591395338574,15.127753538611788,12.836671860536164,14.421692140000653,14.248778358839594,14.678648963555172,14.11776049174507,15.195739281051079,15.67524400948831,24.101820884319164,14.876485590333148
47,23.86,65.94285108461006,24.449986668390952,34.145055838460465,34.249144060116635,29.812906251721515,33.19397387308525,28.784185301536624,33.350851133453574,31.148777820571137,34.88285351433961,32.72358272137234,31.197402115502037,32.220572112746595,32.3596864305819,30.879522541776097,32.56270016367984,29.20381878758966,32.68936347688811,31.935332591931164,45.774168663628586,34.266686587978405,34.45453875640779,26.703069048181305,32.99855131250859,31.08212305865051,32.19657921039,32.920125692857496,27.450196052691243,31.13238354891837,30.782027507724457,31.78311716746702,30.512439758189693,32.9441245348165,34.057397479858594,53.29276099193075,32.22113333787449
48,8.56,21.72202410126008,8.781081251957634,11.17806608704126,11.565849821140137,10.340837249094461,11.34301608375921,10.016123915753042,11.305701782786947,10.721759178595136,11.776723230309052,11.11922425255854,10.71898308627204,11.04454722181131,11.087555030641921,10.639298275975635,11.167982823884847,10.139992556838603,11.112320867398402,10.955965611448438,15.234257633251111,11.692778140961128,11.527825602410012,9.399490517430316,11.301131097027445,10.70162852607968,11.00231178054257,11.211729045332829,9.620298114894378,10.743740920813021,10.609881416979768,10.91402916747888,10.509362184297927,11.289396115150552,11.629411188258484,17.677020669246758,11.059003310969981
49,4.96,11.3171236345895,5.094279977502736,5.774068498472033,6.228604117851551,5.7591739543586815,6.201614250976613,5.600109472039255,6.118607817924208,5.915401851071373,6.339986692890098,6.035845789308236,5.900531549982628,6.061953129826536,6.082347642420746,5.876892566375528,6.133931685109553,5.654386384897178,6.035369665165529,6.019643968981915,8.048396214338766,6.381270271074707,6.133304860292884,5.32806027490067,6.195855752208354,5.906218047827722,6.01542532646082,6.103871010621141,5.425028011883349,5.9464132436117625,5.863494101510429,6.003655520422848,5.802755696323395,6.194165898758563,6.352237943176105,9.296846475674057,6.079678598757157
50,4.36,9.582973556811073,4.47981309842692,4.873402233710495,5.339063167303453,4.9955634052360525,5.344713945512847,4.864107064753624,5.254092157113753,5.114342296484079,5.433863936653606,5.188616045433186,5.097456293934394,5.231520781162407,5.248146411050552,5.083158281442175,5.294923161980338,4.906785356240274,5.189211131460051,5.196923695237494,6.8507526445200435,5.496018959426973,5.234218069940029,4.649488567812396,5.344976528071839,5.106982968119063,5.184277584113862,5.252561338169194,4.725816328048178,5.1468586307448865,5.072429548932205,5.185259912580175,5.018321281660973,5.344960862693231,5.47270906899571,7.900150776745276,5.249791146721687
51,3.76,7.84882347903264,3.8653462193511032,3.972735968948957,4.449522216755355,4.231952856113423,4.4878136400490805,4.128104657467993,4.389576496303296,4.313282741896783,4.527741180417113,4.341386301558135,4.294381037886159,4.401088432498278,4.413945179680355,4.289423996508823,4.455914638851122,4.159184327583369,4.343052597754572,4.374203421493073,5.653109074701318,4.610767647779236,4.335131279587175,3.970916860724121,4.494097303935323,4.307747888410402,4.353129841766903,4.401251665717245,4.026604644213006,4.34730401787801,4.2813649963539815,4.366864304737503,4.23388686699855,4.495755826627899,4.593180194815313,6.50345507781649,4.419903694686216
52,3.16,6.114673401254211,3.250879340275287,3.07206970418742,3.559981266207257,3.4683423069907935,3.6309133345853146,3.3921022501823623,3.52506083549284,3.5122231873094902,3.621618424180621,3.494156557683084,3.491305781837924,3.5706560838341486,3.57974394831016,3.495689711575473,3.616906115721907,3.411583298926465,3.4968940640490933,3.5514831477486526,4.455465504882595,3.725516336131499,3.4360444892343214,3.2923451536358477,3.6432180797988076,3.5085128087017425,3.5219820994199456,3.5499419932652976,3.3273929603778356,3.547749405011133,3.4903004437757588,3.548468696894832,3.4494524523361285,3.6465507905625683,3.713651320634917,5.106759378887707,3.5900162426507443
53,2.94,5.478818372735451,3.0255748179474877,2.741825407108189,3.233816251006287,3.1883517723124957,3.316716555915267,3.122234700844298,3.208071759862339,3.2185013506274815,3.2893734135605732,3.1835056515955653,3.1968448546202373,3.2661642226573013,3.273870163474421,3.20465380709991,3.309269657241194,3.1374629217522667,3.1866359350237508,3.249819047375698,4.016329529282394,3.4009241885273287,3.1063793327716076,3.0435355277034803,3.3312290309487516,3.2154599461419,3.2172279272260607,3.23779511336625,3.071015342971606,3.2545793802932783,3.2002434411637437,3.248390307352518,3.16182650029324,3.3351756106719463,3.3911574001021045,4.594637622613818,3.285724176904405
54,2.8,5.074183354587151,2.882199212829797,2.531669945330497,3.0262566958783976,3.0101759775172154,3.1167731513070547,2.9505008058109836,3.006351439006566,3.031587454557113,3.0779447704387253,2.9858187113580534,3.009460628208982,3.0723966746356712,3.079223209488042,3.0194491406154613,3.1135010018443765,2.9630226817323226,2.9891989438258055,3.057850983502,3.7368793629913584,3.1943655491428564,2.896592415022608,2.8852021293828827,3.132690545316898,3.028971760876547,3.02329345401177,3.039156189794129,2.907865950076732,3.0680166372910076,3.015661712228825,3.057431332189228,2.978791803538675,3.137027768923369,3.1859339961266784,4.268741959530436,3.092083771429462
55,2.72,4.842963344216694,2.8002702956196885,2.411581110028959,2.907651235805319,2.908361237634198,3.0025197772452197,2.8523671515062334,2.891082684231839,2.924779513945474,2.9571284029405263,2.8728547455080466,2.902383927402551,2.9616723614804545,2.9679963786386834,2.913617902624348,3.0016331987604814,2.863342544578069,2.8763778059984086,2.9481549470027444,3.577193553682195,3.076332040923159,2.7767141763088943,2.7947259017711135,3.019239982098697,2.9224070835820584,2.912473755032176,2.9256482334672027,2.8146377255653765,2.961409355575424,2.9101864385517286,2.948311917810205,2.8742005482503528,3.0238004307813258,3.0686634795692926,4.082515866339931,2.981432111158066
56,2.66,4.669548336438852,2.738823607712107,2.321514483552805,2.8186971407505084,2.832000182721935,2.9168297466988427,2.7787669107776702,2.8046311181507937,2.844673558486745,2.866516127316877,2.7881317711205416,2.8220764017977276,2.878629126614041,2.8845762555016634,2.834244474131013,2.91773234644756,2.7885824417123786,2.7917619526278608,2.8658829196283024,3.457429196700323,2.9878069097583855,2.6868054972736095,2.726868731062286,2.9341520596850454,2.842483575611193,2.82935898079748,2.840517266222008,2.7447165571818593,2.8814538942887364,2.8310799832939066,2.866472357025938,2.79575710678411,2.9388799271747925,2.980710592151253,3.9428462964470534,2.898443365954519
57,2.6733333333333333,4.708085004833928,2.7524784272471248,2.341529289436395,2.838464717429355,2.8489693060357713,2.9358719757091487,2.7951225198284617,2.8238425772799145,2.862474881922018,2.886652188566577,2.806959098762209,2.839922518598799,2.897083178806578,2.9031140606432233,2.8518830137961984,2.936376980294876,2.805195797904754,2.810565475599094,2.884165592378178,3.4840434982518507,3.0074791611283347,2.706785203725895,2.7419481023309142,2.9530604868880785,2.8602443551602743,2.8478289306274123,2.8594352589431624,2.7602545946004184,2.8992217745746665,2.8486591955734224,2.8846589260891085,2.8131889826654968,2.957751150198466,3.0002556782441507,3.9738839786454703,2.916885309333085
58,2.686666666666667,4.746621673229004,2.766133246782143,2.361544095319985,2.8582322941082023,2.865938429349608,2.9549142047194548,2.811478128879254,2.843054036409036,2.8802762053572915,2.906788249816277,2.8257864264038774,2.857768635399872,2.915537230999114,2.9216518657847836,2.8695215534613845,2.955021614142192,2.8218091540971297,2.8293689985703265,2.9024482651280543,3.510657799803378,3.0271514124982852,2.726764910178181,2.7570274735995426,2.9719689140911125,2.8780051347093556,2.8662988804573453,2.8783532516643167,2.7757926320189785,2.916989654860598,2.866238407852939,2.9028454951522793,2.830620858546885,2.9766223732221406,3.019800764337049,4.0049216608438885,2.935327252711651
59,2.7,4.78515834162408,2.779788066317161,2.3815589012035745,2.8779998707870487,2.8829075526634442,2.9739564337297604,2.8278337379300456,2.8622654955381575,2.898077528792564,2.926924311065977,2.8446137540455454,2.8756147522009434,2.93399128319165,2.940189670926343,2.8871600931265697,2.9736662479895077,2.8384225102895053,2.848172521541559,2.9207309378779307,3.5372721013549047,3.0468236638682344,2.7467446166304663,2.772106844868171,2.9908773412941465,2.895765914258437,2.8847688302872774,2.897271244385471,2.7913306694375377,2.9347575351465283,2.8838176201324544,2.9210320642154497,2.8480527344282716,2.9954935962458147,3.039345850429946,4.035959343042306,2.953769196090217
60,2.87,5.276500863661302,2.9538870153886423,2.636747676219344,3.1300364734423427,3.0992638749148558,3.2167448536111607,3.036367753327641,3.1072115994344536,3.125044402592297,3.1836590919996492,3.08466218147681,3.10315274141461,3.1692804486464863,3.176546686481232,3.112051473857686,3.211385329542786,3.0502428017422947,3.087917439424779,3.1538350154388497,3.8766044461368767,3.2976448688350932,3.0014858738971086,2.964368828543182,3.2319597881328255,3.122215853509224,3.120260690618916,3.1384756515801895,2.9894406465241694,3.1612980087921434,3.1079525766962846,3.1529108197708733,3.070309151915958,3.2361016897976587,3.2885456981143917,4.431689791072127,3.188903974166934
61,2.86,5.247598362364994,2.9436459007373785,2.6217365718066508,3.115210790933208,3.086537032429478,3.2024631818534317,3.024101046539547,3.092803005087612,3.1116934100158424,3.168557046062374,3.0705416857455585,3.0897681538138055,3.1554399095020838,3.162643332625062,3.0988225691087967,3.1974018541572984,3.0377827845980128,3.0738147971963534,3.140123010876442,3.856643719973231,3.2828906803076303,2.9865010940578935,2.9530593000917102,3.21777846773055,3.1088952688474123,3.1064082282464662,3.1242871570393236,2.97778711846025,3.1479720985776947,3.094768167486647,3.139270892973495,3.057235245004917,3.2219482725299025,3.2738868835447184,4.408411529423313,3.1750725166330094
62,2.79,5.045280853290845,2.871958098178533,2.516658840917805,3.0114310133692634,2.997449135031838,3.1024914795493252,2.93823409902289,2.9919428446597256,3.018236461980659,3.0628427245014502,2.9716982156268026,2.9960760406081786,3.058556135491269,3.0653198556318726,3.0062202358665724,3.09951752645889,2.950562664588041,2.9750963015973815,3.0441389789395936,3.7169186368277134,3.1796113606153944,2.881607635183394,2.873892600931412,3.1185092249146233,3.0156511762147353,3.0094409916393214,3.024967695253263,2.896212422012813,3.0546907270765593,3.002477303019188,3.04379140539185,2.9657178966276345,3.122874351655614,3.1712751815570055,4.245463697881623,3.078252313895538
63,2.72,4.842963344216694,2.8002702956196885,2.411581110028959,2.907651235805319,2.908361237634198,3.0025197772452197,2.8523671515062334,2.891082684231839,2.924779513945474,2.9571284029405263,2.8728547455080466,2.902383927402551,2.9616723614804545,2.9679963786386834,2.913617902624348,3.0016331987604814,2.863342544578069,2.8763778059984086,2.9481549470027444,3.577193553682195,3.076332040923159,2.7767141763088943,2.7947259017711135,3.019239982098697,2.9224070835820584,2.912473755032176,2.9256482334672027,2.8146377255653765,2.961409355575424,2.9101864385517286,2.948311917810205,2.8742005482503528,3.0238004307813258,3.0686634795692926,4.082515866339931,2.981432111158066
64,2.7033333333333336,4.79479250872285,2.783201771200916,2.386562602674472,2.8829417649567604,2.887149833491903,2.9787169909823374,2.8319226401927438,2.867068360320438,2.902527859651383,2.9319583263784015,2.8493205859559625,2.8800762814012115,2.938604796239784,2.9448241222117333,2.8915697280428665,2.978327406451337,2.8425758493375994,2.8528734022843683,2.9253016060654,3.543925676742787,3.0517417267107225,2.751739543243538,2.775876687685328,2.995604448094905,2.9002061091457074,2.8893863177447607,2.90200074256576,2.7952151787921777,2.939199505218011,2.888212423202334,2.9255787064812426,2.8524107033986184,3.0002114020017334,3.0442321219531707,4.043718763591911,2.958379681934859
65,2.6866666666666665,4.746621673229003,2.7661332467821427,2.3615440953199847,2.858232294108202,2.8659384293496073,2.9549142047194543,2.811478128879253,2.843054036409036,2.880276205357291,2.9067882498162767,2.8257864264038774,2.8577686353998715,2.9155372309991137,2.921651865784783,2.869521553461384,2.9550216141421917,2.8218091540971297,2.8293689985703265,2.9024482651280543,3.5106577998033774,3.0271514124982843,2.7267649101781806,2.757027473599542,2.971968914091112,2.878005134709355,2.866298880457345,2.8783532516643167,2.7757926320189776,2.9169896548605974,2.866238407852938,2.9028454951522784,2.830620858546884,2.97662237322214,3.019800764337048,4.004921660843888,2.9353272527116507
66,2.67,4.698450837735158,2.74906472236337,2.336525587965497,2.8335228232596434,2.8447270252073125,2.931111418456572,2.7910336175657635,2.8190397124976343,2.8580245510631994,2.881618173254152,2.8022522668517924,2.8354609893985314,2.892469665758443,2.8984796093578327,2.8474733788799016,2.931715821833047,2.80104245885666,2.805864594856285,2.879594924190709,3.477389922863968,3.002561098285847,2.701790277112823,2.7381782595137567,2.9483333800873206,2.8558041602730033,2.8432114431699294,2.854705760762873,2.756370085245779,2.894779804503184,2.8442643925035433,2.8801122838233155,2.8088310136951504,2.953033344442548,2.995369406720926,3.9661245580958653,2.9122748234884432
67,2.62,4.553938331253622,2.6978591491070523,2.2614700659020364,2.759394410713969,2.7810928127804266,2.859703059667925,2.7297000836252945,2.74699674076343,2.791269588180925,2.8061079435677776,2.731649788195538,2.768538051394512,2.823266970036433,2.8289628400769837,2.781328855135456,2.8617984449056126,2.7387423731352514,2.7353513837141623,2.811034901378674,3.3775862920457413,2.928790155648536,2.6268663779167523,2.681630617256401,2.877426778075944,2.7892012369639487,2.773949131307683,2.7837632880585446,2.6981024449261817,2.8281502534309446,2.778342346455358,2.8119126498364264,2.743461479139948,2.88226625810377,2.92207533387256,3.8497332498518,2.8431175358188208
68,2.62,4.553938331253622,2.6978591491070523,2.2614700659020364,2.759394410713969,2.7810928127804266,2.859703059667925,2.7297000836252945,2.74699674076343,2.791269588180925,2.8061079435677776,2.731649788195538,2.768538051394512,2.823266970036433,2.8289628400769837,2.781328855135456,2.8617984449056126,2.7387423731352514,2.7353513837141623,2.811034901378674,3.3775862920457413,2.928790155648536,2.6268663779167523,2.681630617256401,2.877426778075944,2.7892012369639487,2.773949131307683,2.7837632880585446,2.6981024449261817,2.8281502534309446,2.778342346455358,2.8119126498364264,2.743461479139948,2.88226625810377,2.92207533387256,3.8497332498518,2.8431175358188208
69,2.7,4.78515834162408,2.779788066317161,2.3815589012035745,2.8779998707870487,2.8829075526634442,2.9739564337297604,2.8278337379300456,2.8622654955381575,2.898077528792564,2.926924311065977,2.8446137540455454,2.8756147522009434,2.93399128319165,2.940189670926343,2.8871600931265697,2.9736662479895077,2.8384225102895053,2.848172521541559,2.9207309378779307,3.5372721013549047,3.0468236638682344,2.7467446166304663,2.772106844868171,2.9908773412941465,2.895765914258437,2.8847688302872774,2.897271244385471,2.7913306694375377,2.9347575351465283,2.8838176201324544,2.9210320642154497,2.8480527344282716,2.9954935962458147,3.039345850429946,4.035959343042306,2.953769196090217
70,2.65,4.640645835142544,2.7285824930608427,2.306503379140113,2.8038714582413737,2.8192733402365575,2.902548074941113,2.766500203989576,2.790222523803952,2.8313225659102894,2.8514140813796023,2.7740112753892907,2.8086918141969237,2.864788587469639,2.8706729016454933,2.8210155693821237,2.9037488710620725,2.776122424568096,2.777659310399436,2.852170915065895,3.437468470536677,2.973052721230923,2.6718207174343944,2.7155592026108146,2.91997073928277,2.8291629909493814,2.815506518425031,2.826328771681142,2.7330630291179396,2.868127984074288,2.817895574084269,2.8528324302285597,2.7826831998730697,2.9247265099070363,2.9660517775815793,3.91956803479824,2.8846119084205943
71,2.6266666666666665,4.57320666545116,2.704686558874561,2.2714774688438304,2.7692781990533915,2.789577374437344,2.8692241741730773,2.7378778881506904,2.75660247032799,2.8001702498985614,2.8161759741926273,2.741063452016372,2.7774611097950475,2.8324939961327003,2.8382317426477632,2.7901481249680486,2.87112076182927,2.7470490512314387,2.744753145199778,2.8201762377536115,3.390893442821504,2.9386262813335104,2.636856231142894,2.689170302890714,2.8868809916774607,2.798081626738489,2.783184106222649,2.7932222844191212,2.705871463635461,2.83703419357391,2.7871319525951157,2.8210059343680114,2.7521774170806417,2.8917018696156065,2.9318478769190084,3.865252090951009,2.8523385075081036
72,2.603333333333333,4.505767495759778,2.68079062468828,2.2364515585475493,2.734684939865411,2.7598814086381314,2.835900273405043,2.709255572311805,2.7229824168520285,2.7690179338868335,2.7809378670056533,2.708115628643454,2.7462304053931725,2.8001994047957623,2.805790583650034,2.759280680553974,2.8384926525964675,2.717975677894782,2.7118469800001215,2.7881815604413296,3.3443184151063328,2.9041998414360997,2.6018917448513954,2.662781403170615,2.8537912440721525,2.7670002625275973,2.7508616940202675,2.760115797157102,2.678679898152982,2.805940403073532,2.7563683311059632,2.7891794385074635,2.7216716342882146,2.8586772293241784,2.8976439762564383,3.8109361471037797,2.8200651065956137
73,2.58,4.438328326068394,2.6568946905019977,2.201425648251267,2.700091680677429,2.7301854428389176,2.802576372637007,2.6806332564729196,2.689362363376066,2.7378656178751055,2.7456997598186783,2.6751678052705348,2.7149997009912963,2.767904813458824,2.773349424652304,2.7284132361398994,2.805864543363665,2.688902304558124,2.6789408148004634,2.756186883129046,3.2977433873911597,2.869773401538687,2.5669272585598955,2.636392503450516,2.820701496466843,2.7359188983167044,2.718539281817886,2.7270093098950814,2.651488332670503,2.774846612573153,2.72560470961681,2.757352942646915,2.691165851495787,2.8256525890327477,2.863440075593867,3.7566202032565488,2.7877917056831225
74,2.5,4.207108315697936,2.574965773291889,2.0813368129497287,2.5814862206043494,2.628370702955901,2.6883229985751713,2.5824996021681685,2.5740936086013386,2.6310576772634664,2.6248833923204793,2.562203839420528,2.607923000184865,2.657180500303607,2.6621225938029447,2.6225819981487857,2.6939967402797693,2.5892221674038707,2.5661196769730665,2.64649084662979,3.138057578081996,2.7517398933189883,2.4470490198461814,2.545916275838746,2.7072509332486407,2.6293542210222167,2.6077195828382917,2.613501353568155,2.558260108159147,2.668239330857569,2.6201294359397136,2.648233528267892,2.586574596207464,2.712425250890704,2.7461695590364803,3.5703941100660437,2.6771400454117265
75,2.6,4.496133328661008,2.677376919804525,2.231447857076652,2.7297430456956993,2.7556391278096726,2.8311397161524665,2.705166670049107,2.7181795520697483,2.7645676030280155,2.775903851693228,2.703408796733037,2.7417688761929044,2.7955858917476286,2.801156132364644,2.754871045637678,2.8338314941346385,2.713822338846688,2.7071460992573133,2.7836108922538605,3.337664839718451,2.8992817785936116,2.596896818238324,2.6590115603534583,2.8490641372713936,2.762560067640327,2.7462442065627846,2.755386298976813,2.6747953887983424,2.801498433002049,2.751973528036084,2.784632796241671,2.717313665317868,2.8539594235682593,2.892757704733213,3.8031767265541743,2.8154546207509723
76,2.45,4.062595809216401,2.523760200035571,2.0062812908862675,2.507357808058675,2.564736490529015,2.6169146397865246,2.5211660682276995,2.5020506368671342,2.564302714381192,2.549373162634105,2.4916013607642746,2.5410000621808457,2.5879778045815964,2.592605824522095,2.55643747440434,2.624079363352335,2.526922081682462,2.4956064658309436,2.5779308238177556,3.0382539472637697,2.677968950681678,2.3721251206501104,2.48936863358139,2.636344331237265,2.562751297713162,2.5384572709760453,2.5425588808638264,2.4999924678395495,2.60160977978533,2.5542073898915283,2.5800338942810033,2.5212050616522625,2.6416581645519264,2.672875486188114,3.4540028018219795,2.6079827577421044
77,2.53,4.293815819586857,2.6056891172456798,2.126370126187805,2.625963268131754,2.6665512304120322,2.73116801384836,2.6192997225324497,2.6173193916418613,2.6711106549928307,2.6701895301323035,2.6045653266142805,2.6480767629872766,2.698702117736813,2.7038326553714542,2.662268712395453,2.7359471664362296,2.6266022188367155,2.60842760365834,2.6876268603170104,3.1979397565729326,2.796002458901375,2.4920033593638236,2.5798448611931595,2.7497948944554667,2.66931597500765,2.649276969955639,2.6560668371907523,2.593220692350905,2.708217061500913,2.659682663568625,2.6891533086600257,2.625796316940585,2.7548855026939707,2.7901460027455003,3.640228895012483,2.7186344180135
78,2.536666666666666,4.313084153784396,2.6125165270131885,2.1363775291296,2.635847056471177,2.67503579206895,2.740689128353513,2.627477527057845,2.6269251212064217,2.680011316710467,2.6802575607571533,2.6139789904351147,2.656999821387812,2.7079291438330806,2.7131015579422337,2.6710879822280456,2.7452694833598876,2.6349088969329033,2.617829365143957,2.6967681966919486,3.2112469073486962,2.8058385845863505,2.5019932125899667,2.587384546827473,2.7592491080569834,2.67819636478219,2.6585119448706047,2.665525833551329,2.6009897110601847,2.717101001643878,2.6684722697083822,2.6982465931916106,2.6345122548812787,2.7643211142058073,2.799918545791949,3.6557477361116915,2.727855389702783
79,2.543333333333333,4.332352487981933,2.619343936780697,2.1463849320713946,2.6457308448106005,2.683520353725868,2.7502102428586657,2.6356553315832416,2.636530850770982,2.688911978428104,2.690325591382003,2.623392654255948,2.665922879788348,2.717156169929349,2.722370460513014,2.679907252060638,2.7545918002835452,2.6432155750290907,2.6272311266295727,2.7059095330668868,3.2245540581244594,2.815674710271325,2.511983065816109,2.5949242324617874,2.7687033216584997,2.6870767545567302,2.6677469197855714,2.6749848299119066,2.6087587297694643,2.725984941786843,2.6772618758481403,2.7073398777231956,2.6432281928219714,2.773756725717644,2.809691088838397,3.6712665772108997,2.737076361392066
80,2.55,4.351620822179472,2.626171346548207,2.156392335013189,2.6556146331500234,2.6920049153827863,2.7597313573638185,2.6438331361086376,2.6461365803355426,2.6978126401457403,2.7003936220068527,2.632806318076782,2.6748459381888843,2.726383196025617,2.731639363083794,2.6887265218932312,2.7639141172072037,2.651522253125279,2.636632888115189,2.715050869441825,3.237861208900223,2.8255108359563,2.5219729190422515,2.6024639180961016,2.7781575352600165,2.6959571443312713,2.6769818947005373,2.6844438262724832,2.6165277484787444,2.734868881929809,2.6860514819878984,2.7164331622547815,2.6519441307626654,2.783192337229481,2.8194636318848465,3.6867854183101088,2.746297333081349
81,2.56,4.38052332347578,2.6364124611994706,2.1714034394258825,2.6704403156591594,2.7047317578681636,2.774013029121549,2.6560998428967317,2.6605451746823845,2.7111636327221955,2.7154956679441287,2.6469268138080335,2.6882305257896886,2.7402237351700194,2.745542716939964,2.7019554266421206,2.777897592592691,2.6639822702695612,2.6507355303436144,2.7287628740042322,3.257821935063869,2.840265024483762,2.5369576988814666,2.6137734465475733,2.792338855662293,2.709277728993083,2.6908343570729873,2.69863232081335,2.628181276542664,2.748194792144257,2.699235891197536,2.7300730890521594,2.6650180376737067,2.797345754497237,2.8341224464545203,3.710063679958923,2.7601287906152736
82,2.56,4.38052332347578,2.6364124611994706,2.1714034394258825,2.6704403156591594,2.7047317578681636,2.774013029121549,2.6560998428967317,2.6605451746823845,2.7111636327221955,2.7154956679441287,2.6469268138080335,2.6882305257896886,2.7402237351700194,2.745542716939964,2.7019554266421206,2.777897592592691,2.6639822702695612,2.6507355303436144,2.7287628740042322,3.257821935063869,2.840265024483762,2.5369576988814666,2.6137734465475733,2.792338855662293,2.709277728993083,2.6908343570729873,2.69863232081335,2.628181276542664,2.748194792144257,2.699235891197536,2.7300730890521594,2.6650180376737067,2.797345754497237,2.8341224464545203,3.710063679958923,2.7601287906152736
83,2.52,4.26491331829055,2.595448002594416,2.111359021775113,2.611137585622619,2.6538243879266545,2.71688634209063,2.607033015744356,2.6029107972950207,2.6577596624163764,2.655087484195029,2.5904448308830297,2.6346921753864727,2.684861578592411,2.689929301515284,2.649039807646564,2.721963691050743,2.6141422016924336,2.5943249614299155,2.673914855754604,3.1779790304092863,2.781248270373913,2.47701857952461,2.568535332741688,2.7356135740531915,2.6559953903458386,2.63542450758319,2.6418783426498864,2.581567164286986,2.6948911512864653,2.6464982543589874,2.6755133818626478,2.6127224100295448,2.740732085426215,2.775487188175827,3.6169506333636696,2.704802960479576
84,2.52,4.26491331829055,2.595448002594416,2.111359021775113,2.611137585622619,2.6538243879266545,2.71688634209063,2.607033015744356,2.6029107972950207,2.6577596624163764,2.655087484195029,2.5904448308830297,2.6346921753864727,2.684861578592411,2.689929301515284,2.649039807646564,2.721963691050743,2.6141422016924336,2.5943249614299155,2.673914855754604,3.1779790304092863,2.781248270373913,2.47701857952461,2.568535332741688,2.7356135740531915,2.6559953903458386,2.63542450758319,2.6418783426498864,2.581567164286986,2.6948911512864653,2.6464982543589874,2.6755133818626478,2.6127224100295448,2.740732085426215,2.775487188175827,3.6169506333636696,2.704802960479576
85,2.54,4.322718320883165,2.615930231896943,2.141381230600498,2.6407889506408893,2.679278072897409,2.7454496856060895,2.631566429320544,2.6317279859887024,2.684461647569286,2.6852915760695786,2.6186858223455314,2.6614613505880804,2.712542656881215,2.7177360092276244,2.6754976171443428,2.7499306418217166,2.6390622359809974,2.622530245886765,2.701338864879418,3.217900482736578,2.8107566474288377,2.5069881392030386,2.5911543896446307,2.763976214857742,2.6826365596694606,2.6631294323280885,2.670255331731618,2.604874220414825,2.721542971715361,2.6728670727782617,2.7027932354574036,2.6388702238516255,2.7690389199617256,2.8048048173151736,3.6635071566612964,2.732465875547425
86,2.56,4.38052332347578,2.6364124611994706,2.1714034394258825,2.6704403156591594,2.7047317578681636,2.774013029121549,2.6560998428967317,2.6605451746823845,2.7111636327221955,2.7154956679441287,2.6469268138080335,2.6882305257896886,2.7402237351700194,2.745542716939964,2.7019554266421206,2.777897592592691,2.6639822702695612,2.6507355303436144,2.7287628740042322,3.257821935063869,2.840265024483762,2.5369576988814666,2.6137734465475733,2.792338855662293,2.709277728993083,2.6908343570729873,2.69863232081335,2.628181276542664,2.748194792144257,2.699235891197536,2.7300730890521594,2.6650180376737067,2.797345754497237,2.8341224464545203,3.710063679958923,2.7601287906152736
87,2.58,4.438328326068394,2.6568946905019977,2.201425648251267,2.700091680677429,2.7301854428389176,2.802576372637007,2.6806332564729196,2.689362363376066,2.7378656178751055,2.7456997598186783,2.6751678052705348,2.7149997009912963,2.767904813458824,2.773349424652304,2.7284132361398994,2.805864543363665,2.688902304558124,2.6789408148004634,2.756186883129046,3.2977433873911597,2.869773401538687,2.5669272585598955,2.636392503450516,2.820701496466843,2.7359188983167044,2.718539281817886,2.7270093098950814,2.651488332670503,2.774846612573153,2.72560470961681,2.757352942646915,2.691165851495787,2.8256525890327477,2.863440075593867,3.7566202032565488,2.7877917056831225
88,2.55,4.351620822179472,2.626171346548207,2.156392335013189,2.6556146331500234,2.6920049153827863,2.7597313573638185,2.6438331361086376,2.6461365803355426,2.6978126401457403,2.7003936220068527,2.632806318076782,2.6748459381888843,2.726383196025617,2.731639363083794,2.6887265218932312,2.7639141172072037,2.651522253125279,2.636632888115189,2.715050869441825,3.237861208900223,2.8255108359563,2.5219729190422515,2.6024639180961016,2.7781575352600165,2.6959571443312713,2.6769818947005373,2.6844438262724832,2.6165277484787444,2.734868881929809,2.6860514819878984,2.7164331622547815,2.6519441307626654,2.783192337229481,2.8194636318848465,3.6867854183101088,2.746297333081349
89,2.52,4.26491331829055,2.595448002594416,2.111359021775113,2.611137585622619,2.6538243879266545,2.71688634209063,2.607033015744356,2.6029107972950207,2.6577596624163764,2.655087484195029,2.5904448308830297,2.6346921753864727,2.684861578592411,2.689929301515284,2.649039807646564,2.721963691050743,2.6141422016924336,2.5943249614299155,2.673914855754604,3.1779790304092863,2.781248270373913,2.47701857952461,2.568535332741688,2.7356135740531915,2.6559953903458386,2.63542450758319,2.6418783426498864,2.581567164286986,2.6948911512864653,2.6464982543589874,2.6755133818626478,2.6127224100295448,2.740732085426215,2.775487188175827,3.6169506333636696,2.704802960479576
90,2.52,4.26491331829055,2.595448002594416,2.111359021775113,2.611137585622619,2.6538243879266545,2.71688634209063,2.607033015744356,2.6029107972950207,2.6577596624163764,2.655087484195029,2.5904448308830297,2.6346921753864727,2.684861578592411,2.689929301515284,2.649039807646564,2.721963691050743,2.6141422016924336,2.5943249614299155,2.673914855754604,3.1779790304092863,2.781248270373913,2.47701857952461,2.568535332741688,2.7356135740531915,2.6559953903458386,2.63542450758319,2.6418783426498864,2.581567164286986,2.6948911512864653,2.6464982543589874,2.6755133818626478,2.6127224100295448,2.740732085426215,2.775487188175827,3.6169506333636696,2.704802960479576
91,2.4975,4.19988269037386,2.572405494629073,2.0775840368465555,2.5777797999770655,2.6251889923345564,2.6847525806357395,2.579432925471145,2.5704914600146287,2.627719929119353,2.6211078808361608,2.5586737154877155,2.6045768532846636,2.6537203655175063,2.658646755338902,2.6192747719615634,2.690500871433398,2.5861071631178003,2.5625940164159604,2.6430628454891885,3.133067396541085,2.748051346187123,2.443302824886378,2.543088893725878,2.703705603148072,2.626024074856764,2.604256467245179,2.6099542299329386,2.555346726143167,2.6649078533039576,2.616833333637304,2.6448235465685475,2.583306119479704,2.708886896573765,2.742504855394062,3.5645745446538406,2.6736821810282456
92,2.475,4.134852062457169,2.5493629866637297,2.043809051917998,2.544422014331512,2.596553596742458,2.652618819180848,2.551832835197934,2.538072122734236,2.597680195822329,2.5871282774772917,2.5269026000924013,2.5744615311828554,2.6225791524426016,2.6273642091625193,2.589509736276563,2.6590380518160517,2.558072124543166,2.530863071402005,2.6122108352237725,3.0881557626728835,2.7148544220003332,2.4095870702481457,2.517642454710068,2.671797632242953,2.596052759367689,2.573088426907168,2.5780301172159907,2.529126287999348,2.634924555321449,2.587168412915621,2.6141337112744476,2.5538898289298633,2.6770417077213153,2.709522522612297,3.5121984559440107,2.6425614015769154
93,2.4525,4.0698214345404775,2.526320478698387,2.0100340669894403,2.5110642286859584,2.5679182011503596,2.620485057725957,2.5242327449247224,2.505652785453844,2.5676404625253055,2.5531486741184235,2.4951314846970867,2.5443462090810463,2.5914379393676965,2.5960816629861374,2.559744700591562,2.6275752321987067,2.5300370859685324,2.4991321263880497,2.5813588249583566,3.0432441288046808,2.6816574978135432,2.375871315609914,2.4921960156942577,2.639889661337833,2.5660814438786144,2.5419203865691573,2.546106004499043,2.502905849855529,2.6049412573389414,2.5575034921939377,2.5834438759803473,2.5244735383800223,2.645196518868865,2.6765401898305328,3.4598223672341817,2.6114406221255857
94,2.43,4.004790806623786,2.503277970733044,1.9762590820608827,2.4777064430404048,2.539282805558261,2.5883512962710657,2.4966326546515116,2.473233448173452,2.537600729228282,2.5191690707595553,2.4633603693017725,2.5142308869792376,2.5602967262927923,2.5647991168097555,2.5299796649065613,2.596112412581361,2.5020020473938986,2.467401181374094,2.550506814692941,2.998332494936479,2.648460573626753,2.342155560971682,2.4667495766784473,2.607981690432714,2.5361101283895398,2.5107523462311465,2.5141818917820946,2.4766854117117103,2.574957959356434,2.5278385714722544,2.552754040686247,2.4950572478301813,2.6133513300164157,2.6435578570487674,3.407446278524353,2.5803198426742555
95,2.44,4.033693307920093,2.5135190853843072,1.9912701864735745,2.4925321255495394,2.552009648043638,2.6026329680287947,2.5088993614396053,2.4876420425202928,2.550951721804737,2.5342711166968295,2.477480865033023,2.5276154745800414,2.574137265437194,2.5787024706659247,2.5432085696554507,2.610095887966848,2.51446206453818,2.4815038236025186,2.5642188192553474,3.018293221100124,2.6632147621542153,2.3571403408108953,2.4780591051299186,2.6221630108349894,2.5494307130513505,2.5246048086035957,2.52837038632296,2.4883389397756295,2.588283869570881,2.541022980681891,2.5663939674836245,2.5081311547412217,2.6275047472841706,2.6582166716184408,3.4307245401731654,2.5941513002081793
96,2.43,4.004790806623786,2.503277970733044,1.9762590820608827,2.4777064430404048,2.539282805558261,2.5883512962710657,2.4966326546515116,2.473233448173452,2.537600729228282,2.5191690707595553,2.4633603693017725,2.5142308869792376,2.5602967262927923,2.5647991168097555,2.5299796649065613,2.596112412581361,2.5020020473938986,2.467401181374094,2.550506814692941,2.998332494936479,2.648460573626753,2.342155560971682,2.4667495766784473,2.607981690432714,2.5361101283895398,2.5107523462311465,2.5141818917820946,2.4766854117117103,2.574957959356434,2.5278385714722544,2.552754040686247,2.4950572478301813,2.6133513300164157,2.6435578570487674,3.407446278524353,2.5803198426742555
97,2.47,4.120400811809016,2.544242429338098,2.036303499711652,2.537009173076945,2.590190175499769,2.6454779833019835,2.5456994818038874,2.530867825560816,2.5910046995341016,2.5795772545086546,2.519842352226776,2.5677692373824534,2.6156588828704006,2.620412532234435,2.5828952839021184,2.6520463141233086,2.5518421159710254,2.5238117502877926,2.6053548329425693,3.07817539959106,2.707477327736602,2.402094680328539,2.5119876904843323,2.6647069720418153,2.5893924670367836,2.5661621957209437,2.570935869945558,2.5232995239673883,2.628261600214225,2.5805762083108026,2.6073137478757586,2.547352875474343,2.6699649990874375,2.7021931153274608,3.5005593251196054,2.6356456728099533
98,2.48,4.149303313105322,2.5544835439893614,2.051314604124344,2.5518348555860793,2.602917017985146,2.6597596550597125,2.5579661885919807,2.5452764199076565,2.6043556921105564,2.594679300445929,2.5339628479580263,2.581153824983257,2.6294994220148027,2.6343158860906044,2.5961241886510074,2.666029789508795,2.564302133115307,2.537914392516217,2.6190668375049757,3.0981361257547055,2.722231516264064,2.4170794601677525,2.523297218935803,2.678888292444091,2.602713051698595,2.5800146580933925,2.5851243644864232,2.534953052031308,2.641587510428673,2.5937606175204393,2.620953674673136,2.560426782385383,2.6841184163551928,2.7168519298971336,3.5238375867684177,2.6494771303438776
99,2.486666666666667,4.16857164730286,2.561310953756871,2.061322007066139,2.561718643925503,2.6114015796420644,2.669280769564866,2.566143993117377,2.5548821494722174,2.613256353828193,2.6047473310707794,2.5433765117788605,2.5900768833837935,2.638726448111071,2.643584788661385,2.6049434584836,2.6753521064324537,2.572608811211495,2.547316154001834,2.628208173879914,3.111443276530469,2.7320676419490395,2.4270693133938956,2.530836904570118,2.6883425060456076,2.6115934414731354,2.589249633008359,2.5945833608470013,2.542722070740588,2.6504714505716387,2.602550223660198,2.630046959204722,2.569142720326077,2.69355402786703,2.7266244729435827,3.5393564278676264,2.658698102033161
100,2.493333333333333,4.187839981500398,2.56813836352438,2.0713294100079334,2.571602432264926,2.6198861412989825,2.6788018840700185,2.5743217976427726,2.5644878790367778,2.6221570155458296,2.614815361695629,2.5527901755996942,2.598999941784329,2.6479534742073385,2.6528536912321643,2.6137627283161926,2.6846744233561113,2.5809154893076824,2.55671791548745,2.637349510254852,3.1247504273062323,2.741903767634014,2.4370591666200383,2.5383765902044315,2.697796719647124,2.6204738312476756,2.598484607923325,2.604042357207578,2.550491089449867,2.659355390714604,2.6113398297999555,2.6391402437363065,2.5778586582667704,2.702989639378867,2.7363970159900317,3.5548752689668346,2.6679190737224436
101,2.5,4.207108315697936,2.574965773291889,2.0813368129497287,2.5814862206043494,2.628370702955901,2.6883229985751713,2.5824996021681685,2.5740936086013386,2.6310576772634664,2.6248833923204793,2.562203839420528,2.607923000184865,2.657180500303607,2.6621225938029447,2.6225819981487857,2.6939967402797693,2.5892221674038707,2.5661196769730665,2.64649084662979,3.138057578081996,2.7517398933189883,2.4470490198461814,2.545916275838746,2.7072509332486407,2.6293542210222167,2.6077195828382917,2.613501353568155,2.558260108159147,2.668239330857569,2.6201294359397136,2.648233528267892,2.586574596207464,2.712425250890704,2.7461695590364803,3.5703941100660437,2.6771400454117265
102,2.57,4.409425824772086,2.646653575850734,2.1864145438385743,2.6852659981682936,2.717458600353541,2.7882947008792773,2.668366549684825,2.6749537690292247,2.7245146252986503,2.7305977138814033,2.661047309539284,2.701615113390492,2.7540642743144215,2.759446070796134,2.71518433139101,2.7918810679781774,2.6764422874138427,2.664838172572039,2.7424748785666386,3.277782661227514,2.855019213011224,2.5519424787206804,2.625082974999044,2.8065201760645677,2.7225983136548937,2.7046868194454365,2.712820815354215,2.6398348046065836,2.761520702358704,2.7124203004071723,2.7437130158495373,2.678091944584746,2.8114991717649924,2.848781261024193,3.7333419416077347,2.773960248149198
103,2.65,4.640645835142544,2.7285824930608427,2.306503379140113,2.8038714582413737,2.8192733402365575,2.902548074941113,2.766500203989576,2.790222523803952,2.8313225659102894,2.8514140813796023,2.7740112753892907,2.8086918141969237,2.864788587469639,2.8706729016454933,2.8210155693821237,2.9037488710620725,2.776122424568096,2.777659310399436,2.852170915065895,3.437468470536677,2.973052721230923,2.6718207174343944,2.7155592026108146,2.91997073928277,2.8291629909493814,2.815506518425031,2.826328771681142,2.7330630291179396,2.868127984074288,2.817895574084269,2.8528324302285597,2.7826831998730697,2.9247265099070363,2.9660517775815793,3.91956803479824,2.8846119084205943
104,2.62,4.553938331253622,2.6978591491070523,2.2614700659020364,2.759394410713969,2.7810928127804266,2.859703059667925,2.7297000836252945,2.74699674076343,2.791269588180925,2.8061079435677776,2.731649788195538,2.768538051394512,2.823266970036433,2.8289628400769837,2.781328855135456,2.8617984449056126,2.7387423731352514,2.7353513837141623,2.811034901378674,3.3775862920457413,2.928790155648536,2.6268663779167523,2.681630617256401,2.877426778075944,2.7892012369639487,2.773949131307683,2.7837632880585446,2.6981024449261817,2.8281502534309446,2.778342346455358,2.8119126498364264,2.743461479139948,2.88226625810377,2.92207533387256,3.8497332498518,2.8431175358188208
105,2.63,4.5828408325499295,2.708100263758316,2.276481170314728,2.7742200932231036,2.7938196552658034,2.8739847314256544,2.7419667904133886,2.7614053351102705,2.80462058075738,2.8212099895050526,2.745770283926789,2.7819226389953156,2.837107509180835,2.842866193933154,2.794557759884345,2.8757819202910992,2.7512023902795333,2.749454025942587,2.824746905941081,3.3975470182093868,2.943544344175998,2.641851157755966,2.692940145707872,2.891608098478219,2.8025218216257595,2.7878015936801326,2.79795178259941,2.7097559729901004,2.8414761636453925,2.791526755664995,2.8255525766338043,2.756535386050989,2.8964196753715257,2.936734148442233,3.873011511500614,2.8569489933527454
106,2.67,4.698450837735158,2.74906472236337,2.336525587965497,2.8335228232596434,2.8447270252073125,2.931111418456572,2.7910336175657635,2.8190397124976343,2.8580245510631994,2.881618173254152,2.8022522668517924,2.8354609893985314,2.892469665758443,2.8984796093578327,2.8474733788799016,2.931715821833047,2.80104245885666,2.805864594856285,2.879594924190709,3.477389922863968,3.002561098285847,2.701790277112823,2.7381782595137567,2.9483333800873206,2.8558041602730033,2.8432114431699294,2.854705760762873,2.756370085245779,2.894779804503184,2.8442643925035433,2.8801122838233155,2.8088310136951504,2.953033344442548,2.995369406720926,3.9661245580958653,2.9122748234884432
107,2.71,4.814060842920386,2.7900291809684243,2.3965700056162667,2.8928255532961833,2.8956343951488206,2.98823810548749,2.8401004447181393,2.8766740898849985,2.911428521369019,2.942026357003251,2.858734249776796,2.888999339801747,2.9478318223360516,2.954093024782513,2.9003889978754587,2.987649723374995,2.850882527433787,2.8622751637699837,2.934442942440337,3.5572328275185496,3.0615778523956965,2.76172939646968,2.7834163733196418,3.0050586616964208,2.9090864989202476,2.8986212926597266,2.911459738926337,2.802984197501457,2.948083445360976,2.8970020293420915,2.934671991012827,2.861126641339312,3.00964701351357,3.0540046649996193,4.059237604691118,2.9676006536241415
108,2.75,4.929670848105616,2.830993639573479,2.456614423267036,2.9521282833327236,2.9465417650903296,3.0453647925184075,2.8891672718705146,2.934308467272362,2.964832491674839,3.002434540752351,2.915216232701799,2.942537690204963,3.003193978913661,3.009706440207193,2.9533046168710158,3.0435836249169426,2.900722596010914,2.9186857326836826,2.9892909606899654,3.6370757321731317,3.1205946065055454,2.8216685158265373,2.828654487125527,3.0617839433055223,2.9623688375674915,2.954031142149524,2.9682137170898004,2.8495983097571354,3.0013870862187675,2.9497396661806397,2.989231698202339,2.9134222689834735,3.066260682584592,3.112639923278312,4.15235065128637,3.0229264837598397
109,2.76,4.958573349401922,2.8412347542247423,2.4716255276797274,2.966953965841858,2.9592686075757064,3.059646464276137,2.9014339786586083,2.9487170616192024,2.9781834842512938,3.0175365866896255,2.9293367284330496,2.9559222778057666,3.017034518058062,3.023609794063362,2.9665335216199042,3.057567100302429,2.9131826131551954,2.932788374912107,3.0030029652523718,3.6570364583367763,3.1353487950330075,2.8366532956657506,2.8399640155769976,3.075965263707797,2.975689422229302,2.9678836045219725,2.9824022116306654,2.861251837821054,3.0147129964332153,2.9629240753902764,3.002871624999716,2.9264961758945134,3.080414099852347,3.127298737847985,4.175628912935183,3.0367579412937635
110,2.72,4.842963344216694,2.8002702956196885,2.411581110028959,2.907651235805319,2.908361237634198,3.0025197772452197,2.8523671515062334,2.891082684231839,2.924779513945474,2.9571284029405263,2.8728547455080466,2.902383927402551,2.9616723614804545,2.9679963786386834,2.913617902624348,3.0016331987604814,2.863342544578069,2.8763778059984086,2.9481549470027444,3.577193553682195,3.076332040923159,2.7767141763088943,2.7947259017711135,3.019239982098697,2.9224070835820584,2.912473755032176,2.9256482334672027,2.8146377255653765,2.961409355575424,2.9101864385517286,2.948311917810205,2.8742005482503528,3.0238004307813258,3.0686634795692926,4.082515866339931,2.981432111158066
111,2.77,4.987475850698231,2.851475868876006,2.4866366320924205,2.9817796483509937,2.971995450061084,3.0739281360338664,2.9137006854467025,2.963125655966044,2.9915344768277485,3.0326386326269006,2.943457224164301,2.969306865406571,3.030875057202465,3.0375131479195323,2.9797624263687936,3.0715505756879162,2.9256426302994774,2.946891017140532,3.016714969814779,3.676997184500423,3.15010298356047,2.8516380755049653,2.851273544028469,3.090146584110073,2.989010006891114,2.9817360668944226,2.996590706171532,2.872905365884974,3.028038906647663,2.976108484599914,3.0165115517970946,2.939570082805554,3.094567517120103,3.141957552417659,4.198907174583997,3.050589398827688
112,2.79,5.045280853290845,2.871958098178533,2.516658840917805,3.0114310133692634,2.997449135031838,3.1024914795493252,2.93823409902289,2.9919428446597256,3.018236461980659,3.0628427245014502,2.9716982156268026,2.9960760406081786,3.058556135491269,3.0653198556318726,3.0062202358665724,3.09951752645889,2.950562664588041,2.9750963015973815,3.0441389789395936,3.7169186368277134,3.1796113606153944,2.881607635183394,2.873892600931412,3.1185092249146233,3.0156511762147353,3.0094409916393214,3.024967695253263,2.896212422012813,3.0546907270765593,3.002477303019188,3.04379140539185,2.9657178966276345,3.122874351655614,3.1712751815570055,4.245463697881623,3.078252313895538
113,2.77,4.987475850698231,2.851475868876006,2.4866366320924205,2.9817796483509937,2.971995450061084,3.0739281360338664,2.9137006854467025,2.963125655966044,2.9915344768277485,3.0326386326269006,2.943457224164301,2.969306865406571,3.030875057202465,3.0375131479195323,2.9797624263687936,3.0715505756879162,2.9256426302994774,2.946891017140532,3.016714969814779,3.676997184500423,3.15010298356047,2.8516380755049653,2.851273544028469,3.090146584110073,2.989010006891114,2.9817360668944226,2.996590706171532,2.872905365884974,3.028038906647663,2.976108484599914,3.0165115517970946,2.939570082805554,3.094567517120103,3.141957552417659,4.198907174583997,3.050589398827688
114,2.75,4.929670848105616,2.830993639573479,2.456614423267036,2.9521282833327236,2.9465417650903296,3.0453647925184075,2.8891672718705146,2.934308467272362,2.964832491674839,3.002434540752351,2.915216232701799,2.942537690204963,3.003193978913661,3.009706440207193,2.9533046168710158,3.0435836249169426,2.900722596010914,2.9186857326836826,2.9892909606899654,3.6370757321731317,3.1205946065055454,2.8216685158265373,2.828654487125527,3.0617839433055223,2.9623688375674915,2.954031142149524,2.9682137170898004,2.8495983097571354,3.0013870862187675,2.9497396661806397,2.989231698202339,2.9134222689834735,3.066260682584592,3.112639923278312,4.15235065128637,3.0229264837598397
115,2.73,4.8718658455130015,2.810511410270952,2.426592214441651,2.9224769183144534,2.921088080119575,3.0168014490029487,2.8646338582943267,2.90549127857868,2.938130506521929,2.972230448877801,2.8869752412392975,2.915768515003355,2.975512900624856,2.9818997324948526,2.926846807373237,3.0156166741459685,2.8758025617223506,2.890480448226833,2.9618669515651512,3.5971542798458405,3.091086229450621,2.7916989561481085,2.8060354302225843,3.0334213025009715,2.9357276682438695,2.9263262174046254,2.939836728008068,2.8262912536292957,2.974735265789872,2.9233708477613654,2.961951844607583,2.8872744551613927,3.0379538480490806,3.0833222941389655,4.105794127988744,2.995263568691991
116,2.91,5.3921108688465305,2.994851473993697,2.6967920938701124,3.189339203478883,3.1501712448563643,3.2738715406420784,3.0854345804800163,3.164845976821817,3.178448372898117,3.244067275748749,3.1411441644018128,3.1566910918178257,3.224642605224095,3.2321601019059116,3.1649670928532423,3.2673192310847337,3.100082870319422,3.1443280083384773,3.2086830336884775,3.9564473507914575,3.356661622944942,3.061424993253965,3.0096069423490666,3.288685069741926,3.175498192156468,3.1756705401087126,3.195229629743653,3.036054758779847,3.214601649649935,3.1606902135348327,3.2074705269603845,3.1226047795601195,3.292715358868681,3.3471809563930845,4.52480283766738,3.244229804302632
117,2.98,5.594428377920681,3.066539276552542,2.8018698247589584,3.293118981042827,3.2392591422540047,3.373843242946185,3.171301527996673,3.2657061372497034,3.2719053209333016,3.349781597309673,3.2399876345205687,3.2503832050234527,3.32152637923491,3.329483578899101,3.2575694260954675,3.3652035587831417,3.187302990329394,3.2430465039374496,3.3046670656253267,4.096172433936976,3.4599409426371777,3.166318452128465,3.0887736415093654,3.387954312557853,3.2687422847891447,3.2726377767158574,3.294549091529713,3.1176294552272843,3.3078830211510706,3.252981078002292,3.30295001454203,3.2141221279374017,3.391789279742969,3.449792658380798,4.687750669209072,3.3410500070401037
118,2.91,5.3921108688465305,2.994851473993697,2.6967920938701124,3.189339203478883,3.1501712448563643,3.2738715406420784,3.0854345804800163,3.164845976821817,3.178448372898117,3.244067275748749,3.1411441644018128,3.1566910918178257,3.224642605224095,3.2321601019059116,3.1649670928532423,3.2673192310847337,3.100082870319422,3.1443280083384773,3.2086830336884775,3.9564473507914575,3.356661622944942,3.061424993253965,3.0096069423490666,3.288685069741926,3.175498192156468,3.1756705401087126,3.195229629743653,3.036054758779847,3.214601649649935,3.1606902135348327,3.2074705269603845,3.1226047795601195,3.292715358868681,3.3471809563930845,4.52480283766738,3.244229804302632
119,2.86,5.247598362364994,2.9436459007373785,2.6217365718066508,3.115210790933208,3.086537032429478,3.2024631818534317,3.024101046539547,3.092803005087612,3.1116934100158424,3.168557046062374,3.0705416857455585,3.0897681538138055,3.1554399095020838,3.162643332625062,3.0988225691087967,3.1974018541572984,3.0377827845980128,3.0738147971963534,3.140123010876442,3.856643719973231,3.2828906803076303,2.9865010940578935,2.9530593000917102,3.21777846773055,3.1088952688474123,3.1064082282464662,3.1242871570393236,2.97778711846025,3.1479720985776947,3.094768167486647,3.139270892973495,3.057235245004917,3.2219482725299025,3.2738868835447184,4.408411529423313,3.1750725166330094
120,2.893333333333333,5.343940033352685,2.977782949574924,2.671773586515625,3.164629732630324,3.128959840714069,3.250068754379196,3.064990069166526,3.140831652910415,3.1561967186040256,3.2188971991866233,3.1176100048497277,3.1343834458164856,3.2015750399834246,3.208987845478961,3.1429189182717603,3.244013438775588,3.0793161750789517,3.1208236046244355,3.185829692751132,3.9231794738520485,3.332071308732505,3.0364503601886073,2.990757728263281,3.265049535738134,3.153297217720116,3.1525831028212967,3.1715821388422096,3.0166322120066478,3.1923917992925213,3.1387161981854375,3.1847373156314216,3.100814934708385,3.269126330089088,3.322749598776962,4.486005734919358,3.2211773750794244
121,2.9266666666666667,5.440281704340376,3.0119199984124694,2.7218106012246,3.214048674327442,3.1713826489986596,3.297674326904961,3.105879091793506,3.188860300733219,3.200700027192209,3.2692373523108738,3.164678323953898,3.1789987378191658,3.2477101704647655,3.2553323583328617,3.1870152674347247,3.2906250233938783,3.120849565559891,3.167832412052518,3.2315363746258225,3.989715227730867,3.381251937157379,3.0863996263193223,3.028456156434852,3.312320603745719,3.1976991665928196,3.198757977396128,3.218877120645096,3.0554773055530466,3.2368115000073483,3.182664228884228,3.2302037382893483,3.144394624411853,3.316304387648273,3.371612314009207,4.5635999404154015,3.2672822335258394
122,2.96,5.536623375328067,3.046057047250015,2.771847615933574,3.263467616024558,3.21380545728325,3.345279899430726,3.1467681144204853,3.2368889485560217,3.245203335780392,3.319577505435123,3.2117466430580675,3.2236140298218454,3.2938453009461055,3.3016768711867615,3.2311116165976888,3.337236608012168,3.1623829560408305,3.2148412194806,3.2772430565005126,4.0562509816096854,3.430432565582253,3.1363488924500365,3.066154584606423,3.359591671753303,3.242101115465523,3.2449328519709595,3.2661721024479817,3.094322399099445,3.2812312007221744,3.2266122595830176,3.275670160947274,3.187974314115321,3.363482445207458,3.420475029241451,4.641194145911445,3.313387091972254
123,3.0,5.652233380513295,3.087021505855069,2.8318920335843427,3.3227703460610973,3.2647128272247583,3.4024065864616437,3.1958349415728606,3.294523325943385,3.298607306086211,3.379985689184222,3.2682286259830704,3.2771523802250604,3.349207457523714,3.3572902866114402,3.2840272355932454,3.393170509554115,3.2122230246179573,3.2712517883942986,3.3320910747501404,4.136093886264267,3.4894493196921026,3.196288011806893,3.1113926984123075,3.416316953362404,3.2953834541127662,3.3003427014607563,3.3229260806114445,3.1409365113551226,3.3345348415799663,3.279349896421566,3.3302298681367857,3.2402699417594825,3.4200961142784796,3.479110287520144,4.734307192506697,3.368712922107952
124,2.99,5.623330879216989,3.0767803912038056,2.8168809291716514,3.307944663551963,3.251985984739382,3.3881249147039147,3.1835682347847674,3.2801147315965453,3.2852563135097568,3.3648836432469484,3.25410813025182,3.2637677926242574,3.3353669183793127,3.343386932755271,3.2707983308443564,3.3791870341686288,3.199763007473676,3.2571491461658746,3.318379070187734,4.116133160100622,3.4746951311646406,3.1813032319676795,3.100083169960836,3.402135632960129,3.282062869450956,3.286490239088307,3.3087375860705794,3.129282983291204,3.3212089313655184,3.2661654872119295,3.316589941339408,3.2271960348484425,3.4059426970107247,3.464451472950471,4.711028930857885,3.3548814645740284
125,2.9,5.363208367550223,2.984610359342433,2.6817809894574203,3.1745135209697475,3.137444402370987,3.2595898688843494,3.073167873691922,3.1504373824749754,3.165097380321662,3.228965229811474,3.127023668670562,3.1433065042170214,3.2108020660796925,3.2182567480497415,3.1517381881043534,3.2533357556992466,3.08762285317514,3.1302253661100523,3.1949710291260702,3.936486624627813,3.3419074344174797,3.0464402134147512,2.9982974138975953,3.2745037493396514,3.1621776074946566,3.1618180777362634,3.181041135202787,3.024401230715928,3.201275739435487,3.1475058043251956,3.1938306001630066,3.1095308726490787,3.278561941600925,3.3325221418234117,4.501524576018566,3.230398346768707
126,2.9,5.363208367550223,2.984610359342433,2.6817809894574203,3.1745135209697475,3.137444402370987,3.2595898688843494,3.073167873691922,3.1504373824749754,3.165097380321662,3.228965229811474,3.127023668670562,3.1433065042170214,3.2108020660796925,3.2182567480497415,3.1517381881043534,3.2533357556992466,3.08762285317514,3.1302253661100523,3.1949710291260702,3.936486624627813,3.3419074344174797,3.0464402134147512,2.9982974138975953,3.2745037493396514,3.1621776074946566,3.1618180777362634,3.181041135202787,3.024401230715928,3.201275739435487,3.1475058043251956,3.1938306001630066,3.1095308726490787,3.278561941600925,3.3325221418234117,4.501524576018566,3.230398346768707
127,2.91,5.3921108688465305,2.994851473993697,2.6967920938701124,3.189339203478883,3.1501712448563643,3.2738715406420784,3.0854345804800163,3.164845976821817,3.178448372898117,3.244067275748749,3.1411441644018128,3.1566910918178257,3.224642605224095,3.2321601019059116,3.1649670928532423,3.2673192310847337,3.100082870319422,3.1443280083384773,3.2086830336884775,3.9564473507914575,3.356661622944942,3.061424993253965,3.0096069423490666,3.288685069741926,3.175498192156468,3.1756705401087126,3.195229629743653,3.036054758779847,3.214601649649935,3.1606902135348327,3.2074705269603845,3.1226047795601195,3.292715358868681,3.3471809563930845,4.52480283766738,3.244229804302632
128,2.92,5.421013370142837,3.00509258864496,2.7118031982828046,3.204164885988017,3.162898087341741,3.2881532123998074,3.0977012872681096,3.179254571168658,3.191799365474572,3.2591693216860236,3.1552646601330636,3.170075679418629,3.2384831443684967,3.246063455762081,3.1781959976021317,3.28130270647022,3.1125428874637033,3.1584306505669013,3.222395038250884,3.976408076955103,3.371415811472404,3.0764097730931788,3.0209164708005374,3.3028663901442012,3.1888187768182785,3.189523002481162,3.209418124284518,3.0477082868437666,3.2279275598643826,3.17387462274447,3.2211104537577624,3.1356786864711594,3.3068687761364357,3.3618397709627574,4.5480810993161915,3.258061261836556
129,2.93,5.449915871439145,3.015333703296224,2.7268143026954976,3.218990568497153,3.1756249298271184,3.3024348841575377,3.1099679940562037,3.193663165515499,3.205150358051027,3.2742713676232986,3.1693851558643145,3.1834602670194334,3.2523236835128992,3.2599668096182515,3.191424902351021,3.2952861818557073,3.1250029046079852,3.1725332927953263,3.2361070428132916,3.996368803118749,3.3861699999998667,3.091394552932394,3.032225999252009,3.3170477105464773,3.2021393614800897,3.203375464853612,3.223606618825385,3.0593618149076867,3.2412534700788305,3.1870590319541066,3.2347503805551407,3.1487525933822003,3.3210221934041915,3.376498585532431,4.571359360965005,3.2718927193704808
130,2.91,5.3921108688465305,2.994851473993697,2.6967920938701124,3.189339203478883,3.1501712448563643,3.2738715406420784,3.0854345804800163,3.164845976821817,3.178448372898117,3.244067275748749,3.1411441644018128,3.1566910918178257,3.224642605224095,3.2321601019059116,3.1649670928532423,3.2673192310847337,3.100082870319422,3.1443280083384773,3.2086830336884775,3.9564473507914575,3.356661622944942,3.061424993253965,3.0096069423490666,3.288685069741926,3.175498192156468,3.1756705401087126,3.195229629743653,3.036054758779847,3.214601649649935,3.1606902135348327,3.2074705269603845,3.1226047795601195,3.292715358868681,3.3471809563930845,4.52480283766738,3.244229804302632
131,2.91,5.3921108688465305,2.994851473993697,2.6967920938701124,3.189339203478883,3.1501712448563643,3.2738715406420784,3.0854345804800163,3.164845976821817,3.178448372898117,3.244067275748749,3.1411441644018128,3.1566910918178257,3.224642605224095,3.2321601019059116,3.1649670928532423,3.2673192310847337,3.100082870319422,3.1443280083384773,3.2086830336884775,3.9564473507914575,3.356661622944942,3.061424993253965,3.0096069423490666,3.288685069741926,3.175498192156468,3.1756705401087126,3.195229629743653,3.036054758779847,3.214601649649935,3.1606902135348327,3.2074705269603845,3.1226047795601195,3.292715358868681,3.3471809563930845,4.52480283766738,3.244229804302632
132,2.95,5.507720874031759,3.0358159325987515,2.756836511520882,3.248641933515423,3.201078614797873,3.330998227672996,3.1345014076323916,3.2224803542091807,3.231852343203937,3.3044754594978483,3.1976261473268166,3.210229442221041,3.2800047618017034,3.2877735173305913,3.2178827118488,3.3232531326266814,3.149922938896549,3.2007385772521757,3.2635310519381058,4.0362902554460405,3.415678377054791,3.1213641126108223,3.0548450561549516,3.3454103513510276,3.2287805308037116,3.2310803895985103,3.2519836079071163,3.0826688710355254,3.2679052905077266,3.213427850373381,3.262030234149896,3.174900407204281,3.349329027939703,3.405816214671778,4.617915884262631,3.29955563443833
133,2.95,5.507720874031759,3.0358159325987515,2.756836511520882,3.248641933515423,3.201078614797873,3.330998227672996,3.1345014076323916,3.2224803542091807,3.231852343203937,3.3044754594978483,3.1976261473268166,3.210229442221041,3.2800047618017034,3.2877735173305913,3.2178827118488,3.3232531326266814,3.149922938896549,3.2007385772521757,3.2635310519381058,4.0362902554460405,3.415678377054791,3.1213641126108223,3.0548450561549516,3.3454103513510276,3.2287805308037116,3.2310803895985103,3.2519836079071163,3.0826688710355254,3.2679052905077266,3.213427850373381,3.262030234149896,3.174900407204281,3.349329027939703,3.405816214671778,4.617915884262631,3.29955563443833
134,2.9633333333333334,5.546257542426836,3.0494707521337694,2.776851317404472,3.2684095101942696,3.2180477381117094,3.3500404566833026,3.1508570166831835,3.241691813338302,3.2496536666392104,3.324611520747548,3.2164534749684845,3.2280755590221135,3.29845881399424,3.306311322472151,3.235521251513985,3.341897766473997,3.1665362950889246,3.219542100223409,3.2818137246879817,4.062904556997567,3.4353506284247404,3.141343819063108,3.06992442742358,3.3643187785540616,3.246541310352793,3.249550339428443,3.2709016006282705,3.0982069084540846,3.2856731707936575,3.2310070626528975,3.280216803213067,3.192332283085668,3.368200250963377,3.425361300764676,4.64895356646105,3.317997577816896
135,2.976666666666667,5.584794210821912,3.063125571668788,2.7968661232880616,3.2881770868731164,3.235016861425546,3.3690826856936087,3.167212625733976,3.2609032724674236,3.2674549900744836,3.3447475819972485,3.2352808026101525,3.2459216758231855,3.316912866186777,3.324849127613712,3.253159791179171,3.3605424003213136,3.1831496512813002,3.2383456231946415,3.300096397437858,4.089518858549095,3.455022879794691,3.1613235255153938,3.0850037986922083,3.3832272057570956,3.264302089901875,3.2680202892583754,3.289819593349425,3.1137449458726443,3.3034410510795884,3.2485862749324137,3.298403372276238,3.2097641589670554,3.3870714739870516,3.4449063868575736,4.6799912486594675,3.3364395211954623
136,2.99,5.623330879216989,3.0767803912038056,2.8168809291716514,3.307944663551963,3.251985984739382,3.3881249147039147,3.1835682347847674,3.2801147315965453,3.2852563135097568,3.3648836432469484,3.25410813025182,3.2637677926242574,3.3353669183793127,3.343386932755271,3.2707983308443564,3.3791870341686288,3.199763007473676,3.2571491461658746,3.318379070187734,4.116133160100622,3.4746951311646406,3.1813032319676795,3.100083169960836,3.402135632960129,3.282062869450956,3.286490239088307,3.3087375860705794,3.129282983291204,3.3212089313655184,3.2661654872119295,3.316589941339408,3.2271960348484425,3.4059426970107247,3.464451472950471,4.711028930857885,3.3548814645740284
137,2.96,5.536623375328067,3.046057047250015,2.771847615933574,3.263467616024558,3.21380545728325,3.345279899430726,3.1467681144204853,3.2368889485560217,3.245203335780392,3.319577505435123,3.2117466430580675,3.2236140298218454,3.2938453009461055,3.3016768711867615,3.2311116165976888,3.337236608012168,3.1623829560408305,3.2148412194806,3.2772430565005126,4.0562509816096854,3.430432565582253,3.1363488924500365,3.066154584606423,3.359591671753303,3.242101115465523,3.2449328519709595,3.2661721024479817,3.094322399099445,3.2812312007221744,3.2266122595830176,3.275670160947274,3.187974314115321,3.363482445207458,3.420475029241451,4.641194145911445,3.313387091972254
138,2.88,5.305403364957608,2.9641281300399056,2.651758780632035,3.1448621559514778,3.1119907174002326,3.2310265253688897,3.0486344601157347,3.1216201937812933,3.138395395168752,3.1987611379369234,3.0987826772080598,3.1165373290154137,3.183120987790888,3.190450040337401,3.1252803786065746,3.225368804928272,3.062702818886576,3.1020200816532024,3.167547020001256,3.8965651723005212,3.312399057362555,3.0164706537363215,2.9756783569946528,3.2461411085351006,3.1355364381710347,3.1341131529913646,3.1526641461210545,3.001094174588088,3.174623919006591,3.121136985905921,3.1665507465682508,3.083383058826998,3.250255107065414,3.303204512684064,4.454968052720939,3.202735431700858
139,2.86,5.247598362364994,2.9436459007373785,2.6217365718066508,3.115210790933208,3.086537032429478,3.2024631818534317,3.024101046539547,3.092803005087612,3.1116934100158424,3.168557046062374,3.0705416857455585,3.0897681538138055,3.1554399095020838,3.162643332625062,3.0988225691087967,3.1974018541572984,3.0377827845980128,3.0738147971963534,3.140123010876442,3.856643719973231,3.2828906803076303,2.9865010940578935,2.9530593000917102,3.21777846773055,3.1088952688474123,3.1064082282464662,3.1242871570393236,2.97778711846025,3.1479720985776947,3.094768167486647,3.139270892973495,3.057235245004917,3.2219482725299025,3.2738868835447184,4.408411529423313,3.1750725166330094
140,2.84,5.18979335977238,2.9231636714348515,2.5917143629812665,3.085559425914938,3.061083347458724,3.173899838337973,2.999567632963359,3.06398581639393,3.084991424862933,3.138352954187825,3.042300694283057,3.062998978612198,3.12775883121328,3.134836624912722,3.072364759611018,3.1694349033863247,3.0128627503094494,3.0456095127395044,3.1126990017516283,3.81672226764594,3.253382303252706,2.956531534379465,2.9304402431887677,3.189415826925999,3.0822540995237904,3.078703303501568,3.0959101679575918,2.9544800623324106,3.121320278148799,3.0683993490673727,3.1119910393787396,3.0310874311828364,3.193641437994392,3.2445692544053713,4.361855006125689,3.14740960156516
141,2.82,5.1319883571797655,2.902681442132324,2.5616921541558813,3.0559080608966673,3.0356296624879695,3.145336494822513,2.9750342193871715,3.035168627700248,3.0582894397100224,3.108148862313275,3.014059702820555,3.03622980341059,3.1000777529244754,3.107029917200382,3.045906950113239,3.1414679526153506,2.9879427160208856,3.0174042282826545,3.085274992626814,3.7768008153186488,3.223873926197781,2.9265619747010367,2.907821186285825,3.161053186121449,3.0556129302001684,3.0509983787566686,3.06753317887586,2.9311730062045713,3.0946684577199033,3.0420305306480984,3.0847111857839833,3.0049396173607557,3.1653346034588803,3.2152516252660246,4.315298482828062,3.1197466864973107
142,2.8,5.074183354587151,2.882199212829797,2.531669945330497,3.0262566958783976,3.0101759775172154,3.1167731513070547,2.9505008058109836,3.006351439006566,3.031587454557113,3.0779447704387253,2.9858187113580534,3.009460628208982,3.0723966746356712,3.079223209488042,3.0194491406154613,3.1135010018443765,2.9630226817323226,2.9891989438258055,3.057850983502,3.7368793629913584,3.1943655491428564,2.896592415022608,2.8852021293828827,3.132690545316898,3.028971760876547,3.02329345401177,3.039156189794129,2.907865950076732,3.0680166372910076,3.015661712228825,3.057431332189228,2.978791803538675,3.137027768923369,3.1859339961266784,4.268741959530436,3.092083771429462
143,2.78,5.016378351994537,2.8617169835272698,2.5016477365051126,2.996605330860128,2.984722292546461,3.088209807791596,2.9259673922347957,2.9775342503128845,3.0048854694042033,3.0477406785641756,2.9575777198955517,2.9826914530073743,3.044715596346867,3.0514165017757025,2.992991331117683,3.0855340510734033,2.938102647443759,2.960993659368956,3.030426974377186,3.6969579106640675,3.1648571720879324,2.86662285534418,2.86258307247994,3.104327904512348,3.0023305915529246,2.995588529266872,3.0107792007123972,2.8845588939488933,3.041364816862112,2.989292893809551,3.0301514785944725,2.952643989716594,3.108720934387858,3.1566163669873317,4.2221854362328095,3.064420856361613
144,2.87,5.276500863661302,2.9538870153886423,2.636747676219344,3.1300364734423427,3.0992638749148558,3.2167448536111607,3.036367753327641,3.1072115994344536,3.125044402592297,3.1836590919996492,3.08466218147681,3.10315274141461,3.1692804486464863,3.176546686481232,3.112051473857686,3.211385329542786,3.0502428017422947,3.087917439424779,3.1538350154388497,3.8766044461368767,3.2976448688350932,3.0014858738971086,2.964368828543182,3.2319597881328255,3.122215853509224,3.120260690618916,3.1384756515801895,2.9894406465241694,3.1612980087921434,3.1079525766962846,3.1529108197708733,3.070309151915958,3.2361016897976587,3.2885456981143917,4.431689791072127,3.188903974166934
145,2.91,5.3921108688465305,2.994851473993697,2.6967920938701124,3.189339203478883,3.1501712448563643,3.2738715406420784,3.0854345804800163,3.164845976821817,3.178448372898117,3.244067275748749,3.1411441644018128,3.1566910918178257,3.224642605224095,3.2321601019059116,3.1649670928532423,3.2673192310847337,3.100082870319422,3.1443280083384773,3.2086830336884775,3.9564473507914575,3.356661622944942,3.061424993253965,3.0096069423490666,3.288685069741926,3.175498192156468,3.1756705401087126,3.195229629743653,3.036054758779847,3.214601649649935,3.1606902135348327,3.2074705269603845,3.1226047795601195,3.292715358868681,3.3471809563930845,4.52480283766738,3.244229804302632
146,2.85,5.218695861068688,2.933404786086115,2.6067254673939586,3.100385108424073,3.0738101899441013,3.1881815100957023,3.011834339751453,3.0783944107407715,3.0983424174393877,3.1534550001251,3.0564211900143077,3.076383566213002,3.1415993703576817,3.1487399787688917,3.085593664359908,3.1834183787718118,3.0253227674537313,3.059712154967929,3.1264110063140356,3.836682993809586,3.2681364917801687,2.97151631421868,2.9417497716402394,3.203597147328275,3.0955746841856016,3.092555765874017,3.1100986624984577,2.96613359039633,3.1346461883632477,3.0815837582770103,3.125630966176118,3.0441613380938772,3.2077948552621476,3.2592280689750455,4.385133267774501,3.1612410590990847
147,2.91,5.3921108688465305,2.994851473993697,2.6967920938701124,3.189339203478883,3.1501712448563643,3.2738715406420784,3.0854345804800163,3.164845976821817,3.178448372898117,3.244067275748749,3.1411441644018128,3.1566910918178257,3.224642605224095,3.2321601019059116,3.1649670928532423,3.2673192310847337,3.100082870319422,3.1443280083384773,3.2086830336884775,3.9564473507914575,3.356661622944942,3.061424993253965,3.0096069423490666,3.288685069741926,3.175498192156468,3.1756705401087126,3.195229629743653,3.036054758779847,3.214601649649935,3.1606902135348327,3.2074705269603845,3.1226047795601195,3.292715358868681,3.3471809563930845,4.52480283766738,3.244229804302632
148,2.9375,5.471592747411376,3.0230145392846715,2.7380726310050165,3.230109830379004,3.185170061691151,3.313146137975835,3.1191680241472746,3.2044696112756297,3.2151636024833685,3.285597902076255,3.179975527662753,3.1934987077200363,3.2627040878712013,3.270394325010379,3.2013465809126878,3.3057737883948226,3.1343479174661963,3.1831102744666446,3.2463910462350967,4.011339347741484,3.397235641395463,3.1026331378118046,3.0407081455906124,3.327683700848184,3.2121297999764478,3.2137648116329482,3.234247989731034,3.0681019609556257,3.2512479027396664,3.1969473388613348,3.2449803256531737,3.15855802356548,3.3316372563550085,3.3874926964596863,4.588818057201616,3.282266312520924
149,2.965,5.551074625976219,3.0511776045756465,2.77935316813992,3.2708804572791252,3.2201688785259384,3.3524207353095905,3.152901467814532,3.244093245729442,3.251878832068619,3.3271285284037604,3.2188068909236924,3.230306323622247,3.3007655705183065,3.3086285481148456,3.2377260689721328,3.3442283457049116,3.1686129646129713,3.221892540594812,3.284099058781716,4.0662313446915075,3.437809659845984,3.143841282369643,3.071809348832158,3.3666823319544403,3.2487614077964277,3.251859083157184,3.2732663497184147,3.1001491631314044,3.2878941558293984,3.2332044641878364,3.282490124345963,3.194511267570841,3.370559153841336,3.427804436526287,4.652833276735851,3.3203028207392165
150,2.9925,5.630556504541064,3.079340669866621,2.820633705274824,3.311651084179246,3.2551676953607256,3.391695332643346,3.1866349114817902,3.2837168801832544,3.2885940616538702,3.368659154731267,3.2576382541846325,3.2671139395244575,3.3388270531654127,3.3468627712193135,3.2741055570315787,3.382682903015,3.202878011759746,3.2606748067229803,3.321807071328335,4.121123341641533,3.4783836782965056,3.1850494269274825,3.1029105520737046,3.405680963060697,3.285393015616408,3.2899533546814195,3.3122847097057955,3.132196365307183,3.32454040891913,3.269461589514338,3.319999923038752,3.2304645115762023,3.409481051327663,3.468116176592889,4.716848496270087,3.3583393289575088
151,3.02,5.71003838310591,3.1075037351575965,2.861914242409728,3.352421711079368,3.290166512195513,3.4309699299771026,3.2203683551490485,3.323340514637067,3.3253092912391216,3.410189781058773,3.296469617445572,3.3039215554266685,3.3768885358125185,3.3850969943237805,3.3104850450910237,3.4211374603250895,3.237143058906521,3.2994570728511476,3.359515083874955,4.176015338591558,3.518957696747027,3.226257571485322,3.13401175531525,3.4446795941669546,3.3220246234363886,3.328047626205655,3.3513030696931763,3.164243567482962,3.361186662008862,3.30571871484084,3.3575097217315415,3.266417755581563,3.448402948813991,3.5084279166594907,4.7808637158043235,3.396375837175801
152,3.09,5.9123558921800585,3.179191537716441,2.966991973298574,3.456201488643312,3.3792544095931527,3.530941632281208,3.306235302665705,3.424200675064954,3.418766239274305,3.515904102619696,3.395313087564328,3.397613668632296,3.473772309823333,3.4824204713169697,3.4030873783332476,3.5190217880234975,3.3243631789164927,3.39817556845012,3.4554991158118034,4.3157404217370745,3.6222370164392625,3.3311510303598206,3.213178454475549,3.5439488369828807,3.415268716069065,3.4250148628128,3.4506225314792367,3.2458182639303983,3.454468033509997,3.398009579308299,3.452989209313186,3.3579351039588454,3.5474768696882792,3.611039618647203,4.943811547346014,3.4931960399132724
153,3.01,5.681135881809602,3.0972626205063327,2.846903137997035,3.337596028570232,3.2774396697101356,3.4166882582193727,3.2081016483609543,3.308931920290226,3.311958298662666,3.395087735121497,3.282349121714321,3.2905369678258647,3.3630479966681164,3.3711936404676104,3.2972561403421343,3.407153984939602,3.2246830417622387,3.2853544306227227,3.3458030793125477,4.156054612427912,3.5042035082195646,3.211272791646107,3.1227022268637787,3.430498273764679,3.3087040387745774,3.3141951638332054,3.3371145751523104,3.1525900394190423,3.347860751794414,3.292534305631203,3.3438697949341627,3.2533438486705224,3.4342495315462354,3.4937691020898174,4.75758545415551,3.3825443796418764
154,3.01,5.681135881809602,3.0972626205063327,2.846903137997035,3.337596028570232,3.2774396697101356,3.4166882582193727,3.2081016483609543,3.308931920290226,3.311958298662666,3.395087735121497,3.282349121714321,3.2905369678258647,3.3630479966681164,3.3711936404676104,3.2972561403421343,3.407153984939602,3.2246830417622387,3.2853544306227227,3.3458030793125477,4.156054612427912,3.5042035082195646,3.211272791646107,3.1227022268637787,3.430498273764679,3.3087040387745774,3.3141951638332054,3.3371145751523104,3.1525900394190423,3.347860751794414,3.292534305631203,3.3438697949341627,3.2533438486705224,3.4342495315462354,3.4937691020898174,4.75758545415551,3.3825443796418764
155,3.0,5.652233380513295,3.087021505855069,2.8318920335843427,3.3227703460610973,3.2647128272247583,3.4024065864616437,3.1958349415728606,3.294523325943385,3.298607306086211,3.379985689184222,3.2682286259830704,3.2771523802250604,3.349207457523714,3.3572902866114402,3.2840272355932454,3.393170509554115,3.2122230246179573,3.2712517883942986,3.3320910747501404,4.136093886264267,3.4894493196921026,3.196288011806893,3.1113926984123075,3.416316953362404,3.2953834541127662,3.3003427014607563,3.3229260806114445,3.1409365113551226,3.3345348415799663,3.279349896421566,3.3302298681367857,3.2402699417594825,3.4200961142784796,3.479110287520144,4.734307192506697,3.368712922107952
156,2.99,5.623330879216987,3.076780391203805,2.8168809291716506,3.3079446635519623,3.251985984739381,3.388124914703914,3.183568234784767,3.2801147315965444,3.2852563135097563,3.3648836432469476,3.2541081302518196,3.2637677926242565,3.335366918379312,3.343386932755271,3.2707983308443564,3.379187034168628,3.199763007473676,3.2571491461658737,3.318379070187733,4.116133160100621,3.4746951311646397,3.1813032319676786,3.100083169960836,3.4021356329601287,3.2820628694509555,3.286490239088307,3.3087375860705794,3.1292829832912035,3.3212089313655184,3.2661654872119286,3.3165899413394078,3.227196034848442,3.4059426970107243,3.4644514729504707,4.711028930857884,3.3548814645740275
157,2.98,5.594428377920681,3.066539276552542,2.8018698247589584,3.293118981042827,3.2392591422540047,3.373843242946185,3.171301527996673,3.2657061372497034,3.2719053209333016,3.349781597309673,3.2399876345205687,3.2503832050234527,3.32152637923491,3.329483578899101,3.2575694260954675,3.3652035587831417,3.187302990329394,3.2430465039374496,3.3046670656253267,4.096172433936976,3.4599409426371777,3.166318452128465,3.0887736415093654,3.387954312557853,3.2687422847891447,3.2726377767158574,3.294549091529713,3.1176294552272843,3.3078830211510706,3.252981078002292,3.30295001454203,3.2141221279374017,3.391789279742969,3.449792658380798,4.687750669209072,3.3410500070401037
158,3.11,5.970160894772673,3.199673767018969,2.997014182123958,3.485852853661582,3.404708094563907,3.559504975796667,3.3307687162418933,3.4530178637586353,3.445468224427215,3.5461081944942463,3.4235540790268297,3.4243828438339037,3.5014533881121377,3.51022717902931,3.4295451878310264,3.5469887387944716,3.349283213205056,3.42638085290697,3.482923124936617,4.355661874064365,3.6517453934941875,3.3611205900382495,3.2357975113784914,3.5723114777874314,3.441909885392687,3.4527197875576987,3.4789995205609685,3.2691253200582375,3.4811198539388934,3.4243783977275735,3.480269062907942,3.384082917780926,3.5757837042237908,3.64035724778655,4.9903680706436395,3.5208589549811222
159,3.13,6.027965897365287,3.220155996321496,3.0270363909493425,3.5155042186798515,3.4301617795346613,3.588068319312126,3.3553021298180807,3.4818350524523174,3.472170209580125,3.576312286368796,3.451795070489331,3.4511520190355114,3.529134466400942,3.5380338867416494,3.4560029973288047,3.5749556895654453,3.37420324749362,3.454586137363819,3.5103471340614316,4.395583326391657,3.681253770549111,3.3910901497166783,3.2584165682814334,3.600674118591982,3.4685510547163094,3.4804247123025966,3.5073765096427003,3.2924323761860768,3.5077716743677896,3.4507472161468478,3.5075489165026976,3.410230731603007,3.6040905387593014,3.6696748769258964,5.036924593941267,3.5485218700489707
160,3.13,6.027965897365287,3.220155996321496,3.0270363909493425,3.5155042186798515,3.4301617795346613,3.588068319312126,3.3553021298180807,3.4818350524523174,3.472170209580125,3.576312286368796,3.451795070489331,3.4511520190355114,3.529134466400942,3.5380338867416494,3.4560029973288047,3.5749556895654453,3.37420324749362,3.454586137363819,3.5103471340614316,4.395583326391657,3.681253770549111,3.3910901497166783,3.2584165682814334,3.600674118591982,3.4685510547163094,3.4804247123025966,3.5073765096427003,3.2924323761860768,3.5077716743677896,3.4507472161468478,3.5075489165026976,3.410230731603007,3.6040905387593014,3.6696748769258964,5.036924593941267,3.5485218700489707
161,3.23,6.31699091032836,3.3225671428341323,3.177147435076266,3.663761043771202,3.5574302043884334,3.7308850368894206,3.4779691976990192,3.625920995920727,3.6056801353446746,3.727332745741545,3.59300002780184,3.584997895043551,3.6675398578449636,3.677067425303349,3.5882920448176967,3.7147904434203154,3.498803418936437,3.5956125596480657,3.647467179685502,4.595190588028111,3.8287956558237344,3.5409379481088203,3.3715118527961465,3.7424873226147346,3.6017569013344195,3.6189493360270903,3.6492614550513585,3.408967656825272,3.641030776512269,3.5825913082432184,3.6439481844764767,3.5409698007134107,3.7456247114368573,3.8162630226226293,5.269707210429399,3.6868364453882165
162,3.273333333333333,6.442235082612357,3.366945306322941,3.242195554197933,3.728005667977453,3.6125798551584007,3.7927722811729145,3.5311249271140923,3.688358238090371,3.6635344365093117,3.792774944803069,3.6541888426372604,3.642997774647035,3.7275155274707066,3.7373152920134185,3.6456172987295496,3.7753855034240917,3.552796826561658,3.6567240093045723,3.7068858661225983,4.681687068070574,3.8927304727760714,3.605871994078749,3.420519809419188,3.803939711024594,3.659479434868934,3.678976672974371,3.7107449313951104,3.4594662784355896,3.6987763874415434,3.6397237481516456,3.703054533931781,3.5976233973279195,3.8069561862637973,3.8797845524245465,5.370579677574253,3.7467727613685557
163,3.3166666666666664,6.567479254896354,3.41132346981175,3.3072436733195985,3.7922502921837045,3.667729505928368,3.8546595254564084,3.5842806565291654,3.750795480260014,3.7213887376739496,3.858217143864593,3.71537765747268,3.700997654250518,3.7874911970964487,3.797563158723488,3.702942552641403,3.8359805634278676,3.606790234186879,3.7178354589610785,3.7663045525596957,4.768183548113037,3.9566652897284067,3.670806040048677,3.46952776604223,3.8653920994344526,3.7172019684034474,3.7390040099216506,3.7722284077388615,3.509964900045907,3.7565219983708174,3.6968561880600723,3.762160883387084,3.654276993942427,3.868287661090738,3.9433060822264636,5.47145214471911,3.806709077348895
164,3.36,6.692723427180353,3.455701633300559,3.3722917924412656,3.856494916389956,3.722879156698336,3.9165467697399032,3.637436385944239,3.813232722429659,3.7792430388385876,3.9236593429261184,3.776566472308101,3.758997533854002,3.8474668667221916,3.8578110254335582,3.760267806553256,3.896575623431645,3.6607836418121,3.7789469086175855,3.825723238996793,4.854680028155502,4.020600106680744,3.7357400860186063,3.5185357226652716,3.926844487844313,3.7749245019379627,3.799031346868931,3.8337118840826134,3.5604635216562257,3.814267609300092,3.7539886279685,3.8212672328423887,3.7109305905569356,3.929619135917679,4.006827612028381,5.572324611863967,3.866645393329235
165,3.31,6.548210920698817,3.404496060044241,3.297236270377804,3.7823665038442815,3.6592449442714505,3.845138410951256,3.5761028520037703,3.741189750695454,3.7124880759563132,3.848149113239744,3.7059639936518467,3.692074595849982,3.7782641710001807,3.7882942561527084,3.6941232828088104,3.8266582465042105,3.598483556090691,3.7084336974754626,3.757163216184758,4.754876397337274,3.9468291640434323,3.6608161868225344,3.4619880804079157,3.8559378858329367,3.708321578628907,3.7297690350066848,3.7627694113782844,3.502195881336628,3.747638058227852,3.6880665819203147,3.7530675988554996,3.645561056001734,3.8588520495789007,3.9335335391800155,5.455933303619902,3.797488105659612
166,3.25,6.374795912920974,3.3430493721366594,3.20716964390165,3.6934124087894715,3.582883889359188,3.7594483804048795,3.502502611275207,3.6547381846144082,3.632382120497584,3.7575368376160947,3.6212410192643416,3.6117670702451585,3.695220936133768,3.704874133015689,3.614749854315475,3.7427573941912886,3.5237234532250006,3.6238178441049147,3.6748911888103155,4.635112040355402,3.8583040328786593,3.570907507787249,3.394130909699088,3.770849963419285,3.6283980706580414,3.6466542607719887,3.6776384441330894,3.432274712953111,3.667682596941165,3.6089601266624927,3.6712280380712325,3.567117614535492,3.773931545972368,3.845580651761976,5.316263733727023,3.7144993604560654
167,3.24,6.345893411624668,3.332808257485396,3.192158539488959,3.6785867262803373,3.5701570468738106,3.74516670864715,3.490235904487114,3.640329590267568,3.6190311279211294,3.7424347916788205,3.607120523533091,3.5983824826443556,3.681380396989366,3.690970779159519,3.6015209495665865,3.7287739188058024,3.511263436080719,3.60971520187649,3.661179184247909,4.615151314191757,3.8435498443511977,3.555922727948035,3.3828213812476173,3.7566686430170106,3.6150774859962307,3.63280179839954,3.6634499495922244,3.4206211848891916,3.654356686726717,3.595775717452856,3.6575881112738546,3.5540437076244515,3.759778128704613,3.830921837192303,5.292985472078212,3.700667902922141
168,3.23,6.31699091032836,3.3225671428341323,3.177147435076266,3.663761043771202,3.5574302043884334,3.7308850368894206,3.4779691976990192,3.625920995920727,3.6056801353446746,3.727332745741545,3.59300002780184,3.584997895043551,3.6675398578449636,3.677067425303349,3.5882920448176967,3.7147904434203154,3.498803418936437,3.5956125596480657,3.647467179685502,4.595190588028111,3.8287956558237344,3.5409379481088203,3.3715118527961465,3.7424873226147346,3.6017569013344195,3.6189493360270903,3.6492614550513585,3.408967656825272,3.641030776512269,3.5825913082432184,3.6439481844764767,3.5409698007134107,3.7456247114368573,3.8162630226226293,5.269707210429399,3.6868364453882165
169,3.203333333333333,6.239917573538206,3.295257503764096,3.137117823309086,3.624225890413508,3.5234919577607604,3.6928005788688085,3.445257979597435,3.587498077662484,3.5700774884741278,3.687060623242145,3.555345372518504,3.549305661441407,3.630631753459891,3.6399918150202293,3.5530149654873253,3.677501175725683,3.4655767065516856,3.5580055137055995,3.6109018341857495,4.541961984925056,3.789451153083835,3.500978535204249,3.341353110258889,3.7046704682086666,3.566235342236257,3.5820094363672252,3.611425469609049,3.377891581988153,3.6054950159404076,3.547432883684186,3.607575046350135,3.5061060489506364,3.707882265389509,3.7771728504368336,5.2076318460325615,3.6499525586310844
170,3.1766666666666667,6.162844236748055,3.26794786469406,3.0970882115419074,3.5846907370558156,3.4895537111330883,3.654716120848197,3.412546761495852,3.549075159404242,3.534474841603582,3.6467885007427454,3.517690717235169,3.5136134278392634,3.5937236490748194,3.6029162047371095,3.5177378861569544,3.6402119080310515,3.432349994166935,3.520398467763134,3.5743364886859976,4.488733381822002,3.750106650343936,3.4610191222996782,3.311194367721633,3.6668536138026004,3.5307137831380944,3.545069536707361,3.5735894841667406,3.3468155071510344,3.5699592553685466,3.512274459125154,3.5712019082237942,3.4712422971878625,3.670139819342161,3.738082678251039,5.145556481635727,3.613068671873952
171,3.15,6.085770899957903,3.240638225624023,3.057058599774728,3.545155583698122,3.455615464505416,3.6166316628275847,3.3798355433942686,3.5106522411459995,3.4988721947330355,3.606516378243346,3.480036061951833,3.47792119423712,3.556815544689747,3.5658405944539897,3.4824608068265834,3.60292264033642,3.3991232817821837,3.482791421820669,3.537771143186246,4.435504778718949,3.7107621476040364,3.4210597093951067,3.281035625184376,3.629036759396533,3.4951922240399314,3.508129637047496,3.535753498724432,3.3157394323139155,3.5344234947966853,3.477116034566122,3.5348287700974534,3.436378545425088,3.6323973732948134,3.6989925060652435,5.083481117238893,3.57618478511682
172,3.21,6.259185907735746,3.302084913531605,3.147125226250881,3.6341096787529317,3.531976519417679,3.7023216933739613,3.4534357841228314,3.597103807227045,3.578978150191764,3.697128653866995,3.5647590363393378,3.558228719841943,3.6398587795561594,3.6492607175910092,3.561834235319918,3.6868234926493413,3.473883384647874,3.567407275191216,3.6200431705606877,4.55526913570082,3.79928727876881,3.510968388430392,3.3488927958932035,3.7141246818101843,3.5751157320107976,3.5912444112821915,3.6208844659696267,3.385660600697433,3.614378956083373,3.556222489823944,3.616668330881721,3.51482198689133,3.7173178769013457,3.786945393483283,5.223150687131772,3.659173530320367
173,3.36,6.692723427180353,3.455701633300559,3.3722917924412656,3.856494916389956,3.722879156698336,3.9165467697399032,3.637436385944239,3.813232722429659,3.7792430388385876,3.9236593429261184,3.776566472308101,3.758997533854002,3.8474668667221916,3.8578110254335582,3.760267806553256,3.896575623431645,3.6607836418121,3.7789469086175855,3.825723238996793,4.854680028155502,4.020600106680744,3.7357400860186063,3.5185357226652716,3.926844487844313,3.7749245019379627,3.799031346868931,3.8337118840826134,3.5604635216562257,3.814267609300092,3.7539886279685,3.8212672328423887,3.7109305905569356,3.929619135917679,4.006827612028381,5.572324611863967,3.866645393329235
174,3.3,6.519308419402509,3.3942549453929773,3.282225165965112,3.7675408213351465,3.6465181017860733,3.8308567391935266,3.5638361452156757,3.726781156348613,3.699137083379858,3.833047067302469,3.6918434979205954,3.678690008249178,3.7644236318557787,3.7743909022965383,3.6808943780599206,3.812674771118723,3.5860235389464092,3.694331055247038,3.7434512116223506,4.734915671173629,3.9320749755159703,3.64583140698332,3.4506785519564445,3.841756565430661,3.695000993967096,3.715916572634235,3.748580916837419,3.4905423532727085,3.7343121480134043,3.674882172710677,3.739427672058121,3.6324871490906934,3.844698632311146,3.918874724610342,5.432655041971088,3.783656648125687
175,3.4,6.808333432365582,3.496666091905613,3.432336210092035,3.915797646426496,3.773786526639845,3.973673456770821,3.686503213096614,3.8708670998170227,3.8326470091444076,3.9840675266752177,3.8330484552331043,3.8125358842572172,3.9028290232998,3.9134244408582375,3.8131834255488126,3.9525095249735926,3.7106237103892266,3.8353574775312844,3.8805712572464213,4.934522932810084,4.079616860790594,3.795679205375462,3.5637738364711566,3.983569769453414,3.828206840585206,3.854441196358729,3.890465862246077,3.6070776339119037,3.8675712501578836,3.8067262648070477,3.8758269400319003,3.7632262182010976,3.9862328049887013,4.0654628703070745,5.665437658459219,3.921971223464933
176,3.473333333333333,7.020285108538501,3.571767599348213,3.542417642451778,4.024519318160152,3.8671167048659445,4.078405716327503,3.7764590628759693,3.976530125027189,3.93055428803841,4.0948158635485665,3.936598757262277,3.9106895266631128,4.004326310358749,4.015382369136817,3.9101953937073333,4.055055011133829,3.8019971694472927,3.938776853873065,3.9811259573707387,5.0809015913434825,4.187814243325317,3.9055675908630336,3.6467103784486126,4.087566119070099,3.9258911281051536,3.9560259204233565,3.994514822212426,3.69253683971398,3.965294591730502,3.9034119323443868,3.9758530698793377,3.859101535548726,4.090024531618908,4.172960843818013,5.836144910550516,4.023401912047046
177,3.546666666666667,7.232236784711421,3.646869106790813,3.6524990748115225,4.133240989893809,3.960446883092043,4.183137975884186,3.866414912655325,4.082193150237357,4.028461566932413,4.205564200421916,4.04014905929145,4.008843169069008,4.105823597417698,4.117340297415398,4.007207361865855,4.1576004972940686,3.8933706285053593,4.042196230214847,4.081680657495058,5.227280249876882,4.29601162586004,4.015455976350605,3.7296469204260685,4.191562468686785,4.023575415625102,4.057610644487985,4.0985637821787755,3.7779960455160575,4.06301793330312,4.000097599881725,4.075879199726776,3.9549768528963565,4.193816258249115,4.280458817328951,6.006852162641811,4.124832600629159
178,3.62,7.44418846088434,3.721970614233413,3.762580507171265,4.241962661627466,4.053777061318142,4.287870235440868,3.9563707624346796,4.187856175447523,4.126368845826415,4.316312537295265,4.143699361320623,4.106996811474903,4.207320884476648,4.219298225693976,4.1042193300243754,4.260145983454305,3.984744087563425,4.1456156065566265,4.182235357619375,5.373658908410282,4.404209008394764,4.1253443618381755,3.8125834624035244,4.295558818303469,4.121259703145048,4.159195368552613,4.202612742145124,3.8634552513181335,4.160741274875739,4.096783267419063,4.1759053295742135,4.050852170243985,4.297607984879322,4.387956790839887,6.177559414733107,4.226263289211272
179,3.75,7.819920977736333,3.85510510469984,3.957724864536265,4.4346965342462195,4.219226013628046,4.4735319682913515,4.115837950679899,4.3751679019564556,4.299931749320329,4.512639134479838,4.327265805826884,4.280996450285355,4.387247893353876,4.400041825824186,4.276195091759934,4.441931163465636,4.146724310439088,4.328949955526148,4.3604914169306666,5.633148348537673,4.596013459251774,4.3201464997479615,3.9596073322726504,4.479915983533048,4.294427303748591,4.339277379394455,4.387063171176379,4.014951116149087,4.333978107663562,4.268180587144345,4.353224377940125,4.22081296008751,4.4816024093601445,4.57852138024564,6.480176816167678,4.406072237152291
180,3.79,7.935530982921562,3.896069563304894,4.017769282187034,4.49399926428276,4.270133383569554,4.530658655322269,4.164904777832275,4.43280227934382,4.353335719626148,4.573047318228938,4.383747788751887,4.33453480068857,4.442610049931485,4.4556552412488655,4.329110710755492,4.497865065007582,4.196564379016214,4.385360524439846,4.415339435180295,5.7129912531922535,4.655030213361622,4.380085619104818,4.004845446078535,4.536641265142149,4.347709642395835,4.394687228884251,4.443817149339843,4.061565228404765,4.387281748521354,4.320918223982893,4.407784085129637,4.273108587731672,4.538216078431167,4.637156638524333,6.5732898627629295,4.461398067287989
181,3.76,7.84882347903264,3.8653462193511032,3.972735968948957,4.449522216755355,4.231952856113423,4.4878136400490805,4.128104657467993,4.389576496303296,4.313282741896783,4.527741180417113,4.341386301558135,4.294381037886159,4.401088432498278,4.413945179680355,4.289423996508823,4.455914638851122,4.159184327583369,4.343052597754572,4.374203421493073,5.653109074701318,4.610767647779236,4.335131279587175,3.970916860724121,4.494097303935323,4.307747888410402,4.353129841766903,4.401251665717245,4.026604644213006,4.34730401787801,4.2813649963539815,4.366864304737503,4.23388686699855,4.495755826627899,4.593180194815313,6.50345507781649,4.419903694686216
182,3.67,7.588700967365875,3.7731761874897303,3.837636029234727,4.31609107417314,4.117411273745028,4.359278594229516,4.017704296375149,4.259899147181727,4.19312380870869,4.391822766981639,4.214301839976877,4.173919749478923,4.276523580198658,4.2888149949748255,4.170363853768821,4.33006336038174,4.047044173284833,4.21612881769875,4.25079538043141,5.473462539228509,4.477979951032074,4.200268261034247,3.8691311046608803,4.366465420314846,4.187862626454103,4.228457680414859,4.273555214849453,3.9217228916377307,4.227370825947977,4.1627053134672485,4.244104963561103,4.116221704799187,4.3683750712181,4.461250863688253,6.293950722977172,4.295420576880894
183,3.6725,7.595926592689952,3.7757364661525465,3.8413888053378993,4.319797494800423,4.120592984366373,4.362849012168948,4.020770973072172,4.263501295768437,4.196461556852803,4.3955982784659575,4.217831963909689,4.177265896379124,4.279983714984758,4.2922908334388685,4.173671079956043,4.333559229228111,4.050159177570904,4.219654478255856,4.254223381572012,5.47845272076942,4.48166849816394,4.20401445599405,3.8719584867737478,4.370010750415414,4.191192772619556,4.231920796007972,4.27710233848467,3.924636273653711,4.23070230350159,4.166001415769657,4.247514945260447,4.119490181526947,4.3719134255350385,4.464915567330671,6.299770288389374,4.298878441264376
184,3.675,7.603152218014029,3.7782967448153615,3.845141581441073,4.3235039154277075,4.123774694987716,4.3664194301083805,4.023837649769195,4.267103444355149,4.199799304996917,4.3993737899502765,4.221362087842502,4.180612043279325,4.283443849770859,4.295766671902911,4.1769783061432655,4.337055098074483,4.053274181856974,4.223180138812962,4.257651382712613,5.4834429023103315,4.485357045295806,4.207760650953854,3.8747858688866157,4.373556080515983,4.194522918785008,4.235383911601084,4.280649462119886,3.92754965566969,4.234033781055201,4.169297518072066,4.250924926959791,4.122758658254707,4.375451779851977,4.4685802709730895,6.305589853801579,4.302336305647857
185,3.6775,7.610377843338106,3.780857023478178,3.848894357544247,4.327210336054992,4.126956405609061,4.369989848047814,4.026904326466219,4.27070559294186,4.203137053141031,4.4031493014345955,4.224892211775316,4.183958190179526,4.28690398455696,4.299242510366954,4.180285532330489,4.340550966920855,4.056389186143045,4.226705799370069,4.2610793838532155,5.488433083851244,4.489045592427671,4.211506845913658,3.8776132509994836,4.377101410616553,4.197853064950462,4.238847027194197,4.284196585755103,3.9304630376856706,4.237365258608814,4.172593620374476,4.254334908659136,4.126027134982468,4.378990134168917,4.472244974615508,6.311409419213782,4.305794170031338
186,3.68,7.617603468662183,3.7834173021409945,3.852647133647419,4.330916756682275,4.130138116230405,4.373560265987245,4.029971003163243,4.2743077415285695,4.206474801285145,4.4069248129189145,4.228422335708128,4.187304337079727,4.29036411934306,4.302718348830996,4.18359275851771,4.344046835767227,4.059504190429116,4.230231459927175,4.264507384993817,5.493423265392154,4.492734139559537,4.215253040873461,3.880440633112352,4.380646740717121,4.201183211115914,4.242310142787309,4.28774370939032,3.9333764197016503,4.240696736162426,4.175889722676885,4.257744890358481,4.129295611710227,4.382528488485856,4.475909678257926,6.317228984625985,4.309252034414819
187,3.66,7.559798466069568,3.7629350728384674,3.8226249248220343,4.301265391664005,4.104684431259651,4.344996922471786,4.005437589587055,4.245490552834887,4.179772816132235,4.376720721044364,4.200181344245626,4.160535161878119,4.262683041054256,4.274911641118656,4.157134949019932,4.3160798849962525,4.034584156140552,4.202026175470325,4.237083375869004,5.453501813064863,4.463225762504613,4.185283481195033,3.8578215762094095,4.352284099912572,4.174542041792292,4.2146052180424105,4.259366720308588,3.9100693635738115,4.21404491573353,4.149520904257612,4.230465036763725,4.1031477978881465,4.354221653950344,4.446592049118579,6.270672461328359,4.281589119346971
188,3.56,7.270773453106497,3.660523926325831,3.672513880695112,4.153008566572655,3.9774160064058797,4.202180204894492,3.8827705217061164,4.101404609366478,4.046262890367686,4.225700261671616,4.058976386933118,4.026689285870081,4.124277649610235,4.135878102556957,4.02484590153104,4.176245131141384,3.909983984697735,4.060999753186079,4.0999633302449325,5.25389455142841,4.31568387722999,4.03543568280289,3.744726291694697,4.210470895889818,4.041336195174183,4.076080594317918,4.117481774899931,3.793534082934616,4.080785813589052,4.017676812161241,4.094065768789947,3.9724087287777436,4.2126874812727895,4.300003903421848,6.03788984484023,4.143274544007726
189,3.71,7.704310972551103,3.814140646094785,3.897680446885496,4.37539380420968,4.168318643686536,4.416405281260434,4.0667711235275235,4.317533524569091,4.246527779014509,4.452230950730739,4.270783822901881,4.2274580998821385,4.331885736776266,4.344428410399505,4.2232794727643785,4.385997261923687,4.096884241861961,4.272539386612449,4.305643398681038,5.55330544388309,4.536996705141924,4.260207380391104,3.9143692184667653,4.4231907019239465,4.2411449651013475,4.283867529904657,4.3303091930129165,3.968337003893409,4.2806744668057695,4.215442950305796,4.298664670750615,4.168517332443349,4.4249887402891215,4.519886121966946,6.387063769572424,4.350746407016593
190,3.7066666666666666,7.6946768054523345,3.810726941211031,3.892676745414599,4.370451910039969,4.1640763628580775,4.411644724007857,4.062682221264826,4.312730659786811,4.242077448155691,4.447196935418314,4.266076990991464,4.222996570681872,4.327272223728134,4.3397939591141155,4.218869837848082,4.381336103461859,4.092730902813867,4.267838505869641,4.301072730493569,5.546651868495209,4.532078642299437,4.255212453778033,3.9105993756496082,4.418463595123189,4.236704770214077,4.279250042447174,4.325579694832628,3.964452494538769,4.276232496734288,4.211048147235918,4.294118028484822,4.1641593634730025,4.420270934533204,4.514999850443722,6.37930434902282,4.3461359211719515
191,3.7033333333333336,7.685042638353567,3.8073132363272766,3.887673043943701,4.365510015870257,4.15983408202962,4.4068841667552805,4.058593319002128,4.307927795004531,4.237627117296873,4.442162920105889,4.261370159081046,4.218535041481603,4.322658710679999,4.335159507828726,4.214460202931785,4.37667494500003,4.088577563765773,4.2631376251268325,4.2965020623061,5.539998293107327,4.527160579456949,4.250217527164962,3.9068295328324516,4.413736488322431,4.232264575326807,4.274632554989691,4.320850196652339,3.96056798518413,4.271790526662805,4.206653344166039,4.289571386219029,4.159801394502655,4.415553128777285,4.510113578920498,6.371544928473216,4.34152543532731
192,3.7,7.675408471254797,3.803899531443522,3.882669342472804,4.360568121700545,4.15559180120116,4.402123609502704,4.05450441673943,4.303124930222251,4.2331767864380545,4.437128904793464,4.25666332717063,4.2140735122813355,4.318045197631865,4.330525056543336,4.210050568015489,4.372013786538201,4.084424224717679,4.258436744384024,4.291931394118631,5.533344717719445,4.522242516614462,4.24522260055189,3.903059690015294,4.409009381521672,4.227824380439536,4.270015067532208,4.3161206984720515,3.9566834758294895,4.2673485565913225,4.2022585410961595,4.285024743953237,4.155443425532309,4.410835323021367,4.5052273073972735,6.363785507923612,4.336914949482669
193,3.78,7.906628481625254,3.8858284486536303,4.002758177774341,4.479173581773624,4.257406541084176,4.516376983564539,4.15263807104418,4.418393684996978,4.339984727049694,4.557945272291662,4.369627293020637,4.3211502130877655,4.428769510787082,4.441751887392694,4.315881806006602,4.483881589622095,4.184104361871933,4.37125788221142,4.401627430617887,5.693030527028609,4.64027602483416,4.365100839265603,3.9935359176270637,4.5224599447398734,4.3343890577340245,4.380834766511802,4.429628654798977,4.049911700340846,4.373955838306905,4.307733814773256,4.394144158332259,4.260034680820631,4.52406266116341,4.622497823954658,6.550011601114116,4.447566609754064
194,3.8,7.964433484217868,3.906310677956157,4.032780386599727,4.508824946791894,4.282860226054931,4.544940327079998,4.177171484620368,4.44721087369066,4.366686712202604,4.588149364166212,4.397868284483138,4.347919388289374,4.456450589075886,4.469558595105035,4.342339615504381,4.5118485403930695,4.209024396160496,4.39946316666827,4.4290514397427,5.732951979355899,4.669784401889084,4.395070398944032,4.016154974530006,4.550822585544424,4.361030227057647,4.4085396912567,4.458005643880709,4.073218756468684,4.400607658735801,4.334102633192529,4.421424011927015,4.286182494642712,4.552369495698922,4.651815453094005,6.596568124411742,4.475229524821913
195,3.68,7.617603468662183,3.7834173021409945,3.852647133647419,4.330916756682275,4.130138116230405,4.373560265987245,4.029971003163243,4.2743077415285695,4.206474801285145,4.4069248129189145,4.228422335708128,4.187304337079727,4.29036411934306,4.302718348830996,4.18359275851771,4.344046835767227,4.059504190429116,4.230231459927175,4.264507384993817,5.493423265392154,4.492734139559537,4.215253040873461,3.880440633112352,4.380646740717121,4.201183211115914,4.242310142787309,4.28774370939032,3.9333764197016503,4.240696736162426,4.175889722676885,4.257744890358481,4.129295611710227,4.382528488485856,4.475909678257926,6.317228984625985,4.309252034414819
196,3.7,7.675408471254797,3.803899531443522,3.882669342472804,4.360568121700545,4.15559180120116,4.402123609502704,4.05450441673943,4.303124930222251,4.2331767864380545,4.437128904793464,4.25666332717063,4.2140735122813355,4.318045197631865,4.330525056543336,4.210050568015489,4.372013786538201,4.084424224717679,4.258436744384024,4.291931394118631,5.533344717719445,4.522242516614462,4.24522260055189,3.903059690015294,4.409009381521672,4.227824380439536,4.270015067532208,4.3161206984720515,3.9566834758294895,4.2673485565913225,4.2022585410961595,4.285024743953237,4.155443425532309,4.410835323021367,4.5052273073972735,6.363785507923612,4.336914949482669
197,3.716666666666667,7.723579306748642,3.8209680558622954,3.907687849827291,4.385277592549103,4.176803205343456,4.425926395765587,4.074948928052921,4.327139254133653,4.255428440732146,4.462298981355589,4.280197486722715,4.236381158282676,4.341112762872536,4.353697312970286,4.232098742596971,4.395319578847346,4.105190919958149,4.281941148098065,4.3147847350559765,5.566612594658854,4.546832830826899,4.270197233617248,3.9219089041010795,4.432644915525464,4.250025354875888,4.293102504819623,4.339768189373494,3.9761060226026883,4.289558406948736,4.224232556445555,4.3077579552822,4.1772332703840425,4.43442435180096,4.529658665013396,6.402582610671633,4.359967378705877
198,3.733333333333333,7.771750142242488,3.838036580281067,3.9327063571817775,4.4099870633976614,4.1980146094857504,4.449729182028468,4.0953934393664095,4.351153578045054,4.277680095026238,4.487469057917713,4.303731646274799,4.258688804284015,4.364180328113205,4.376869569397235,4.254146917178453,4.41862537115649,4.125957615198618,4.305445551812106,4.337638075993321,5.599880471598263,4.5714231450393354,4.295171866682604,3.9407581181868645,4.456280449529256,4.27222632931224,4.316189942107038,4.363415680274937,3.9955285693758875,4.311768257306149,4.24620657179495,4.3304911666111625,4.199023115235776,4.458013380580552,4.554090022629517,6.441379713419655,4.383019807929083
199,3.75,7.819920977736333,3.85510510469984,3.957724864536265,4.4346965342462195,4.219226013628046,4.4735319682913515,4.115837950679899,4.3751679019564556,4.299931749320329,4.512639134479838,4.327265805826884,4.280996450285355,4.387247893353876,4.400041825824186,4.276195091759934,4.441931163465636,4.146724310439088,4.328949955526148,4.3604914169306666,5.633148348537673,4.596013459251774,4.3201464997479615,3.9596073322726504,4.479915983533048,4.294427303748591,4.339277379394455,4.387063171176379,4.014951116149087,4.333978107663562,4.268180587144345,4.353224377940125,4.22081296008751,4.4816024093601445,4.57852138024564,6.480176816167678,4.406072237152291
200,3.82,8.022238486810483,3.926792907258685,4.062802595425112,4.538476311810165,4.308313911025685,4.573503670595457,4.201704898196557,4.4760280623843425,4.393388697355514,4.618353456040763,4.42610927594564,4.374688563490983,4.484131667364691,4.497365302817375,4.368797425002159,4.539815491164044,4.23394443044906,4.42766845112512,4.456475448867516,5.772873431683191,4.6992927789440095,4.425039958622461,4.038774031432949,4.579185226348975,4.387671396381268,4.436244616001599,4.4863826329624406,4.096525812596523,4.4272594791646975,4.360471451611804,4.448703865521771,4.312330308464793,4.580676330234433,4.681133082233353,6.643124647709368,4.502892439889763
201,3.94,8.369068502366169,4.049686283073848,4.242935848377419,4.7163845019197845,4.461036020850211,4.74488373168821,4.348905379653683,4.648931194546433,4.553600608272973,4.799578007288061,4.59555522472065,4.535303614700629,4.650218137097516,4.664205549091414,4.527544281988829,4.7076171957898865,4.383464636180441,4.596900157866216,4.621019503616399,6.012402145646934,4.876343041273556,4.604857316693032,4.174488372850604,4.749361071176278,4.547518412323,4.602474164470991,4.65664456745283,4.2363681493635585,4.587170401738073,4.518684362127448,4.612382987090306,4.469217191397277,4.7505173374475,4.8570388570694325,6.922463787495125,4.668869930296857
202,4.02,8.600288512736626,4.131615200283957,4.363024683678956,4.834989961992863,4.5628507607332285,4.859137105750046,4.447039033958433,4.76419994932116,4.660408548884611,4.920394374786259,4.708519190570656,4.64238031550706,4.760942450252733,4.7754323799407725,4.633375519979943,4.819484998873781,4.483144773334693,4.709721295693612,4.730715540115655,6.172087954956098,4.9943765494932535,4.7247355554067445,4.264964600462373,4.862811634394479,4.6540830896174885,4.713293863450584,4.770152523779755,4.329596373874914,4.693777683453655,4.624159635804546,4.721502401469327,4.5738084466856,4.863744675589543,4.974309373626817,7.1086898806856285,4.779521590568253
203,4.11,8.86041102440339,4.22378523214533,4.498124623393188,4.9684211045750795,4.677392343101624,4.987672151569611,4.557439395051278,4.89387729844273,4.780567482072706,5.056312788221734,4.835603652151915,4.762841603914296,4.8855073025523525,4.900562564646303,4.752435662719946,4.945336277343165,4.59528492763323,4.836645075749435,4.854123581177319,6.351734490428908,5.127164246240415,4.859598573959674,4.366750356525615,4.990443518014957,4.773968351573787,4.837966024802629,4.897848974647549,4.43447812645019,4.813710875383688,4.742819318691279,4.844261742645729,4.691473608884964,4.991125430999344,5.106238704753878,7.318194235524947,4.904004708373574
204,4.1033333333333335,8.841142690205853,4.216957822377821,4.488117220451393,4.958537316235656,4.668907781444705,4.978151037064458,4.549261590525882,4.884271568878169,4.771666820355069,5.0462447575968845,4.82618998833108,4.75391854551376,4.876280276456085,4.8912936620755225,4.743616392887353,4.936013960419507,4.586978249537043,4.827243314263819,4.844982244802381,6.338427339653143,5.117328120555441,4.849608720733531,4.359210670891301,4.98098930441344,4.765087961799247,4.828731049887663,4.8883899782869715,4.42670910774091,4.8048269352407225,4.734029712551521,4.835168458114144,4.68275767094427,4.9816898194875066,5.096466161707429,7.30267539442574,4.894783736684291
205,4.096666666666667,8.821874356008315,4.210130412610312,4.478109817509598,4.948653527896232,4.660423219787788,4.968629922559305,4.5410837860004865,4.874665839313607,4.762766158637433,5.036176726972034,4.816776324510246,4.744995487113225,4.867053250359817,4.882024759504743,4.73479712305476,4.9266916434958485,4.578671571440855,4.8178415527782015,4.835840908427443,6.32512018887738,5.107491994870466,4.839618867507388,4.351670985256987,4.9715350908119245,4.756207572024706,4.8194960749726965,4.878930981926395,4.41894008903163,4.795942995097757,4.725240106411762,4.826075173582558,4.674041733003577,4.972254207975669,5.08669361866098,7.28715655332653,4.885562764995008
206,4.09,8.802606021810778,4.203303002842802,4.468102414567802,4.938769739556808,4.651938658130868,4.959108808054152,4.53290598147509,4.865060109749047,4.753865496919795,5.026108696347184,4.807362660689412,4.736072428712688,4.857826224263548,4.872755856933963,4.725977853222167,4.9173693265721905,4.570364893344666,4.808439791292585,4.8266995720525045,6.311813038101617,5.097655869185489,4.829629014281245,4.344131299622672,4.962080877210406,4.7473271822501655,4.81026110005773,4.869471985565816,4.41117107032235,4.787059054954791,4.716450500272005,4.8169818890509735,4.665325795062882,4.962818596463832,5.07692107561453,7.271637712227322,4.876341793305724
207,4.15,8.976021029588622,4.264749690750384,4.558169041043957,5.027723834611619,4.728299713043133,5.04479883860053,4.606506222203654,4.951511675830093,4.833971452378526,5.116720971970834,4.892085635076918,4.816379954317512,4.940869459129962,4.956175980070983,4.805351281715502,5.001270178885113,4.645124996210358,4.893055644663134,4.908971599426948,6.43157739508349,5.186181000350265,4.9195376933165305,4.411988470331501,5.047168799624059,4.827250690221032,4.893375874292427,4.954602952811013,4.481092238705868,4.86701451624148,4.795556955529828,4.898821449835241,4.7437692365291255,5.047739100070366,5.164873963032571,7.411307282120202,4.959330538509272
208,4.1,8.831508523107082,4.213544117494066,4.483113518980495,4.953595422065943,4.6646655006162465,4.973390479811881,4.545172688263183,4.879468704095888,4.767216489496251,5.041210742284459,4.821483156420663,4.7494570163134915,4.8716667634079505,4.886659210790132,4.739206757971056,4.931352801957678,4.582824910488949,4.82254243352101,4.840411576614911,6.331773764265261,5.112410057712952,4.844613794120459,4.355440828074143,4.976262197612682,4.760647766911976,4.8241135624301785,4.883660480106682,4.42282459838627,4.800384965169239,4.729634909481642,4.830621815848351,4.678399701973923,4.976972013731587,5.091579890184204,7.294915973876132,4.8901732508396485
209,4.03,8.629191014032934,4.141856314935221,4.378035788091649,4.849815644501999,4.575577603218607,4.8734187775077755,4.459305740746528,4.7786085436680015,4.673759541461067,4.935496420723535,4.722639686301908,4.6557649031078645,4.774782989397136,4.7893357337969436,4.646604424728832,4.833468474259269,4.495604790478977,4.723823937922037,4.744427544678063,6.1920486811197435,5.009130738020716,4.739720335245959,4.276274128913846,4.876992954796755,4.667403674279299,4.727146325823035,4.784341018320623,4.341249901938834,4.707103593668104,4.637344045014182,4.735142328266706,4.586882353596641,4.8778980928573,4.988968188196491,7.1319681423344425,4.793353048102177
210,3.94,8.369068502366169,4.049686283073848,4.242935848377419,4.7163845019197845,4.461036020850211,4.74488373168821,4.348905379653683,4.648931194546433,4.553600608272973,4.799578007288061,4.59555522472065,4.535303614700629,4.650218137097516,4.664205549091414,4.527544281988829,4.7076171957898865,4.383464636180441,4.596900157866216,4.621019503616399,6.012402145646934,4.876343041273556,4.604857316693032,4.174488372850604,4.749361071176278,4.547518412323,4.602474164470991,4.65664456745283,4.2363681493635585,4.587170401738073,4.518684362127448,4.612382987090306,4.469217191397277,4.7505173374475,4.8570388570694325,6.922463787495125,4.668869930296857
211,3.9666666666666655,8.446141839156322,4.076995922143884,4.282965460144597,4.755919655277476,4.494974267477884,4.782968189708821,4.381616597755265,4.687354112804675,4.589203255143517,4.839850129787459,4.633209880003985,4.570995848302772,4.687126241482588,4.701281159374533,4.5628213613192,4.744906463484518,4.416691348565191,4.63450720380868,4.657584849116151,6.06563074874999,4.915687544013455,4.6448167295976015,4.20464711538786,4.787177925582345,4.583039971421162,4.639414064130855,4.694480552895138,4.267444224200675,4.622706162309933,4.553842786686481,4.648756125216646,4.504080943160051,4.788259783494847,4.896129029255227,6.98453915189196,4.7057538170539885
212,3.993333333333333,8.523215175946472,4.104305561213921,4.322995071911777,4.79545480863517,4.528912514105556,4.8210526477294335,4.414327815856849,4.7257770310629175,4.624805902014065,4.880122252286859,4.67086453528732,4.606688081904917,4.72403434586766,4.738356769657653,4.598098440649571,4.78219573117915,4.449918060949942,4.6721142497511465,4.6941501946159025,6.118859351853043,4.955032046753354,4.684776142502173,4.234805857925116,4.824994779988412,4.618561530519324,4.676353963790719,4.7323165383374475,4.298520299037795,4.658241922881794,4.589001211245513,4.685129263342986,4.538944694922826,4.826002229542195,4.935219201441022,7.046614516288793,4.74263770381112
213,4.02,8.600288512736626,4.131615200283957,4.363024683678956,4.834989961992863,4.5628507607332285,4.859137105750046,4.447039033958433,4.76419994932116,4.660408548884611,4.920394374786259,4.708519190570656,4.64238031550706,4.760942450252733,4.7754323799407725,4.633375519979943,4.819484998873781,4.483144773334693,4.709721295693612,4.730715540115655,6.172087954956098,4.9943765494932535,4.7247355554067445,4.264964600462373,4.862811634394479,4.6540830896174885,4.713293863450584,4.770152523779755,4.329596373874914,4.693777683453655,4.624159635804546,4.721502401469327,4.5738084466856,4.863744675589543,4.974309373626817,7.1086898806856285,4.779521590568253
214,4.06,8.715898517921854,4.172579658889012,4.423069101329725,4.894292692029403,4.6137581306747375,4.916263792780963,4.4961058611108085,4.821834326708524,4.71381251919043,4.980802558535359,4.765001173495659,4.695918665910275,4.816304606830341,4.831045795365452,4.686291138975499,4.875418900415729,4.532984841911821,4.766131864607311,4.785563558365283,6.251930859610678,5.0533933036031025,4.784674674763602,4.310202714268258,4.9195369160035805,4.7073654282647315,4.768703712940382,4.826906501943219,4.376210486130592,4.747081324311448,4.676897272643093,4.776062108658839,4.626104074329762,4.920358344660565,5.032944631905511,7.201802927280881,4.83484742070395
215,4.2,9.120533536070155,4.315955264006703,4.633224563107419,5.101852247157294,4.791933925470019,5.116207197389176,4.667839756144122,5.023554647564298,4.9007264152608006,5.192231201657208,4.962688113733172,4.883302892321533,5.010072154851972,5.025692749351832,4.871495805459949,5.071187555812548,4.707425081931766,4.963568855805257,4.977531622238982,6.531381025901716,5.259951942987575,4.994461592512602,4.468536112588856,5.118075401635434,4.893853613530086,4.962638186154673,5.025545425515341,4.539359879025466,4.933644067313721,4.861479001578013,4.9670210838221305,4.809138771084328,5.118506186409143,5.238168035880937,7.527698590364266,5.028487826178894
216,4.27,9.322851045144304,4.387643066565547,4.738302293996263,5.205632024721237,4.881021822867656,5.216178899693281,4.753706703660779,5.124414807992183,4.994183363295983,5.2979455232181305,5.061531583851927,4.976995005527158,5.106955928862787,5.123016226345021,4.964098138702171,5.169071883510955,4.794645201941737,5.062287351404228,5.07351565417583,6.671106109047233,5.36323126267981,5.0993550513871,4.547702811749154,5.2173446444513605,4.987097706162762,5.059605422761817,5.124864887301401,4.620934575472901,5.026925438814853,4.953769866045471,5.062500571403774,4.900656119461608,5.217580107283431,5.340779737868649,7.690646421905955,5.125308028916365
217,4.21,9.149436037366463,4.326196378657966,4.64823566752011,5.116677929666428,4.804660767955395,5.130488869146905,4.680106462932216,5.037963241911138,4.914077407837254,5.207333247594482,4.976808609464423,4.896687479922335,5.023912693996374,5.0395961032080026,4.884724710208838,5.085171031198033,4.7198850990760475,4.977671498033681,4.9912436268013884,6.551341752065361,5.274706131515037,5.009446372351816,4.479845641040327,5.13225672203771,4.907174198191898,4.976490648527122,5.039733920056206,4.5510134070893855,4.946969977528167,4.874663410787649,4.9806610106195075,4.822212677995367,5.132659603676898,5.25282685045061,7.550976852013078,5.042319283712819
218,4.22,9.178338538662768,4.336437493309229,4.663246771932803,5.131503612175563,4.817387610440772,5.144770540904634,4.69237316972031,5.052371836257979,4.927428400413708,5.222435293531757,4.990929105195673,4.910072067523139,5.037753233140776,5.053499457064172,4.897953614957727,5.09915450658352,4.732345116220329,4.991774140262105,5.004955631363796,6.571302478229006,5.289460320042499,5.024431152191031,4.4911551694917975,5.146438042439985,4.920494782853708,4.990343110899571,5.053922414597071,4.562666935153304,4.960295887742615,4.887847819997286,4.994300937416885,4.835286584906408,5.146813020944654,5.267485665020283,7.5742551136618905,5.056150741246743
219,4.23,9.20724103995908,4.346678607960493,4.678257876345496,5.146329294684699,4.83011445292615,5.159052212662365,4.704639876508405,5.066780430604821,4.940779392990166,5.237537339469033,5.005049600926926,4.923456655123943,5.05159377228518,5.067402810920343,4.911182519706617,5.113137981969008,4.744805133364611,5.005876782490532,5.018667635926203,6.591263204392654,5.304214508569963,5.039415932030245,4.50246469794327,5.160619362842262,4.933815367515519,5.004195573272021,5.068110909137939,4.574320463217225,4.973621797957064,4.901032229206924,5.007940864214264,4.8483604918174485,5.16096643821241,5.282144479589958,7.5975333753107055,5.069982198780668
220,4.24,9.236143541255384,4.356919722611757,4.693268980758187,5.161154977193833,4.842841295411526,5.173333884420094,4.716906583296498,5.081189024951661,4.95413038556662,5.252639385406306,5.019170096658176,4.936841242724746,5.065434311429581,5.081306164776512,4.924411424455505,5.1271214573544945,4.757265150508893,5.019979424718955,5.03237964048861,6.6112239305562985,5.318968697097424,5.054400711869459,4.513774226394741,5.174800683244537,4.94713595217733,5.01804803564447,5.082299403678803,4.5859739912811435,4.986947708171511,4.91421663841656,5.021580791011641,4.8614343987284885,5.175119855480165,5.29680329415963,7.620811636959516,5.083813656314592
221,4.12,8.889313525699698,4.234026346796593,4.51313572780588,4.983246787084213,4.690119185587,5.001953823327341,4.569706101839372,4.90828589278957,4.7939184746491605,5.071414834159008,4.849724147883165,4.7762261915151,4.8993478416967555,4.914465918502473,4.765664567468835,4.959319752728652,4.607744944777512,4.850747717977859,4.8678355857397255,6.371695216592553,5.141918434767876,4.874583353798887,4.378059884977086,5.004624838417233,4.787288936235599,4.851818487175079,4.912037469188414,4.44613165451411,4.8270367855981355,4.756003727900916,4.857901669443107,4.704547515796004,5.005278848267098,5.120897519323551,7.34147249717376,4.917836165907498
222,4.07,8.744801019218162,4.182820773540276,4.43808020574242,4.90911837453854,4.626484973160116,4.930545464538694,4.508372567898903,4.836242921055366,4.727163511766886,4.995904604472635,4.779121669226911,4.709303253511081,4.830145145974745,4.844949149221623,4.699520043724389,4.889402375801217,4.545444859056103,4.780234506835736,4.799275562927692,6.271891585774326,5.068147492130566,4.799659454602818,4.32151224271973,4.9337182364058565,4.720686012926544,4.782556175312832,4.841094996484086,4.387864014194512,4.760407234525896,4.690081681852732,4.7897020354562185,4.6391779812408025,4.934511761928322,5.047603446475184,7.225081188929694,4.848678878237876
223,4.1,8.831508523107082,4.213544117494066,4.483113518980495,4.953595422065943,4.6646655006162465,4.973390479811881,4.545172688263183,4.879468704095888,4.767216489496251,5.041210742284459,4.821483156420663,4.7494570163134915,4.8716667634079505,4.886659210790132,4.739206757971056,4.931352801957678,4.582824910488949,4.82254243352101,4.840411576614911,6.331773764265261,5.112410057712952,4.844613794120459,4.355440828074143,4.976262197612682,4.760647766911976,4.8241135624301785,4.883660480106682,4.42282459838627,4.800384965169239,4.729634909481642,4.830621815848351,4.678399701973923,4.976972013731587,5.091579890184204,7.294915973876132,4.8901732508396485
224,3.95,8.397971003662477,4.0599273977251125,4.257946952790112,4.73121018442892,4.4737628633355895,4.759165403445941,4.361172086441776,4.663339788893275,4.566951600849428,4.814680053225336,4.609675720451902,4.548688202301434,4.664058676241919,4.678108902947584,4.540773186737718,4.721600671175374,4.395924653324723,4.611002800094641,4.634731508178807,6.032362871810582,4.8910972298010185,4.619842096532246,4.185797901302076,4.763542391578554,4.5608389969848115,4.61632662684344,4.670833061993696,4.248021677427477,4.60049631195252,4.531868771337086,4.626022913887683,4.482291098308318,4.764670754715255,4.871697671639106,6.94574204914394,4.682701387830782
225,3.943333333333333,8.37870266946494,4.053099987957603,4.247939549848317,4.721326396089497,4.465278301678671,4.749644288940787,4.35299428191638,4.653734059328714,4.558050939131791,4.8046120226004865,4.600262056631068,4.5397651439008975,4.654831650145651,4.668840000376804,4.531953916905126,4.712278354251716,4.387617975228535,4.601601038609024,4.625590171803869,6.0190557210348175,4.881261104116044,4.609852243306103,4.178258215667761,4.754088177977037,4.5519586072102705,4.6070916519284735,4.661374065633119,4.240252658718198,4.591612371809555,4.523079165197328,4.616929629356098,4.473575160367624,4.755235143203418,4.861925128592657,6.930223208044731,4.673480416141498
226,3.936666666666667,8.359434335267402,4.046272578190094,4.237932146906521,4.711442607750073,4.456793740021753,4.7401231744356345,4.344816477390985,4.644128329764153,4.549150277414155,4.794543991975637,4.5908483928102335,4.530842085500362,4.645604624049383,4.659571097806024,4.523134647072533,4.702956037328058,4.379311297132348,4.592199277123408,4.6164488354289315,6.005748570259054,4.87142497843107,4.59986239007996,4.170718530033447,4.74463396437552,4.54307821743573,4.5978566770135085,4.651915069272541,4.232483640008918,4.582728431666591,4.51428955905757,4.607836344824513,4.464859222426931,4.745799531691581,4.852152585546208,6.914704366945521,4.664259444452217
227,3.93,8.340166001069864,4.039445168422585,4.227924743964726,4.70155881941065,4.448309178364835,4.730602059930482,4.336638672865589,4.634522600199592,4.540249615696517,4.784475961350786,4.581434728989399,4.521919027099826,4.636377597953114,4.650302195235245,4.5143153772399405,4.6936337204044,4.371004619036159,4.582797515637791,4.607307499053993,5.992441419483291,4.861588852746094,4.589872536853818,4.163178844399133,4.7351797507740025,4.53419782766119,4.588621702098542,4.642456072911965,4.224714621299639,4.573844491523626,4.505499952917813,4.598743060292928,4.456143284486237,4.736363920179745,4.842380042499759,6.899185525846313,4.655038472762932
228,3.92,8.311263499773556,4.029204053771321,4.212913639552035,4.686733136901514,4.435582335879458,4.716320388172752,4.324371966077495,4.620114005852751,4.526898623120063,4.769373915413512,4.5673142332581484,4.508534439499021,4.622537058808712,4.636398841379075,4.5010864724910515,4.679650245018912,4.358544601891877,4.568694873409367,4.593595494491586,5.972480693319645,4.8468346642186315,4.574887757014603,4.151869315947661,4.720998430371727,4.520877242999378,4.574769239726092,4.628267578371099,4.213061093235719,4.560518581309177,4.492315543708175,4.58510313349555,4.443069377575196,4.722210502911989,4.827721227930085,6.8759072641975,4.641207015229008
229,3.86,8.137848491995712,3.96775736586374,4.12284701307588,4.597779041846705,4.359221280967194,4.630630357626375,4.250771725348931,4.533662439771706,4.446792667661333,4.678761639789862,4.482591258870643,4.428226913894198,4.539493823942299,4.552978718242055,4.421713043997716,4.595749392705991,4.283784499026186,4.484079020038818,4.511323467117143,5.852716336337772,4.7583095330538585,4.484979077979318,4.084012145238834,4.635910507958076,4.440953735028513,4.491654465491396,4.543136611125903,4.143139924852202,4.48056312002249,4.413209088450352,4.503263572711282,4.364625936108954,4.637289999305455,4.739768340512046,6.736237694304621,4.558218270025461
230,3.83,8.051140988106791,3.9370340219099487,4.077813699837803,4.5533019943193,4.321040753511062,4.587785342353187,4.21397160498465,4.490436656731183,4.406739689931968,4.6334555019780375,4.440229771676891,4.3880731510917865,4.497972206509092,4.511268656673545,4.3820263297510476,4.553798966549531,4.246404447593342,4.441771093353544,4.470187453429922,5.792834157846836,4.714046967471472,4.440024738461675,4.0500835598844205,4.59336654675125,4.400991981043079,4.450097078374048,4.5005711275033065,4.108179340660443,4.440585389379145,4.373655860821441,4.462343792319149,4.325404215375833,4.594829747502188,4.695791896803026,6.666402909358181,4.516723897423687
231,3.94,8.369068502366169,4.049686283073848,4.242935848377419,4.7163845019197845,4.461036020850211,4.74488373168821,4.348905379653683,4.648931194546433,4.553600608272973,4.799578007288061,4.59555522472065,4.535303614700629,4.650218137097516,4.664205549091414,4.527544281988829,4.7076171957898865,4.383464636180441,4.596900157866216,4.621019503616399,6.012402145646934,4.876343041273556,4.604857316693032,4.174488372850604,4.749361071176278,4.547518412323,4.602474164470991,4.65664456745283,4.2363681493635585,4.587170401738073,4.518684362127448,4.612382987090306,4.469217191397277,4.7505173374475,4.8570388570694325,6.922463787495125,4.668869930296857
232,3.9366666666666665,8.359434335267398,4.046272578190093,4.237932146906521,4.711442607750072,4.4567937400217525,4.740123174435634,4.344816477390984,4.644128329764152,4.549150277414153,4.794543991975635,4.590848392810233,4.53084208550036,4.645604624049382,4.659571097806023,4.523134647072533,4.7029560373280574,4.379311297132347,4.592199277123407,4.61644883542893,6.005748570259052,4.871424978431068,4.59986239007996,4.170718530033446,4.744633964375518,4.543078217435729,4.597856677013507,4.651915069272541,4.232483640008918,4.58272843166659,4.51428955905757,4.607836344824512,4.46485922242693,4.74579953169158,4.852152585546207,6.914704366945519,4.664259444452215
233,3.9333333333333336,8.349800168168631,4.042858873306339,4.232928445435624,4.706500713580361,4.452551459193294,4.735362617183058,4.3407275751282866,4.639325464981873,4.544699946555335,4.789509976663211,4.586141560899816,4.526380556300094,4.640991111001249,4.6549366465206345,4.518725012156237,4.698294878866228,4.375157958084253,4.587498396380599,4.6118781672414615,5.999094994871171,4.866506915588581,4.594867463466889,4.16694868721629,4.739906857574761,4.53863802254846,4.593239189556025,4.647185571092253,4.2285991306542785,4.578286461595107,4.509894755987691,4.60328970255872,4.460501253456584,4.741081725935662,4.847266314022983,6.9069449463959165,4.6596489586075736
234,3.93,8.340166001069864,4.039445168422585,4.227924743964726,4.70155881941065,4.448309178364835,4.730602059930482,4.336638672865589,4.634522600199592,4.540249615696517,4.784475961350786,4.581434728989399,4.521919027099826,4.636377597953114,4.650302195235245,4.5143153772399405,4.6936337204044,4.371004619036159,4.582797515637791,4.607307499053993,5.992441419483291,4.861588852746094,4.589872536853818,4.163178844399133,4.7351797507740025,4.53419782766119,4.588621702098542,4.642456072911965,4.224714621299639,4.573844491523626,4.505499952917813,4.598743060292928,4.456143284486237,4.736363920179745,4.842380042499759,6.899185525846313,4.655038472762932
235,3.95,8.397971003662477,4.0599273977251125,4.257946952790112,4.73121018442892,4.4737628633355895,4.759165403445941,4.361172086441776,4.663339788893275,4.566951600849428,4.814680053225336,4.609675720451902,4.548688202301434,4.664058676241919,4.678108902947584,4.540773186737718,4.721600671175374,4.395924653324723,4.611002800094641,4.634731508178807,6.032362871810582,4.8910972298010185,4.619842096532246,4.185797901302076,4.763542391578554,4.5608389969848115,4.61632662684344,4.670833061993696,4.248021677427477,4.60049631195252,4.531868771337086,4.626022913887683,4.482291098308318,4.764670754715255,4.871697671639106,6.94574204914394,4.682701387830782
236,4.03,8.629191014032934,4.141856314935221,4.378035788091649,4.849815644501999,4.575577603218607,4.8734187775077755,4.459305740746528,4.7786085436680015,4.673759541461067,4.935496420723535,4.722639686301908,4.6557649031078645,4.774782989397136,4.7893357337969436,4.646604424728832,4.833468474259269,4.495604790478977,4.723823937922037,4.744427544678063,6.1920486811197435,5.009130738020716,4.739720335245959,4.276274128913846,4.876992954796755,4.667403674279299,4.727146325823035,4.784341018320623,4.341249901938834,4.707103593668104,4.637344045014182,4.735142328266706,4.586882353596641,4.8778980928573,4.988968188196491,7.1319681423344425,4.793353048102177
237,4.07,8.744801019218162,4.182820773540276,4.43808020574242,4.90911837453854,4.626484973160116,4.930545464538694,4.508372567898903,4.836242921055366,4.727163511766886,4.995904604472635,4.779121669226911,4.709303253511081,4.830145145974745,4.844949149221623,4.699520043724389,4.889402375801217,4.545444859056103,4.780234506835736,4.799275562927692,6.271891585774326,5.068147492130566,4.799659454602818,4.32151224271973,4.9337182364058565,4.720686012926544,4.782556175312832,4.841094996484086,4.387864014194512,4.760407234525896,4.690081681852732,4.7897020354562185,4.6391779812408025,4.934511761928322,5.047603446475184,7.225081188929694,4.848678878237876
238,4.35,9.55407105551476,4.469571983775656,4.858391129297802,5.324237484794317,4.982836562750674,5.330432273755116,4.851840357965529,5.239683562766911,5.100991303907622,5.41876189071633,5.174495549701934,5.084071706333589,5.2176802420180035,5.23424305719438,5.069929376693286,5.28093968659485,4.894325339095991,5.175108489231626,5.183211690675085,6.830791918356395,5.481264770899508,5.2192332901008145,4.638179039360924,5.330795207669563,5.09366238345725,5.1704251217414114,5.238372843628326,4.7141627999842575,5.133532720530438,5.0592451397225675,5.171619985782797,5.005247374749931,5.330807445425475,5.458050254426036,7.876872515096458,5.235959689187761
239,4.316666666666666,9.45772938452707,4.435434934938111,4.808354114588829,5.274818543097201,4.940413754466085,5.282826701229353,4.810951335338551,5.191654914944108,5.05648799531944,5.368421737592081,5.127427230597765,5.0394564143309095,5.1715451115366635,5.187898544340481,5.025833027530322,5.23432810197656,4.852791948615052,5.128099681803544,5.137505008800396,6.764256164477577,5.4320841424746344,5.169284023970102,4.6004806111893535,5.283524139661978,5.049260434584547,5.1242502471665805,5.191077861825441,4.67531770643786,5.089113019815611,5.015297109023778,5.126153563124872,4.961667685046464,5.2836293878662905,5.409187539193791,7.799278309600417,5.189854830741346
240,4.283333333333333,9.361387713539385,4.401297886100565,4.758317099879854,5.225399601400085,4.897990946181494,5.235221128703588,4.7700623127115716,5.143626267121306,5.011984686731258,5.318081584467831,5.080358911493596,4.99484112232823,5.1254099810553235,5.1415540314865815,4.9817366783673585,5.187716517358272,4.811258558134114,5.0810908743754615,5.091798326925707,6.6977204105987616,5.382903514049762,5.119334757839388,4.562782183017783,5.236253071654395,5.0048584857118446,5.07807537259175,5.143782880022556,4.6364726128914615,5.044693319100785,4.971349078324987,5.080687140466946,4.918087995342997,5.236451330307105,5.360324823961548,7.721684104104375,5.143749972294932
241,4.25,9.265046042551692,4.36716083726302,4.70828008517088,5.175980659702969,4.8555681378969044,5.187615556177823,4.729173290084592,5.095597619298502,4.967481378143074,5.267741431343582,5.033290592389426,4.95022583032555,5.079274850573983,5.095209518632681,4.937640329204394,5.141104932739982,4.769725167653174,5.03408206694738,5.046091645051018,6.6311846567199435,5.333722885624887,5.069385491708673,4.525083754846213,5.188982003646812,4.960456536839141,5.031900498016919,5.09648789821967,4.597627519345063,5.000273618385958,4.927401047626198,5.03522071780902,4.874508305639529,5.18927327274792,5.3114621087293035,7.64408989860833,5.097645113848516
242,4.33,9.496266052922149,4.449089754473129,4.828368920472418,5.2945861197760475,4.957382877779921,5.301868930239658,4.827306944389342,5.210866374073229,5.074289318754714,5.388557798841781,5.146254558239432,5.057302531131982,5.189999163729199,5.206436349482042,5.043471567195508,5.252972735823877,4.869405304807428,5.146903204774777,5.155787681550272,6.790870466029105,5.451756393844585,5.189263730422387,4.615559982457982,5.302432566865013,5.067021214133629,5.142720196996513,5.209995854546595,4.690855743856419,5.106880900101543,5.032876321303294,5.1443401321880415,4.979099560927851,5.302500610889965,5.428732625286689,7.830315991798835,5.208296774119913
243,4.45,9.843096068477834,4.5719831302882925,5.008502173424725,5.472494309885668,5.110104987604447,5.473248991332412,4.974507425846468,5.38376950623532,5.234501229672173,5.5697823500890795,5.3157005070144425,5.217917582341629,5.356085633462026,5.37327659575608,5.202218424182178,5.42077444044972,5.018925510538809,5.3161349115158725,5.320331736299157,7.030399179992851,5.628806656174132,5.369081088492957,4.751274323875637,5.472608411692317,5.226868230075361,5.308949745465905,5.380257789036985,4.830698080623454,5.266791822674917,5.191089231818939,5.3080192537565765,5.135986443860336,5.472341618103032,5.604638400122769,8.10965513158459,5.374274264527007
244,4.65,10.42114609440398,4.776805423313565,5.308724261678572,5.769007960068367,5.364641837311991,5.758882426487002,5.219841561608346,5.6719413931721405,5.501521081201271,5.871823268834578,5.598110421639461,5.485609334357708,5.63289641635007,5.651343672879479,5.466796519159962,5.700443948159459,5.268125853424444,5.598187756084366,5.594571827547298,7.429613703265761,5.9238904267233785,5.668776685277243,4.977464892905061,5.756234819737822,5.493279923311581,5.585998992914892,5.6640276798543026,5.063768641901844,5.533310026963877,5.45477741601168,5.580817789704135,5.3974645820811435,5.755409963458142,5.897814691516236,8.575220364560854,5.650903415205499
245,4.77,10.767976109959662,4.899698799128728,5.488857514630878,5.9469161501779855,5.5173639471365155,5.930262487579753,5.367042043065471,5.84484452533423,5.661732992118729,6.053047820081875,5.76755637041447,5.646224385567354,5.798982886082895,5.818183919153517,5.625543376146632,5.868245652785301,5.417646059155825,5.76741946282546,5.7591158822961805,7.6691424172295015,6.1009406890529245,5.848594043347814,5.1131792343227165,5.9264106645651236,5.653126939253312,5.752228541384282,5.834289614344691,5.203610978668878,5.693220949537251,5.612990326527324,5.744496911272668,5.554351465013627,5.9252509706712075,6.073720466352313,8.854559504346609,5.8168809056125905
246,4.755,10.724622358015203,4.8843371271518325,5.46634085801184,5.924677626414284,5.498273683408449,5.90883997994316,5.348641982883331,5.82323163381397,5.641706503254047,6.030394751175963,5.746375626817594,5.626147504166148,5.778222077366292,5.797328888369263,5.605700019023299,5.847270439707072,5.3989560334394024,5.746265499482824,5.738547875452571,7.6392013279840345,6.0788094062617315,5.826116873588992,5.09621494164551,5.905138683961711,5.633146062260597,5.731449847825608,5.813006872533393,5.186130686572999,5.67323208421558,5.593213712712869,5.724037021076601,5.534740604647068,5.904020844769574,6.051732244497804,8.81964211187339,5.796133719311705
247,4.74,10.681268606070743,4.868975455174937,5.443824201392802,5.902439102650582,5.479183419680385,5.8874174723065655,5.330241922701191,5.801618742293709,5.621680014389365,6.007741682270051,5.725194883220718,5.606070622764943,5.757461268649688,5.7764738575850085,5.585856661899965,5.826295226628841,5.380266007722979,5.725111536140187,5.7179798686089605,7.609260238738568,6.0566781234705385,5.803639703830171,5.079250648968303,5.883866703358299,5.6131651852678806,5.710671154266935,5.791724130722094,5.16865039447712,5.653243218893907,5.573437098898413,5.703577130880535,5.515129744280507,5.882790718867941,6.0297440226432935,8.78472471940017,5.775386533010818
248,4.725,10.637914854126285,4.853613783198041,5.421307544773763,5.880200578886878,5.460093155952318,5.865994964669971,5.311841862519049,5.780005850773447,5.601653525524682,5.9850886133641374,5.70401413962384,5.585993741363737,5.736700459933084,5.755618826800752,5.5660133047766305,5.8053200135506104,5.361575982006556,5.703957572797551,5.6974118617653495,7.5793191494931,6.0345468406793445,5.781162534071349,5.062286356291096,5.862594722754886,5.593184308275163,5.689892460708261,5.770441388910795,5.15117010238124,5.6332543535722355,5.553660485083957,5.683117240684468,5.495518883913946,5.861560592966308,6.007755800788783,8.749807326926952,5.754639346709931
249,4.71,10.59456110218182,4.838252111221146,5.398790888154725,5.857962055123177,5.441002892224253,5.844572457033377,5.2934418023369085,5.758392959253184,5.581627036659999,5.962435544458225,5.682833396026965,5.565916859962531,5.71593965121648,5.734763796016498,5.546169947653297,5.78434480047238,5.342885956290134,5.682803609454913,5.676843854921739,7.549378060247631,6.012415557888151,5.758685364312528,5.045322063613889,5.841322742151473,5.5732034312824466,5.669113767149587,5.749158647099496,5.133689810285361,5.613265488250564,5.533883871269502,5.6626573504884,5.475908023547385,5.840330467064674,5.985767578934273,8.714889934453728,5.733892160409043
250,4.66,10.450048595700284,4.787046537964828,5.323735366091263,5.783833642577502,5.377368679797367,5.77316409824473,5.2321082683964395,5.68634998751898,5.514872073777726,5.886925314771852,5.612230917370711,5.498993921958512,5.646736955494471,5.665247026735649,5.480025423908851,5.7144274235449455,5.280585870568726,5.6122903983127905,5.608283832109704,7.449574429429404,5.93864461525084,5.683761465116456,4.988774421356533,5.770416140140096,5.506600507973392,5.5998514552873395,5.678216174395168,5.075422169965764,5.5466359371783245,5.467961825221317,5.594457716501512,5.4105384889921835,5.769563380725897,5.912473506085907,8.598498626209663,5.664734872739421
251,4.97,11.346026135885808,5.104521092153999,5.7890796028847245,6.243429800360685,5.771900796844059,6.215895922734342,5.612376178827349,6.133016412271049,5.9287528436478265,6.355088738827372,6.049966285039487,5.913916137583433,6.075793668970937,6.0962509962769165,5.890121471124415,6.14791516049504,5.666846402041459,6.049472307393954,6.033355973544321,8.068356940502412,6.396024459602169,6.148289640132098,5.339369803352141,6.210037072610628,5.919538632489533,6.0292777888332685,6.118059505162007,5.436681539947268,5.9597391538262094,5.876678510720065,6.017295447220226,5.815829603234436,6.2083193160263175,6.366896757745779,9.32012473732287,6.093510056291081
252,5.13,11.80846615662672,5.268378926574218,6.029257273487801,6.480640720506844,5.975530276610093,6.444402670858013,5.80864348743685,6.363553921820504,6.142368724871105,6.59672147382377,6.2758942167395,6.128069539196295,6.297242295281372,6.318704657975635,6.101783947106643,6.37165076666283,5.866206676349966,6.275114583048747,6.252748046542833,8.387728559120736,6.632091476041565,6.388046117559525,5.52032225857568,6.436938199047033,6.132667987078509,6.2509171867924564,6.345075417815859,5.623137988969981,6.172953717257378,6.087629058074257,6.235534275978271,6.025012113811081,6.434773992310406,6.60143779086055,9.692576923703877,6.3148133768338734
253,5.156666666666666,11.885539493416877,5.295688565644253,6.06928688525498,6.520175873864538,6.009468523237766,6.482487128878626,5.841354705538434,6.4019768400787465,6.177971371741652,6.636993596323171,6.313548872022836,6.1637617727984395,6.334150399666445,6.355780268258755,6.137061026437014,6.408940034357463,5.899433388734718,6.3127216289912145,6.289313392042585,8.440957162223794,6.671435978781466,6.428005530464096,5.550481001112937,6.474755053453101,6.168189546176672,6.2878570864523216,6.382911403258168,5.6542140638071,6.2084894778292385,6.1227874826332895,6.2719074141046125,6.059875865573855,6.472516438357754,6.640527963046347,9.754652288100715,6.351697263591006
254,5.183333333333334,11.962612830207028,5.32299820471429,6.10931649702216,6.559711027222232,6.043406769865439,6.520571586899237,5.874065923640018,6.440399758336989,6.213574018612199,6.67726571882257,6.351203527306172,6.1994540064005825,6.371058504051517,6.392855878541875,6.172338105767386,6.446229302052094,5.93266010111947,6.35032867493368,6.325878737542338,8.494185765326847,6.710780481521366,6.467964943368668,5.5806397436501936,6.512571907859169,6.203711105274834,6.324796986112187,6.4207473887004785,5.685290138644218,6.2440252384010995,6.157945907192322,6.308280552230954,6.09473961733663,6.510258884405102,6.679618135232142,9.81672765249755,6.388581150348139
255,5.21,12.039686166997178,5.350307843784327,6.14934610878934,6.599246180579924,6.077345016493111,6.558656044919849,5.9067771417416015,6.4788226765952315,6.249176665482745,6.71753784132197,6.388858182589507,6.235146240002726,6.407966608436589,6.4299314888249945,6.207615185097756,6.483518569746726,5.965886813504222,6.387935720876145,6.36244408304209,8.547414368429902,6.750124984261265,6.507924356273239,5.61079848618745,6.550388762265236,6.239232664372997,6.361736885772052,6.458583374142785,5.7163662134813364,6.279560998972961,6.193104331751354,6.344653690357295,6.129603369099405,6.5480013304524505,6.718708307417938,9.878803016894382,6.42546503710527
256,5.39,12.559931190330708,5.534647907507071,6.4195459882178,6.866108465744354,6.306428181229899,6.815726136558979,6.127577863927289,6.738177374838368,6.4894945318589325,6.989374668192918,6.643027105752021,6.476068816817198,6.657096313035828,6.6801918582360535,6.445735470577761,6.735221126685491,6.1901671221012915,6.64178328098779,6.6092601651654155,8.906707439375518,7.015700377755585,6.777650393379096,5.814369998313933,6.8056525295061885,6.479003188285594,6.611081208476138,6.7139762758783705,5.926129718631888,6.519427382833023,6.430423697524821,6.5901723727100965,6.364933693498131,6.80276284127205,6.982566969672055,10.297811726573018,6.6744312727159105
257,5.66,13.340298725331005,5.811158003091189,6.824845807360493,7.266401893490999,6.650052928335084,7.201331274017674,6.458778947205824,7.127209422203074,6.849971331423216,7.397129908499339,7.024280490495796,6.837452682038904,7.030790869934687,7.055582412352642,6.802915898797771,7.1127749620936385,6.5265875849969,7.022554621155256,6.979484288350406,9.445647045793946,7.414063467997067,7.182239449037881,6.119727266503657,7.188548180367623,6.838658974154492,6.985097692532271,7.097065628481747,6.240774976357716,6.879226958623119,6.786402746185022,6.958450396239299,6.717929180096222,7.184905107501449,7.378354963053235,10.926324791090973,7.047880626131874
258,5.52,12.935663707182702,5.667782397973498,6.614690345582799,7.058842338363108,6.471877133539802,7.001387869409461,6.28704505217251,6.9254891013473,6.663057435352846,7.1857012653774905,6.826593550258282,6.650068455627648,6.837023321913055,6.860935458366262,6.6177112323133205,6.917006306696821,6.352147344976954,6.825117629957308,6.787516224476706,9.166196879502909,7.207504828612594,6.97245253128888,5.961393868183059,6.990009694735768,6.652170788889138,6.79116321931798,6.898426704909625,6.077625583462841,6.692664215620846,6.601821017250103,6.7674914210760075,6.534894483341654,6.986757265752871,7.173131559077809,10.600429128007587,6.854240220656929
259,5.32,12.35761368125656,5.462960104948227,6.314468257328956,6.7623286881804106,6.217340283832261,6.715754434254873,6.041710916410635,6.6373172144104835,6.39603758382375,6.883660346631993,6.544183635633267,6.38237670361157,6.560212539025014,6.582868381242864,6.353133137335538,6.637336798987083,6.102947002091321,6.543064785388817,6.513276133228567,8.76698235623,6.912421058063351,6.672756934504598,5.735203299153634,6.706383286690263,6.385759095652919,6.514113971868995,6.61465681409231,5.844555022184452,6.4261460113318885,6.338132833057363,6.494692885128452,6.2734163451208484,6.703688920397762,6.879955267684345,10.13486389503133,6.577611069978441
260,5.296666666666667,12.290174511565176,5.439064170761944,6.279442347032674,6.727735428992428,6.187644318033047,6.682430533486837,6.0130886005717485,6.603697160934521,6.364885267812021,6.84842223944502,6.511235812260348,6.351145999209694,6.527917947688075,6.550427222245135,6.322265692921464,6.60470868975428,6.073873628754663,6.510158620189159,6.481281455916284,8.72040732851483,6.877994618165939,6.637792448213098,5.7088143994335345,6.673293539084955,6.354677731442026,6.481791559666613,6.581550326830291,5.817363456701973,6.39505222083151,6.30736921156821,6.462866389267903,6.242910562328421,6.670664280106332,6.845751367021773,10.080547951184098,6.545337669065949
261,5.273333333333333,12.222735341873792,5.415168236575663,6.244416436736392,6.693142169804447,6.157948352233833,6.649106632718802,5.9844662847328625,6.570077107458559,6.333732951800293,6.813184132258044,6.47828798888743,6.319915294807819,6.495623356351135,6.517986063247404,6.291398248507388,6.572080580521478,6.044800255418005,6.477252454989502,6.449286778604002,8.673832300799658,6.843568178268526,6.602827961921598,5.682425499713435,6.640203791479646,6.323596367231134,6.449469147464232,6.54844383956827,5.790171891219494,6.363958430331131,6.276605590079056,6.431039893407355,6.212404779535993,6.637639639814902,6.811547466359201,10.02623200733687,6.513064268153459
262,5.25,12.15529617218241,5.391272302389381,6.209390526440108,6.658548910616465,6.12825238643462,6.615782731950767,5.955843968893976,6.536457053982596,6.302580635788565,6.77794602507107,6.445340165514511,6.288684590405943,6.463328765014198,6.485544904249675,6.260530804093314,6.539452471288675,6.015726882081347,6.444346289789844,6.417292101291718,8.627257273084485,6.809141738371115,6.567863475630097,5.656036599993335,6.607114043874336,6.292515003020242,6.417146735261849,6.515337352306249,5.762980325737015,6.332864639830753,6.245841968589903,6.399213397546807,6.181898996743566,6.6046149995234735,6.777343565696632,9.971916063489637,6.480790867240968
263,4.96,11.3171236345895,5.094279977502736,5.774068498472033,6.228604117851551,5.7591739543586815,6.201614250976613,5.600109472039255,6.118607817924208,5.915401851071373,6.339986692890098,6.035845789308236,5.900531549982628,6.061953129826536,6.082347642420746,5.876892566375528,6.133931685109553,5.654386384897178,6.035369665165529,6.019643968981915,8.048396214338766,6.381270271074707,6.133304860292884,5.32806027490067,6.195855752208354,5.906218047827722,6.01542532646082,6.103871010621141,5.425028011883349,5.9464132436117625,5.863494101510429,6.003655520422848,5.802755696323395,6.194165898758563,6.352237943176105,9.296846475674057,6.079678598757157
264,4.92,11.201513629404271,5.053315518897682,5.714024080821263,6.16930138781501,5.708266584417173,6.144487563945695,5.551042644886879,6.060973440536844,5.861997880765552,6.279578509140999,5.9793638063832315,5.846993199579413,6.006590973248927,6.026734226996066,5.82397694737997,6.077997783567605,5.60454631632005,5.978959096251831,5.964795950732286,7.968553309684184,6.322253516964858,6.073365740936027,5.282822161094785,6.139130470599253,5.852935709180478,5.960015476971021,6.0471170324576775,5.37841389962767,5.893109602753971,5.81075646467188,5.9490958132333365,5.750460068679233,6.13755222968754,6.293602684897412,9.203733429078804,6.024352768621458
265,4.94,11.259318631996887,5.073797748200209,5.744046289646649,6.198952752833282,5.733720269387928,6.173050907461154,5.575576058463067,6.089790629230527,5.888699865918463,6.3097826010155496,6.007604797845735,5.8737623747810215,6.034272051537732,6.054540934708408,5.85043475687775,6.10596473433858,5.629466350608615,6.00716438070868,5.992219959857101,8.008474762011476,6.351761894019784,6.103335300614456,5.305441217997728,6.167493111403804,5.8795768785041,5.987720401715921,6.075494021539409,5.40172095575551,5.919761423182866,5.837125283091154,5.976375666828092,5.776607882501315,6.165859064223052,6.32292031403676,9.250289952376434,6.052015683689309
266,5.1,11.7217586527378,5.237655582620427,5.984223960249723,6.43616367297944,5.937349749153962,6.401557655584825,5.771843367072568,6.320328138779981,6.1023157471417395,6.551415336011945,6.233532729545748,6.087915776393883,6.255720677848165,6.276994596407125,6.0620972328599745,6.32970034050637,5.828826624917122,6.232806656363473,6.211612032855612,8.3278463806298,6.587828910459178,6.343091778041882,5.486393673221267,6.394394237840206,6.092706233093075,6.209359799675109,6.302509934193262,5.588177404778222,6.132975986614033,6.048075830445346,6.194614495586137,5.985790393077959,6.392313740507139,6.557461347151531,9.62274213875744,6.2733190042321
267,5.243333333333333,12.13602783798487,5.384444892621872,6.199383123498315,6.648665122277041,6.119767824777702,6.606261617445614,5.947666164368581,6.526851324418034,6.293679974070928,6.767877994446219,6.435926501693677,6.2797615320054065,6.454101738917929,6.476276001678895,6.2517115342607195,6.530130154365016,6.00742020398516,6.434944528304229,6.40815076491678,8.613950122308719,6.799305612686139,6.557873622403954,5.648496914359022,6.5976598302728195,6.2836346132457,6.407911760346884,6.505878355945672,5.755211307027736,6.323980699687787,6.237052362450145,6.390120113015221,6.173183058802873,6.595179388011635,6.767571022650182,9.956397222390429,6.471569895551685
268,5.386666666666667,12.55029702323194,5.531234202623317,6.414542286746903,6.861166571574641,6.302185900401441,6.8109655793064015,6.1234889616645924,6.733374510056088,6.485044201000115,6.984340652880492,6.638320273841605,6.471607287616929,6.652482799987694,6.675557406950664,6.441325835661466,6.7305599682236625,6.186013783053198,6.637082400244981,6.604689496977947,8.900053863987637,7.010782314913098,6.772655466766024,5.810600155496775,6.800925422705431,6.474562993398324,6.606463721018656,6.709246777698082,5.922245209277248,6.51498541276154,6.426028894454943,6.5856257304443035,6.360575724527784,6.798045035516131,6.9776806981488315,10.290052306023416,6.66982078687127
269,5.53,12.96456620847901,5.678023512624762,6.629701449995494,7.073668020872244,6.484603976025181,7.015669541167192,6.299311758960604,6.9398976956941425,6.676408427929301,7.2008033113147665,6.840714045989535,6.663453043228453,6.850863861057459,6.874838812222433,6.630940137062211,6.9309897820823085,6.364607362121237,6.8392202721857345,6.801228229039115,9.186157605666555,7.2222590171400585,6.987437311128096,5.972703396634531,7.004191015138044,6.66549137355095,6.8050156816904295,6.912615199450492,6.089279111526762,6.705990125835295,6.61500542645974,6.781131347873387,6.547968390252697,7.000910683020629,7.187790373647482,10.623707389656403,6.868071678190855
270,5.94,14.149568761627602,6.09790921332657,7.245156730915877,7.681521003746777,7.006404517925643,7.601218083234098,6.802246737272451,7.53065006391462,7.2237991235639525,7.819987194743035,7.41965437097082,7.212221134861413,7.418325965977946,7.444876320325399,7.173325231766668,7.504312272887272,6.875468065036788,7.417428603551144,7.363420416097801,10.004547378376017,7.82718074676601,7.60181328453588,6.436394063144851,7.585625151631329,7.2116353446852,7.37296663896085,7.49434347562599,6.567073762147462,7.25235244462766,7.1555662040548595,7.34036834656588,7.083998573605351,7.5812007909986034,7.788801771004087,11.578116117257737,7.43516143708176
271,5.73,13.542616234405152,5.882845805650034,6.929923538249339,7.370181671054942,6.739140825732724,7.30130297632178,6.544645894722482,7.228069582630961,6.9434282794584,7.502844230060264,7.123123960614551,6.931144795244531,7.127674643945501,7.15290588934583,6.895518232039995,7.210659289792047,6.613807705006872,7.121273116754227,7.075468320287254,9.585372128939463,7.517342787689303,7.2871329079123806,6.198893965663955,7.287817423183549,6.931903066787169,7.082064929139415,7.196385090267808,6.322349672805152,6.972508330124254,6.878693610652482,7.053929883820944,6.809446528473504,7.2839790283757395,7.480966665040948,11.089272622632663,7.144700828869345
272,5.58,13.109078714960546,5.72922908588108,6.704756972058954,7.147796433417918,6.548238188452067,7.087077899955839,6.360645292901074,7.011940667428346,6.743163390811576,7.27631354100114,6.9113165246457875,6.730375981232472,6.920066556779469,6.944355581503283,6.697084660806657,7.000907159009743,6.426907447842645,6.909733483327859,6.8697882518511495,9.28596123648478,7.2960299597773695,7.062361210324167,6.029251038891886,7.07509761714942,6.732094296860003,6.874277993552676,6.98355767215482,6.147546751846359,6.772619676907535,6.680927472507926,6.849330981860276,6.613337924807897,7.071677769359405,7.261084446495849,10.740098697900468,6.937228965860477
273,5.61,13.195786218849468,5.759952429834871,6.749790285297031,7.192273480945324,6.586418715908198,7.129922915229027,6.3974454132653555,7.055166450468869,6.783216368540941,7.321619678812965,6.953678011839541,6.770529744034885,6.961588174212675,6.986065643071792,6.7367713750533245,7.042857585166203,6.464287499275491,6.952041410013132,6.910924265538371,9.345843414975718,7.340292525359756,7.107315549841809,6.063179624246301,7.1176415783562454,6.772056050845437,6.915835380670025,7.026123155777418,6.1825073360381175,6.812597407550879,6.720480700136838,6.8902507622524105,6.65255964554102,7.114138021162672,7.305060890204868,10.809933482846906,6.978723338462251
274,5.673333333333334,13.378835393726078,5.824812822626208,6.844860613244084,7.286169470169845,6.66702205164892,7.2203735030279805,6.4751345562566165,7.146420881332196,6.86777265485849,7.417265969749039,7.0431078181374644,6.855298798839976,7.049244922127222,7.074120217494202,6.820554438462956,7.1314195959409545,6.543200941189275,7.041358144126488,6.997766961100282,9.472261347345473,7.433735719367017,7.202219155490168,6.134806637772284,7.207456607570656,6.856419753703573,7.003567642362203,7.115983621202902,6.256313013776275,6.896994838909049,6.803981958464539,6.97663696530247,6.735361055977609,7.203776330525123,7.3979000491461315,10.957362473289388,7.066322569510439
275,5.736666666666666,13.56188456860269,5.889673215417543,6.9399309411911325,7.380065459394364,6.747625387389641,7.310824090826932,6.552823699247876,7.23767531219552,6.952328941176036,7.512912260685113,7.132537624435384,6.940067853645066,7.136901670041768,7.16217479191661,6.904337501872587,7.219981606715703,6.622114383103058,7.130674878239843,7.084609656662192,9.598679279715226,7.527178913374277,7.297122761138523,6.206433651298269,7.297271636785066,6.940783456561709,7.091299904054381,7.205844086628384,6.330118691514431,6.981392270267218,6.887483216792238,7.063023168352529,6.818162466414197,7.293414639887574,7.490739208087396,11.104791463731871,7.153921800558628
276,5.8,13.7449337434793,5.954533608208879,7.035001269138185,7.473961448618887,6.828228723130363,7.401274678625885,6.6305128422391375,7.328929743058847,7.036885227493584,7.608558551621187,7.221967430733308,7.024836908450157,7.224558417956316,7.25022936633902,6.988120565282218,7.308543617490455,6.701027825016843,7.219991612353199,7.171452352224103,9.72509721208498,7.6206221073815374,7.3920263667868795,6.2780606648242525,7.387086665999475,7.025147159419845,7.179032165746561,7.295704552053868,6.4039243692525885,7.0657897016253886,6.970984475119941,7.149409371402589,6.900963876850786,7.383052949250025,7.583578367028661,11.252220454174354,7.2415210316068155
277,6.37,15.39237631736881,6.538277143330905,7.890634220661646,8.31902535163958,7.553658744796863,8.215329968816464,7.329715129160487,8.15021962082878,7.797891804351513,8.469375170045854,8.026835687414605,7.7877584016959815,8.01346914918724,8.042720536140706,7.742168135968903,8.10560171446321,7.411248802240903,8.023842219373405,7.953036612281303,10.862858603412768,8.461610853446889,8.246158817622092,6.922703786558113,8.195421928929164,7.784420485143073,7.9686225209761705,8.10444874088322,7.068175468896001,7.825366583848922,7.722495800069252,7.926885198853128,7.646176570780088,8.189797733512092,8.419130797500037,12.5790813681567,8.029914111040513
278,6.0,14.322983769405448,6.159355901234151,7.33522335739203,7.770475098801587,7.082765572837907,7.686908113780475,6.875846978001015,7.617101629995665,7.303905079022682,7.910599470366684,7.504377345358324,7.292528660466237,7.50136920084436,7.528296443462419,7.252698660260003,7.588213125200193,6.950228167902479,7.502044456921693,7.445692443472243,10.124311735357889,7.915705877930784,7.691721963571164,6.504251233853678,7.670713074044981,7.291558852656065,7.456081413195546,7.579474442871184,6.636994930530979,7.332307905914348,7.234672659312682,7.422207907350146,7.162442015071593,7.666121294605137,7.876754658422126,11.717785687150618,7.518150182285307
279,5.71,13.484811231812536,5.862363576347507,6.899901329423955,7.340530306036673,6.7136871407619685,7.272739632806321,6.520112481146294,7.199252393937279,6.91672629430549,7.472640138185714,7.094882969152049,6.904375620042922,7.099993565656696,7.125099181633491,6.869060422542216,7.182692339021072,6.588887670718307,7.093067832297377,7.04804431116244,9.545450676612171,7.487834410634378,7.257163348233951,6.1762749087610125,7.259454782378998,6.9052618974635465,7.054360004394518,7.168008101186076,6.299042616677313,6.945856509695357,6.8523247922332065,7.026650030226188,6.783298714651423,7.255672193840226,7.4516490359016005,11.042716099335033,7.117037913801496
280,5.46,12.76224869940486,5.606335710065917,6.524623719106646,6.969888243308298,6.395516078627541,6.915697838863085,6.213444811443948,6.839037535266256,6.582951479894117,7.095088989753841,6.741870575870778,6.569760930022825,6.753980087046643,6.777515335229243,6.538337803819987,6.833105454383899,6.277387242111264,6.740501776586761,6.705244197102266,9.046432522521037,7.118979697447822,6.882543852253596,5.893536697474231,6.904921772322117,6.572247280918272,6.708048445083284,6.813295737664431,6.007704415079325,6.61270875433416,6.522714561992281,6.685651860291742,6.456451041875415,6.901836762146338,7.08517867165977,10.460759558114713,6.771251475453383
281,5.46,12.76224869940486,5.606335710065917,6.524623719106646,6.969888243308298,6.395516078627541,6.915697838863085,6.213444811443948,6.839037535266256,6.582951479894117,7.095088989753841,6.741870575870778,6.569760930022825,6.753980087046643,6.777515335229243,6.538337803819987,6.833105454383899,6.277387242111264,6.740501776586761,6.705244197102266,9.046432522521037,7.118979697447822,6.882543852253596,5.893536697474231,6.904921772322117,6.572247280918272,6.708048445083284,6.813295737664431,6.007704415079325,6.61270875433416,6.522714561992281,6.685651860291742,6.456451041875415,6.901836762146338,7.08517867165977,10.460759558114713,6.771251475453383
282,5.46,12.76224869940486,5.606335710065917,6.524623719106646,6.969888243308298,6.395516078627541,6.915697838863085,6.213444811443948,6.839037535266256,6.582951479894117,7.095088989753841,6.741870575870778,6.569760930022825,6.753980087046643,6.777515335229243,6.538337803819987,6.833105454383899,6.277387242111264,6.740501776586761,6.705244197102266,9.046432522521037,7.118979697447822,6.882543852253596,5.893536697474231,6.904921772322117,6.572247280918272,6.708048445083284,6.813295737664431,6.007704415079325,6.61270875433416,6.522714561992281,6.685651860291742,6.456451041875415,6.901836762146338,7.08517867165977,10.460759558114713,6.771251475453383
283,5.46,12.76224869940486,5.606335710065917,6.524623719106646,6.969888243308298,6.395516078627541,6.915697838863085,6.213444811443948,6.839037535266256,6.582951479894117,7.095088989753841,6.741870575870778,6.569760930022825,6.753980087046643,6.777515335229243,6.538337803819987,6.833105454383899,6.277387242111264,6.740501776586761,6.705244197102266,9.046432522521037,7.118979697447822,6.882543852253596,5.893536697474231,6.904921772322117,6.572247280918272,6.708048445083284,6.813295737664431,6.007704415079325,6.61270875433416,6.522714561992281,6.685651860291742,6.456451041875415,6.901836762146338,7.08517867165977,10.460759558114713,6.771251475453383
284,5.34,12.415418683849172,5.4834423342507534,6.344490466154339,6.791980053198679,6.242793968803014,6.744317777770332,6.066244329986821,6.666134403104163,6.422739568976658,6.913864438506543,6.572424627095769,6.409145878813177,6.587893617313817,6.610675088955203,6.379590946833316,6.665303749758055,6.127867036379883,6.571270069845665,6.54070014235338,8.80690380855729,6.941929435118274,6.702726494183024,5.757822356056576,6.734745927494814,6.412400264976539,6.541818896613892,6.643033803174042,5.867862078312291,6.452797831760785,6.364501651476637,6.521972738723207,6.299564158942929,6.731995754933273,6.90927289682369,10.181420418328951,6.6052739850462885
285,5.56,13.05127371236793,5.708746856578553,6.67473476323357,7.118145068399648,6.5227845034813114,7.058514556440379,6.336111879324886,6.983123478734664,6.7164614056586665,7.246109449126589,6.883075533183286,6.703606806030863,6.892385478490665,6.9165488737909415,6.670626851308878,6.972940208238769,6.401987413554082,6.881528198871008,6.842364242726334,9.24603978415749,7.266521582722444,7.032391650645739,6.006631981988943,7.04673497634487,6.705453127536382,6.846573068807777,6.955180683073089,6.12423969571852,6.745967856478639,6.654558654088651,6.822051128265519,6.587190110985817,7.043370934823894,7.231766817356501,10.69354217460284,6.909566050792627
286,5.92,14.09176375903499,6.077426984024043,7.2151345220904926,7.651869638728508,6.98095083295489,7.572654739718638,6.777713323696265,7.501832875220939,7.197097138411044,7.789783102868485,7.391413379508317,7.185451959659805,7.390644887689142,7.4170696126130595,7.146867422268889,7.476345322116299,6.850548030748224,7.389223319094295,7.335996406972988,9.964625926048726,7.797672369711086,7.571843724857451,6.4137750062419085,7.557262510826779,7.184994175361578,7.345261714215953,7.465966486544259,6.543766706019623,7.2257006241987645,7.129197385635585,7.313088492971124,7.057850759783271,7.552893956463093,7.75948414186474,11.531559593960113,7.407498522013911
287,5.44,12.704443696812245,5.58585348076339,6.494601510281262,6.940236878290029,6.370062393656785,6.887134495347626,6.188911397867759,6.8102203465725735,6.556249494741208,7.064884897879292,6.7136295844082765,6.542991754821217,6.72629900875784,6.749708627516903,6.511879994322208,6.805138503612926,6.252467207822701,6.712296492129913,6.677820187977451,9.006511070193747,7.089471320392898,6.852574292575167,5.87091764057129,6.876559131517567,6.545606111594649,6.680343520338386,6.7849187485827,5.984397358951487,6.5860569339052635,6.496345743573007,6.658372006696986,6.430303228053333,6.873529927610829,7.055861042520423,10.414203034817083,6.743588560385534
288,5.296666666666667,12.290174511565176,5.439064170761944,6.279442347032674,6.727735428992428,6.187644318033047,6.682430533486837,6.0130886005717485,6.603697160934521,6.364885267812021,6.84842223944502,6.511235812260348,6.351145999209694,6.527917947688075,6.550427222245135,6.322265692921464,6.60470868975428,6.073873628754663,6.510158620189159,6.481281455916284,8.72040732851483,6.877994618165939,6.637792448213098,5.7088143994335345,6.673293539084955,6.354677731442026,6.481791559666613,6.581550326830291,5.817363456701973,6.39505222083151,6.30736921156821,6.462866389267903,6.242910562328421,6.670664280106332,6.845751367021773,10.080547951184098,6.545337669065949
289,5.153333333333333,11.875905326318104,5.292274860760499,6.0642831837840845,6.515233979694827,6.005226242409307,6.477726571626048,5.837265803275736,6.397173975296466,6.173521040882834,6.6319595810107455,6.3088420401124194,6.159300243598173,6.32953688661831,6.351145816973365,6.132651391520718,6.404278875895634,5.895280049686624,6.308020748248406,6.284742723855116,8.434303586835911,6.666517915938979,6.423010603851027,5.54671115829578,6.470027946652342,6.163749351289401,6.2832395989948395,6.37818190507788,5.65032955445246,6.204047507757756,6.118392679563411,6.2673607718388205,6.055517896603509,6.467798632601836,6.635641691523122,9.746892867551107,6.347086777746364
290,5.01,11.461636141071036,5.145485550759054,5.849124020535493,6.302732530397225,5.822808166785568,6.27302260976526,5.661443005979724,6.190650789658412,5.9821568139536465,6.415496922576471,6.10644826796449,5.9674544879866485,6.1311558255485465,6.151864411701595,5.943037090119972,6.203849062036987,5.716686470618586,6.105882876307653,6.08820399179395,8.148199845156993,6.455041213712018,6.2082287594889545,5.384607917158026,6.26676235421973,5.972820971136777,6.084687638323065,6.174813483325471,5.483295652202946,6.013042794684002,5.929416147558613,6.071855154409737,5.868125230878596,6.26493298509734,6.425532016024472,9.413237783918122,6.148835886426779
291,4.81,10.88358611514489,4.940663257733782,5.548901932281648,6.006218880214526,5.568271317078024,5.987389174610671,5.416108870217847,5.902478902721594,5.715136962424548,6.113456003830975,5.824038353339473,5.69976273597057,5.854345042660503,5.873797334578198,5.678458995142188,5.924179554327249,5.467486127732951,5.823830031739159,5.813963900545809,7.748985321884084,6.159957443162773,5.90853316270467,5.158417348128601,5.983135946174224,5.706409277900557,5.807638390874079,5.8910435925081535,5.250225090924555,5.746524590395042,5.665727963365872,5.7990566184621795,5.60664709265779,5.98186463974223,6.132355724631006,8.94767255094186,5.872206735748289
292,4.87,11.057001122922738,5.002109945641364,5.638968558757803,6.095172975269337,5.644632371990289,6.073079205157049,5.489709110946411,5.988930468802641,5.795242917883279,6.204068279454625,5.908761327726979,5.7800702615753945,5.937388277526917,5.957217457715219,5.757832423635525,6.008080406640172,5.542246230598643,5.908445885109709,5.896235927920252,7.868749678865958,6.248482574327548,5.9984418417399565,5.226274518837429,6.068223868587877,5.786332785871424,5.890753165108777,5.976174559753351,5.320146259308073,5.826480051681731,5.744834418623695,5.880896179246448,5.685090534124033,6.066785143348763,6.220308612049047,9.087342120834743,5.955195480951838
293,4.94,11.259318631996887,5.073797748200209,5.744046289646649,6.198952752833282,5.733720269387928,6.173050907461154,5.575576058463067,6.089790629230527,5.888699865918463,6.3097826010155496,6.007604797845735,5.8737623747810215,6.034272051537732,6.054540934708408,5.85043475687775,6.10596473433858,5.629466350608615,6.00716438070868,5.992219959857101,8.008474762011476,6.351761894019784,6.103335300614456,5.305441217997728,6.167493111403804,5.8795768785041,5.987720401715921,6.075494021539409,5.40172095575551,5.919761423182866,5.837125283091154,5.976375666828092,5.776607882501315,6.165859064223052,6.32292031403676,9.250289952376434,6.052015683689309
294,5.1,11.7217586527378,5.237655582620427,5.984223960249723,6.43616367297944,5.937349749153962,6.401557655584825,5.771843367072568,6.320328138779981,6.1023157471417395,6.551415336011945,6.233532729545748,6.087915776393883,6.255720677848165,6.276994596407125,6.0620972328599745,6.32970034050637,5.828826624917122,6.232806656363473,6.211612032855612,8.3278463806298,6.587828910459178,6.343091778041882,5.486393673221267,6.394394237840206,6.092706233093075,6.209359799675109,6.302509934193262,5.588177404778222,6.132975986614033,6.048075830445346,6.194614495586137,5.985790393077959,6.392313740507139,6.557461347151531,9.62274213875744,6.2733190042321
295,5.306666666666667,12.319077012861484,5.449305285413208,6.294453451445365,6.742561111501563,6.200371160518424,6.696712205244568,6.025355307359842,6.618105755281361,6.378236260388476,6.863524285382294,6.525356307991599,6.364530586810498,6.541758486832477,6.5643305761013035,6.335494597670352,6.618692165139767,6.086333645898945,6.524261262417585,6.494993460478692,8.740368054678475,6.8927488066934,6.652777228052311,5.720123927885006,6.68747485948723,6.3679983161038365,6.495644022039062,6.595738821371155,5.829016984765892,6.408378131045958,6.320553620777847,6.476506316065281,6.255984469239462,6.684817697374088,6.860410181591446,10.103826212832912,6.559169126599874
296,5.513333333333333,12.916395372985164,5.660954988205988,6.604682942641006,7.048958550023686,6.463392571882884,6.991866754904308,6.2788672476471135,6.91588337178274,6.65415677363521,7.175633234752642,6.817179886437449,6.641145397227112,6.827796295816788,6.851666555795482,6.608891962480728,6.9076839897731634,6.343840666880767,6.815715868471692,6.778374888101769,9.152889728727146,7.19766870292762,6.962462678062738,5.953854182548744,6.980555481134251,6.643290399114597,6.781928244403014,6.888967708549048,6.069856564753561,6.683780275477881,6.593031411110345,6.7583981365444235,6.5261785454009615,6.977321654241035,7.16335901603136,10.58491028690838,6.845019248967647
297,5.72,13.513713733108844,5.87260469099877,6.914912433836646,7.355355988545808,6.726413983247346,7.28702130456405,6.532379187934387,7.2136609882841185,6.930077286881945,7.487742184122988,7.109003464883299,6.917760207643726,7.113834104801098,7.139002535489661,6.8822893272911045,7.196675814406559,6.601347687862589,7.107170474525802,7.061756315724846,9.565411402775817,7.50258859916184,7.272148128073166,6.187584437212483,7.273636102781272,6.918582482125357,7.068212466766966,7.182196595726941,6.310696144741232,6.959182419909805,6.865509201442843,7.040289957023566,6.796372621562464,7.269825611107983,7.466307850471274,11.065994360983849,7.13086937133542
298,5.59,13.13798121625685,5.739470200532344,6.719768076471647,7.162622115927054,6.560965030937442,7.101359571713568,6.372911999689167,7.026349261775187,6.756514383388032,7.291415586938415,6.925437020377039,6.743760568833276,6.933907095923871,6.958258935359452,6.710313565555547,7.014890634395229,6.439367464986927,6.9238361255562815,6.883500256413556,9.305921962648426,7.3107841483048315,7.077345990163381,6.040560567343357,7.089278937551695,6.745414881521815,6.8881304559251255,6.997746166695686,6.159200279910278,6.785945587121984,6.694111881717562,6.862970908657654,6.626411831718938,7.085831186627161,7.275743261065522,10.76337695954928,6.951060423394401
299,5.91,14.062861257738682,6.067185869372779,7.2001234176778,7.6370439562193715,6.968223990469513,7.558373067960909,6.765446616908171,7.487424280874097,7.183746145834588,7.774681056931211,7.377292883777066,7.172067372059001,7.37680434854474,7.403166258756889,7.13363851752,7.462361846730811,6.838088013603943,7.375120676865871,7.32228440241058,9.94466519988508,7.782918181183623,7.556858945018237,6.402465477790437,7.5430811904245045,7.171673590699767,7.331409251843503,7.451777992003393,6.532113177955704,7.2123747139843175,7.1160129764259485,7.299448566173746,7.04477685287223,7.538740539195337,7.744825327295067,11.508281332311299,7.3936670644799865
300,5.68,13.398103727923615,5.831640232393716,6.854868016185877,7.296053258509268,6.6755066133058385,7.229894617533132,6.483312360782012,7.156026610896756,6.876673316576126,7.427334000373889,7.052521481958297,6.864221857240511,7.05847194822349,7.083389120064981,6.829373708295548,7.140741912864612,6.551507619285463,7.050759905612104,7.006908297475219,9.485568498121236,7.443571845051991,7.212209008716308,6.142346323406598,7.2169108211721715,6.865300143478113,7.012802617277169,7.125442617563478,6.264082032485554,6.9058787790520135,6.8127715646042954,6.985730249834054,6.744076993918301,7.213211942036961,7.407672592192581,10.972881314388598,7.075543541199722
301,5.49,12.84895620329378,5.637059054019708,6.569657032344724,7.014365290835703,6.433696606083671,6.958542854136272,6.250244931808229,6.882263318306778,6.623004457623482,7.140395127565666,6.784232063064532,6.609914692825237,6.795501704479849,6.819225396797752,6.578024518066654,6.87505588054036,6.31476729354411,6.782809703272036,6.746380210789486,9.106314701011973,7.163242263030208,6.927498191771239,5.927465282828646,6.947465733528943,6.612209034903705,6.749605832200633,6.855861221287029,6.042664999271084,6.652686484977503,6.562267789621192,6.726571640683875,6.495672762608535,6.944297013949606,7.129155115368789,10.530594343061146,6.812745848055156
302,5.4,12.588833691627016,5.544889022158335,6.434557092630493,6.880934148253489,6.319155023715277,6.830007808316709,6.139844570715384,6.75258596918521,6.502845524435388,7.004476714130192,6.657147601483274,6.4894534044180014,6.670936852180231,6.694095212092224,6.4589643753266515,6.749204602070979,6.202627139245575,6.655885923216213,6.622972169727824,8.926668165539164,7.030454566283048,6.792635173218311,5.825679526765405,6.819833849908466,6.492323772947406,6.624933670848589,6.728164770419237,5.937783246695808,6.532753293047473,6.443608106734459,6.603812299507474,6.3780076004091715,6.816916258539806,6.99722578424173,10.321089988221832,6.6882627302498365
303,5.31,12.328711179960251,5.452718990296962,6.299457152916263,6.747503005671274,6.204613441346882,6.7014727624971435,6.02944420962254,6.622908620063641,6.382686591247294,6.868558300694719,6.5300631399020155,6.368992116010766,6.546371999880611,6.568965027386692,6.339904232586648,6.623353323601595,6.090486984947038,6.528962143160392,6.499564128666159,8.747021630066357,6.897666869535888,6.657772154665382,5.723893770702162,6.692201966287987,6.372438510991107,6.500261509496545,6.600468319551444,5.832901494120532,6.41282010111744,6.324948423847724,6.481052958331073,6.260342438209808,6.6895355031300054,6.865296453114669,10.111585633382514,6.563779612444515
304,5.22,12.068588668293486,5.36054895843559,6.164357213202031,6.614071863089058,6.090071858978488,6.572937716677577,5.919043848529695,6.493231270942072,6.262527658059199,6.732639887259245,6.402978678320757,6.24853082760353,6.42180714758099,6.443834842681163,6.220844089846645,6.4975020451322125,5.978346830648503,6.40203836310457,6.376156087604496,8.567375094593547,6.764879172788728,6.522909136112453,5.622108014638922,6.56457008266751,6.252553249034808,6.375589348144501,6.472771868683652,5.728019741545256,6.292886909187408,6.206288740960991,6.358293617154672,6.142677276010444,6.562154747720206,6.733367121987611,9.902081278543198,6.439296494639195
305,5.33,12.386516182552867,5.47320121959949,6.329479361741647,6.777154370689544,6.230067126317638,6.730036106012603,6.053977623198728,6.651725808757323,6.409388576400204,6.898762392569268,6.558304131364518,6.395761291212374,6.574053078169415,6.5967717350990345,6.366362042084427,6.65132027437257,6.115407019235603,6.557167427617242,6.526988137790974,8.786943082393647,6.927175246590814,6.687741714343812,5.746512827605105,6.720564607092539,6.399079680314729,6.527966434241443,6.628845308633177,5.856208550248372,6.439471921546336,6.351317242267,6.508332811925829,6.286490252031889,6.717842337665517,6.894614082254018,10.158142156680142,6.591442527512364
306,5.59,13.13798121625685,5.739470200532344,6.719768076471647,7.162622115927054,6.560965030937442,7.101359571713568,6.372911999689167,7.026349261775187,6.756514383388032,7.291415586938415,6.925437020377039,6.743760568833276,6.933907095923871,6.958258935359452,6.710313565555547,7.014890634395229,6.439367464986927,6.9238361255562815,6.883500256413556,9.305921962648426,7.3107841483048315,7.077345990163381,6.040560567343357,7.089278937551695,6.745414881521815,6.8881304559251255,6.997746166695686,6.159200279910278,6.785945587121984,6.694111881717562,6.862970908657654,6.626411831718938,7.085831186627161,7.275743261065522,10.76337695954928,6.951060423394401
307,5.73,13.542616234405152,5.882845805650034,6.929923538249339,7.370181671054942,6.739140825732724,7.30130297632178,6.544645894722482,7.228069582630961,6.9434282794584,7.502844230060264,7.123123960614551,6.931144795244531,7.127674643945501,7.15290588934583,6.895518232039995,7.210659289792047,6.613807705006872,7.121273116754227,7.075468320287254,9.585372128939463,7.517342787689303,7.2871329079123806,6.198893965663955,7.287817423183549,6.931903066787169,7.082064929139415,7.196385090267808,6.322349672805152,6.972508330124254,6.878693610652482,7.053929883820944,6.809446528473504,7.2839790283757395,7.480966665040948,11.089272622632663,7.144700828869345
308,5.51,12.906761205886394,5.657541283322234,6.599679241170108,7.044016655853973,6.459150291054426,6.987106197651731,6.274778345384416,6.9110805070004595,6.649706442776392,7.1705992194402155,6.8124730545270324,6.636683868026844,6.823182782768653,6.847032104510093,6.6044823275644315,6.903022831311334,6.339687327832673,6.811014987728885,6.7738042199143,9.146236153339265,7.192750640085132,6.957467751449666,5.950084339731587,6.975828374333492,6.638850204227326,6.77731075694553,6.884238210368759,6.065972055398922,6.679338305406398,6.588636608040466,6.7538514942786305,6.521820576430615,6.972603848485115,7.158472744508134,10.577150866358776,6.840408763123005
309,5.516666666666667,12.926029540083936,5.664368693089744,6.609686644111903,7.053900444193397,6.467634852711345,6.996627312156885,6.282956149909813,6.920686236565022,6.658607104494029,7.180667250065067,6.8218867183478675,6.64560692642738,6.832409808864922,6.856301007080873,6.613301597397026,6.9123451482349925,6.347994005928861,6.820416749214502,6.782945556289239,9.159543304115031,7.202586765770108,6.96745760467581,5.957624025365901,6.985282587935011,6.647730594001868,6.786545731860498,6.893697206729339,6.073741074108202,6.688222245549365,6.597426214180224,6.762944778810217,6.53053651437131,6.982039459996955,7.168245287554586,10.592669707457988,6.849629734812289
310,5.523333333333333,12.945297874281472,5.671196102857253,6.619694047053699,7.063784232532821,6.476119414368261,7.006148426662039,6.2911339544352085,6.930291966129581,6.667507766211665,7.190735280689916,6.831300382168701,6.654529984827916,6.841636834961191,6.8655699096516525,6.622120867229619,6.9216674651586505,6.356300684025049,6.829818510700117,6.792086892664177,9.172850454890792,7.212422891455084,6.977447457901954,5.9651637110002165,6.9947368015365265,6.6566109837764085,6.795780706775464,6.903156203089916,6.081510092817482,6.69710618569233,6.606215820319982,6.772038063341801,6.539252452312002,6.99147507150879,7.178017830601034,10.608188548557195,6.858850706501572
311,5.53,12.96456620847901,5.678023512624762,6.629701449995494,7.073668020872244,6.484603976025181,7.015669541167192,6.299311758960604,6.9398976956941425,6.676408427929301,7.2008033113147665,6.840714045989535,6.663453043228453,6.850863861057459,6.874838812222433,6.630940137062211,6.9309897820823085,6.364607362121237,6.8392202721857345,6.801228229039115,9.186157605666555,7.2222590171400585,6.987437311128096,5.972703396634531,7.004191015138044,6.66549137355095,6.8050156816904295,6.912615199450492,6.089279111526762,6.705990125835295,6.61500542645974,6.781131347873387,6.547968390252697,7.000910683020629,7.187790373647482,10.623707389656403,6.868071678190855
312,5.08,11.663953650145189,5.217173353317899,5.954201751424341,6.4065123079611705,5.911896064183208,6.372994312069366,5.747309953496382,6.291510950086301,6.075613761988832,6.5212112441373975,6.205291738083247,6.061146601192276,6.228039599559361,6.249187888694786,6.035639423362197,6.301733389735396,5.803906590628559,6.204601371906626,6.184188023730799,8.287924928302512,6.558320533404256,6.313122218363456,5.463774616318324,6.366031597035658,6.066065063769455,6.181654874930211,6.274132945111532,5.564870348650383,6.1063241661851375,6.021707012026074,6.167334641991383,5.959642579255879,6.36400690597163,6.528143718012186,9.576185615459817,6.245656089164252
313,4.56,10.161023582737212,4.684635391452192,5.17362432196434,5.63557681748615,5.250100254943596,5.630347380667435,5.1094412005155,5.542264044050571,5.381362148013174,5.735904855399102,5.471025960058201,5.3651480459504715,5.508331564050449,5.526213488173949,5.347736376419959,5.574592669690075,5.155985699125908,5.471263976028543,5.471163786485633,7.249967167792948,5.791102729976216,5.533913666724313,4.8756791368418195,5.6286029361173435,5.373394661355282,5.461326831562847,5.5363312289865085,4.958886889326568,5.413376835033844,5.336117733124945,5.458058448527732,5.27979941988178,5.628029208048341,5.7658853603891735,8.365716009721533,5.5264202974001755
314,4.81,10.88358611514489,4.940663257733782,5.548901932281648,6.006218880214526,5.568271317078024,5.987389174610671,5.416108870217847,5.902478902721594,5.715136962424548,6.113456003830975,5.824038353339473,5.69976273597057,5.854345042660503,5.873797334578198,5.678458995142188,5.924179554327249,5.467486127732951,5.823830031739159,5.813963900545809,7.748985321884084,6.159957443162773,5.90853316270467,5.158417348128601,5.983135946174224,5.706409277900557,5.807638390874079,5.8910435925081535,5.250225090924555,5.746524590395042,5.665727963365872,5.7990566184621795,5.60664709265779,5.98186463974223,6.132355724631006,8.94767255094186,5.872206735748289
315,4.97,11.346026135885808,5.104521092153999,5.7890796028847245,6.243429800360685,5.771900796844059,6.215895922734342,5.612376178827349,6.133016412271049,5.9287528436478265,6.355088738827372,6.049966285039487,5.913916137583433,6.075793668970937,6.0962509962769165,5.890121471124415,6.14791516049504,5.666846402041459,6.049472307393954,6.033355973544321,8.068356940502412,6.396024459602169,6.148289640132098,5.339369803352141,6.210037072610628,5.919538632489533,6.0292777888332685,6.118059505162007,5.436681539947268,5.9597391538262094,5.876678510720065,6.017295447220226,5.815829603234436,6.2083193160263175,6.366896757745779,9.32012473732287,6.093510056291081
316,4.903333333333333,11.153342793910426,5.036246994478909,5.689005573466776,6.144591916966451,5.6870551802748786,6.120684777682813,5.53059813357339,6.036959116625443,5.839746226471461,6.254408432578874,5.955829646831149,5.824685553578074,5.983523408008256,6.003561970569117,5.801928772798488,6.054691991258461,5.5837796210795805,5.955454692537789,5.941942609794941,7.935285432744776,6.297663202752421,6.04839110787067,5.263972947009,6.115494936595462,5.8307347347441265,5.936928039683607,6.023469541556236,5.358991352854472,5.870899752396557,5.788782449322484,5.926362601904374,5.7286702238275,6.113963200907948,6.26917132728129,9.164936326330784,6.001300339398252
317,4.836666666666666,10.960659451935044,4.9679728968038175,5.588931544048826,6.0457540335722175,5.602209563705696,6.025473632631282,5.4488200883194295,5.940901820979835,5.750739609295094,6.153728126330373,5.861693008622808,5.735454969572713,5.891253147045575,5.910872944861317,5.713736074472559,5.96146882202188,5.500712840117702,5.861437077681624,5.850529246045561,7.802213924987139,6.199301945902672,5.94849257560924,5.188576090665857,6.020952800580291,5.741930836998719,5.844578290533944,5.928879577950462,5.281301165761674,5.782060350966904,5.700886387924903,5.835429756588519,5.641510844420563,6.019607085789577,6.171445896816801,9.009747915338695,5.9090906225054205
318,4.77,10.767976109959662,4.899698799128728,5.488857514630878,5.9469161501779855,5.5173639471365155,5.930262487579753,5.367042043065471,5.84484452533423,5.661732992118729,6.053047820081875,5.76755637041447,5.646224385567354,5.798982886082895,5.818183919153517,5.625543376146632,5.868245652785301,5.417646059155825,5.76741946282546,5.7591158822961805,7.6691424172295015,6.1009406890529245,5.848594043347814,5.1131792343227165,5.9264106645651236,5.653126939253312,5.752228541384282,5.834289614344691,5.203610978668878,5.693220949537251,5.612990326527324,5.744496911272668,5.554351465013627,5.9252509706712075,6.073720466352313,8.854559504346609,5.8168809056125905
319,5.11,11.750661154034107,5.247896697271691,5.999235064662418,6.450989355488575,5.950076591639339,6.415839327342555,5.7841100738606634,6.334736733126824,6.115666739718197,6.566517381949222,6.247653225276999,6.101300363994689,6.269561216992568,6.290897950263296,6.075326137608865,6.343683815891858,5.841286642061404,6.2469092985919,6.22532403741802,8.347807106793448,6.602583098986642,6.358076557881098,5.4977032016727385,6.408575558242483,6.106026817754888,6.223212262047559,6.31669842873413,5.599830932842142,6.146301896828482,6.061260239654985,6.208254422383517,5.998864299989002,6.406467157774896,6.572120161721205,9.646020400406254,6.287150461766025
320,4.82,10.912488616441202,4.950904372385046,5.563913036694341,6.021044562723661,5.580998159563402,6.001670846368402,5.428375577005941,5.916887497068436,5.728487955001004,6.12855804976825,5.838158849070725,5.713147323571375,5.868185581804906,5.887700688434368,5.691687899891079,5.938163029712737,5.479946144877234,5.837932673967585,5.827675905108217,7.768946048047732,6.174711631690236,5.923517942543885,5.169726876580073,5.997317266576501,5.719729862562369,5.82149085324653,5.90523208704902,5.261878618988476,5.759850500609492,5.67891237257551,5.812696545259558,5.61972099956883,5.996018057009986,6.147014539200681,8.970950812590676,5.886038193282214
321,4.95,11.288221133293195,5.0840388628514726,5.75905739405934,6.213778435342416,5.746447111873304,6.187332579218884,5.587842765251161,6.104199223577368,5.902050858494918,6.324884646952824,6.021725293576985,5.887146962381825,6.048112590682134,6.068444288564577,5.863663661626638,6.1199482097240665,5.641926367752896,6.0212670229371055,6.005931964419508,8.028435488175122,6.366516082547246,6.11832008045367,5.316750746449198,6.18167443180608,5.892897463165911,6.00157286408837,6.089682516080276,5.41337448381943,5.933087333397314,5.850309692300791,5.99001559362547,5.789681789412356,6.180012481490808,6.337579128606433,9.273568214025246,6.065847141223233
322,4.9,11.14370862681166,5.032833289595155,5.68400187199588,6.139650022796742,5.68281289944642,6.115924220430237,5.526509231310692,6.032156251843164,5.835295895612644,6.24937441726645,5.951122814920732,5.820224024377806,5.978909894960124,5.998927519283728,5.797519137882192,6.050030832796633,5.579626282031488,5.950753811794983,5.9373719416074735,7.928631857356896,6.292745139909936,6.0433961812576,5.260203104191843,6.110767829794704,5.826294539856857,5.932310552226125,6.0187400433759475,5.355106843499833,5.866457782325076,5.784387646252607,5.9218159596385815,5.7243122548571534,6.109245395152031,6.264285055758067,9.157176905781181,5.996689853553611
323,4.876666666666667,11.076269457120276,5.008937355408873,5.6489759616995965,6.10505676360876,5.6531169336472065,6.082600319662202,5.497886915471806,5.9985361983672005,5.8041435796009155,6.214136310079475,5.918174991547813,5.78899331997593,5.946615303623185,5.966486360285997,5.766651693468117,6.017402723563829,5.55055290869483,5.917847646595324,5.90537726429519,7.882056829641723,6.258318700012523,6.008431694966099,5.233814204471743,6.077678082189394,5.795213175645964,5.899988140023742,5.985633556113927,5.327915278017354,5.835363991824697,5.753624024763453,5.889989463778033,5.6938064720647255,6.0762207548606,6.230081155095496,9.10286096193395,5.964416452641121
324,4.8533333333333335,11.008830287428893,4.985041421222591,5.6139500514033145,6.070463504420778,5.623420967847993,6.049276418894166,5.469264599632921,5.964916144891238,5.772991263589187,6.1788982028924995,5.885227168174894,5.7577626155740536,5.914320712286246,5.934045201288268,5.735784249054042,5.984774614331026,5.521479535358173,5.884941481395667,5.873382586982907,7.835481801926549,6.223892260115111,5.973467208674599,5.207425304751643,6.044588334584085,5.764131811435071,5.867665727821361,5.952527068851906,5.300723712534874,5.804270201324318,5.7228604032743,5.858162967917484,5.6633006892722975,6.04319611456917,6.195877254432925,9.04854501808672,5.932143051728628
325,4.83,10.941391117737506,4.961145487036309,5.5789241411070325,6.035870245232795,5.593725002048779,6.01595251812613,5.440642283794035,5.931296091415277,5.741838947577458,6.143660095705525,5.852279344801975,5.726531911172177,5.882026120949307,5.901604042290537,5.704916804639968,5.952146505098224,5.492406162021515,5.852035316196009,5.8413879096706225,7.788906774211375,6.189465820217698,5.938502722383099,5.181036405031543,6.011498586978776,5.733050447224179,5.835343315618978,5.919420581589886,5.273532147052395,5.77317641082394,5.692096781785146,5.826336472056935,5.6327949064798695,6.010171474277741,6.161673353770353,8.994229074239488,5.899869650816139
326,4.95,11.288221133293195,5.0840388628514726,5.75905739405934,6.213778435342416,5.746447111873304,6.187332579218884,5.587842765251161,6.104199223577368,5.902050858494918,6.324884646952824,6.021725293576985,5.887146962381825,6.048112590682134,6.068444288564577,5.863663661626638,6.1199482097240665,5.641926367752896,6.0212670229371055,6.005931964419508,8.028435488175122,6.366516082547246,6.11832008045367,5.316750746449198,6.18167443180608,5.892897463165911,6.00157286408837,6.089682516080276,5.41337448381943,5.933087333397314,5.850309692300791,5.99001559362547,5.789681789412356,6.180012481490808,6.337579128606433,9.273568214025246,6.065847141223233
327,4.93,11.23041613070058,5.063556633548945,5.729035185233956,6.184127070324146,5.720993426902551,6.158769235703424,5.563309351674973,6.0753820348836856,5.875348873342007,6.294680555078273,5.993484302114483,5.860377787180218,6.02043151239333,6.040637580852236,5.837205852128859,6.091981258953092,5.617006333464332,5.993061738480256,5.978507955294694,7.98851403584783,6.33700770549232,6.088350520775242,5.294131689546256,6.153311791001529,5.866256293842289,5.973867939343472,6.061305526998543,5.39006742769159,5.906435512968419,5.823940873881517,5.962735740030714,5.763533975590274,6.151705646955295,6.308261499467085,9.227011690727618,6.0381842261553835
328,4.924,11.213074629922794,5.057411964758186,5.72002852258634,6.175231660818664,5.713357321411324,6.150200232648787,5.555949327602117,6.066736878275581,5.867338277796135,6.285619327515907,5.985012004675732,5.852347034619735,6.012127188906687,6.032295568538535,5.829268509279526,6.0835911737218,5.609530323177763,5.984600153143201,5.970280752557249,7.976537600149642,6.328155192375844,6.079359652871712,5.287345972475373,6.144802998760162,5.858263943045202,5.965556461920002,6.052792430274025,5.383075310853238,5.898439966839749,5.816030228355734,5.9545517839522875,5.75568963144365,6.143213596594642,6.2994662107252815,9.213044733738329,6.029885351635029
329,4.918,11.195733129145012,5.051267295967429,5.711021859938725,6.166336251313184,5.705721215920098,6.14163122959415,5.548589303529261,6.058091721667477,5.859327682250262,6.276558099953544,5.976539707236983,5.844316282059253,6.003822865420047,6.023953556224833,5.821331166430192,6.075201088490508,5.602054312891195,5.976138567806147,5.962053549819805,7.964561164451456,6.3193026792593665,6.070368784968185,5.280560255404491,6.136294206518799,5.8502715922481165,5.9572449844965325,6.044279333549506,5.376083194014887,5.890444420711082,5.808119582829954,5.946367827873861,5.747845287297027,6.1347215462339895,6.290670921983478,9.199077776749045,6.021586477114675
330,4.912,11.178391628367226,5.045122627176671,5.702015197291109,6.157440841807702,5.698085110428871,6.133062226539511,5.541229279456404,6.049446565059372,5.851317086704389,6.2674968723911775,5.968067409798232,5.83628552949877,5.995518541933405,6.015611543911131,5.813393823580858,6.0668110032592155,5.594578302604625,5.967676982469091,5.9538263470823605,7.952584728753269,6.310450166142889,6.061377917064655,5.273774538333607,6.127785414277433,5.842279241451029,5.948933507073063,6.035766236824985,5.3690910771765346,5.882448874582413,5.80020893730417,5.938183871795434,5.740000943150401,6.126229495873336,6.281875633241674,9.185110819759755,6.013287602594319
331,4.906000000000001,11.161050127589444,5.038977958385914,5.693008534643495,6.148545432302223,5.690449004937646,6.124493223484874,5.533869255383548,6.0408014084512685,5.843306491158517,6.258435644828815,5.959595112359483,5.828254776938289,5.9872142184467645,6.00726953159743,5.805456480731526,6.058420918027925,5.5871022923180576,5.959215397132038,5.945599144344918,7.940608293055083,6.301597653026413,6.052387049161128,5.266988821262726,6.119276622036069,5.834286890653944,5.940622029649594,6.027253140100466,5.362098960338185,5.874453328453744,5.79229829177839,5.9299999157170085,5.732156599003778,6.1177374455126845,6.273080344499871,9.171143862770467,6.004988728073966
332,4.9,11.14370862681166,5.032833289595155,5.68400187199588,6.139650022796742,5.68281289944642,6.115924220430237,5.526509231310692,6.032156251843164,5.835295895612644,6.24937441726645,5.951122814920732,5.820224024377806,5.978909894960124,5.998927519283728,5.797519137882192,6.050030832796633,5.579626282031488,5.950753811794983,5.9373719416074735,7.928631857356896,6.292745139909936,6.0433961812576,5.260203104191843,6.110767829794704,5.826294539856857,5.932310552226125,6.0187400433759475,5.355106843499833,5.866457782325076,5.784387646252607,5.9218159596385815,5.7243122548571534,6.109245395152031,6.264285055758067,9.157176905781181,5.996689853553611
333,4.52,10.045413577551985,4.6436709328471375,5.113579904313571,5.576274087449612,5.199192885002087,5.573220693636518,5.060374373363125,5.484629666663207,5.327958177707356,5.675496671650003,5.414543977133199,5.311609695547256,5.452969407472841,5.470600072749269,5.294820757424402,5.5186587681481285,5.106145630548781,5.414853407114844,5.4163157682360055,7.170124263138368,5.732085975866367,5.473974547367456,4.830441023035935,5.571877654508242,5.320112322708038,5.40591698207305,5.479577250823046,4.912272777070889,5.360073194176053,5.283380096286398,5.403498741338222,5.227503792237618,5.57141553897732,5.707250102110481,8.272602963126284,5.471094467264479
334,4.31,9.438461050329533,4.428607525170602,4.798346711647033,5.264934754757777,4.931929192809165,5.273305586724199,4.802773530813154,5.1820491853795465,5.047587333601803,5.358353706967231,5.118013566776931,5.030533355930373,5.162318085440395,5.178629641769701,5.017013757697729,5.225005785052902,4.844485270518865,5.118697920317928,5.128363672425458,6.750949013701814,5.422248016789659,5.159294170743959,4.592940925555039,5.274069926060461,5.040380044810007,5.115015272251615,5.1816188654648645,4.66754868772858,5.0802290796726455,5.00650750288402,5.117060278593286,4.952951747105771,5.274193776354453,5.3994149961473425,7.7837594685012075,5.1806338590520635
335,4.08,8.77370352051447,4.193061888191539,4.453091310155111,4.923944057047674,4.639211815645492,4.944827136296423,4.520639274686997,4.850651515402206,4.740514504343341,5.011006650409909,4.793242164958162,4.722687841111885,4.843985685119147,4.858852503077793,4.712748948473278,4.903385851186704,4.557904876200386,4.794337149064161,4.812987567490097,6.291852311937971,5.082901680658028,4.8146442344420315,4.332821771171201,4.947899556808132,4.734006597588355,4.796408637685281,4.855283491024951,4.399517542258431,4.773733144740344,4.703266091062368,4.8033419622535956,4.652251888151842,4.948665179196077,5.062262261044858,7.2483594505785085,4.862510335771801
336,3.79,7.935530982921562,3.896069563304894,4.017769282187034,4.49399926428276,4.270133383569554,4.530658655322269,4.164904777832275,4.43280227934382,4.353335719626148,4.573047318228938,4.383747788751887,4.33453480068857,4.442610049931485,4.4556552412488655,4.329110710755492,4.497865065007582,4.196564379016214,4.385360524439846,4.415339435180295,5.7129912531922535,4.655030213361622,4.380085619104818,4.004845446078535,4.536641265142149,4.347709642395835,4.394687228884251,4.443817149339843,4.061565228404765,4.387281748521354,4.320918223982893,4.407784085129637,4.273108587731672,4.538216078431167,4.637156638524333,6.5732898627629295,4.461398067287989
337,3.7466666666666666,7.810286810637563,3.851691399816085,3.952721163065368,4.429754640076508,4.2149837327995865,4.468771411038775,4.1117490484172015,4.3703650371741745,4.29548141846151,4.507605119167414,4.3225589739164665,4.276534921085086,4.382634380305742,4.395407374538795,4.271785456843638,4.437270005003805,4.1425709713909935,4.324249074783339,4.3559207487431975,5.62649477314979,4.591095396409285,4.315151573134889,3.9558374894554933,4.47518887673229,4.289987108861321,4.334659891936971,4.382333672996091,4.011066606794447,4.329536137592078,4.263785784074466,4.348677735674333,4.216454991117163,4.476884603604225,4.573635108722415,6.472417395618073,4.401461751307649
338,3.7033333333333336,7.685042638353567,3.8073132363272766,3.887673043943701,4.365510015870257,4.15983408202962,4.4068841667552805,4.058593319002128,4.307927795004531,4.237627117296873,4.442162920105889,4.261370159081046,4.218535041481603,4.322658710679999,4.335159507828726,4.214460202931785,4.37667494500003,4.088577563765773,4.2631376251268325,4.2965020623061,5.539998293107327,4.527160579456949,4.250217527164962,3.9068295328324516,4.413736488322431,4.232264575326807,4.274632554989691,4.320850196652339,3.96056798518413,4.271790526662805,4.206653344166039,4.289571386219029,4.159801394502655,4.415553128777285,4.510113578920498,6.371544928473216,4.34152543532731
339,3.66,7.559798466069568,3.7629350728384674,3.8226249248220343,4.301265391664005,4.104684431259651,4.344996922471786,4.005437589587055,4.245490552834887,4.179772816132235,4.376720721044364,4.200181344245626,4.160535161878119,4.262683041054256,4.274911641118656,4.157134949019932,4.3160798849962525,4.034584156140552,4.202026175470325,4.237083375869004,5.453501813064863,4.463225762504613,4.185283481195033,3.8578215762094095,4.352284099912572,4.174542041792292,4.2146052180424105,4.259366720308588,3.9100693635738115,4.21404491573353,4.149520904257612,4.230465036763725,4.1031477978881465,4.354221653950344,4.446592049118579,6.270672461328359,4.281589119346971
340,3.6,7.386383458291726,3.7014883849308857,3.732558298345881,4.212311296609196,4.028323376347389,4.2593068919254105,3.9318373488584912,4.159038986753842,4.099666860673506,4.286108445420715,4.115458369858121,4.080227636273296,4.1796398061878435,4.191491517981636,4.077761520526597,4.232179032683332,3.9598240532748616,4.1174103220997775,4.154811348494562,5.333737456082991,4.374700631339839,4.095374802159748,3.789964405500582,4.26719617749892,4.094618533821427,4.131490443807715,4.174235753063393,3.8401481951902943,4.134089454446842,4.07041444899979,4.1486254759794585,4.024704356421905,4.269301150343812,4.358639161700541,6.131002891435482,4.198600374143423
341,3.79,7.935530982921562,3.896069563304894,4.017769282187034,4.49399926428276,4.270133383569554,4.530658655322269,4.164904777832275,4.43280227934382,4.353335719626148,4.573047318228938,4.383747788751887,4.33453480068857,4.442610049931485,4.4556552412488655,4.329110710755492,4.497865065007582,4.196564379016214,4.385360524439846,4.415339435180295,5.7129912531922535,4.655030213361622,4.380085619104818,4.004845446078535,4.536641265142149,4.347709642395835,4.394687228884251,4.443817149339843,4.061565228404765,4.387281748521354,4.320918223982893,4.407784085129637,4.273108587731672,4.538216078431167,4.637156638524333,6.5732898627629295,4.461398067287989
342,3.67,7.588700967365875,3.7731761874897303,3.837636029234727,4.31609107417314,4.117411273745028,4.359278594229516,4.017704296375149,4.259899147181727,4.19312380870869,4.391822766981639,4.214301839976877,4.173919749478923,4.276523580198658,4.2888149949748255,4.170363853768821,4.33006336038174,4.047044173284833,4.21612881769875,4.25079538043141,5.473462539228509,4.477979951032074,4.200268261034247,3.8691311046608803,4.366465420314846,4.187862626454103,4.228457680414859,4.273555214849453,3.9217228916377307,4.227370825947977,4.1627053134672485,4.244104963561103,4.116221704799187,4.3683750712181,4.461250863688253,6.293950722977172,4.295420576880894
343,3.65,7.5308959647732605,3.752693958187204,3.8076138204093417,4.28643970915487,4.0919575887742745,4.330715250714057,3.9931708827989607,4.231081958488046,4.16642182355578,4.361618675107089,4.186060848514375,4.147150574277315,4.248842501909854,4.261008287262486,4.143906044271043,4.3020964096107654,4.02212413899627,4.1879235332419,4.223371371306596,5.433541086901218,4.44847157397715,4.170298701355818,3.8465120477579378,4.3381027795102955,4.161221457130481,4.200752755669961,4.245178225767722,3.8984158355098915,4.200719005519082,4.136336495047974,4.216825109966347,4.090073890977107,4.340068236682589,4.431933234548906,6.247394199679546,4.267757661813046
344,3.783333333333333,7.916262648724023,3.889242153537385,4.007761879245239,4.4841154759433355,4.261648821912636,4.521137540817116,4.156726973306879,4.423196549779258,4.344435057908512,4.5629792876040876,4.374334124931053,4.325611742288034,4.433383023835216,4.446386338678085,4.320291440922898,4.488542748083924,4.188257700920026,4.375958762954229,4.406198098805356,5.69968410241649,4.645194087676646,4.370095765878674,3.997305760444221,4.527187051540632,4.338829252621295,4.385452253969285,4.434358152979265,4.053796209695485,4.378397808378388,4.312128617843135,4.398690800598052,4.264392649790977,4.528780466919329,4.627384095477883,6.5577710216637195,4.452177095598706
345,3.9166666666666665,8.301629332674786,4.025790348887567,4.207909938081137,4.681791242731803,4.431340055050998,4.711559830920175,4.320283063814797,4.615311141070471,4.522448292261244,4.764339900101087,4.562607401347732,4.504072910298754,4.617923545760577,4.631764390093684,4.496676837574754,4.674989086557083,4.354391262843783,4.563993992666558,4.589024826304116,5.965827117931762,4.841916601376144,4.569892830401532,4.148099473130504,4.716271323570969,4.516437048112108,4.570151752268609,4.62353808019081,4.209176583881079,4.556076611237694,4.487920740638296,4.580556491229757,4.43871140860485,4.71749269715607,4.8228349564068616,6.868147843647894,4.6365965293843665
346,4.05,8.686996016625546,4.162338544237747,4.408057996917034,4.879467009520268,4.601031288189359,4.901982121023234,4.483839154322714,4.807425732361683,4.700461526613976,4.965700512598084,4.750880677764409,4.682534078309471,4.80246406768594,4.817142441509283,4.6730622342266095,4.861435425030242,4.52052482476754,4.752029222378886,4.771851553802876,6.231970133447033,5.0386391150756396,4.769689894924388,4.298893185816787,4.905355595601305,4.694044843602921,4.754851250567933,4.812718007402353,4.3645569580666725,4.733755414097,4.663712863433457,4.762422181861462,4.613030167418721,4.90620492739281,5.018285817335837,7.178524665632066,4.821015963170026
347,3.71,7.704310972551103,3.814140646094785,3.897680446885496,4.37539380420968,4.168318643686536,4.416405281260434,4.0667711235275235,4.317533524569091,4.246527779014509,4.452230950730739,4.270783822901881,4.2274580998821385,4.331885736776266,4.344428410399505,4.2232794727643785,4.385997261923687,4.096884241861961,4.272539386612449,4.305643398681038,5.55330544388309,4.536996705141924,4.260207380391104,3.9143692184667653,4.4231907019239465,4.2411449651013475,4.283867529904657,4.3303091930129165,3.968337003893409,4.2806744668057695,4.215442950305796,4.298664670750615,4.168517332443349,4.4249887402891215,4.519886121966946,6.387063769572424,4.350746407016593
348,3.79,7.935530982921562,3.896069563304894,4.017769282187034,4.49399926428276,4.270133383569554,4.530658655322269,4.164904777832275,4.43280227934382,4.353335719626148,4.573047318228938,4.383747788751887,4.33453480068857,4.442610049931485,4.4556552412488655,4.329110710755492,4.497865065007582,4.196564379016214,4.385360524439846,4.415339435180295,5.7129912531922535,4.655030213361622,4.380085619104818,4.004845446078535,4.536641265142149,4.347709642395835,4.394687228884251,4.443817149339843,4.061565228404765,4.387281748521354,4.320918223982893,4.407784085129637,4.273108587731672,4.538216078431167,4.637156638524333,6.5732898627629295,4.461398067287989
349,3.67,7.588700967365875,3.7731761874897303,3.837636029234727,4.31609107417314,4.117411273745028,4.359278594229516,4.017704296375149,4.259899147181727,4.19312380870869,4.391822766981639,4.214301839976877,4.173919749478923,4.276523580198658,4.2888149949748255,4.170363853768821,4.33006336038174,4.047044173284833,4.21612881769875,4.25079538043141,5.473462539228509,4.477979951032074,4.200268261034247,3.8691311046608803,4.366465420314846,4.187862626454103,4.228457680414859,4.273555214849453,3.9217228916377307,4.227370825947977,4.1627053134672485,4.244104963561103,4.116221704799187,4.3683750712181,4.461250863688253,6.293950722977172,4.295420576880894
350,3.71,7.704310972551103,3.814140646094785,3.897680446885496,4.37539380420968,4.168318643686536,4.416405281260434,4.0667711235275235,4.317533524569091,4.246527779014509,4.452230950730739,4.270783822901881,4.2274580998821385,4.331885736776266,4.344428410399505,4.2232794727643785,4.385997261923687,4.096884241861961,4.272539386612449,4.305643398681038,5.55330544388309,4.536996705141924,4.260207380391104,3.9143692184667653,4.4231907019239465,4.2411449651013475,4.283867529904657,4.3303091930129165,3.968337003893409,4.2806744668057695,4.215442950305796,4.298664670750615,4.168517332443349,4.4249887402891215,4.519886121966946,6.387063769572424,4.350746407016593
351,3.776666666666667,7.896994314526485,3.882414743769876,3.9977544763034447,4.474231687603913,4.253164260255718,4.511616426311964,4.148549168781483,4.413590820214698,4.335534396190876,4.552911256979238,4.36492046111022,4.316688683887499,4.424155997738948,4.437117436107306,4.311472171090306,4.479220431160267,4.17995102282384,4.366557001468613,4.397056762430418,5.686376951640727,4.635357961991673,4.360105912652533,3.989766074809907,4.517732837939116,4.329948862846754,4.376217279054319,4.424899156618689,4.046027190986206,4.369513868235423,4.303339011703377,4.389597516066467,4.255676711850285,4.519344855407493,4.617611552431435,6.542252180564511,4.442956123909423
352,3.843333333333333,8.089677656501866,3.950688841444967,4.0978285057213935,4.573069570998146,4.3380098768248985,4.6068275713634925,4.230327214035441,4.509648115860304,4.424541013367241,4.653591563227737,4.459057099318558,4.405919267892858,4.516426258701628,4.529806461815104,4.399664869416234,4.572443600396847,4.263017803785717,4.460574616324777,4.488470126179799,5.819448459398362,4.733719218841421,4.46000444491396,4.065162931153048,4.612274973954284,4.4187527605921595,4.468567028203981,4.51948912022446,4.123717378079002,4.458353269665076,4.391235073100957,4.4805303613823195,4.342836091257221,4.613700970525862,4.7153369828959235,6.697440591556599,4.535165840802254
353,3.91,8.282360998477248,4.018962939120057,4.197902535139342,4.67190745439238,4.4228554933940805,4.702038716415022,4.312105259289401,4.60570541150591,4.5135476305436075,4.754271869476236,4.553193737526898,4.495149851898217,4.60869651966431,4.6224954875229045,4.487857567742162,4.665666769633426,4.3460845847475955,4.554592231180942,4.579883489929179,5.9525199671559985,4.8320804756911695,4.559902977175389,4.140559787496191,4.706817109969453,4.507556658337567,4.560916777353643,4.614079083830233,4.201407565171799,4.547192671094729,4.479131134498537,4.571463206698172,4.429995470664156,4.708057085644233,4.813062413360412,6.852629002548686,4.627375557695084
354,3.96,8.426873504958785,4.070168512376376,4.272958057202803,4.746035866938054,4.486489705820966,4.77344707520367,4.37343879322987,4.677748383240115,4.580302593425882,4.829782099162611,4.623796216183152,4.562072789902237,4.67789921538632,4.692012256803754,4.554002091486607,4.735584146560861,4.408384670469005,4.625105442323065,4.648443512741213,6.052323597974226,4.9058514183284805,4.63482687637146,4.197107429753546,4.777723711980829,4.574159581646622,4.63017908921589,4.685021556534562,4.259675205491397,4.613822222166968,4.545053180546724,4.6396628406850615,4.495365005219359,4.778824171983011,4.886356486208778,6.969020310792752,4.696532845364707
355,3.95,8.397971003662477,4.0599273977251125,4.257946952790112,4.73121018442892,4.4737628633355895,4.759165403445941,4.361172086441776,4.663339788893275,4.566951600849428,4.814680053225336,4.609675720451902,4.548688202301434,4.664058676241919,4.678108902947584,4.540773186737718,4.721600671175374,4.395924653324723,4.611002800094641,4.634731508178807,6.032362871810582,4.8910972298010185,4.619842096532246,4.185797901302076,4.763542391578554,4.5608389969848115,4.61632662684344,4.670833061993696,4.248021677427477,4.60049631195252,4.531868771337086,4.626022913887683,4.482291098308318,4.764670754715255,4.871697671639106,6.94574204914394,4.682701387830782
356,3.56,7.270773453106497,3.660523926325831,3.672513880695112,4.153008566572655,3.9774160064058797,4.202180204894492,3.8827705217061164,4.101404609366478,4.046262890367686,4.225700261671616,4.058976386933118,4.026689285870081,4.124277649610235,4.135878102556957,4.02484590153104,4.176245131141384,3.909983984697735,4.060999753186079,4.0999633302449325,5.25389455142841,4.31568387722999,4.03543568280289,3.744726291694697,4.210470895889818,4.041336195174183,4.076080594317918,4.117481774899931,3.793534082934616,4.080785813589052,4.017676812161241,4.094065768789947,3.9724087287777436,4.2126874812727895,4.300003903421848,6.03788984484023,4.143274544007726
357,3.5325,7.191291574541652,3.632360861034857,3.631233343560208,4.112237939672535,3.9424171895710933,4.162905607560736,3.8490370780388585,4.061780974912665,4.009547660782435,4.18416963534411,4.020145023672178,3.9898816699678696,4.086216166963129,4.09764387945249,3.988466413471595,4.137790573831294,3.8757189375509604,4.022217487057912,4.062255317698314,5.199002554478385,4.2751098587794685,3.9942275382450516,3.713625088453151,4.171472264783562,4.004704587354203,4.0379863227936825,4.078463414912549,3.7614868807588375,4.044139560499319,3.981419686834739,4.056555970097158,3.9364554847723827,4.173765583786462,4.259692163355247,5.973874625305993,4.105238035789434
358,3.505,7.111809695976807,3.604197795743881,3.589952806425304,4.071467312772413,3.907418372736305,4.12363101022698,3.8153036343716002,4.022157340458852,3.9728324311971837,4.142639009016603,3.9813136604112382,3.9530740540656586,4.048154684316023,4.059409656348022,3.952086925412149,4.099336016521205,3.841453890404185,3.983435220929743,4.024547305151694,5.14411055752836,4.234535840328947,3.953019393687212,3.682523885211605,4.132473633677304,3.968072979534222,3.999892051269446,4.039445054925167,3.7294396785830584,4.007493307409587,3.9451625615082375,4.0190461714043675,3.900502240767021,4.134843686300133,4.219380423288644,5.909859405771757,4.06720152757114
359,3.4775,7.032327817411962,3.5760347304529065,3.5486722692904,4.030696685872292,3.872419555901518,4.084356412893224,3.781570190704342,3.98253370600504,3.9361172016119337,4.101108382689098,3.942482297150298,3.916266438163448,4.010093201668917,4.021175433243554,3.915707437352704,4.060881459211116,3.8071888432574106,3.944652954801575,3.9868392926050755,5.089218560578335,4.1939618218784265,3.9118112491293733,3.6514226819700593,4.093475002571047,3.931441371714242,3.9617977797452104,4.0004266949377865,3.6973924764072796,3.9708470543198553,3.908905436181735,3.9815363727115787,3.86454899676166,4.095921788813806,4.1790686832220425,5.84584418623752,4.029165019352848
360,3.45,6.952845938847118,3.5478716651619315,3.507391732155497,3.989926058972171,3.837420739066731,4.0450818155594686,3.747836747037084,3.9429100715512275,3.8994019720266824,4.059577756361592,3.903650933889359,3.8794588222612374,3.9720317190218113,3.9829412101390878,3.879327949293259,4.022426901901027,3.7729237961106357,3.9058706886734083,3.949131280058456,5.034326563628311,4.153387803427905,3.8706031045715346,3.6203214787285134,4.054476371464791,3.894809763894261,3.9237035082209757,3.9614083349504066,3.665345274231502,3.9342008012301237,3.872648310855234,3.94402657401879,3.8285957527563,4.056999891327479,4.138756943155442,5.781828966703285,3.991128511134556
361,3.32,6.577113421995125,3.4147371746955044,3.312247374790496,3.797192186353416,3.671971786756828,3.8594200827089855,3.5883695587918636,3.7555983450422947,3.7258390685327685,3.863251159177019,3.7200844893830975,3.7054591834507855,3.7921047101445833,3.8021976100088777,3.7073521875576994,3.840641721889697,3.6109435732349726,3.722536339703887,3.7708752207471647,4.77483712350092,3.9615833525708952,3.6758009666617486,3.473297608859387,3.870119206235212,3.7216421632907184,3.743621497379134,3.7769579059191507,3.5138494094005477,3.7609639684423,3.701250991129952,3.766707525652878,3.6586349629127737,3.8730054668466565,3.948192353749689,5.479211565268715,3.8113195631935364
362,3.4,6.808333432365582,3.496666091905613,3.432336210092035,3.915797646426496,3.773786526639845,3.973673456770821,3.686503213096614,3.8708670998170227,3.8326470091444076,3.9840675266752177,3.8330484552331043,3.8125358842572172,3.9028290232998,3.9134244408582375,3.8131834255488126,3.9525095249735926,3.7106237103892266,3.8353574775312844,3.8805712572464213,4.934522932810084,4.079616860790594,3.795679205375462,3.5637738364711566,3.983569769453414,3.828206840585206,3.854441196358729,3.890465862246077,3.6070776339119037,3.8675712501578836,3.8067262648070477,3.8758269400319003,3.7632262182010976,3.9862328049887013,4.0654628703070745,5.665437658459219,3.921971223464933
363,3.82,8.022238486810483,3.926792907258685,4.062802595425112,4.538476311810165,4.308313911025685,4.573503670595457,4.201704898196557,4.4760280623843425,4.393388697355514,4.618353456040763,4.42610927594564,4.374688563490983,4.484131667364691,4.497365302817375,4.368797425002159,4.539815491164044,4.23394443044906,4.42766845112512,4.456475448867516,5.772873431683191,4.6992927789440095,4.425039958622461,4.038774031432949,4.579185226348975,4.387671396381268,4.436244616001599,4.4863826329624406,4.096525812596523,4.4272594791646975,4.360471451611804,4.448703865521771,4.312330308464793,4.580676330234433,4.681133082233353,6.643124647709368,4.502892439889763
364,3.82,8.022238486810483,3.926792907258685,4.062802595425112,4.538476311810165,4.308313911025685,4.573503670595457,4.201704898196557,4.4760280623843425,4.393388697355514,4.618353456040763,4.42610927594564,4.374688563490983,4.484131667364691,4.497365302817375,4.368797425002159,4.539815491164044,4.23394443044906,4.42766845112512,4.456475448867516,5.772873431683191,4.6992927789440095,4.425039958622461,4.038774031432949,4.579185226348975,4.387671396381268,4.436244616001599,4.4863826329624406,4.096525812596523,4.4272594791646975,4.360471451611804,4.448703865521771,4.312330308464793,4.580676330234433,4.681133082233353,6.643124647709368,4.502892439889763
