,"Southern Company Services, Inc. - Trans",ISO New England,"Midcontinent Independent System Operator, Inc.","PJM Interconnection, LLC","Alcoa Power Generating, Inc. - Yadkin Division","Associated Electric Cooperative, Inc.",City of Homestead,City of Tallahassee,Duke Energy Carolinas,"Duke Energy Florida, Inc.",Duke Energy Progress East,Duke Energy Progress West,"Electric Energy, Inc.",Florida Municipal Power Pool,Florida Power & Light Co.,Gainesville Regional Utilities,"Gridforce Energy Management, LLC",JEA,Louisville Gas and Electric Company and Kentucky Utilities Company,Utilities Commission of New Smyrna Beach,New York Independent System Operator,NorthWestern Corporation,Ohio Valley Electric Corporation,PowerSouth Energy Cooperative,Public Service Company of New Mexico,Seminole Electric Cooperative,"Dominion Energy South Carolina, Inc.",South Carolina Public Service Authority,Southeastern Power Administration,Southwest Power Pool,Southwestern Power Administration,Tampa Electric Company,Tennessee Valley Authority,Western Area Power Administration - Rocky Mountain Region,Western Area Power Administration - Upper Great Plains West,New Brunswick System Operator,"Electric Reliability Council of Texas, Inc."
0,3.71,7.704310972551103,3.814140646094785,3.897680446885496,4.37539380420968,4.168318643686536,4.416405281260434,4.0667711235275235,4.317533524569091,4.246527779014509,4.452230950730739,4.270783822901881,4.2274580998821385,4.331885736776266,4.344428410399505,4.2232794727643785,4.385997261923687,4.096884241861961,4.272539386612449,4.305643398681038,5.55330544388309,4.536996705141924,4.260207380391104,3.9143692184667653,4.4231907019239465,4.2411449651013475,4.283867529904657,4.3303091930129165,3.968337003893409,4.2806744668057695,4.215442950305796,4.298664670750615,4.168517332443349,4.4249887402891215,4.519886121966946,6.387063769572424,4.350746407016593
1,3.71,7.704310972551103,3.814140646094785,3.897680446885496,4.37539380420968,4.168318643686536,4.416405281260434,4.0667711235275235,4.317533524569091,4.246527779014509,4.452230950730739,4.270783822901881,4.2274580998821385,4.331885736776266,4.344428410399505,4.2232794727643785,4.385997261923687,4.096884241861961,4.272539386612449,4.305643398681038,5.55330544388309,4.536996705141924,4.260207380391104,3.9143692184667653,4.4231907019239465,4.2411449651013475,4.283867529904657,4.3303091930129165,3.968337003893409,4.2806744668057695,4.215442950305796,4.298664670750615,4.168517332443349,4.4249887402891215,4.519886121966946,6.387063769572424,4.350746407016593
2,3.41,6.83723593366189,3.5069072065568774,3.4473473145047278,3.9306233289356314,3.7865133691252226,3.987955128528551,3.698769919884709,3.885275694163864,3.8459980017208624,3.9991695726124927,3.8471689509643556,3.825920471858022,3.916669562444203,3.927327794714408,3.8264123302977024,3.96649300035908,3.723083727533509,3.84946011975971,3.8942832618088286,4.954483658973729,4.094371049318056,3.8106639852146773,3.5750833649226283,3.997751089855689,3.8415274252470177,3.8682936587311785,3.904654356786943,3.6187311619758233,3.880897160372332,3.8199106740166853,3.8894668668292782,3.7763001251121384,4.0003862222564575,4.080121684876749,5.688715920108033,3.935802680998858
3,3.42,6.866138434958196,3.5171483212081407,3.4623584189174195,3.945449011444766,3.7992402116105994,4.00223680028628,3.7110366266728025,3.899684288510705,3.8593489942973176,4.014271618549767,3.861289446695606,3.8393050594588254,3.930510101588604,3.9412311485705778,3.8396412350465914,3.9804764757445663,3.7355437446777904,3.863562761988134,3.907995266371235,4.974444385137374,4.109125237845518,3.825648765053891,3.5863928933740996,4.011932410257964,3.854848009908829,3.8821461211036272,3.918842851327809,3.630384690039743,3.8942230705867793,3.833095083226322,3.903106793626656,3.789374032023178,4.014539639524212,4.094780499446421,5.711994181756846,3.9496341385327813
4,3.42,6.866138434958196,3.5171483212081407,3.4623584189174195,3.945449011444766,3.7992402116105994,4.00223680028628,3.7110366266728025,3.899684288510705,3.8593489942973176,4.014271618549767,3.861289446695606,3.8393050594588254,3.930510101588604,3.9412311485705778,3.8396412350465914,3.9804764757445663,3.7355437446777904,3.863562761988134,3.907995266371235,4.974444385137374,4.109125237845518,3.825648765053891,3.5863928933740996,4.011932410257964,3.854848009908829,3.8821461211036272,3.918842851327809,3.630384690039743,3.8942230705867793,3.833095083226322,3.903106793626656,3.789374032023178,4.014539639524212,4.094780499446421,5.711994181756846,3.9496341385327813
5,3.38,6.750528429772968,3.476183862603086,3.40231400126665,3.8861462814082266,3.748332841669091,3.945110113255362,3.661969799520427,3.8420499111233406,3.805945023991497,3.953863434800668,3.804807463770602,3.7857667090556095,3.875147945010996,3.8856177331458985,3.7867256160510347,3.9245425742026185,3.685703676100663,3.807152193074435,3.8531472481216067,4.894601480482793,4.050108483735669,3.765709645697034,3.541154779568214,3.9552071286488633,3.8015656712615846,3.82673627161383,3.8620888731643452,3.5837705777840645,3.840919429728988,3.7803574463877743,3.8485470864371445,3.737078404379017,3.9579259704531897,4.036145241167728,5.618881135161594,3.894308308397084
6,3.3,6.519308419402509,3.3942549453929773,3.282225165965112,3.7675408213351465,3.6465181017860733,3.8308567391935266,3.5638361452156757,3.726781156348613,3.699137083379858,3.833047067302469,3.6918434979205954,3.678690008249178,3.7644236318557787,3.7743909022965383,3.6808943780599206,3.812674771118723,3.5860235389464092,3.694331055247038,3.7434512116223506,4.734915671173629,3.9320749755159703,3.64583140698332,3.4506785519564445,3.841756565430661,3.695000993967096,3.715916572634235,3.748580916837419,3.4905423532727085,3.7343121480134043,3.674882172710677,3.739427672058121,3.6324871490906934,3.844698632311146,3.918874724610342,5.432655041971088,3.783656648125687
7,3.22,6.288088409032054,3.3123260281828686,3.1621363306635737,3.648935361262067,3.544703361903056,3.716603365131691,3.4657024909109255,3.6115124015738864,3.59232914276822,3.7122306998042705,3.57887953207059,3.571613307442747,3.6536993187005615,3.6631640714471794,3.5750631400688078,3.7008069680348283,3.4863434017921557,3.581509917419641,3.633755175123095,4.575229861864466,3.814041467296273,3.5259531682696066,3.3602023243446753,3.7283060022124594,3.5884363166726088,3.605096873654641,3.6350729605104926,3.3973141287613524,3.627704866297821,3.569406899033581,3.630308257679099,3.5278958938023712,3.731471294169102,3.8016042080529564,5.246428948780585,3.6730049878542923
8,3.14,6.056868398661595,3.23039711097276,3.042047495362036,3.5303299011889875,3.442888622020039,3.6023499910698558,3.367568836606175,3.496243646799159,3.4855212021565802,3.591414332306071,3.465915566220583,3.4645366066363157,3.542975005545345,3.5519372405978196,3.469231902077694,3.5889391649509323,3.3866632646379022,3.4686887795922443,3.524059138623839,4.415544052555302,3.6960079590765744,3.406074929555893,3.2697260967329047,3.6148554389942578,3.481871639378121,3.494277174675047,3.521565004183566,3.3040859042499964,3.521097584582237,3.4639316253564854,3.521188843300076,3.4233046385140478,3.618243956027058,3.68433369149557,5.060202855590081,3.562353327582896
9,3.21,6.259185907735746,3.302084913531605,3.147125226250881,3.6341096787529317,3.531976519417679,3.7023216933739613,3.4534357841228314,3.597103807227045,3.578978150191764,3.697128653866995,3.5647590363393378,3.558228719841943,3.6398587795561594,3.6492607175910092,3.561834235319918,3.6868234926493413,3.473883384647874,3.567407275191216,3.6200431705606877,4.55526913570082,3.79928727876881,3.510968388430392,3.3488927958932035,3.7141246818101843,3.5751157320107976,3.5912444112821915,3.6208844659696267,3.385660600697433,3.614378956083373,3.556222489823944,3.616668330881721,3.51482198689133,3.7173178769013457,3.786945393483283,5.223150687131772,3.659173530320367
10,3.27,6.432600915513588,3.3635316014391865,3.237191852727036,3.7230637738077417,3.6083375743299415,3.788011723920339,3.5270360248513946,3.683555373308091,3.659084105650494,3.7877409294906443,3.6494820107268433,3.6385362454467662,3.7229020144225724,3.732680840728029,3.6412076638132533,3.7707243449622627,3.548643487513564,3.6520231285617646,3.70231519793513,4.675033492682693,3.8878124099335842,3.6008770674656776,3.4167499666020307,3.7992126042238357,3.655039239981664,3.6743591855168876,3.706015433214821,3.45558176908095,3.6943344173700607,3.635328945081767,3.6985078916659884,3.5932654283575722,3.8022383805078794,3.8748982809013226,5.362820257024649,3.7421622755239152
11,3.36,6.692723427180353,3.455701633300559,3.3722917924412656,3.856494916389956,3.722879156698336,3.9165467697399032,3.637436385944239,3.813232722429659,3.7792430388385876,3.9236593429261184,3.776566472308101,3.758997533854002,3.8474668667221916,3.8578110254335582,3.760267806553256,3.896575623431645,3.6607836418121,3.7789469086175855,3.825723238996793,4.854680028155502,4.020600106680744,3.7357400860186063,3.5185357226652716,3.926844487844313,3.7749245019379627,3.799031346868931,3.8337118840826134,3.5604635216562257,3.814267609300092,3.7539886279685,3.8212672328423887,3.7109305905569356,3.929619135917679,4.006827612028381,5.572324611863967,3.866645393329235
12,3.36,6.692723427180353,3.455701633300559,3.3722917924412656,3.856494916389956,3.722879156698336,3.9165467697399032,3.637436385944239,3.813232722429659,3.7792430388385876,3.9236593429261184,3.776566472308101,3.758997533854002,3.8474668667221916,3.8578110254335582,3.760267806553256,3.896575623431645,3.6607836418121,3.7789469086175855,3.825723238996793,4.854680028155502,4.020600106680744,3.7357400860186063,3.5185357226652716,3.926844487844313,3.7749245019379627,3.799031346868931,3.8337118840826134,3.5604635216562257,3.814267609300092,3.7539886279685,3.8212672328423887,3.7109305905569356,3.929619135917679,4.006827612028381,5.572324611863967,3.866645393329235
13,3.36,6.692723427180353,3.455701633300559,3.3722917924412656,3.856494916389956,3.722879156698336,3.9165467697399032,3.637436385944239,3.813232722429659,3.7792430388385876,3.9236593429261184,3.776566472308101,3.758997533854002,3.8474668667221916,3.8578110254335582,3.760267806553256,3.896575623431645,3.6607836418121,3.7789469086175855,3.825723238996793,4.854680028155502,4.020600106680744,3.7357400860186063,3.5185357226652716,3.926844487844313,3.7749245019379627,3.799031346868931,3.8337118840826134,3.5604635216562257,3.814267609300092,3.7539886279685,3.8212672328423887,3.7109305905569356,3.929619135917679,4.006827612028381,5.572324611863967,3.866645393329235
14,3.36,6.692723427180353,3.455701633300559,3.3722917924412656,3.856494916389956,3.722879156698336,3.9165467697399032,3.637436385944239,3.813232722429659,3.7792430388385876,3.9236593429261184,3.776566472308101,3.758997533854002,3.8474668667221916,3.8578110254335582,3.760267806553256,3.896575623431645,3.6607836418121,3.7789469086175855,3.825723238996793,4.854680028155502,4.020600106680744,3.7357400860186063,3.5185357226652716,3.926844487844313,3.7749245019379627,3.799031346868931,3.8337118840826134,3.5604635216562257,3.814267609300092,3.7539886279685,3.8212672328423887,3.7109305905569356,3.929619135917679,4.006827612028381,5.572324611863967,3.866645393329235
15,3.36,6.692723427180353,3.455701633300559,3.3722917924412656,3.856494916389956,3.722879156698336,3.9165467697399032,3.637436385944239,3.813232722429659,3.7792430388385876,3.9236593429261184,3.776566472308101,3.758997533854002,3.8474668667221916,3.8578110254335582,3.760267806553256,3.896575623431645,3.6607836418121,3.7789469086175855,3.825723238996793,4.854680028155502,4.020600106680744,3.7357400860186063,3.5185357226652716,3.926844487844313,3.7749245019379627,3.799031346868931,3.8337118840826134,3.5604635216562257,3.814267609300092,3.7539886279685,3.8212672328423887,3.7109305905569356,3.929619135917679,4.006827612028381,5.572324611863967,3.866645393329235
16,3.37,6.721625928476661,3.4659427479518228,3.387302896853958,3.8713205988990915,3.7356059991837136,3.9308284414976327,3.6497030927323335,3.8276413167765,3.7925940314150433,3.938761388863393,3.790686968039352,3.772382121454806,3.8613074058665937,3.8717143792897284,3.773496711302146,3.910559098817132,3.673243658956382,3.793049550846011,3.8394352435592003,4.874640754319147,4.035354295208207,3.75072486585782,3.5298452511167433,3.941025808246588,3.7882450865997734,3.812883809241381,3.8479003786234793,3.572117049720145,3.82759351951454,3.7671730371781376,3.8349071596397666,3.7240044974679765,3.9437725531854344,4.021486426598056,5.595602873512781,3.8804768508631593
17,3.26,6.40369841421728,3.3532904867879227,3.2221807483143423,3.7082380912986066,3.5956107318445643,3.7737300521626085,3.5147693180633004,3.669146778961249,3.6457331130740385,3.772638883553369,3.635361514995592,3.6251516578459624,3.70906147527817,3.7187774868718586,3.627978759064364,3.7567408695767757,3.5361834703692825,3.637920486333339,3.688603193372723,4.655072766519047,3.873058221406121,3.585892287626463,3.4054404381505594,3.78503128382156,3.641718655319852,3.660506723144438,3.6918269386739553,3.44392824101703,3.6810085071556125,3.6221445358721294,3.6848679648686096,3.5801915214465314,3.788084963240123,3.860239466331649,5.339541995375836,3.728330817989989
18,3.25,6.374795912920974,3.3430493721366594,3.20716964390165,3.6934124087894715,3.582883889359188,3.7594483804048795,3.502502611275207,3.6547381846144082,3.632382120497584,3.7575368376160947,3.6212410192643416,3.6117670702451585,3.695220936133768,3.704874133015689,3.614749854315475,3.7427573941912886,3.5237234532250006,3.6238178441049147,3.6748911888103155,4.635112040355402,3.8583040328786593,3.570907507787249,3.394130909699088,3.770849963419285,3.6283980706580414,3.6466542607719887,3.6776384441330894,3.432274712953111,3.667682596941165,3.6089601266624927,3.6712280380712325,3.567117614535492,3.773931545972368,3.845580651761976,5.316263733727023,3.7144993604560654
19,3.23,6.31699091032836,3.3225671428341323,3.177147435076266,3.663761043771202,3.5574302043884334,3.7308850368894206,3.4779691976990192,3.625920995920727,3.6056801353446746,3.727332745741545,3.59300002780184,3.584997895043551,3.6675398578449636,3.677067425303349,3.5882920448176967,3.7147904434203154,3.498803418936437,3.5956125596480657,3.647467179685502,4.595190588028111,3.8287956558237344,3.5409379481088203,3.3715118527961465,3.7424873226147346,3.6017569013344195,3.6189493360270903,3.6492614550513585,3.408967656825272,3.641030776512269,3.5825913082432184,3.6439481844764767,3.5409698007134107,3.7456247114368573,3.8162630226226293,5.269707210429399,3.6868364453882165
20,3.2066666666666666,6.249551740636977,3.2986712086478502,3.142121524779984,3.6291677845832204,3.52773423858922,3.6975611361213856,3.4493468818601336,3.5923009424447647,3.574527819332946,3.69209463855457,3.560052204428921,3.553767190641675,3.6352452665080257,3.644626266305619,3.557424600403622,3.6821623341875123,3.4697300455997797,3.562706394448408,3.615472502373218,4.548615560312938,3.7943692159263227,3.505973461817321,3.3451229530760465,3.709397575009426,3.5706755371235266,3.5866269238247086,3.616154967789338,3.3817760913427932,3.60993698601189,3.551827686754065,3.612121688615928,3.5104640179209836,3.7126000711454274,3.7820591219600583,5.2153912665821665,3.6545630444757258
21,3.1833333333333336,6.182112570945594,3.274775274461569,3.107095614483702,3.594574525395239,3.4980382727900077,3.66423723535335,3.4207245660212484,3.558680888968803,3.5433755033212186,3.6568565313675956,3.5271043810560028,3.5225364862397996,3.602950675171087,3.61218510730789,3.5265571559895474,3.6495342249547096,3.440656672263123,3.529800229248751,3.5834778250609363,4.502040532597766,3.759942776028911,3.4710089755258213,3.3187340533559473,3.676307827404117,3.5395941729126355,3.5543045116223273,3.583048480527318,3.3545845258603144,3.5788431955115123,3.5210640652649126,3.58029519275538,3.4799582351285565,3.679575430853998,3.747855221297488,5.161075322734939,3.622289643563236
22,3.16,6.114673401254211,3.250879340275287,3.07206970418742,3.559981266207257,3.4683423069907935,3.6309133345853146,3.3921022501823623,3.52506083549284,3.5122231873094902,3.621618424180621,3.494156557683084,3.491305781837924,3.5706560838341486,3.57974394831016,3.495689711575473,3.616906115721907,3.411583298926465,3.4968940640490933,3.5514831477486526,4.455465504882595,3.725516336131499,3.4360444892343214,3.2923451536358477,3.6432180797988076,3.5085128087017425,3.5219820994199456,3.5499419932652976,3.3273929603778356,3.547749405011133,3.4903004437757588,3.548468696894832,3.4494524523361285,3.6465507905625683,3.713651320634917,5.106759378887707,3.5900162426507443
23,3.16,6.114673401254211,3.250879340275287,3.07206970418742,3.559981266207257,3.4683423069907935,3.6309133345853146,3.3921022501823623,3.52506083549284,3.5122231873094902,3.621618424180621,3.494156557683084,3.491305781837924,3.5706560838341486,3.57974394831016,3.495689711575473,3.616906115721907,3.411583298926465,3.4968940640490933,3.5514831477486526,4.455465504882595,3.725516336131499,3.4360444892343214,3.2923451536358477,3.6432180797988076,3.5085128087017425,3.5219820994199456,3.5499419932652976,3.3273929603778356,3.547749405011133,3.4903004437757588,3.548468696894832,3.4494524523361285,3.6465507905625683,3.713651320634917,5.106759378887707,3.5900162426507443
24,3.26,6.40369841421728,3.3532904867879227,3.2221807483143423,3.7082380912986066,3.5956107318445643,3.7737300521626085,3.5147693180633004,3.669146778961249,3.6457331130740385,3.772638883553369,3.635361514995592,3.6251516578459624,3.70906147527817,3.7187774868718586,3.627978759064364,3.7567408695767757,3.5361834703692825,3.637920486333339,3.688603193372723,4.655072766519047,3.873058221406121,3.585892287626463,3.4054404381505594,3.78503128382156,3.641718655319852,3.660506723144438,3.6918269386739553,3.44392824101703,3.6810085071556125,3.6221445358721294,3.6848679648686096,3.5801915214465314,3.788084963240123,3.860239466331649,5.339541995375836,3.728330817989989
25,3.44,6.92394343755081,3.537630550510668,3.492380627742804,3.9751003764630357,3.824693896581354,4.030800143801739,3.73557004024899,3.928501477204386,3.886050979450227,4.044475710424317,3.889530438158107,3.8660742346604335,3.958191179877409,3.9690378562829176,3.8660990445443697,4.00844342651554,3.760463778966354,3.8917680464449838,3.935419275496049,5.0143658374646645,4.138633614900442,3.85561832473232,3.609011950277042,4.040295051062515,3.8814891792324504,3.9098510458485256,3.9472198404095398,3.653691746167582,3.920874891015676,3.8594639016455963,3.930386647221411,3.815521845845259,4.042846474059723,4.124098128585769,5.758550705054472,3.977297053600631
26,3.31,6.548210920698817,3.404496060044241,3.297236270377804,3.7823665038442815,3.6592449442714505,3.845138410951256,3.5761028520037703,3.741189750695454,3.7124880759563132,3.848149113239744,3.7059639936518467,3.692074595849982,3.7782641710001807,3.7882942561527084,3.6941232828088104,3.8266582465042105,3.598483556090691,3.7084336974754626,3.757163216184758,4.754876397337274,3.9468291640434323,3.6608161868225344,3.4619880804079157,3.8559378858329367,3.708321578628907,3.7297690350066848,3.7627694113782844,3.502195881336628,3.747638058227852,3.6880665819203147,3.7530675988554996,3.645561056001734,3.8588520495789007,3.9335335391800155,5.455933303619902,3.797488105659612
27,3.28,6.461503416809896,3.3737727160904503,3.2522029571397275,3.7378894563168767,3.621064416815319,3.802293395678068,3.5393027316394887,3.697963967654931,3.6724350982269485,3.8028429754279194,3.663602506458094,3.6519208330475705,3.736742553566974,3.746584194584199,3.6544365685621427,3.7847078203477498,3.561103504657846,3.6661257707901886,3.716027202497537,4.694994218846339,3.902566598461046,3.615861847304892,3.428059495053502,3.8133939246261104,3.668359824643475,3.6882116478893368,3.720203927755687,3.4672352971448697,3.7076603275845086,3.6485133542914037,3.7121478184633663,3.606339335268613,3.816391797775635,3.889557095470996,5.386098518673464,3.7559937330578395
28,3.25,6.374795912920974,3.3430493721366594,3.20716964390165,3.6934124087894715,3.582883889359188,3.7594483804048795,3.502502611275207,3.6547381846144082,3.632382120497584,3.7575368376160947,3.6212410192643416,3.6117670702451585,3.695220936133768,3.704874133015689,3.614749854315475,3.7427573941912886,3.5237234532250006,3.6238178441049147,3.6748911888103155,4.635112040355402,3.8583040328786593,3.570907507787249,3.394130909699088,3.770849963419285,3.6283980706580414,3.6466542607719887,3.6776384441330894,3.432274712953111,3.667682596941165,3.6089601266624927,3.6712280380712325,3.567117614535492,3.773931545972368,3.845580651761976,5.316263733727023,3.7144993604560654
29,3.22,6.288088409032054,3.3123260281828686,3.1621363306635737,3.648935361262067,3.544703361903056,3.716603365131691,3.4657024909109255,3.6115124015738864,3.59232914276822,3.7122306998042705,3.57887953207059,3.571613307442747,3.6536993187005615,3.6631640714471794,3.5750631400688078,3.7008069680348283,3.4863434017921557,3.581509917419641,3.633755175123095,4.575229861864466,3.814041467296273,3.5259531682696066,3.3602023243446753,3.7283060022124594,3.5884363166726088,3.605096873654641,3.6350729605104926,3.3973141287613524,3.627704866297821,3.569406899033581,3.630308257679099,3.5278958938023712,3.731471294169102,3.8016042080529564,5.246428948780585,3.6730049878542923
30,3.0,5.652233380513295,3.087021505855069,2.8318920335843427,3.3227703460610973,3.2647128272247583,3.4024065864616437,3.1958349415728606,3.294523325943385,3.298607306086211,3.379985689184222,3.2682286259830704,3.2771523802250604,3.349207457523714,3.3572902866114402,3.2840272355932454,3.393170509554115,3.2122230246179573,3.2712517883942986,3.3320910747501404,4.136093886264267,3.4894493196921026,3.196288011806893,3.1113926984123075,3.416316953362404,3.2953834541127662,3.3003427014607563,3.3229260806114445,3.1409365113551226,3.3345348415799663,3.279349896421566,3.3302298681367857,3.2402699417594825,3.4200961142784796,3.479110287520144,4.734307192506697,3.368712922107952
31,3.15,6.085770899957903,3.240638225624023,3.057058599774728,3.545155583698122,3.455615464505416,3.6166316628275847,3.3798355433942686,3.5106522411459995,3.4988721947330355,3.606516378243346,3.480036061951833,3.47792119423712,3.556815544689747,3.5658405944539897,3.4824608068265834,3.60292264033642,3.3991232817821837,3.482791421820669,3.537771143186246,4.435504778718949,3.7107621476040364,3.4210597093951067,3.281035625184376,3.629036759396533,3.4951922240399314,3.508129637047496,3.535753498724432,3.3157394323139155,3.5344234947966853,3.477116034566122,3.5348287700974534,3.436378545425088,3.6323973732948134,3.6989925060652435,5.083481117238893,3.57618478511682
32,3.13,6.027965897365287,3.220155996321496,3.0270363909493425,3.5155042186798515,3.4301617795346613,3.588068319312126,3.3553021298180807,3.4818350524523174,3.472170209580125,3.576312286368796,3.451795070489331,3.4511520190355114,3.529134466400942,3.5380338867416494,3.4560029973288047,3.5749556895654453,3.37420324749362,3.454586137363819,3.5103471340614316,4.395583326391657,3.681253770549111,3.3910901497166783,3.2584165682814334,3.600674118591982,3.4685510547163094,3.4804247123025966,3.5073765096427003,3.2924323761860768,3.5077716743677896,3.4507472161468478,3.5075489165026976,3.410230731603007,3.6040905387593014,3.6696748769258964,5.036924593941267,3.5485218700489707
33,3.13,6.027965897365287,3.220155996321496,3.0270363909493425,3.5155042186798515,3.4301617795346613,3.588068319312126,3.3553021298180807,3.4818350524523174,3.472170209580125,3.576312286368796,3.451795070489331,3.4511520190355114,3.529134466400942,3.5380338867416494,3.4560029973288047,3.5749556895654453,3.37420324749362,3.454586137363819,3.5103471340614316,4.395583326391657,3.681253770549111,3.3910901497166783,3.2584165682814334,3.600674118591982,3.4685510547163094,3.4804247123025966,3.5073765096427003,3.2924323761860768,3.5077716743677896,3.4507472161468478,3.5075489165026976,3.410230731603007,3.6040905387593014,3.6696748769258964,5.036924593941267,3.5485218700489707
34,3.06,5.825648388291138,3.148468193762651,2.921958660060497,3.4117244411159073,3.3410738821370214,3.4880966170080203,3.269435182301424,3.3809748920244314,3.378713261544941,3.4705979648078724,3.3529516003705755,3.3574599058298844,3.4322506923901273,3.4407104097484607,3.3634006640865803,3.4770713618670372,3.286983127483648,3.3558676417648465,3.4143631021245824,4.255858243246139,3.5779744508568765,3.2861966908421785,3.179249869121135,3.501404875776055,3.3753069620836325,3.3834574756954523,3.40805704785664,3.21085767973864,3.4144903028666542,3.3584563516793886,3.412069428921053,3.3187133832257247,3.5050166178850133,3.567063174938184,4.873976762399575,3.4517016673114997
35,2.99,5.623330879216987,3.076780391203805,2.8168809291716506,3.3079446635519623,3.251985984739381,3.388124914703914,3.183568234784767,3.2801147315965444,3.2852563135097563,3.3648836432469476,3.2541081302518196,3.2637677926242565,3.335366918379312,3.343386932755271,3.2707983308443564,3.379187034168628,3.199763007473676,3.2571491461658737,3.318379070187733,4.116133160100621,3.4746951311646397,3.1813032319676786,3.100083169960836,3.4021356329601287,3.2820628694509555,3.286490239088307,3.3087375860705794,3.1292829832912035,3.3212089313655184,3.2661654872119286,3.3165899413394078,3.227196034848442,3.4059426970107243,3.4644514729504707,4.711028930857884,3.3548814645740275
36,2.92,5.421013370142837,3.00509258864496,2.7118031982828046,3.204164885988017,3.162898087341741,3.2881532123998074,3.0977012872681096,3.179254571168658,3.191799365474572,3.2591693216860236,3.1552646601330636,3.170075679418629,3.2384831443684967,3.246063455762081,3.1781959976021317,3.28130270647022,3.1125428874637033,3.1584306505669013,3.222395038250884,3.976408076955103,3.371415811472404,3.0764097730931788,3.0209164708005374,3.3028663901442012,3.1888187768182785,3.189523002481162,3.209418124284518,3.0477082868437666,3.2279275598643826,3.17387462274447,3.2211104537577624,3.1356786864711594,3.3068687761364357,3.3618397709627574,4.5480810993161915,3.258061261836556
37,3.03,5.738940884402216,3.11774484980886,2.87692534682242,3.367247393588502,3.3028933546808896,3.4452516017348316,3.2326350619371422,3.3377491089839078,3.338660283815576,3.4252918269960473,3.310590113176823,3.317306143027473,3.39072907495692,3.3990003481799507,3.323713949839913,3.435120935710576,3.2496030760508026,3.3135597150795726,3.3732270884373614,4.195976064755203,3.533711885274489,3.241242351324536,3.1453212837667213,3.458860914569229,3.3353452080981993,3.3419000885781043,3.3654915642340417,3.175897095546881,3.37451257222331,3.318903124050477,3.371149648528919,3.2794916624926036,3.4625563660817464,3.5230867312291636,4.804141977453136,3.4102072947097257
38,3.05,5.79674588699483,3.138227079111387,2.9069475556478044,3.3968987586067723,3.328347039651644,3.4738149452502904,3.2571684755133297,3.36656629767759,3.365362268968486,3.455495918870597,3.338831104639324,3.34407531822908,3.4184101532457247,3.42680705589229,3.350171759337691,3.46308788648155,3.2745231103393655,3.3417649995364216,3.400651097562175,4.235897517082494,3.5632202623294136,3.271211911002964,3.167940340669664,3.4872235553737796,3.3619863774218213,3.3696050133230027,3.3938685533157735,3.1992041516747203,3.4011643926522055,3.345271942469751,3.3984295021236743,3.305639476314684,3.4908632006172575,3.5524043603685103,4.850698500750762,3.4378702097775746
39,3.11,5.970160894772673,3.199673767018969,2.997014182123958,3.485852853661582,3.404708094563907,3.559504975796667,3.3307687162418933,3.4530178637586353,3.445468224427215,3.5461081944942463,3.4235540790268297,3.4243828438339037,3.5014533881121377,3.51022717902931,3.4295451878310264,3.5469887387944716,3.349283213205056,3.42638085290697,3.482923124936617,4.355661874064365,3.6517453934941875,3.3611205900382495,3.2357975113784914,3.5723114777874314,3.441909885392687,3.4527197875576987,3.4789995205609685,3.2691253200582375,3.4811198539388934,3.4243783977275735,3.480269062907942,3.384082917780926,3.5757837042237908,3.64035724778655,4.9903680706436395,3.5208589549811222
40,3.11,5.970160894772673,3.199673767018969,2.997014182123958,3.485852853661582,3.404708094563907,3.559504975796667,3.3307687162418933,3.4530178637586353,3.445468224427215,3.5461081944942463,3.4235540790268297,3.4243828438339037,3.5014533881121377,3.51022717902931,3.4295451878310264,3.5469887387944716,3.349283213205056,3.42638085290697,3.482923124936617,4.355661874064365,3.6517453934941875,3.3611205900382495,3.2357975113784914,3.5723114777874314,3.441909885392687,3.4527197875576987,3.4789995205609685,3.2691253200582375,3.4811198539388934,3.4243783977275735,3.480269062907942,3.384082917780926,3.5757837042237908,3.64035724778655,4.9903680706436395,3.5208589549811222
41,3.05,5.79674588699483,3.138227079111387,2.9069475556478044,3.3968987586067723,3.328347039651644,3.4738149452502904,3.2571684755133297,3.36656629767759,3.365362268968486,3.455495918870597,3.338831104639324,3.34407531822908,3.4184101532457247,3.42680705589229,3.350171759337691,3.46308788648155,3.2745231103393655,3.3417649995364216,3.400651097562175,4.235897517082494,3.5632202623294136,3.271211911002964,3.167940340669664,3.4872235553737796,3.3619863774218213,3.3696050133230027,3.3938685533157735,3.1992041516747203,3.4011643926522055,3.345271942469751,3.3984295021236743,3.305639476314684,3.4908632006172575,3.5524043603685103,4.850698500750762,3.4378702097775746
42,2.99,5.623330879216989,3.0767803912038056,2.8168809291716514,3.307944663551963,3.251985984739382,3.3881249147039147,3.1835682347847674,3.2801147315965453,3.2852563135097568,3.3648836432469484,3.25410813025182,3.2637677926242574,3.3353669183793127,3.343386932755271,3.2707983308443564,3.3791870341686288,3.199763007473676,3.2571491461658746,3.318379070187734,4.116133160100622,3.4746951311646406,3.1813032319676795,3.100083169960836,3.402135632960129,3.282062869450956,3.286490239088307,3.3087375860705794,3.129282983291204,3.3212089313655184,3.2661654872119295,3.316589941339408,3.2271960348484425,3.4059426970107247,3.464451472950471,4.711028930857885,3.3548814645740284
43,2.93,5.449915871439145,3.015333703296224,2.7268143026954976,3.218990568497153,3.1756249298271184,3.3024348841575377,3.1099679940562037,3.193663165515499,3.205150358051027,3.2742713676232986,3.1693851558643145,3.1834602670194334,3.2523236835128992,3.2599668096182515,3.191424902351021,3.2952861818557073,3.1250029046079852,3.1725332927953263,3.2361070428132916,3.996368803118749,3.3861699999998667,3.091394552932394,3.032225999252009,3.3170477105464773,3.2021393614800897,3.203375464853612,3.223606618825385,3.0593618149076867,3.2412534700788305,3.1870590319541066,3.2347503805551407,3.1487525933822003,3.3210221934041915,3.376498585532431,4.571359360965005,3.2718927193704808
44,2.85,5.218695861068688,2.933404786086115,2.6067254673939586,3.100385108424073,3.0738101899441013,3.1881815100957023,3.011834339751453,3.0783944107407715,3.0983424174393877,3.1534550001251,3.0564211900143077,3.076383566213002,3.1415993703576817,3.1487399787688917,3.085593664359908,3.1834183787718118,3.0253227674537313,3.059712154967929,3.1264110063140356,3.836682993809586,3.2681364917801687,2.97151631421868,2.9417497716402394,3.203597147328275,3.0955746841856016,3.092555765874017,3.1100986624984577,2.96613359039633,3.1346461883632477,3.0815837582770103,3.125630966176118,3.0441613380938772,3.2077948552621476,3.2592280689750455,4.385133267774501,3.1612410590990847
45,2.95,5.507720874031759,3.0358159325987515,2.756836511520882,3.248641933515423,3.201078614797873,3.330998227672996,3.1345014076323916,3.2224803542091807,3.231852343203937,3.3044754594978483,3.1976261473268166,3.210229442221041,3.2800047618017034,3.2877735173305913,3.2178827118488,3.3232531326266814,3.149922938896549,3.2007385772521757,3.2635310519381058,4.0362902554460405,3.415678377054791,3.1213641126108223,3.0548450561549516,3.3454103513510276,3.2287805308037116,3.2310803895985103,3.2519836079071163,3.0826688710355254,3.2679052905077266,3.213427850373381,3.262030234149896,3.174900407204281,3.349329027939703,3.405816214671778,4.617915884262631,3.29955563443833
46,2.88,5.305403364957608,2.9641281300399056,2.651758780632035,3.1448621559514778,3.1119907174002326,3.2310265253688897,3.0486344601157347,3.1216201937812933,3.138395395168752,3.1987611379369234,3.0987826772080598,3.1165373290154137,3.183120987790888,3.190450040337401,3.1252803786065746,3.225368804928272,3.062702818886576,3.1020200816532024,3.167547020001256,3.8965651723005212,3.312399057362555,3.0164706537363215,2.9756783569946528,3.2461411085351006,3.1355364381710347,3.1341131529913646,3.1526641461210545,3.001094174588088,3.174623919006591,3.121136985905921,3.1665507465682508,3.083383058826998,3.250255107065414,3.303204512684064,4.454968052720939,3.202735431700858
47,2.75,4.929670848105616,2.830993639573479,2.456614423267036,2.9521282833327236,2.9465417650903296,3.0453647925184075,2.8891672718705146,2.934308467272362,2.964832491674839,3.002434540752351,2.915216232701799,2.942537690204963,3.003193978913661,3.009706440207193,2.9533046168710158,3.0435836249169426,2.900722596010914,2.9186857326836826,2.9892909606899654,3.6370757321731317,3.1205946065055454,2.8216685158265373,2.828654487125527,3.0617839433055223,2.9623688375674915,2.954031142149524,2.9682137170898004,2.8495983097571354,3.0013870862187675,2.9497396661806397,2.989231698202339,2.9134222689834735,3.066260682584592,3.112639923278312,4.15235065128637,3.0229264837598397
48,2.75,4.929670848105616,2.830993639573479,2.456614423267036,2.9521282833327236,2.9465417650903296,3.0453647925184075,2.8891672718705146,2.934308467272362,2.964832491674839,3.002434540752351,2.915216232701799,2.942537690204963,3.003193978913661,3.009706440207193,2.9533046168710158,3.0435836249169426,2.900722596010914,2.9186857326836826,2.9892909606899654,3.6370757321731317,3.1205946065055454,2.8216685158265373,2.828654487125527,3.0617839433055223,2.9623688375674915,2.954031142149524,2.9682137170898004,2.8495983097571354,3.0013870862187675,2.9497396661806397,2.989231698202339,2.9134222689834735,3.066260682584592,3.112639923278312,4.15235065128637,3.0229264837598397
49,2.75,4.929670848105616,2.830993639573479,2.456614423267036,2.9521282833327236,2.9465417650903296,3.0453647925184075,2.8891672718705146,2.934308467272362,2.964832491674839,3.002434540752351,2.915216232701799,2.942537690204963,3.003193978913661,3.009706440207193,2.9533046168710158,3.0435836249169426,2.900722596010914,2.9186857326836826,2.9892909606899654,3.6370757321731317,3.1205946065055454,2.8216685158265373,2.828654487125527,3.0617839433055223,2.9623688375674915,2.954031142149524,2.9682137170898004,2.8495983097571354,3.0013870862187675,2.9497396661806397,2.989231698202339,2.9134222689834735,3.066260682584592,3.112639923278312,4.15235065128637,3.0229264837598397
50,2.75,4.929670848105616,2.830993639573479,2.456614423267036,2.9521282833327236,2.9465417650903296,3.0453647925184075,2.8891672718705146,2.934308467272362,2.964832491674839,3.002434540752351,2.915216232701799,2.942537690204963,3.003193978913661,3.009706440207193,2.9533046168710158,3.0435836249169426,2.900722596010914,2.9186857326836826,2.9892909606899654,3.6370757321731317,3.1205946065055454,2.8216685158265373,2.828654487125527,3.0617839433055223,2.9623688375674915,2.954031142149524,2.9682137170898004,2.8495983097571354,3.0013870862187675,2.9497396661806397,2.989231698202339,2.9134222689834735,3.066260682584592,3.112639923278312,4.15235065128637,3.0229264837598397
51,2.56,4.38052332347578,2.6364124611994706,2.1714034394258825,2.6704403156591594,2.7047317578681636,2.774013029121549,2.6560998428967317,2.6605451746823845,2.7111636327221955,2.7154956679441287,2.6469268138080335,2.6882305257896886,2.7402237351700194,2.745542716939964,2.7019554266421206,2.777897592592691,2.6639822702695612,2.6507355303436144,2.7287628740042322,3.257821935063869,2.840265024483762,2.5369576988814666,2.6137734465475733,2.792338855662293,2.709277728993083,2.6908343570729873,2.69863232081335,2.628181276542664,2.748194792144257,2.699235891197536,2.7300730890521594,2.6650180376737067,2.797345754497237,2.8341224464545203,3.710063679958923,2.7601287906152736
52,2.52,4.26491331829055,2.595448002594416,2.111359021775113,2.611137585622619,2.6538243879266545,2.71688634209063,2.607033015744356,2.6029107972950207,2.6577596624163764,2.655087484195029,2.5904448308830297,2.6346921753864727,2.684861578592411,2.689929301515284,2.649039807646564,2.721963691050743,2.6141422016924336,2.5943249614299155,2.673914855754604,3.1779790304092863,2.781248270373913,2.47701857952461,2.568535332741688,2.7356135740531915,2.6559953903458386,2.63542450758319,2.6418783426498864,2.581567164286986,2.6948911512864653,2.6464982543589874,2.6755133818626478,2.6127224100295448,2.740732085426215,2.775487188175827,3.6169506333636696,2.704802960479576
53,2.63,4.5828408325499295,2.708100263758316,2.276481170314728,2.7742200932231036,2.7938196552658034,2.8739847314256544,2.7419667904133886,2.7614053351102705,2.80462058075738,2.8212099895050526,2.745770283926789,2.7819226389953156,2.837107509180835,2.842866193933154,2.794557759884345,2.8757819202910992,2.7512023902795333,2.749454025942587,2.824746905941081,3.3975470182093868,2.943544344175998,2.641851157755966,2.692940145707872,2.891608098478219,2.8025218216257595,2.7878015936801326,2.79795178259941,2.7097559729901004,2.8414761636453925,2.791526755664995,2.8255525766338043,2.756535386050989,2.8964196753715257,2.936734148442233,3.873011511500614,2.8569489933527454
54,2.63,4.5828408325499295,2.708100263758316,2.276481170314728,2.7742200932231036,2.7938196552658034,2.8739847314256544,2.7419667904133886,2.7614053351102705,2.80462058075738,2.8212099895050526,2.745770283926789,2.7819226389953156,2.837107509180835,2.842866193933154,2.794557759884345,2.8757819202910992,2.7512023902795333,2.749454025942587,2.824746905941081,3.3975470182093868,2.943544344175998,2.641851157755966,2.692940145707872,2.891608098478219,2.8025218216257595,2.7878015936801326,2.79795178259941,2.7097559729901004,2.8414761636453925,2.791526755664995,2.8255525766338043,2.756535386050989,2.8964196753715257,2.936734148442233,3.873011511500614,2.8569489933527454
55,2.5666666666666664,4.399791657673317,2.6432398709669798,2.181410842367677,2.6803241039985823,2.713216319525082,2.783534143626701,2.6642776474221272,2.670150904246945,2.7200642944398323,2.725563698568978,2.656340477628867,2.6971535841902243,2.7494507612662877,2.7548116195107433,2.7107746964747133,2.7872199095163483,2.6722889483657486,2.6601372918292308,2.7379042103791695,3.2711290858396325,2.8501011501687374,2.5469475521076097,2.6213131321818874,2.8017930692638093,2.718158118767623,2.7000693319879536,2.7080913171739267,2.6359502952519436,2.757078732287222,2.7080254973372937,2.7391663735837444,2.6737339756143994,2.8067813660090737,2.843894989500969,3.7255825210581306,2.769349762304557
56,2.5033333333333334,4.216742482796706,2.5783794781756435,2.086340514420626,2.586428114774061,2.6326129837843597,2.6930835558277484,2.5865885044308667,2.578896473383619,2.635508008122285,2.629917407632904,2.566910671330945,2.6123845293851327,2.6617940133517406,2.6667570450883344,2.6269916330650824,2.6986578987415983,2.593375506451965,2.5708205577158747,2.651061514817259,3.1447111534698786,2.7566579561614764,2.4520439464592525,2.549686118655903,2.7119780400493996,2.6337944159094873,2.6123370702957747,2.618230851748444,2.5621446175137867,2.672681300929052,2.6245242390095926,2.652780170533685,2.590932565177811,2.7171430566466226,2.751055830559705,3.5781535306156487,2.6817505312563683
57,2.44,4.033693307920093,2.5135190853843072,1.9912701864735745,2.4925321255495394,2.552009648043638,2.6026329680287947,2.5088993614396053,2.4876420425202928,2.550951721804737,2.5342711166968295,2.477480865033023,2.5276154745800414,2.574137265437194,2.5787024706659247,2.5432085696554507,2.610095887966848,2.51446206453818,2.4815038236025186,2.5642188192553474,3.018293221100124,2.6632147621542153,2.3571403408108953,2.4780591051299186,2.6221630108349894,2.5494307130513505,2.5246048086035957,2.52837038632296,2.4883389397756295,2.588283869570881,2.541022980681891,2.5663939674836245,2.5081311547412217,2.6275047472841706,2.6582166716184408,3.4307245401731654,2.5941513002081793
58,2.54,4.322718320883165,2.615930231896943,2.141381230600498,2.6407889506408893,2.679278072897409,2.7454496856060895,2.631566429320544,2.6317279859887024,2.684461647569286,2.6852915760695786,2.6186858223455314,2.6614613505880804,2.712542656881215,2.7177360092276244,2.6754976171443428,2.7499306418217166,2.6390622359809974,2.622530245886765,2.701338864879418,3.217900482736578,2.8107566474288377,2.5069881392030386,2.5911543896446307,2.763976214857742,2.6826365596694606,2.6631294323280885,2.670255331731618,2.604874220414825,2.721542971715361,2.6728670727782617,2.7027932354574036,2.6388702238516255,2.7690389199617256,2.8048048173151736,3.6635071566612964,2.732465875547425
59,2.54,4.322718320883165,2.615930231896943,2.141381230600498,2.6407889506408893,2.679278072897409,2.7454496856060895,2.631566429320544,2.6317279859887024,2.684461647569286,2.6852915760695786,2.6186858223455314,2.6614613505880804,2.712542656881215,2.7177360092276244,2.6754976171443428,2.7499306418217166,2.6390622359809974,2.622530245886765,2.701338864879418,3.217900482736578,2.8107566474288377,2.5069881392030386,2.5911543896446307,2.763976214857742,2.6826365596694606,2.6631294323280885,2.670255331731618,2.604874220414825,2.721542971715361,2.6728670727782617,2.7027932354574036,2.6388702238516255,2.7690389199617256,2.8048048173151736,3.6635071566612964,2.732465875547425
60,2.59,4.4672308273647,2.667135805153261,2.216436752663959,2.7149173631865637,2.7429122853242944,2.8168580443947366,2.692899963261013,2.7037709577229068,2.75121661045156,2.7608018057559525,2.6892883010017856,2.7283842885920997,2.7817453526032256,2.7872527785084733,2.7416421408887883,2.819848018749151,2.7013623217024056,2.693043457028888,2.7698988876914528,3.3177041135548047,2.8845275900661487,2.581912038399109,2.6477020319019866,2.8348828168691176,2.749239482978515,2.732391744190335,2.741197804435947,2.6631418607344224,2.7881725227876,2.7387891188264466,2.7709928694442927,2.7042397584068274,2.839806006300503,2.87809889016354,3.7798984649053606,2.801623163217047
61,2.5,4.207108315697936,2.574965773291889,2.0813368129497287,2.5814862206043494,2.628370702955901,2.6883229985751713,2.5824996021681685,2.5740936086013386,2.6310576772634664,2.6248833923204793,2.562203839420528,2.607923000184865,2.657180500303607,2.6621225938029447,2.6225819981487857,2.6939967402797693,2.5892221674038707,2.5661196769730665,2.64649084662979,3.138057578081996,2.7517398933189883,2.4470490198461814,2.545916275838746,2.7072509332486407,2.6293542210222167,2.6077195828382917,2.613501353568155,2.558260108159147,2.668239330857569,2.6201294359397136,2.648233528267892,2.586574596207464,2.712425250890704,2.7461695590364803,3.5703941100660437,2.6771400454117265
62,2.56,4.38052332347578,2.6364124611994706,2.1714034394258825,2.6704403156591594,2.7047317578681636,2.774013029121549,2.6560998428967317,2.6605451746823845,2.7111636327221955,2.7154956679441287,2.6469268138080335,2.6882305257896886,2.7402237351700194,2.745542716939964,2.7019554266421206,2.777897592592691,2.6639822702695612,2.6507355303436144,2.7287628740042322,3.257821935063869,2.840265024483762,2.5369576988814666,2.6137734465475733,2.792338855662293,2.709277728993083,2.6908343570729873,2.69863232081335,2.628181276542664,2.748194792144257,2.699235891197536,2.7300730890521594,2.6650180376737067,2.797345754497237,2.8341224464545203,3.710063679958923,2.7601287906152736
63,2.62,4.553938331253622,2.6978591491070523,2.2614700659020364,2.759394410713969,2.7810928127804266,2.859703059667925,2.7297000836252945,2.74699674076343,2.791269588180925,2.8061079435677776,2.731649788195538,2.768538051394512,2.823266970036433,2.8289628400769837,2.781328855135456,2.8617984449056126,2.7387423731352514,2.7353513837141623,2.811034901378674,3.3775862920457413,2.928790155648536,2.6268663779167523,2.681630617256401,2.877426778075944,2.7892012369639487,2.773949131307683,2.7837632880585446,2.6981024449261817,2.8281502534309446,2.778342346455358,2.8119126498364264,2.743461479139948,2.88226625810377,2.92207533387256,3.8497332498518,2.8431175358188208
64,2.68,4.727353339031466,2.759305837014634,2.35153669237819,2.8483485057687785,2.8574538676926897,2.945393090214302,2.803300324353858,2.833448306844476,2.8713755436396546,2.896720219191427,2.8163727625830437,2.8488455769993357,2.9063102049028453,2.9123829632140037,2.8607022836287914,2.945699297218534,2.8135024760009424,2.81996723708471,2.8933069287531166,3.4973506490276143,3.01731528681331,2.716775056952038,2.7494877879652284,2.9625147004895958,2.869124744934815,2.857063905542379,2.86889425530374,2.7680236133096985,2.908105714717632,2.857448801713181,2.8937522106206943,2.821904920606191,2.9671867617103036,3.0100282212905993,3.989402819744679,2.9261062810223684
65,2.68,4.727353339031466,2.759305837014634,2.35153669237819,2.8483485057687785,2.8574538676926897,2.945393090214302,2.803300324353858,2.833448306844476,2.8713755436396546,2.896720219191427,2.8163727625830437,2.8488455769993357,2.9063102049028453,2.9123829632140037,2.8607022836287914,2.945699297218534,2.8135024760009424,2.81996723708471,2.8933069287531166,3.4973506490276143,3.01731528681331,2.716775056952038,2.7494877879652284,2.9625147004895958,2.869124744934815,2.857063905542379,2.86889425530374,2.7680236133096985,2.908105714717632,2.857448801713181,2.8937522106206943,2.821904920606191,2.9671867617103036,3.0100282212905993,3.989402819744679,2.9261062810223684
66,2.59,4.4672308273647,2.667135805153261,2.216436752663959,2.7149173631865637,2.7429122853242944,2.8168580443947366,2.692899963261013,2.7037709577229068,2.75121661045156,2.7608018057559525,2.6892883010017856,2.7283842885920997,2.7817453526032256,2.7872527785084733,2.7416421408887883,2.819848018749151,2.7013623217024056,2.693043457028888,2.7698988876914528,3.3177041135548047,2.8845275900661487,2.581912038399109,2.6477020319019866,2.8348828168691176,2.749239482978515,2.732391744190335,2.741197804435947,2.6631418607344224,2.7881725227876,2.7387891188264466,2.7709928694442927,2.7042397584068274,2.839806006300503,2.87809889016354,3.7798984649053606,2.801623163217047
67,2.83,5.1608908584760735,2.912922556783588,2.5767032585685743,3.0707337434058033,3.048356504973347,3.1596181665802434,2.9873009261752657,3.0495772220470894,3.071640432286478,3.12325090825055,3.028180198551806,3.049614391011394,3.1139182920688775,3.1209332710565523,3.059135854862129,3.1554514280008386,3.000402733165168,3.03150687051108,3.0989869971892214,3.7967615414822955,3.238628114725244,2.9415467545402514,2.919130714737297,3.1752345065237244,3.0689335148619796,3.064850841129118,3.0817216734167268,2.942826534268491,3.107994367934351,3.055214939857736,3.098351112581362,3.0180135242717965,3.1794880207266365,3.229910439835699,4.338576744476875,3.133578144031236
68,2.98,5.594428377920681,3.066539276552542,2.8018698247589584,3.293118981042827,3.2392591422540047,3.373843242946185,3.171301527996673,3.2657061372497034,3.2719053209333016,3.349781597309673,3.2399876345205687,3.2503832050234527,3.32152637923491,3.329483578899101,3.2575694260954675,3.3652035587831417,3.187302990329394,3.2430465039374496,3.3046670656253267,4.096172433936976,3.4599409426371777,3.166318452128465,3.0887736415093654,3.387954312557853,3.2687422847891447,3.2726377767158574,3.294549091529713,3.1176294552272843,3.3078830211510706,3.252981078002292,3.30295001454203,3.2141221279374017,3.391789279742969,3.449792658380798,4.687750669209072,3.3410500070401037
69,3.0,5.652233380513295,3.087021505855069,2.8318920335843427,3.3227703460610973,3.2647128272247583,3.4024065864616437,3.1958349415728606,3.294523325943385,3.298607306086211,3.379985689184222,3.2682286259830704,3.2771523802250604,3.349207457523714,3.3572902866114402,3.2840272355932454,3.393170509554115,3.2122230246179573,3.2712517883942986,3.3320910747501404,4.136093886264267,3.4894493196921026,3.196288011806893,3.1113926984123075,3.416316953362404,3.2953834541127662,3.3003427014607563,3.3229260806114445,3.1409365113551226,3.3345348415799663,3.279349896421566,3.3302298681367857,3.2402699417594825,3.4200961142784796,3.479110287520144,4.734307192506697,3.368712922107952
70,3.02,5.71003838310591,3.1075037351575965,2.861914242409728,3.352421711079368,3.290166512195513,3.4309699299771026,3.2203683551490485,3.323340514637067,3.3253092912391216,3.410189781058773,3.296469617445572,3.3039215554266685,3.3768885358125185,3.3850969943237805,3.3104850450910237,3.4211374603250895,3.237143058906521,3.2994570728511476,3.359515083874955,4.176015338591558,3.518957696747027,3.226257571485322,3.13401175531525,3.4446795941669546,3.3220246234363886,3.328047626205655,3.3513030696931763,3.164243567482962,3.361186662008862,3.30571871484084,3.3575097217315415,3.266417755581563,3.448402948813991,3.5084279166594907,4.7808637158043235,3.396375837175801
71,3.04,5.767843385698524,3.127985964460124,2.891936451235112,3.3820730760976376,3.315620197166267,3.459533273492561,3.2449017687252364,3.3521577033307492,3.352011276392031,3.4403938729333223,3.324710608908074,3.3306907306282763,3.404569614101323,3.412903702036121,3.336942854588802,3.449104411096063,3.2620630931950845,3.327662357307997,3.3869390929997687,4.215936790918848,3.5484660738019516,3.2562271311637496,3.1566308122181925,3.473042234971505,3.3486657927600105,3.3557525509505535,3.379680058774908,3.187550623610801,3.3878384824377576,3.3320875332601143,3.384789575326297,3.292565569403644,3.4767097833495026,3.5377455457988374,4.827420239101949,3.424038752243651
72,3.02,5.71003838310591,3.1075037351575965,2.861914242409728,3.352421711079368,3.290166512195513,3.4309699299771026,3.2203683551490485,3.323340514637067,3.3253092912391216,3.410189781058773,3.296469617445572,3.3039215554266685,3.3768885358125185,3.3850969943237805,3.3104850450910237,3.4211374603250895,3.237143058906521,3.2994570728511476,3.359515083874955,4.176015338591558,3.518957696747027,3.226257571485322,3.13401175531525,3.4446795941669546,3.3220246234363886,3.328047626205655,3.3513030696931763,3.164243567482962,3.361186662008862,3.30571871484084,3.3575097217315415,3.266417755581563,3.448402948813991,3.5084279166594907,4.7808637158043235,3.396375837175801
73,3.02,5.71003838310591,3.1075037351575965,2.861914242409728,3.352421711079368,3.290166512195513,3.4309699299771026,3.2203683551490485,3.323340514637067,3.3253092912391216,3.410189781058773,3.296469617445572,3.3039215554266685,3.3768885358125185,3.3850969943237805,3.3104850450910237,3.4211374603250895,3.237143058906521,3.2994570728511476,3.359515083874955,4.176015338591558,3.518957696747027,3.226257571485322,3.13401175531525,3.4446795941669546,3.3220246234363886,3.328047626205655,3.3513030696931763,3.164243567482962,3.361186662008862,3.30571871484084,3.3575097217315415,3.266417755581563,3.448402948813991,3.5084279166594907,4.7808637158043235,3.396375837175801
74,2.84,5.18979335977238,2.9231636714348515,2.5917143629812665,3.085559425914938,3.061083347458724,3.173899838337973,2.999567632963359,3.06398581639393,3.084991424862933,3.138352954187825,3.042300694283057,3.062998978612198,3.12775883121328,3.134836624912722,3.072364759611018,3.1694349033863247,3.0128627503094494,3.0456095127395044,3.1126990017516283,3.81672226764594,3.253382303252706,2.956531534379465,2.9304402431887677,3.189415826925999,3.0822540995237904,3.078703303501568,3.0959101679575918,2.9544800623324106,3.121320278148799,3.0683993490673727,3.1119910393787396,3.0310874311828364,3.193641437994392,3.2445692544053713,4.361855006125689,3.14740960156516
75,2.85,5.218695861068688,2.933404786086115,2.6067254673939586,3.100385108424073,3.0738101899441013,3.1881815100957023,3.011834339751453,3.0783944107407715,3.0983424174393877,3.1534550001251,3.0564211900143077,3.076383566213002,3.1415993703576817,3.1487399787688917,3.085593664359908,3.1834183787718118,3.0253227674537313,3.059712154967929,3.1264110063140356,3.836682993809586,3.2681364917801687,2.97151631421868,2.9417497716402394,3.203597147328275,3.0955746841856016,3.092555765874017,3.1100986624984577,2.96613359039633,3.1346461883632477,3.0815837582770103,3.125630966176118,3.0441613380938772,3.2077948552621476,3.2592280689750455,4.385133267774501,3.1612410590990847
76,2.876666666666667,5.295769197858841,2.9607144251561515,2.6467550791611383,3.1399202617817665,3.1077484365717742,3.226265968116314,3.044545557853037,3.116817328999014,3.133945064309935,3.1937271226245,3.0940758452976436,3.112075799815146,3.1785074747427546,3.1858155890520123,3.120870743690279,3.220707646466444,3.058549479838483,3.097319200910395,3.1629763518137874,3.8899115969126408,3.307480994520068,3.0114757271232513,2.971908514177496,3.241414001734343,3.131096243283765,3.129495665533882,3.147934647940767,2.9972096652334494,3.1701819489351086,3.1167421828360427,3.1620041043024587,3.0790250898566516,3.2455373013094957,3.2983182411608407,4.447208632171336,3.198124945856217
77,2.9033333333333333,5.372842534648993,2.988024064226188,2.686784690928318,3.1794554151394596,3.1416866831994463,3.264350426136926,3.0772567759546208,3.155240247257256,3.1695477111804813,3.2339992451238992,3.131730500580979,3.1477680334172895,3.2154155791278267,3.2228911993351317,3.1561478230206506,3.2579969141610756,3.091776192223234,3.134926246852861,3.1995416973135393,3.9431402000156943,3.346825497259968,3.051435140027823,3.002067256714753,3.2792308561404098,3.1666178023819276,3.166435565193747,3.1857706333830755,3.028285740070568,3.2057177095069695,3.151900607395075,3.1983772424287995,3.113888841619426,3.2832797473568434,3.3374084133466355,4.509283996568171,3.235008832613349
78,2.93,5.449915871439145,3.015333703296224,2.7268143026954976,3.218990568497153,3.1756249298271184,3.3024348841575377,3.1099679940562037,3.193663165515499,3.205150358051027,3.2742713676232986,3.1693851558643145,3.1834602670194334,3.2523236835128992,3.2599668096182515,3.191424902351021,3.2952861818557073,3.1250029046079852,3.1725332927953263,3.2361070428132916,3.996368803118749,3.3861699999998667,3.091394552932394,3.032225999252009,3.3170477105464773,3.2021393614800897,3.203375464853612,3.223606618825385,3.0593618149076867,3.2412534700788305,3.1870590319541066,3.2347503805551407,3.1487525933822003,3.3210221934041915,3.376498585532431,4.571359360965005,3.2718927193704808
79,3.09,5.9123558921800585,3.179191537716441,2.966991973298574,3.456201488643312,3.3792544095931527,3.530941632281208,3.306235302665705,3.424200675064954,3.418766239274305,3.515904102619696,3.395313087564328,3.397613668632296,3.473772309823333,3.4824204713169697,3.4030873783332476,3.5190217880234975,3.3243631789164927,3.39817556845012,3.4554991158118034,4.3157404217370745,3.6222370164392625,3.3311510303598206,3.213178454475549,3.5439488369828807,3.415268716069065,3.4250148628128,3.4506225314792367,3.2458182639303983,3.454468033509997,3.398009579308299,3.452989209313186,3.3579351039588454,3.5474768696882792,3.611039618647203,4.943811547346014,3.4931960399132724
80,3.02,5.71003838310591,3.1075037351575965,2.861914242409728,3.352421711079368,3.290166512195513,3.4309699299771026,3.2203683551490485,3.323340514637067,3.3253092912391216,3.410189781058773,3.296469617445572,3.3039215554266685,3.3768885358125185,3.3850969943237805,3.3104850450910237,3.4211374603250895,3.237143058906521,3.2994570728511476,3.359515083874955,4.176015338591558,3.518957696747027,3.226257571485322,3.13401175531525,3.4446795941669546,3.3220246234363886,3.328047626205655,3.3513030696931763,3.164243567482962,3.361186662008862,3.30571871484084,3.3575097217315415,3.266417755581563,3.448402948813991,3.5084279166594907,4.7808637158043235,3.396375837175801
81,2.93,5.449915871439145,3.015333703296224,2.7268143026954976,3.218990568497153,3.1756249298271184,3.3024348841575377,3.1099679940562037,3.193663165515499,3.205150358051027,3.2742713676232986,3.1693851558643145,3.1834602670194334,3.2523236835128992,3.2599668096182515,3.191424902351021,3.2952861818557073,3.1250029046079852,3.1725332927953263,3.2361070428132916,3.996368803118749,3.3861699999998667,3.091394552932394,3.032225999252009,3.3170477105464773,3.2021393614800897,3.203375464853612,3.223606618825385,3.0593618149076867,3.2412534700788305,3.1870590319541066,3.2347503805551407,3.1487525933822003,3.3210221934041915,3.376498585532431,4.571359360965005,3.2718927193704808
82,2.97,5.565525876624373,3.0562981619012786,2.7868587203462662,3.2782932985336926,3.226532299768627,3.359561571188455,3.1590348212085795,3.2512975429028628,3.2585543283568468,3.334679551372398,3.225867138789318,3.2369986174226493,3.3076858400905076,3.315580225042931,3.2443405213465777,3.351220083397655,3.174842973185112,3.2289438617090247,3.2909550610629195,4.07621170777333,3.4451867541097156,3.1513336722892507,3.077464113057894,3.373772992155578,3.2554217001273336,3.2587853143434087,3.2803605969888476,3.1059759271633647,3.2945571109366223,3.239796668792655,3.289310087744652,3.2010482210263613,3.377635862475213,3.4351338438111245,4.6644724075602575,3.327218549506179
83,2.96,5.536623375328067,3.046057047250015,2.771847615933574,3.263467616024558,3.21380545728325,3.345279899430726,3.1467681144204853,3.2368889485560217,3.245203335780392,3.319577505435123,3.2117466430580675,3.2236140298218454,3.2938453009461055,3.3016768711867615,3.2311116165976888,3.337236608012168,3.1623829560408305,3.2148412194806,3.2772430565005126,4.0562509816096854,3.430432565582253,3.1363488924500365,3.066154584606423,3.359591671753303,3.242101115465523,3.2449328519709595,3.2661721024479817,3.094322399099445,3.2812312007221744,3.2266122595830176,3.275670160947274,3.187974314115321,3.363482445207458,3.420475029241451,4.641194145911445,3.313387091972254
84,2.95,5.507720874031759,3.0358159325987515,2.756836511520882,3.248641933515423,3.201078614797873,3.330998227672996,3.1345014076323916,3.2224803542091807,3.231852343203937,3.3044754594978483,3.1976261473268166,3.210229442221041,3.2800047618017034,3.2877735173305913,3.2178827118488,3.3232531326266814,3.149922938896549,3.2007385772521757,3.2635310519381058,4.0362902554460405,3.415678377054791,3.1213641126108223,3.0548450561549516,3.3454103513510276,3.2287805308037116,3.2310803895985103,3.2519836079071163,3.0826688710355254,3.2679052905077266,3.213427850373381,3.262030234149896,3.174900407204281,3.349329027939703,3.405816214671778,4.617915884262631,3.29955563443833
85,2.94,5.478818372735451,3.0255748179474877,2.741825407108189,3.233816251006287,3.1883517723124957,3.316716555915267,3.122234700844298,3.208071759862339,3.2185013506274815,3.2893734135605732,3.1835056515955653,3.1968448546202373,3.2661642226573013,3.273870163474421,3.20465380709991,3.309269657241194,3.1374629217522667,3.1866359350237508,3.249819047375698,4.016329529282394,3.4009241885273287,3.1063793327716076,3.0435355277034803,3.3312290309487516,3.2154599461419,3.2172279272260607,3.23779511336625,3.071015342971606,3.2545793802932783,3.2002434411637437,3.248390307352518,3.16182650029324,3.3351756106719463,3.3911574001021045,4.594637622613818,3.285724176904405
86,2.95,5.507720874031759,3.0358159325987515,2.756836511520882,3.248641933515423,3.201078614797873,3.330998227672996,3.1345014076323916,3.2224803542091807,3.231852343203937,3.3044754594978483,3.1976261473268166,3.210229442221041,3.2800047618017034,3.2877735173305913,3.2178827118488,3.3232531326266814,3.149922938896549,3.2007385772521757,3.2635310519381058,4.0362902554460405,3.415678377054791,3.1213641126108223,3.0548450561549516,3.3454103513510276,3.2287805308037116,3.2310803895985103,3.2519836079071163,3.0826688710355254,3.2679052905077266,3.213427850373381,3.262030234149896,3.174900407204281,3.349329027939703,3.405816214671778,4.617915884262631,3.29955563443833
87,3.03,5.738940884402216,3.11774484980886,2.87692534682242,3.367247393588502,3.3028933546808896,3.4452516017348316,3.2326350619371422,3.3377491089839078,3.338660283815576,3.4252918269960473,3.310590113176823,3.317306143027473,3.39072907495692,3.3990003481799507,3.323713949839913,3.435120935710576,3.2496030760508026,3.3135597150795726,3.3732270884373614,4.195976064755203,3.533711885274489,3.241242351324536,3.1453212837667213,3.458860914569229,3.3353452080981993,3.3419000885781043,3.3654915642340417,3.175897095546881,3.37451257222331,3.318903124050477,3.371149648528919,3.2794916624926036,3.4625563660817464,3.5230867312291636,4.804141977453136,3.4102072947097257
88,3.08,5.883453390883752,3.168950423065178,2.9519808688858817,3.441375806134177,3.366527567107776,3.516659960523479,3.2939685958776117,3.409792080718113,3.4054152466978507,3.500802056682422,3.381192591833077,3.3842290810314926,3.4599317706789314,3.4685171174608005,3.3898584735843587,3.5050383126380114,3.3119031617722112,3.384072926221696,3.441787111249397,4.29577969557343,3.6074828279118005,3.3161662505206073,3.2018689260240776,3.529767516580606,3.401948131407255,3.411162400440351,3.436434036938371,3.2341647358664796,3.44114212329555,3.384825170098663,3.4393492825158085,3.3448611970478055,3.533323452420525,3.5963808040775307,4.920533285697202,3.4793645823793486
89,3.13,6.027965897365287,3.220155996321496,3.0270363909493425,3.5155042186798515,3.4301617795346613,3.588068319312126,3.3553021298180807,3.4818350524523174,3.472170209580125,3.576312286368796,3.451795070489331,3.4511520190355114,3.529134466400942,3.5380338867416494,3.4560029973288047,3.5749556895654453,3.37420324749362,3.454586137363819,3.5103471340614316,4.395583326391657,3.681253770549111,3.3910901497166783,3.2584165682814334,3.600674118591982,3.4685510547163094,3.4804247123025966,3.5073765096427003,3.2924323761860768,3.5077716743677896,3.4507472161468478,3.5075489165026976,3.410230731603007,3.6040905387593014,3.6696748769258964,5.036924593941267,3.5485218700489707
90,3.13,6.027965897365287,3.220155996321496,3.0270363909493425,3.5155042186798515,3.4301617795346613,3.588068319312126,3.3553021298180807,3.4818350524523174,3.472170209580125,3.576312286368796,3.451795070489331,3.4511520190355114,3.529134466400942,3.5380338867416494,3.4560029973288047,3.5749556895654453,3.37420324749362,3.454586137363819,3.5103471340614316,4.395583326391657,3.681253770549111,3.3910901497166783,3.2584165682814334,3.600674118591982,3.4685510547163094,3.4804247123025966,3.5073765096427003,3.2924323761860768,3.5077716743677896,3.4507472161468478,3.5075489165026976,3.410230731603007,3.6040905387593014,3.6696748769258964,5.036924593941267,3.5485218700489707
91,3.13,6.027965897365287,3.220155996321496,3.0270363909493425,3.5155042186798515,3.4301617795346613,3.588068319312126,3.3553021298180807,3.4818350524523174,3.472170209580125,3.576312286368796,3.451795070489331,3.4511520190355114,3.529134466400942,3.5380338867416494,3.4560029973288047,3.5749556895654453,3.37420324749362,3.454586137363819,3.5103471340614316,4.395583326391657,3.681253770549111,3.3910901497166783,3.2584165682814334,3.600674118591982,3.4685510547163094,3.4804247123025966,3.5073765096427003,3.2924323761860768,3.5077716743677896,3.4507472161468478,3.5075489165026976,3.410230731603007,3.6040905387593014,3.6696748769258964,5.036924593941267,3.5485218700489707
92,3.13,6.027965897365287,3.220155996321496,3.0270363909493425,3.5155042186798515,3.4301617795346613,3.588068319312126,3.3553021298180807,3.4818350524523174,3.472170209580125,3.576312286368796,3.451795070489331,3.4511520190355114,3.529134466400942,3.5380338867416494,3.4560029973288047,3.5749556895654453,3.37420324749362,3.454586137363819,3.5103471340614316,4.395583326391657,3.681253770549111,3.3910901497166783,3.2584165682814334,3.600674118591982,3.4685510547163094,3.4804247123025966,3.5073765096427003,3.2924323761860768,3.5077716743677896,3.4507472161468478,3.5075489165026976,3.410230731603007,3.6040905387593014,3.6696748769258964,5.036924593941267,3.5485218700489707
93,3.06,5.825648388291138,3.148468193762651,2.921958660060497,3.4117244411159073,3.3410738821370214,3.4880966170080203,3.269435182301424,3.3809748920244314,3.378713261544941,3.4705979648078724,3.3529516003705755,3.3574599058298844,3.4322506923901273,3.4407104097484607,3.3634006640865803,3.4770713618670372,3.286983127483648,3.3558676417648465,3.4143631021245824,4.255858243246139,3.5779744508568765,3.2861966908421785,3.179249869121135,3.501404875776055,3.3753069620836325,3.3834574756954523,3.40805704785664,3.21085767973864,3.4144903028666542,3.3584563516793886,3.412069428921053,3.3187133832257247,3.5050166178850133,3.567063174938184,4.873976762399575,3.4517016673114997
94,3.22,6.288088409032054,3.3123260281828686,3.1621363306635737,3.648935361262067,3.544703361903056,3.716603365131691,3.4657024909109255,3.6115124015738864,3.59232914276822,3.7122306998042705,3.57887953207059,3.571613307442747,3.6536993187005615,3.6631640714471794,3.5750631400688078,3.7008069680348283,3.4863434017921557,3.581509917419641,3.633755175123095,4.575229861864466,3.814041467296273,3.5259531682696066,3.3602023243446753,3.7283060022124594,3.5884363166726088,3.605096873654641,3.6350729605104926,3.3973141287613524,3.627704866297821,3.569406899033581,3.630308257679099,3.5278958938023712,3.731471294169102,3.8016042080529564,5.246428948780585,3.6730049878542923
95,3.23,6.31699091032836,3.3225671428341323,3.177147435076266,3.663761043771202,3.5574302043884334,3.7308850368894206,3.4779691976990192,3.625920995920727,3.6056801353446746,3.727332745741545,3.59300002780184,3.584997895043551,3.6675398578449636,3.677067425303349,3.5882920448176967,3.7147904434203154,3.498803418936437,3.5956125596480657,3.647467179685502,4.595190588028111,3.8287956558237344,3.5409379481088203,3.3715118527961465,3.7424873226147346,3.6017569013344195,3.6189493360270903,3.6492614550513585,3.408967656825272,3.641030776512269,3.5825913082432184,3.6439481844764767,3.5409698007134107,3.7456247114368573,3.8162630226226293,5.269707210429399,3.6868364453882165
96,3.23,6.31699091032836,3.3225671428341323,3.177147435076266,3.663761043771202,3.5574302043884334,3.7308850368894206,3.4779691976990192,3.625920995920727,3.6056801353446746,3.727332745741545,3.59300002780184,3.584997895043551,3.6675398578449636,3.677067425303349,3.5882920448176967,3.7147904434203154,3.498803418936437,3.5956125596480657,3.647467179685502,4.595190588028111,3.8287956558237344,3.5409379481088203,3.3715118527961465,3.7424873226147346,3.6017569013344195,3.6189493360270903,3.6492614550513585,3.408967656825272,3.641030776512269,3.5825913082432184,3.6439481844764767,3.5409698007134107,3.7456247114368573,3.8162630226226293,5.269707210429399,3.6868364453882165
97,3.203333333333333,6.239917573538206,3.295257503764096,3.137117823309086,3.624225890413508,3.5234919577607604,3.6928005788688085,3.445257979597435,3.587498077662484,3.5700774884741278,3.687060623242145,3.555345372518504,3.549305661441407,3.630631753459891,3.6399918150202293,3.5530149654873253,3.677501175725683,3.4655767065516856,3.5580055137055995,3.6109018341857495,4.541961984925056,3.789451153083835,3.500978535204249,3.341353110258889,3.7046704682086666,3.566235342236257,3.5820094363672252,3.611425469609049,3.377891581988153,3.6054950159404076,3.547432883684186,3.607575046350135,3.5061060489506364,3.707882265389509,3.7771728504368336,5.2076318460325615,3.6499525586310844
98,3.1766666666666667,6.162844236748055,3.26794786469406,3.0970882115419074,3.5846907370558156,3.4895537111330883,3.654716120848197,3.412546761495852,3.549075159404242,3.534474841603582,3.6467885007427454,3.517690717235169,3.5136134278392634,3.5937236490748194,3.6029162047371095,3.5177378861569544,3.6402119080310515,3.432349994166935,3.520398467763134,3.5743364886859976,4.488733381822002,3.750106650343936,3.4610191222996782,3.311194367721633,3.6668536138026004,3.5307137831380944,3.545069536707361,3.5735894841667406,3.3468155071510344,3.5699592553685466,3.512274459125154,3.5712019082237942,3.4712422971878625,3.670139819342161,3.738082678251039,5.145556481635727,3.613068671873952
99,3.15,6.085770899957903,3.240638225624023,3.057058599774728,3.545155583698122,3.455615464505416,3.6166316628275847,3.3798355433942686,3.5106522411459995,3.4988721947330355,3.606516378243346,3.480036061951833,3.47792119423712,3.556815544689747,3.5658405944539897,3.4824608068265834,3.60292264033642,3.3991232817821837,3.482791421820669,3.537771143186246,4.435504778718949,3.7107621476040364,3.4210597093951067,3.281035625184376,3.629036759396533,3.4951922240399314,3.508129637047496,3.535753498724432,3.3157394323139155,3.5344234947966853,3.477116034566122,3.5348287700974534,3.436378545425088,3.6323973732948134,3.6989925060652435,5.083481117238893,3.57618478511682
100,3.11,5.970160894772673,3.199673767018969,2.997014182123958,3.485852853661582,3.404708094563907,3.559504975796667,3.3307687162418933,3.4530178637586353,3.445468224427215,3.5461081944942463,3.4235540790268297,3.4243828438339037,3.5014533881121377,3.51022717902931,3.4295451878310264,3.5469887387944716,3.349283213205056,3.42638085290697,3.482923124936617,4.355661874064365,3.6517453934941875,3.3611205900382495,3.2357975113784914,3.5723114777874314,3.441909885392687,3.4527197875576987,3.4789995205609685,3.2691253200582375,3.4811198539388934,3.4243783977275735,3.480269062907942,3.384082917780926,3.5757837042237908,3.64035724778655,4.9903680706436395,3.5208589549811222
101,2.97,5.565525876624373,3.0562981619012786,2.7868587203462662,3.2782932985336926,3.226532299768627,3.359561571188455,3.1590348212085795,3.2512975429028628,3.2585543283568468,3.334679551372398,3.225867138789318,3.2369986174226493,3.3076858400905076,3.315580225042931,3.2443405213465777,3.351220083397655,3.174842973185112,3.2289438617090247,3.2909550610629195,4.07621170777333,3.4451867541097156,3.1513336722892507,3.077464113057894,3.373772992155578,3.2554217001273336,3.2587853143434087,3.2803605969888476,3.1059759271633647,3.2945571109366223,3.239796668792655,3.289310087744652,3.2010482210263613,3.377635862475213,3.4351338438111245,4.6644724075602575,3.327218549506179
102,3.0,5.652233380513295,3.087021505855069,2.8318920335843427,3.3227703460610973,3.2647128272247583,3.4024065864616437,3.1958349415728606,3.294523325943385,3.298607306086211,3.379985689184222,3.2682286259830704,3.2771523802250604,3.349207457523714,3.3572902866114402,3.2840272355932454,3.393170509554115,3.2122230246179573,3.2712517883942986,3.3320910747501404,4.136093886264267,3.4894493196921026,3.196288011806893,3.1113926984123075,3.416316953362404,3.2953834541127662,3.3003427014607563,3.3229260806114445,3.1409365113551226,3.3345348415799663,3.279349896421566,3.3302298681367857,3.2402699417594825,3.4200961142784796,3.479110287520144,4.734307192506697,3.368712922107952
103,3.0,5.652233380513295,3.087021505855069,2.8318920335843427,3.3227703460610973,3.2647128272247583,3.4024065864616437,3.1958349415728606,3.294523325943385,3.298607306086211,3.379985689184222,3.2682286259830704,3.2771523802250604,3.349207457523714,3.3572902866114402,3.2840272355932454,3.393170509554115,3.2122230246179573,3.2712517883942986,3.3320910747501404,4.136093886264267,3.4894493196921026,3.196288011806893,3.1113926984123075,3.416316953362404,3.2953834541127662,3.3003427014607563,3.3229260806114445,3.1409365113551226,3.3345348415799663,3.279349896421566,3.3302298681367857,3.2402699417594825,3.4200961142784796,3.479110287520144,4.734307192506697,3.368712922107952
104,3.03,5.738940884402216,3.11774484980886,2.87692534682242,3.367247393588502,3.3028933546808896,3.4452516017348316,3.2326350619371422,3.3377491089839078,3.338660283815576,3.4252918269960473,3.310590113176823,3.317306143027473,3.39072907495692,3.3990003481799507,3.323713949839913,3.435120935710576,3.2496030760508026,3.3135597150795726,3.3732270884373614,4.195976064755203,3.533711885274489,3.241242351324536,3.1453212837667213,3.458860914569229,3.3353452080981993,3.3419000885781043,3.3654915642340417,3.175897095546881,3.37451257222331,3.318903124050477,3.371149648528919,3.2794916624926036,3.4625563660817464,3.5230867312291636,4.804141977453136,3.4102072947097257
105,3.06,5.825648388291138,3.148468193762651,2.921958660060497,3.4117244411159073,3.3410738821370214,3.4880966170080203,3.269435182301424,3.3809748920244314,3.378713261544941,3.4705979648078724,3.3529516003705755,3.3574599058298844,3.4322506923901273,3.4407104097484607,3.3634006640865803,3.4770713618670372,3.286983127483648,3.3558676417648465,3.4143631021245824,4.255858243246139,3.5779744508568765,3.2861966908421785,3.179249869121135,3.501404875776055,3.3753069620836325,3.3834574756954523,3.40805704785664,3.21085767973864,3.4144903028666542,3.3584563516793886,3.412069428921053,3.3187133832257247,3.5050166178850133,3.567063174938184,4.873976762399575,3.4517016673114997
106,3.09,5.9123558921800585,3.179191537716441,2.966991973298574,3.456201488643312,3.3792544095931527,3.530941632281208,3.306235302665705,3.424200675064954,3.418766239274305,3.515904102619696,3.395313087564328,3.397613668632296,3.473772309823333,3.4824204713169697,3.4030873783332476,3.5190217880234975,3.3243631789164927,3.39817556845012,3.4554991158118034,4.3157404217370745,3.6222370164392625,3.3311510303598206,3.213178454475549,3.5439488369828807,3.415268716069065,3.4250148628128,3.4506225314792367,3.2458182639303983,3.454468033509997,3.398009579308299,3.452989209313186,3.3579351039588454,3.5474768696882792,3.611039618647203,4.943811547346014,3.4931960399132724
107,3.11,5.970160894772673,3.199673767018969,2.997014182123958,3.485852853661582,3.404708094563907,3.559504975796667,3.3307687162418933,3.4530178637586353,3.445468224427215,3.5461081944942463,3.4235540790268297,3.4243828438339037,3.5014533881121377,3.51022717902931,3.4295451878310264,3.5469887387944716,3.349283213205056,3.42638085290697,3.482923124936617,4.355661874064365,3.6517453934941875,3.3611205900382495,3.2357975113784914,3.5723114777874314,3.441909885392687,3.4527197875576987,3.4789995205609685,3.2691253200582375,3.4811198539388934,3.4243783977275735,3.480269062907942,3.384082917780926,3.5757837042237908,3.64035724778655,4.9903680706436395,3.5208589549811222
108,3.11,5.970160894772673,3.199673767018969,2.997014182123958,3.485852853661582,3.404708094563907,3.559504975796667,3.3307687162418933,3.4530178637586353,3.445468224427215,3.5461081944942463,3.4235540790268297,3.4243828438339037,3.5014533881121377,3.51022717902931,3.4295451878310264,3.5469887387944716,3.349283213205056,3.42638085290697,3.482923124936617,4.355661874064365,3.6517453934941875,3.3611205900382495,3.2357975113784914,3.5723114777874314,3.441909885392687,3.4527197875576987,3.4789995205609685,3.2691253200582375,3.4811198539388934,3.4243783977275735,3.480269062907942,3.384082917780926,3.5757837042237908,3.64035724778655,4.9903680706436395,3.5208589549811222
109,3.13,6.027965897365287,3.220155996321496,3.0270363909493425,3.5155042186798515,3.4301617795346613,3.588068319312126,3.3553021298180807,3.4818350524523174,3.472170209580125,3.576312286368796,3.451795070489331,3.4511520190355114,3.529134466400942,3.5380338867416494,3.4560029973288047,3.5749556895654453,3.37420324749362,3.454586137363819,3.5103471340614316,4.395583326391657,3.681253770549111,3.3910901497166783,3.2584165682814334,3.600674118591982,3.4685510547163094,3.4804247123025966,3.5073765096427003,3.2924323761860768,3.5077716743677896,3.4507472161468478,3.5075489165026976,3.410230731603007,3.6040905387593014,3.6696748769258964,5.036924593941267,3.5485218700489707
110,3.06,5.825648388291138,3.148468193762651,2.921958660060497,3.4117244411159073,3.3410738821370214,3.4880966170080203,3.269435182301424,3.3809748920244314,3.378713261544941,3.4705979648078724,3.3529516003705755,3.3574599058298844,3.4322506923901273,3.4407104097484607,3.3634006640865803,3.4770713618670372,3.286983127483648,3.3558676417648465,3.4143631021245824,4.255858243246139,3.5779744508568765,3.2861966908421785,3.179249869121135,3.501404875776055,3.3753069620836325,3.3834574756954523,3.40805704785664,3.21085767973864,3.4144903028666542,3.3584563516793886,3.412069428921053,3.3187133832257247,3.5050166178850133,3.567063174938184,4.873976762399575,3.4517016673114997
111,3.06,5.825648388291138,3.148468193762651,2.921958660060497,3.4117244411159073,3.3410738821370214,3.4880966170080203,3.269435182301424,3.3809748920244314,3.378713261544941,3.4705979648078724,3.3529516003705755,3.3574599058298844,3.4322506923901273,3.4407104097484607,3.3634006640865803,3.4770713618670372,3.286983127483648,3.3558676417648465,3.4143631021245824,4.255858243246139,3.5779744508568765,3.2861966908421785,3.179249869121135,3.501404875776055,3.3753069620836325,3.3834574756954523,3.40805704785664,3.21085767973864,3.4144903028666542,3.3584563516793886,3.412069428921053,3.3187133832257247,3.5050166178850133,3.567063174938184,4.873976762399575,3.4517016673114997
112,3.06,5.825648388291138,3.148468193762651,2.921958660060497,3.4117244411159073,3.3410738821370214,3.4880966170080203,3.269435182301424,3.3809748920244314,3.378713261544941,3.4705979648078724,3.3529516003705755,3.3574599058298844,3.4322506923901273,3.4407104097484607,3.3634006640865803,3.4770713618670372,3.286983127483648,3.3558676417648465,3.4143631021245824,4.255858243246139,3.5779744508568765,3.2861966908421785,3.179249869121135,3.501404875776055,3.3753069620836325,3.3834574756954523,3.40805704785664,3.21085767973864,3.4144903028666542,3.3584563516793886,3.412069428921053,3.3187133832257247,3.5050166178850133,3.567063174938184,4.873976762399575,3.4517016673114997
113,3.06,5.825648388291138,3.148468193762651,2.921958660060497,3.4117244411159073,3.3410738821370214,3.4880966170080203,3.269435182301424,3.3809748920244314,3.378713261544941,3.4705979648078724,3.3529516003705755,3.3574599058298844,3.4322506923901273,3.4407104097484607,3.3634006640865803,3.4770713618670372,3.286983127483648,3.3558676417648465,3.4143631021245824,4.255858243246139,3.5779744508568765,3.2861966908421785,3.179249869121135,3.501404875776055,3.3753069620836325,3.3834574756954523,3.40805704785664,3.21085767973864,3.4144903028666542,3.3584563516793886,3.412069428921053,3.3187133832257247,3.5050166178850133,3.567063174938184,4.873976762399575,3.4517016673114997
114,2.99,5.623330879216989,3.0767803912038056,2.8168809291716514,3.307944663551963,3.251985984739382,3.3881249147039147,3.1835682347847674,3.2801147315965453,3.2852563135097568,3.3648836432469484,3.25410813025182,3.2637677926242574,3.3353669183793127,3.343386932755271,3.2707983308443564,3.3791870341686288,3.199763007473676,3.2571491461658746,3.318379070187734,4.116133160100622,3.4746951311646406,3.1813032319676795,3.100083169960836,3.402135632960129,3.282062869450956,3.286490239088307,3.3087375860705794,3.129282983291204,3.3212089313655184,3.2661654872119295,3.316589941339408,3.2271960348484425,3.4059426970107247,3.464451472950471,4.711028930857885,3.3548814645740284
115,3.06,5.825648388291138,3.148468193762651,2.921958660060497,3.4117244411159073,3.3410738821370214,3.4880966170080203,3.269435182301424,3.3809748920244314,3.378713261544941,3.4705979648078724,3.3529516003705755,3.3574599058298844,3.4322506923901273,3.4407104097484607,3.3634006640865803,3.4770713618670372,3.286983127483648,3.3558676417648465,3.4143631021245824,4.255858243246139,3.5779744508568765,3.2861966908421785,3.179249869121135,3.501404875776055,3.3753069620836325,3.3834574756954523,3.40805704785664,3.21085767973864,3.4144903028666542,3.3584563516793886,3.412069428921053,3.3187133832257247,3.5050166178850133,3.567063174938184,4.873976762399575,3.4517016673114997
116,3.13,6.027965897365287,3.220155996321496,3.0270363909493425,3.5155042186798515,3.4301617795346613,3.588068319312126,3.3553021298180807,3.4818350524523174,3.472170209580125,3.576312286368796,3.451795070489331,3.4511520190355114,3.529134466400942,3.5380338867416494,3.4560029973288047,3.5749556895654453,3.37420324749362,3.454586137363819,3.5103471340614316,4.395583326391657,3.681253770549111,3.3910901497166783,3.2584165682814334,3.600674118591982,3.4685510547163094,3.4804247123025966,3.5073765096427003,3.2924323761860768,3.5077716743677896,3.4507472161468478,3.5075489165026976,3.410230731603007,3.6040905387593014,3.6696748769258964,5.036924593941267,3.5485218700489707
117,3.2,6.23028340643944,3.291843798880341,3.1321141218381894,3.6192839962437975,3.5192496769323016,3.6880400216162323,3.441169077334738,3.5826952128802043,3.56562715761531,3.6820266079297204,3.550638540608088,3.5448441322411397,3.6260182404117574,3.6353573637348395,3.5486053305710294,3.6728400172638547,3.461423367503592,3.5533046329627918,3.606331165998281,4.535308409537176,3.7845330902413483,3.495983608591178,3.3375832674417327,3.699943361407909,3.5617951473489864,3.5773919489097423,3.6066959714287616,3.3740070726335136,3.6010530458689254,3.5430380806143074,3.603028404084343,3.50174807998029,3.703164459633591,3.7722865789136106,5.19987242548296,3.645342072786443
118,3.2,6.23028340643944,3.291843798880341,3.1321141218381894,3.6192839962437975,3.5192496769323016,3.6880400216162323,3.441169077334738,3.5826952128802043,3.56562715761531,3.6820266079297204,3.550638540608088,3.5448441322411397,3.6260182404117574,3.6353573637348395,3.5486053305710294,3.6728400172638547,3.461423367503592,3.5533046329627918,3.606331165998281,4.535308409537176,3.7845330902413483,3.495983608591178,3.3375832674417327,3.699943361407909,3.5617951473489864,3.5773919489097423,3.6066959714287616,3.3740070726335136,3.6010530458689254,3.5430380806143074,3.603028404084343,3.50174807998029,3.703164459633591,3.7722865789136106,5.19987242548296,3.645342072786443
119,3.2,6.23028340643944,3.291843798880341,3.1321141218381894,3.6192839962437975,3.5192496769323016,3.6880400216162323,3.441169077334738,3.5826952128802043,3.56562715761531,3.6820266079297204,3.550638540608088,3.5448441322411397,3.6260182404117574,3.6353573637348395,3.5486053305710294,3.6728400172638547,3.461423367503592,3.5533046329627918,3.606331165998281,4.535308409537176,3.7845330902413483,3.495983608591178,3.3375832674417327,3.699943361407909,3.5617951473489864,3.5773919489097423,3.6066959714287616,3.3740070726335136,3.6010530458689254,3.5430380806143074,3.603028404084343,3.50174807998029,3.703164459633591,3.7722865789136106,5.19987242548296,3.645342072786443
120,3.2,6.23028340643944,3.291843798880341,3.1321141218381894,3.6192839962437975,3.5192496769323016,3.6880400216162323,3.441169077334738,3.5826952128802043,3.56562715761531,3.6820266079297204,3.550638540608088,3.5448441322411397,3.6260182404117574,3.6353573637348395,3.5486053305710294,3.6728400172638547,3.461423367503592,3.5533046329627918,3.606331165998281,4.535308409537176,3.7845330902413483,3.495983608591178,3.3375832674417327,3.699943361407909,3.5617951473489864,3.5773919489097423,3.6066959714287616,3.3740070726335136,3.6010530458689254,3.5430380806143074,3.603028404084343,3.50174807998029,3.703164459633591,3.7722865789136106,5.19987242548296,3.645342072786443
121,3.13,6.027965897365287,3.220155996321496,3.0270363909493425,3.5155042186798515,3.4301617795346613,3.588068319312126,3.3553021298180807,3.4818350524523174,3.472170209580125,3.576312286368796,3.451795070489331,3.4511520190355114,3.529134466400942,3.5380338867416494,3.4560029973288047,3.5749556895654453,3.37420324749362,3.454586137363819,3.5103471340614316,4.395583326391657,3.681253770549111,3.3910901497166783,3.2584165682814334,3.600674118591982,3.4685510547163094,3.4804247123025966,3.5073765096427003,3.2924323761860768,3.5077716743677896,3.4507472161468478,3.5075489165026976,3.410230731603007,3.6040905387593014,3.6696748769258964,5.036924593941267,3.5485218700489707
122,3.14,6.056868398661595,3.23039711097276,3.042047495362036,3.5303299011889875,3.442888622020039,3.6023499910698558,3.367568836606175,3.496243646799159,3.4855212021565802,3.591414332306071,3.465915566220583,3.4645366066363157,3.542975005545345,3.5519372405978196,3.469231902077694,3.5889391649509323,3.3866632646379022,3.4686887795922443,3.524059138623839,4.415544052555302,3.6960079590765744,3.406074929555893,3.2697260967329047,3.6148554389942578,3.481871639378121,3.494277174675047,3.521565004183566,3.3040859042499964,3.521097584582237,3.4639316253564854,3.521188843300076,3.4233046385140478,3.618243956027058,3.68433369149557,5.060202855590081,3.562353327582896
123,3.11,5.970160894772673,3.199673767018969,2.997014182123958,3.485852853661582,3.404708094563907,3.559504975796667,3.3307687162418933,3.4530178637586353,3.445468224427215,3.5461081944942463,3.4235540790268297,3.4243828438339037,3.5014533881121377,3.51022717902931,3.4295451878310264,3.5469887387944716,3.349283213205056,3.42638085290697,3.482923124936617,4.355661874064365,3.6517453934941875,3.3611205900382495,3.2357975113784914,3.5723114777874314,3.441909885392687,3.4527197875576987,3.4789995205609685,3.2691253200582375,3.4811198539388934,3.4243783977275735,3.480269062907942,3.384082917780926,3.5757837042237908,3.64035724778655,4.9903680706436395,3.5208589549811222
124,3.1,5.941258393476367,3.189432652367705,2.982003077711266,3.471027171152447,3.39198125207853,3.545223304038938,3.318502009453799,3.4386092694117947,3.4321172318507607,3.5310061485569717,3.409433583295579,3.4109982562331,3.4876128489677356,3.4963238251731408,3.4163162830821374,3.5330052634089846,3.3368231960607746,3.412278210678545,3.4692111203742106,4.335701147900721,3.636991204966725,3.3461358101990357,3.22448798292702,3.5581301573851563,3.4285893007308763,3.4388673251852495,3.4648110260201026,3.257471791994318,3.4677939437244456,3.4111939885179368,3.466629136110565,3.3710090108698862,3.561630286956035,3.6256984332168765,4.967089808994827,3.5070274974471976
125,3.086666666666667,5.902721725081292,3.1757778328326878,2.961988271827677,3.451259594473601,3.375012128764695,3.5261810750286324,3.302146400403008,3.419397810282674,3.414315908415488,3.5108700873072722,3.3906062556539114,3.3931521394320283,3.4691587967752,3.477786020031581,3.398677743416952,3.5143606295616694,3.3202098398683995,3.3934746877073128,3.450928447624335,4.309086846349195,3.617318953596776,3.3261561037467504,3.2094086116583918,3.539221730182123,3.410828521181796,3.420397375355318,3.4458930332989492,3.241933754575759,3.450026063438515,3.393614776238421,3.4484425670473944,3.3535771349884995,3.542759063932362,3.60615334712398,4.936052126796411,3.488585554068632
126,3.0733333333333333,5.864185056686215,3.162123013297669,2.9419734659440864,3.4314920177947537,3.358043005450858,3.507138846018326,3.2857907913522153,3.400186351153552,3.3965145849802143,3.4907340260575714,3.371778928012243,3.375306022630956,3.450704744582664,3.45924821489002,3.381039203751766,3.4957159957143524,3.3035964836760234,3.3746711647360796,3.4326457748744588,4.282472544797667,3.5976467022268253,3.306176397294464,3.194329240389763,3.520313302979089,3.3930677416327137,3.401927425525385,3.426975040577794,3.2263957171571995,3.4322581831525847,3.376035563958905,3.430255997984223,3.336145259107112,3.5238878409086873,3.586608261031081,4.9050144445979935,3.470143610690066
127,3.06,5.825648388291138,3.148468193762651,2.921958660060497,3.4117244411159073,3.3410738821370214,3.4880966170080203,3.269435182301424,3.3809748920244314,3.378713261544941,3.4705979648078724,3.3529516003705755,3.3574599058298844,3.4322506923901273,3.4407104097484607,3.3634006640865803,3.4770713618670372,3.286983127483648,3.3558676417648465,3.4143631021245824,4.255858243246139,3.5779744508568765,3.2861966908421785,3.179249869121135,3.501404875776055,3.3753069620836325,3.3834574756954523,3.40805704785664,3.21085767973864,3.4144903028666542,3.3584563516793886,3.412069428921053,3.3187133832257247,3.5050166178850133,3.567063174938184,4.873976762399575,3.4517016673114997
128,3.03,5.738940884402216,3.11774484980886,2.87692534682242,3.367247393588502,3.3028933546808896,3.4452516017348316,3.2326350619371422,3.3377491089839078,3.338660283815576,3.4252918269960473,3.310590113176823,3.317306143027473,3.39072907495692,3.3990003481799507,3.323713949839913,3.435120935710576,3.2496030760508026,3.3135597150795726,3.3732270884373614,4.195976064755203,3.533711885274489,3.241242351324536,3.1453212837667213,3.458860914569229,3.3353452080981993,3.3419000885781043,3.3654915642340417,3.175897095546881,3.37451257222331,3.318903124050477,3.371149648528919,3.2794916624926036,3.4625563660817464,3.5230867312291636,4.804141977453136,3.4102072947097257
129,3.03,5.738940884402216,3.11774484980886,2.87692534682242,3.367247393588502,3.3028933546808896,3.4452516017348316,3.2326350619371422,3.3377491089839078,3.338660283815576,3.4252918269960473,3.310590113176823,3.317306143027473,3.39072907495692,3.3990003481799507,3.323713949839913,3.435120935710576,3.2496030760508026,3.3135597150795726,3.3732270884373614,4.195976064755203,3.533711885274489,3.241242351324536,3.1453212837667213,3.458860914569229,3.3353452080981993,3.3419000885781043,3.3654915642340417,3.175897095546881,3.37451257222331,3.318903124050477,3.371149648528919,3.2794916624926036,3.4625563660817464,3.5230867312291636,4.804141977453136,3.4102072947097257
130,3.23,6.31699091032836,3.3225671428341323,3.177147435076266,3.663761043771202,3.5574302043884334,3.7308850368894206,3.4779691976990192,3.625920995920727,3.6056801353446746,3.727332745741545,3.59300002780184,3.584997895043551,3.6675398578449636,3.677067425303349,3.5882920448176967,3.7147904434203154,3.498803418936437,3.5956125596480657,3.647467179685502,4.595190588028111,3.8287956558237344,3.5409379481088203,3.3715118527961465,3.7424873226147346,3.6017569013344195,3.6189493360270903,3.6492614550513585,3.408967656825272,3.641030776512269,3.5825913082432184,3.6439481844764767,3.5409698007134107,3.7456247114368573,3.8162630226226293,5.269707210429399,3.6868364453882165
131,3.24,6.345893411624668,3.332808257485396,3.192158539488959,3.6785867262803373,3.5701570468738106,3.74516670864715,3.490235904487114,3.640329590267568,3.6190311279211294,3.7424347916788205,3.607120523533091,3.5983824826443556,3.681380396989366,3.690970779159519,3.6015209495665865,3.7287739188058024,3.511263436080719,3.60971520187649,3.661179184247909,4.615151314191757,3.8435498443511977,3.555922727948035,3.3828213812476173,3.7566686430170106,3.6150774859962307,3.63280179839954,3.6634499495922244,3.4206211848891916,3.654356686726717,3.595775717452856,3.6575881112738546,3.5540437076244515,3.759778128704613,3.830921837192303,5.292985472078212,3.700667902922141
132,3.2466666666666666,6.365161745822205,3.339635667252905,3.2021659424307534,3.6884705146197603,3.5786416085307287,3.7546878231523033,3.498413709012509,3.649935319832128,3.6279317896387657,3.75250282230367,3.6165341873539245,3.607305541044891,3.690607423085634,3.7002396817302996,3.6103402193991787,3.73809623572946,3.519570114176907,3.6191169633621065,3.6703205206228464,4.62845846496752,3.853385970036172,3.565912581174178,3.3903610668819315,3.7661228566185274,3.6239578757707713,3.642036773314506,3.672908945952802,3.4283902035984712,3.6632406268696824,3.604565323592613,3.6666813958054396,3.562759645565145,3.7692137402164496,3.8406943802387516,5.308504313177419,3.7098888746114236
133,3.2533333333333334,6.384430080019743,3.346463077020414,3.212173345372548,3.698354302959183,3.5871261701876467,3.764208937657456,3.506591513537905,3.6595410493966893,3.6368324513564025,3.7625708529285196,3.6259478511747587,3.616228599445427,3.6998344491819024,3.709508584301079,3.6191594892317713,3.7474185526531176,3.5278767922730947,3.6285187248477233,3.679461856997785,4.641765615743283,3.8632220957211465,3.5759024344003203,3.3979007525162457,3.7755770702200437,3.632838265545312,3.6512717482294725,3.6823679423133786,3.436159222307751,3.6721245670126472,3.6133549297323713,3.6757746803370246,3.5714755835058383,3.778649351728287,3.8504669232852002,5.324023154276628,3.7191098463007064
134,3.26,6.40369841421728,3.3532904867879227,3.2221807483143423,3.7082380912986066,3.5956107318445643,3.7737300521626085,3.5147693180633004,3.669146778961249,3.6457331130740385,3.772638883553369,3.635361514995592,3.6251516578459624,3.70906147527817,3.7187774868718586,3.627978759064364,3.7567408695767757,3.5361834703692825,3.637920486333339,3.688603193372723,4.655072766519047,3.873058221406121,3.585892287626463,3.4054404381505594,3.78503128382156,3.641718655319852,3.660506723144438,3.6918269386739553,3.44392824101703,3.6810085071556125,3.6221445358721294,3.6848679648686096,3.5801915214465314,3.788084963240123,3.860239466331649,5.339541995375836,3.728330817989989
135,3.27,6.432600915513588,3.3635316014391865,3.237191852727036,3.7230637738077417,3.6083375743299415,3.788011723920339,3.5270360248513946,3.683555373308091,3.659084105650494,3.7877409294906443,3.6494820107268433,3.6385362454467662,3.7229020144225724,3.732680840728029,3.6412076638132533,3.7707243449622627,3.548643487513564,3.6520231285617646,3.70231519793513,4.675033492682693,3.8878124099335842,3.6008770674656776,3.4167499666020307,3.7992126042238357,3.655039239981664,3.6743591855168876,3.706015433214821,3.45558176908095,3.6943344173700607,3.635328945081767,3.6985078916659884,3.5932654283575722,3.8022383805078794,3.8748982809013226,5.362820257024649,3.7421622755239152
136,3.27,6.432600915513588,3.3635316014391865,3.237191852727036,3.7230637738077417,3.6083375743299415,3.788011723920339,3.5270360248513946,3.683555373308091,3.659084105650494,3.7877409294906443,3.6494820107268433,3.6385362454467662,3.7229020144225724,3.732680840728029,3.6412076638132533,3.7707243449622627,3.548643487513564,3.6520231285617646,3.70231519793513,4.675033492682693,3.8878124099335842,3.6008770674656776,3.4167499666020307,3.7992126042238357,3.655039239981664,3.6743591855168876,3.706015433214821,3.45558176908095,3.6943344173700607,3.635328945081767,3.6985078916659884,3.5932654283575722,3.8022383805078794,3.8748982809013226,5.362820257024649,3.7421622755239152
137,3.13,6.027965897365287,3.220155996321496,3.0270363909493425,3.5155042186798515,3.4301617795346613,3.588068319312126,3.3553021298180807,3.4818350524523174,3.472170209580125,3.576312286368796,3.451795070489331,3.4511520190355114,3.529134466400942,3.5380338867416494,3.4560029973288047,3.5749556895654453,3.37420324749362,3.454586137363819,3.5103471340614316,4.395583326391657,3.681253770549111,3.3910901497166783,3.2584165682814334,3.600674118591982,3.4685510547163094,3.4804247123025966,3.5073765096427003,3.2924323761860768,3.5077716743677896,3.4507472161468478,3.5075489165026976,3.410230731603007,3.6040905387593014,3.6696748769258964,5.036924593941267,3.5485218700489707
138,3.11,5.970160894772673,3.199673767018969,2.997014182123958,3.485852853661582,3.404708094563907,3.559504975796667,3.3307687162418933,3.4530178637586353,3.445468224427215,3.5461081944942463,3.4235540790268297,3.4243828438339037,3.5014533881121377,3.51022717902931,3.4295451878310264,3.5469887387944716,3.349283213205056,3.42638085290697,3.482923124936617,4.355661874064365,3.6517453934941875,3.3611205900382495,3.2357975113784914,3.5723114777874314,3.441909885392687,3.4527197875576987,3.4789995205609685,3.2691253200582375,3.4811198539388934,3.4243783977275735,3.480269062907942,3.384082917780926,3.5757837042237908,3.64035724778655,4.9903680706436395,3.5208589549811222
139,3.1533333333333333,6.095405067056672,3.2440519305077777,3.0620623012456254,3.5500974778678334,3.4598577453338755,3.621392220080162,3.383924445656967,3.51545510592828,3.5033225255918534,3.611550393555771,3.48474289386225,3.482382723437387,3.5614290577378807,3.57047504573938,3.4868704417428797,3.607583798798249,3.403276620830277,3.487492302563477,3.5423418113737144,4.44215835410683,3.715680210446524,3.4260546360081783,3.2848054680015335,3.6337638661972913,3.4996324189272023,3.5127471245049797,3.5404829969047205,3.3196239416685556,3.538865464868168,3.4815108376360007,3.5393754123632464,3.440736514395435,3.6371151790507312,3.7038787775884674,5.091240537788498,3.580795270961462
140,3.1966666666666668,6.220649239340669,3.288430093996587,3.127110420367292,3.6143421020740853,3.5150073961038433,3.683279464363656,3.4370801750720403,3.577892348097924,3.5611768267564914,3.676992592617296,3.5459317086976707,3.5403826030408716,3.621404727363623,3.63072291244945,3.544195695654733,3.668178858802025,3.4572700284554982,3.5486037522199836,3.601760497810812,4.528654834149293,3.7796150273988602,3.490988681978107,3.333813424624575,3.6952162546071508,3.5573549524617167,3.5727744614522594,3.6019664732484724,3.3701225632788736,3.5966110757974428,3.538643277544428,3.598481761818551,3.4973901110099437,3.6984466538776717,3.7674003073903854,5.192113004933354,3.6407315869418015
141,3.24,6.345893411624668,3.332808257485396,3.192158539488959,3.6785867262803373,3.5701570468738106,3.74516670864715,3.490235904487114,3.640329590267568,3.6190311279211294,3.7424347916788205,3.607120523533091,3.5983824826443556,3.681380396989366,3.690970779159519,3.6015209495665865,3.7287739188058024,3.511263436080719,3.60971520187649,3.661179184247909,4.615151314191757,3.8435498443511977,3.555922727948035,3.3828213812476173,3.7566686430170106,3.6150774859962307,3.63280179839954,3.6634499495922244,3.4206211848891916,3.654356686726717,3.595775717452856,3.6575881112738546,3.5540437076244515,3.759778128704613,3.830921837192303,5.292985472078212,3.700667902922141
142,3.22,6.288088409032054,3.3123260281828686,3.1621363306635737,3.648935361262067,3.544703361903056,3.716603365131691,3.4657024909109255,3.6115124015738864,3.59232914276822,3.7122306998042705,3.57887953207059,3.571613307442747,3.6536993187005615,3.6631640714471794,3.5750631400688078,3.7008069680348283,3.4863434017921557,3.581509917419641,3.633755175123095,4.575229861864466,3.814041467296273,3.5259531682696066,3.3602023243446753,3.7283060022124594,3.5884363166726088,3.605096873654641,3.6350729605104926,3.3973141287613524,3.627704866297821,3.569406899033581,3.630308257679099,3.5278958938023712,3.731471294169102,3.8016042080529564,5.246428948780585,3.6730049878542923
143,3.22,6.288088409032054,3.3123260281828686,3.1621363306635737,3.648935361262067,3.544703361903056,3.716603365131691,3.4657024909109255,3.6115124015738864,3.59232914276822,3.7122306998042705,3.57887953207059,3.571613307442747,3.6536993187005615,3.6631640714471794,3.5750631400688078,3.7008069680348283,3.4863434017921557,3.581509917419641,3.633755175123095,4.575229861864466,3.814041467296273,3.5259531682696066,3.3602023243446753,3.7283060022124594,3.5884363166726088,3.605096873654641,3.6350729605104926,3.3973141287613524,3.627704866297821,3.569406899033581,3.630308257679099,3.5278958938023712,3.731471294169102,3.8016042080529564,5.246428948780585,3.6730049878542923
144,3.1,5.941258393476367,3.189432652367705,2.982003077711266,3.471027171152447,3.39198125207853,3.545223304038938,3.318502009453799,3.4386092694117947,3.4321172318507607,3.5310061485569717,3.409433583295579,3.4109982562331,3.4876128489677356,3.4963238251731408,3.4163162830821374,3.5330052634089846,3.3368231960607746,3.412278210678545,3.4692111203742106,4.335701147900721,3.636991204966725,3.3461358101990357,3.22448798292702,3.5581301573851563,3.4285893007308763,3.4388673251852495,3.4648110260201026,3.257471791994318,3.4677939437244456,3.4111939885179368,3.466629136110565,3.3710090108698862,3.561630286956035,3.6256984332168765,4.967089808994827,3.5070274974471976
145,3.1,5.941258393476367,3.189432652367705,2.982003077711266,3.471027171152447,3.39198125207853,3.545223304038938,3.318502009453799,3.4386092694117947,3.4321172318507607,3.5310061485569717,3.409433583295579,3.4109982562331,3.4876128489677356,3.4963238251731408,3.4163162830821374,3.5330052634089846,3.3368231960607746,3.412278210678545,3.4692111203742106,4.335701147900721,3.636991204966725,3.3461358101990357,3.22448798292702,3.5581301573851563,3.4285893007308763,3.4388673251852495,3.4648110260201026,3.257471791994318,3.4677939437244456,3.4111939885179368,3.466629136110565,3.3710090108698862,3.561630286956035,3.6256984332168765,4.967089808994827,3.5070274974471976
146,3.1,5.941258393476367,3.189432652367705,2.982003077711266,3.471027171152447,3.39198125207853,3.545223304038938,3.318502009453799,3.4386092694117947,3.4321172318507607,3.5310061485569717,3.409433583295579,3.4109982562331,3.4876128489677356,3.4963238251731408,3.4163162830821374,3.5330052634089846,3.3368231960607746,3.412278210678545,3.4692111203742106,4.335701147900721,3.636991204966725,3.3461358101990357,3.22448798292702,3.5581301573851563,3.4285893007308763,3.4388673251852495,3.4648110260201026,3.257471791994318,3.4677939437244456,3.4111939885179368,3.466629136110565,3.3710090108698862,3.561630286956035,3.6256984332168765,4.967089808994827,3.5070274974471976
147,3.1,5.941258393476367,3.189432652367705,2.982003077711266,3.471027171152447,3.39198125207853,3.545223304038938,3.318502009453799,3.4386092694117947,3.4321172318507607,3.5310061485569717,3.409433583295579,3.4109982562331,3.4876128489677356,3.4963238251731408,3.4163162830821374,3.5330052634089846,3.3368231960607746,3.412278210678545,3.4692111203742106,4.335701147900721,3.636991204966725,3.3461358101990357,3.22448798292702,3.5581301573851563,3.4285893007308763,3.4388673251852495,3.4648110260201026,3.257471791994318,3.4677939437244456,3.4111939885179368,3.466629136110565,3.3710090108698862,3.561630286956035,3.6256984332168765,4.967089808994827,3.5070274974471976
148,3.1,5.941258393476367,3.189432652367705,2.982003077711266,3.471027171152447,3.39198125207853,3.545223304038938,3.318502009453799,3.4386092694117947,3.4321172318507607,3.5310061485569717,3.409433583295579,3.4109982562331,3.4876128489677356,3.4963238251731408,3.4163162830821374,3.5330052634089846,3.3368231960607746,3.412278210678545,3.4692111203742106,4.335701147900721,3.636991204966725,3.3461358101990357,3.22448798292702,3.5581301573851563,3.4285893007308763,3.4388673251852495,3.4648110260201026,3.257471791994318,3.4677939437244456,3.4111939885179368,3.466629136110565,3.3710090108698862,3.561630286956035,3.6256984332168765,4.967089808994827,3.5070274974471976
149,3.1,5.941258393476367,3.189432652367705,2.982003077711266,3.471027171152447,3.39198125207853,3.545223304038938,3.318502009453799,3.4386092694117947,3.4321172318507607,3.5310061485569717,3.409433583295579,3.4109982562331,3.4876128489677356,3.4963238251731408,3.4163162830821374,3.5330052634089846,3.3368231960607746,3.412278210678545,3.4692111203742106,4.335701147900721,3.636991204966725,3.3461358101990357,3.22448798292702,3.5581301573851563,3.4285893007308763,3.4388673251852495,3.4648110260201026,3.257471791994318,3.4677939437244456,3.4111939885179368,3.466629136110565,3.3710090108698862,3.561630286956035,3.6256984332168765,4.967089808994827,3.5070274974471976
150,3.05,5.79674588699483,3.138227079111387,2.9069475556478044,3.3968987586067723,3.328347039651644,3.4738149452502904,3.2571684755133297,3.36656629767759,3.365362268968486,3.455495918870597,3.338831104639324,3.34407531822908,3.4184101532457247,3.42680705589229,3.350171759337691,3.46308788648155,3.2745231103393655,3.3417649995364216,3.400651097562175,4.235897517082494,3.5632202623294136,3.271211911002964,3.167940340669664,3.4872235553737796,3.3619863774218213,3.3696050133230027,3.3938685533157735,3.1992041516747203,3.4011643926522055,3.345271942469751,3.3984295021236743,3.305639476314684,3.4908632006172575,3.5524043603685103,4.850698500750762,3.4378702097775746
151,3.05,5.79674588699483,3.138227079111387,2.9069475556478044,3.3968987586067723,3.328347039651644,3.4738149452502904,3.2571684755133297,3.36656629767759,3.365362268968486,3.455495918870597,3.338831104639324,3.34407531822908,3.4184101532457247,3.42680705589229,3.350171759337691,3.46308788648155,3.2745231103393655,3.3417649995364216,3.400651097562175,4.235897517082494,3.5632202623294136,3.271211911002964,3.167940340669664,3.4872235553737796,3.3619863774218213,3.3696050133230027,3.3938685533157735,3.1992041516747203,3.4011643926522055,3.345271942469751,3.3984295021236743,3.305639476314684,3.4908632006172575,3.5524043603685103,4.850698500750762,3.4378702097775746
152,2.85,5.218695861068688,2.933404786086115,2.6067254673939586,3.100385108424073,3.0738101899441013,3.1881815100957023,3.011834339751453,3.0783944107407715,3.0983424174393877,3.1534550001251,3.0564211900143077,3.076383566213002,3.1415993703576817,3.1487399787688917,3.085593664359908,3.1834183787718118,3.0253227674537313,3.059712154967929,3.1264110063140356,3.836682993809586,3.2681364917801687,2.97151631421868,2.9417497716402394,3.203597147328275,3.0955746841856016,3.092555765874017,3.1100986624984577,2.96613359039633,3.1346461883632477,3.0815837582770103,3.125630966176118,3.0441613380938772,3.2077948552621476,3.2592280689750455,4.385133267774501,3.1612410590990847
153,2.873333333333333,5.286135030760071,2.957300720272397,2.641751377690241,3.1349783676120544,3.1035061557433146,3.2215054108637373,3.0404566555903387,3.1120144642167333,3.129494733451116,3.1886931073120746,3.089369013387226,3.107614270614878,3.1738939616946205,3.1811811377666217,3.116461108773982,3.2160464880046145,3.054396140790389,3.0926183201675865,3.1584056836263183,3.8832580215247585,3.3025629316775804,3.0064808005101797,2.9681386713603386,3.236686894933584,3.1266560483964936,3.124878178076399,3.143205149760478,2.9933251558788085,3.165739978863625,3.112347379766163,3.1574574620366658,3.0746671208863043,3.2408194955535765,3.293431969637616,4.4394492116217315,3.193514460011575
154,2.8966666666666665,5.353574200451454,2.9811966544586785,2.6767772879865226,3.1695716268000362,3.133202121542528,3.2548293116317724,3.0690789714292244,3.1456345176926956,3.1606470494628436,3.2239312144990486,3.1223168367601453,3.1388449750167533,3.2061885530315584,3.2136222967643517,3.1473285531880566,3.248674597237417,3.083469514127046,3.1255244853672437,3.190400360938601,3.9298330492399307,3.336989371574992,3.0414452868016792,2.9945275710804378,3.2697766425388926,3.1577374126073865,3.15720059027878,3.176311637022498,3.020516721361288,3.1968337693640043,3.1431110012553165,3.189283957897214,3.105172903678732,3.2738441358450063,3.3276358703001874,4.493765155468962,3.2257878609240653
155,2.92,5.421013370142837,3.00509258864496,2.7118031982828046,3.204164885988017,3.162898087341741,3.2881532123998074,3.0977012872681096,3.179254571168658,3.191799365474572,3.2591693216860236,3.1552646601330636,3.170075679418629,3.2384831443684967,3.246063455762081,3.1781959976021317,3.28130270647022,3.1125428874637033,3.1584306505669013,3.222395038250884,3.976408076955103,3.371415811472404,3.0764097730931788,3.0209164708005374,3.3028663901442012,3.1888187768182785,3.189523002481162,3.209418124284518,3.0477082868437666,3.2279275598643826,3.17387462274447,3.2211104537577624,3.1356786864711594,3.3068687761364357,3.3618397709627574,4.5480810993161915,3.258061261836556
156,2.92,5.421013370142837,3.00509258864496,2.7118031982828046,3.204164885988017,3.162898087341741,3.2881532123998074,3.0977012872681096,3.179254571168658,3.191799365474572,3.2591693216860236,3.1552646601330636,3.170075679418629,3.2384831443684967,3.246063455762081,3.1781959976021317,3.28130270647022,3.1125428874637033,3.1584306505669013,3.222395038250884,3.976408076955103,3.371415811472404,3.0764097730931788,3.0209164708005374,3.3028663901442012,3.1888187768182785,3.189523002481162,3.209418124284518,3.0477082868437666,3.2279275598643826,3.17387462274447,3.2211104537577624,3.1356786864711594,3.3068687761364357,3.3618397709627574,4.5480810993161915,3.258061261836556
157,3.06,5.825648388291138,3.148468193762651,2.921958660060497,3.4117244411159073,3.3410738821370214,3.4880966170080203,3.269435182301424,3.3809748920244314,3.378713261544941,3.4705979648078724,3.3529516003705755,3.3574599058298844,3.4322506923901273,3.4407104097484607,3.3634006640865803,3.4770713618670372,3.286983127483648,3.3558676417648465,3.4143631021245824,4.255858243246139,3.5779744508568765,3.2861966908421785,3.179249869121135,3.501404875776055,3.3753069620836325,3.3834574756954523,3.40805704785664,3.21085767973864,3.4144903028666542,3.3584563516793886,3.412069428921053,3.3187133832257247,3.5050166178850133,3.567063174938184,4.873976762399575,3.4517016673114997
158,2.98,5.594428377920681,3.066539276552542,2.8018698247589584,3.293118981042827,3.2392591422540047,3.373843242946185,3.171301527996673,3.2657061372497034,3.2719053209333016,3.349781597309673,3.2399876345205687,3.2503832050234527,3.32152637923491,3.329483578899101,3.2575694260954675,3.3652035587831417,3.187302990329394,3.2430465039374496,3.3046670656253267,4.096172433936976,3.4599409426371777,3.166318452128465,3.0887736415093654,3.387954312557853,3.2687422847891447,3.2726377767158574,3.294549091529713,3.1176294552272843,3.3078830211510706,3.252981078002292,3.30295001454203,3.2141221279374017,3.391789279742969,3.449792658380798,4.687750669209072,3.3410500070401037
159,3.03,5.738940884402216,3.11774484980886,2.87692534682242,3.367247393588502,3.3028933546808896,3.4452516017348316,3.2326350619371422,3.3377491089839078,3.338660283815576,3.4252918269960473,3.310590113176823,3.317306143027473,3.39072907495692,3.3990003481799507,3.323713949839913,3.435120935710576,3.2496030760508026,3.3135597150795726,3.3732270884373614,4.195976064755203,3.533711885274489,3.241242351324536,3.1453212837667213,3.458860914569229,3.3353452080981993,3.3419000885781043,3.3654915642340417,3.175897095546881,3.37451257222331,3.318903124050477,3.371149648528919,3.2794916624926036,3.4625563660817464,3.5230867312291636,4.804141977453136,3.4102072947097257
160,3.06,5.825648388291138,3.148468193762651,2.921958660060497,3.4117244411159073,3.3410738821370214,3.4880966170080203,3.269435182301424,3.3809748920244314,3.378713261544941,3.4705979648078724,3.3529516003705755,3.3574599058298844,3.4322506923901273,3.4407104097484607,3.3634006640865803,3.4770713618670372,3.286983127483648,3.3558676417648465,3.4143631021245824,4.255858243246139,3.5779744508568765,3.2861966908421785,3.179249869121135,3.501404875776055,3.3753069620836325,3.3834574756954523,3.40805704785664,3.21085767973864,3.4144903028666542,3.3584563516793886,3.412069428921053,3.3187133832257247,3.5050166178850133,3.567063174938184,4.873976762399575,3.4517016673114997
161,3.09,5.9123558921800585,3.179191537716441,2.966991973298574,3.456201488643312,3.3792544095931527,3.530941632281208,3.306235302665705,3.424200675064954,3.418766239274305,3.515904102619696,3.395313087564328,3.397613668632296,3.473772309823333,3.4824204713169697,3.4030873783332476,3.5190217880234975,3.3243631789164927,3.39817556845012,3.4554991158118034,4.3157404217370745,3.6222370164392625,3.3311510303598206,3.213178454475549,3.5439488369828807,3.415268716069065,3.4250148628128,3.4506225314792367,3.2458182639303983,3.454468033509997,3.398009579308299,3.452989209313186,3.3579351039588454,3.5474768696882792,3.611039618647203,4.943811547346014,3.4931960399132724
162,3.12,5.999063396068981,3.2099148816702328,3.0120252865366512,3.500678536170718,3.4174349370492845,3.573786647554397,3.343035423029987,3.467426458105477,3.4588192170036702,3.5612102404315213,3.4376745747580806,3.4377674314347075,3.5152939272565407,3.52413053288548,3.4427740925799157,3.5609722141799587,3.3617432303493384,3.440483495135395,3.496635129499025,4.375622600228011,3.6664995820216495,3.376105369877464,3.247107039829962,3.586492798189707,3.4552304700544987,3.4665722499301483,3.493188015101835,3.280778848122157,3.4944457641533417,3.437562806937211,3.49390898970532,3.397156824691967,3.5899371214915465,3.655016062356224,5.013646332292454,3.534690412515047
163,3.12,5.999063396068981,3.2099148816702328,3.0120252865366512,3.500678536170718,3.4174349370492845,3.573786647554397,3.343035423029987,3.467426458105477,3.4588192170036702,3.5612102404315213,3.4376745747580806,3.4377674314347075,3.5152939272565407,3.52413053288548,3.4427740925799157,3.5609722141799587,3.3617432303493384,3.440483495135395,3.496635129499025,4.375622600228011,3.6664995820216495,3.376105369877464,3.247107039829962,3.586492798189707,3.4552304700544987,3.4665722499301483,3.493188015101835,3.280778848122157,3.4944457641533417,3.437562806937211,3.49390898970532,3.397156824691967,3.5899371214915465,3.655016062356224,5.013646332292454,3.534690412515047
164,2.95,5.507720874031759,3.0358159325987515,2.756836511520882,3.248641933515423,3.201078614797873,3.330998227672996,3.1345014076323916,3.2224803542091807,3.231852343203937,3.3044754594978483,3.1976261473268166,3.210229442221041,3.2800047618017034,3.2877735173305913,3.2178827118488,3.3232531326266814,3.149922938896549,3.2007385772521757,3.2635310519381058,4.0362902554460405,3.415678377054791,3.1213641126108223,3.0548450561549516,3.3454103513510276,3.2287805308037116,3.2310803895985103,3.2519836079071163,3.0826688710355254,3.2679052905077266,3.213427850373381,3.262030234149896,3.174900407204281,3.349329027939703,3.405816214671778,4.617915884262631,3.29955563443833
165,2.94,5.478818372735451,3.0255748179474877,2.741825407108189,3.233816251006287,3.1883517723124957,3.316716555915267,3.122234700844298,3.208071759862339,3.2185013506274815,3.2893734135605732,3.1835056515955653,3.1968448546202373,3.2661642226573013,3.273870163474421,3.20465380709991,3.309269657241194,3.1374629217522667,3.1866359350237508,3.249819047375698,4.016329529282394,3.4009241885273287,3.1063793327716076,3.0435355277034803,3.3312290309487516,3.2154599461419,3.2172279272260607,3.23779511336625,3.071015342971606,3.2545793802932783,3.2002434411637437,3.248390307352518,3.16182650029324,3.3351756106719463,3.3911574001021045,4.594637622613818,3.285724176904405
166,3.01,5.681135881809602,3.0972626205063327,2.846903137997035,3.337596028570232,3.2774396697101356,3.4166882582193727,3.2081016483609543,3.308931920290226,3.311958298662666,3.395087735121497,3.282349121714321,3.2905369678258647,3.3630479966681164,3.3711936404676104,3.2972561403421343,3.407153984939602,3.2246830417622387,3.2853544306227227,3.3458030793125477,4.156054612427912,3.5042035082195646,3.211272791646107,3.1227022268637787,3.430498273764679,3.3087040387745774,3.3141951638332054,3.3371145751523104,3.1525900394190423,3.347860751794414,3.292534305631203,3.3438697949341627,3.2533438486705224,3.4342495315462354,3.4937691020898174,4.75758545415551,3.3825443796418764
167,2.9633333333333334,5.546257542426836,3.0494707521337694,2.776851317404472,3.2684095101942696,3.2180477381117094,3.3500404566833026,3.1508570166831835,3.241691813338302,3.2496536666392104,3.324611520747548,3.2164534749684845,3.2280755590221135,3.29845881399424,3.306311322472151,3.235521251513985,3.341897766473997,3.1665362950889246,3.219542100223409,3.2818137246879817,4.062904556997567,3.4353506284247404,3.141343819063108,3.06992442742358,3.3643187785540616,3.246541310352793,3.249550339428443,3.2709016006282705,3.0982069084540846,3.2856731707936575,3.2310070626528975,3.280216803213067,3.192332283085668,3.368200250963377,3.425361300764676,4.64895356646105,3.317997577816896
168,2.9166666666666665,5.411379203044068,3.0016788837612056,2.706799496811907,3.199222991818306,3.158655806513282,3.2833926551472317,3.093612385005412,3.1744517063863773,3.1873490346157536,3.2541353063735983,3.1505578282226465,3.1656141502183615,3.2338696313203625,3.241429004476691,3.173786362685835,3.276641548008391,3.108389548415609,3.153729769824093,3.2178243700634153,3.9697545015672215,3.366497748629917,3.071414846480107,3.0171466279833803,3.298139283343443,3.184378581931008,3.1849055150236785,3.2046886261042298,3.0438237774891266,3.223485589792899,3.1694798196745904,3.2165638114919695,3.131320717500813,3.302150970380517,3.356953499439533,4.540321678766588,3.2534507759919142
169,2.87,5.276500863661302,2.9538870153886423,2.636747676219344,3.1300364734423427,3.0992638749148558,3.2167448536111607,3.036367753327641,3.1072115994344536,3.125044402592297,3.1836590919996492,3.08466218147681,3.10315274141461,3.1692804486464863,3.176546686481232,3.112051473857686,3.211385329542786,3.0502428017422947,3.087917439424779,3.1538350154388497,3.8766044461368767,3.2976448688350932,3.0014858738971086,2.964368828543182,3.2319597881328255,3.122215853509224,3.120260690618916,3.1384756515801895,2.9894406465241694,3.1612980087921434,3.1079525766962846,3.1529108197708733,3.070309151915958,3.2361016897976587,3.2885456981143917,4.431689791072127,3.188903974166934
170,2.91,5.3921108688465305,2.994851473993697,2.6967920938701124,3.189339203478883,3.1501712448563643,3.2738715406420784,3.0854345804800163,3.164845976821817,3.178448372898117,3.244067275748749,3.1411441644018128,3.1566910918178257,3.224642605224095,3.2321601019059116,3.1649670928532423,3.2673192310847337,3.100082870319422,3.1443280083384773,3.2086830336884775,3.9564473507914575,3.356661622944942,3.061424993253965,3.0096069423490666,3.288685069741926,3.175498192156468,3.1756705401087126,3.195229629743653,3.036054758779847,3.214601649649935,3.1606902135348327,3.2074705269603845,3.1226047795601195,3.292715358868681,3.3471809563930845,4.52480283766738,3.244229804302632
171,2.91,5.3921108688465305,2.994851473993697,2.6967920938701124,3.189339203478883,3.1501712448563643,3.2738715406420784,3.0854345804800163,3.164845976821817,3.178448372898117,3.244067275748749,3.1411441644018128,3.1566910918178257,3.224642605224095,3.2321601019059116,3.1649670928532423,3.2673192310847337,3.100082870319422,3.1443280083384773,3.2086830336884775,3.9564473507914575,3.356661622944942,3.061424993253965,3.0096069423490666,3.288685069741926,3.175498192156468,3.1756705401087126,3.195229629743653,3.036054758779847,3.214601649649935,3.1606902135348327,3.2074705269603845,3.1226047795601195,3.292715358868681,3.3471809563930845,4.52480283766738,3.244229804302632
172,2.88,5.305403364957608,2.9641281300399056,2.651758780632035,3.1448621559514778,3.1119907174002326,3.2310265253688897,3.0486344601157347,3.1216201937812933,3.138395395168752,3.1987611379369234,3.0987826772080598,3.1165373290154137,3.183120987790888,3.190450040337401,3.1252803786065746,3.225368804928272,3.062702818886576,3.1020200816532024,3.167547020001256,3.8965651723005212,3.312399057362555,3.0164706537363215,2.9756783569946528,3.2461411085351006,3.1355364381710347,3.1341131529913646,3.1526641461210545,3.001094174588088,3.174623919006591,3.121136985905921,3.1665507465682508,3.083383058826998,3.250255107065414,3.303204512684064,4.454968052720939,3.202735431700858
173,2.89,5.334305866253916,2.97436924469117,2.666769885044728,3.159687838460613,3.1247175598856103,3.24530819712662,3.060901166903829,3.1360287881281352,3.1517463877452077,3.2138631838741993,3.112903172939311,3.129921916616218,3.196961526935291,3.2043533941935722,3.1385092833554644,3.23935228031376,3.0751628360308585,3.116122723881628,3.1812590245636634,3.916525898464167,3.3271532458900177,3.0314554335755366,2.986987885446124,3.2603224289373762,3.1488570228328454,3.1479656153638143,3.1668526406619213,3.0127477026520086,3.187949829221039,3.134321395115559,3.1801906733656287,3.0964569657380387,3.2644085243331697,3.3178633272537383,4.478246314369754,3.2165668892347825
174,2.92,5.421013370142837,3.00509258864496,2.7118031982828046,3.204164885988017,3.162898087341741,3.2881532123998074,3.0977012872681096,3.179254571168658,3.191799365474572,3.2591693216860236,3.1552646601330636,3.170075679418629,3.2384831443684967,3.246063455762081,3.1781959976021317,3.28130270647022,3.1125428874637033,3.1584306505669013,3.222395038250884,3.976408076955103,3.371415811472404,3.0764097730931788,3.0209164708005374,3.3028663901442012,3.1888187768182785,3.189523002481162,3.209418124284518,3.0477082868437666,3.2279275598643826,3.17387462274447,3.2211104537577624,3.1356786864711594,3.3068687761364357,3.3618397709627574,4.5480810993161915,3.258061261836556
175,2.95,5.507720874031759,3.0358159325987515,2.756836511520882,3.248641933515423,3.201078614797873,3.330998227672996,3.1345014076323916,3.2224803542091807,3.231852343203937,3.3044754594978483,3.1976261473268166,3.210229442221041,3.2800047618017034,3.2877735173305913,3.2178827118488,3.3232531326266814,3.149922938896549,3.2007385772521757,3.2635310519381058,4.0362902554460405,3.415678377054791,3.1213641126108223,3.0548450561549516,3.3454103513510276,3.2287805308037116,3.2310803895985103,3.2519836079071163,3.0826688710355254,3.2679052905077266,3.213427850373381,3.262030234149896,3.174900407204281,3.349329027939703,3.405816214671778,4.617915884262631,3.29955563443833
176,2.98,5.594428377920681,3.066539276552542,2.8018698247589584,3.293118981042827,3.2392591422540047,3.373843242946185,3.171301527996673,3.2657061372497034,3.2719053209333016,3.349781597309673,3.2399876345205687,3.2503832050234527,3.32152637923491,3.329483578899101,3.2575694260954675,3.3652035587831417,3.187302990329394,3.2430465039374496,3.3046670656253267,4.096172433936976,3.4599409426371777,3.166318452128465,3.0887736415093654,3.387954312557853,3.2687422847891447,3.2726377767158574,3.294549091529713,3.1176294552272843,3.3078830211510706,3.252981078002292,3.30295001454203,3.2141221279374017,3.391789279742969,3.449792658380798,4.687750669209072,3.3410500070401037
177,2.99,5.623330879216989,3.0767803912038056,2.8168809291716514,3.307944663551963,3.251985984739382,3.3881249147039147,3.1835682347847674,3.2801147315965453,3.2852563135097568,3.3648836432469484,3.25410813025182,3.2637677926242574,3.3353669183793127,3.343386932755271,3.2707983308443564,3.3791870341686288,3.199763007473676,3.2571491461658746,3.318379070187734,4.116133160100622,3.4746951311646406,3.1813032319676795,3.100083169960836,3.402135632960129,3.282062869450956,3.286490239088307,3.3087375860705794,3.129282983291204,3.3212089313655184,3.2661654872119295,3.316589941339408,3.2271960348484425,3.4059426970107247,3.464451472950471,4.711028930857885,3.3548814645740284
178,3.03,5.738940884402216,3.11774484980886,2.87692534682242,3.367247393588502,3.3028933546808896,3.4452516017348316,3.2326350619371422,3.3377491089839078,3.338660283815576,3.4252918269960473,3.310590113176823,3.317306143027473,3.39072907495692,3.3990003481799507,3.323713949839913,3.435120935710576,3.2496030760508026,3.3135597150795726,3.3732270884373614,4.195976064755203,3.533711885274489,3.241242351324536,3.1453212837667213,3.458860914569229,3.3353452080981993,3.3419000885781043,3.3654915642340417,3.175897095546881,3.37451257222331,3.318903124050477,3.371149648528919,3.2794916624926036,3.4625563660817464,3.5230867312291636,4.804141977453136,3.4102072947097257
179,3.07,5.854550889587444,3.1587093084139144,2.9369697644731887,3.4265501236250424,3.353800724622398,3.5023782887657493,3.2817018890895175,3.395383486371272,3.3920642541213955,3.4857000107451466,3.3670720961018263,3.370844493430688,3.4460912315345293,3.4546137636046303,3.3766295688354693,3.491054837252524,3.2994431446279293,3.369970283993271,3.4280751066869892,4.275818969409784,3.5927286393843376,3.3011814706813922,3.1905593975726063,3.5155861961783303,3.388627546745443,3.3973099380679015,3.422245542397505,3.222511207802559,3.427816213081102,3.3716407608890253,3.42570935571843,3.3317872901367647,3.5191700351527677,3.581721989507857,4.897255024048388,3.4655331248454235
180,2.98,5.594428377920681,3.066539276552542,2.8018698247589584,3.293118981042827,3.2392591422540047,3.373843242946185,3.171301527996673,3.2657061372497034,3.2719053209333016,3.349781597309673,3.2399876345205687,3.2503832050234527,3.32152637923491,3.329483578899101,3.2575694260954675,3.3652035587831417,3.187302990329394,3.2430465039374496,3.3046670656253267,4.096172433936976,3.4599409426371777,3.166318452128465,3.0887736415093654,3.387954312557853,3.2687422847891447,3.2726377767158574,3.294549091529713,3.1176294552272843,3.3078830211510706,3.252981078002292,3.30295001454203,3.2141221279374017,3.391789279742969,3.449792658380798,4.687750669209072,3.3410500070401037
181,2.98,5.594428377920681,3.066539276552542,2.8018698247589584,3.293118981042827,3.2392591422540047,3.373843242946185,3.171301527996673,3.2657061372497034,3.2719053209333016,3.349781597309673,3.2399876345205687,3.2503832050234527,3.32152637923491,3.329483578899101,3.2575694260954675,3.3652035587831417,3.187302990329394,3.2430465039374496,3.3046670656253267,4.096172433936976,3.4599409426371777,3.166318452128465,3.0887736415093654,3.387954312557853,3.2687422847891447,3.2726377767158574,3.294549091529713,3.1176294552272843,3.3078830211510706,3.252981078002292,3.30295001454203,3.2141221279374017,3.391789279742969,3.449792658380798,4.687750669209072,3.3410500070401037
182,2.98,5.594428377920681,3.066539276552542,2.8018698247589584,3.293118981042827,3.2392591422540047,3.373843242946185,3.171301527996673,3.2657061372497034,3.2719053209333016,3.349781597309673,3.2399876345205687,3.2503832050234527,3.32152637923491,3.329483578899101,3.2575694260954675,3.3652035587831417,3.187302990329394,3.2430465039374496,3.3046670656253267,4.096172433936976,3.4599409426371777,3.166318452128465,3.0887736415093654,3.387954312557853,3.2687422847891447,3.2726377767158574,3.294549091529713,3.1176294552272843,3.3078830211510706,3.252981078002292,3.30295001454203,3.2141221279374017,3.391789279742969,3.449792658380798,4.687750669209072,3.3410500070401037
183,2.98,5.594428377920681,3.066539276552542,2.8018698247589584,3.293118981042827,3.2392591422540047,3.373843242946185,3.171301527996673,3.2657061372497034,3.2719053209333016,3.349781597309673,3.2399876345205687,3.2503832050234527,3.32152637923491,3.329483578899101,3.2575694260954675,3.3652035587831417,3.187302990329394,3.2430465039374496,3.3046670656253267,4.096172433936976,3.4599409426371777,3.166318452128465,3.0887736415093654,3.387954312557853,3.2687422847891447,3.2726377767158574,3.294549091529713,3.1176294552272843,3.3078830211510706,3.252981078002292,3.30295001454203,3.2141221279374017,3.391789279742969,3.449792658380798,4.687750669209072,3.3410500070401037
184,2.98,5.594428377920681,3.066539276552542,2.8018698247589584,3.293118981042827,3.2392591422540047,3.373843242946185,3.171301527996673,3.2657061372497034,3.2719053209333016,3.349781597309673,3.2399876345205687,3.2503832050234527,3.32152637923491,3.329483578899101,3.2575694260954675,3.3652035587831417,3.187302990329394,3.2430465039374496,3.3046670656253267,4.096172433936976,3.4599409426371777,3.166318452128465,3.0887736415093654,3.387954312557853,3.2687422847891447,3.2726377767158574,3.294549091529713,3.1176294552272843,3.3078830211510706,3.252981078002292,3.30295001454203,3.2141221279374017,3.391789279742969,3.449792658380798,4.687750669209072,3.3410500070401037
185,2.98,5.594428377920681,3.066539276552542,2.8018698247589584,3.293118981042827,3.2392591422540047,3.373843242946185,3.171301527996673,3.2657061372497034,3.2719053209333016,3.349781597309673,3.2399876345205687,3.2503832050234527,3.32152637923491,3.329483578899101,3.2575694260954675,3.3652035587831417,3.187302990329394,3.2430465039374496,3.3046670656253267,4.096172433936976,3.4599409426371777,3.166318452128465,3.0887736415093654,3.387954312557853,3.2687422847891447,3.2726377767158574,3.294549091529713,3.1176294552272843,3.3078830211510706,3.252981078002292,3.30295001454203,3.2141221279374017,3.391789279742969,3.449792658380798,4.687750669209072,3.3410500070401037
186,2.89,5.334305866253916,2.97436924469117,2.666769885044728,3.159687838460613,3.1247175598856103,3.24530819712662,3.060901166903829,3.1360287881281352,3.1517463877452077,3.2138631838741993,3.112903172939311,3.129921916616218,3.196961526935291,3.2043533941935722,3.1385092833554644,3.23935228031376,3.0751628360308585,3.116122723881628,3.1812590245636634,3.916525898464167,3.3271532458900177,3.0314554335755366,2.986987885446124,3.2603224289373762,3.1488570228328454,3.1479656153638143,3.1668526406619213,3.0127477026520086,3.187949829221039,3.134321395115559,3.1801906733656287,3.0964569657380387,3.2644085243331697,3.3178633272537383,4.478246314369754,3.2165668892347825
187,2.91,5.3921108688465305,2.994851473993697,2.6967920938701124,3.189339203478883,3.1501712448563643,3.2738715406420784,3.0854345804800163,3.164845976821817,3.178448372898117,3.244067275748749,3.1411441644018128,3.1566910918178257,3.224642605224095,3.2321601019059116,3.1649670928532423,3.2673192310847337,3.100082870319422,3.1443280083384773,3.2086830336884775,3.9564473507914575,3.356661622944942,3.061424993253965,3.0096069423490666,3.288685069741926,3.175498192156468,3.1756705401087126,3.195229629743653,3.036054758779847,3.214601649649935,3.1606902135348327,3.2074705269603845,3.1226047795601195,3.292715358868681,3.3471809563930845,4.52480283766738,3.244229804302632
188,2.9133333333333336,5.401745035945299,2.9982651788774515,2.70179579534101,3.1942810976485947,3.1544135256848236,3.278632097894655,3.089523482742714,3.169648841604097,3.182898703756936,3.2491012910611743,3.1458509963122294,3.1611526210180934,3.229256118272229,3.2367945531913014,3.1693767277695386,3.2719803895465622,3.1042362093675155,3.149028889081285,3.2132537018759466,3.9631009261793397,3.3615796857874294,3.066419919867037,3.0133767851662236,3.2934121765426845,3.179938387043738,3.1802880275661956,3.1999591279239414,3.0399392681344874,3.2190436197214174,3.1650850166047118,3.2120171692261774,3.126962748530466,3.2974331646245987,3.352067227916309,4.532562258216984,3.2488402901472737
189,2.9166666666666665,5.411379203044068,3.0016788837612056,2.706799496811907,3.199222991818306,3.158655806513282,3.2833926551472317,3.093612385005412,3.1744517063863773,3.1873490346157536,3.2541353063735983,3.1505578282226465,3.1656141502183615,3.2338696313203625,3.241429004476691,3.173786362685835,3.276641548008391,3.108389548415609,3.153729769824093,3.2178243700634153,3.9697545015672215,3.366497748629917,3.071414846480107,3.0171466279833803,3.298139283343443,3.184378581931008,3.1849055150236785,3.2046886261042298,3.0438237774891266,3.223485589792899,3.1694798196745904,3.2165638114919695,3.131320717500813,3.302150970380517,3.356953499439533,4.540321678766588,3.2534507759919142
190,2.92,5.421013370142837,3.00509258864496,2.7118031982828046,3.204164885988017,3.162898087341741,3.2881532123998074,3.0977012872681096,3.179254571168658,3.191799365474572,3.2591693216860236,3.1552646601330636,3.170075679418629,3.2384831443684967,3.246063455762081,3.1781959976021317,3.28130270647022,3.1125428874637033,3.1584306505669013,3.222395038250884,3.976408076955103,3.371415811472404,3.0764097730931788,3.0209164708005374,3.3028663901442012,3.1888187768182785,3.189523002481162,3.209418124284518,3.0477082868437666,3.2279275598643826,3.17387462274447,3.2211104537577624,3.1356786864711594,3.3068687761364357,3.3618397709627574,4.5480810993161915,3.258061261836556
191,2.98,5.594428377920681,3.066539276552542,2.8018698247589584,3.293118981042827,3.2392591422540047,3.373843242946185,3.171301527996673,3.2657061372497034,3.2719053209333016,3.349781597309673,3.2399876345205687,3.2503832050234527,3.32152637923491,3.329483578899101,3.2575694260954675,3.3652035587831417,3.187302990329394,3.2430465039374496,3.3046670656253267,4.096172433936976,3.4599409426371777,3.166318452128465,3.0887736415093654,3.387954312557853,3.2687422847891447,3.2726377767158574,3.294549091529713,3.1176294552272843,3.3078830211510706,3.252981078002292,3.30295001454203,3.2141221279374017,3.391789279742969,3.449792658380798,4.687750669209072,3.3410500070401037
192,3.01,5.681135881809602,3.0972626205063327,2.846903137997035,3.337596028570232,3.2774396697101356,3.4166882582193727,3.2081016483609543,3.308931920290226,3.311958298662666,3.395087735121497,3.282349121714321,3.2905369678258647,3.3630479966681164,3.3711936404676104,3.2972561403421343,3.407153984939602,3.2246830417622387,3.2853544306227227,3.3458030793125477,4.156054612427912,3.5042035082195646,3.211272791646107,3.1227022268637787,3.430498273764679,3.3087040387745774,3.3141951638332054,3.3371145751523104,3.1525900394190423,3.347860751794414,3.292534305631203,3.3438697949341627,3.2533438486705224,3.4342495315462354,3.4937691020898174,4.75758545415551,3.3825443796418764
193,2.96,5.536623375328067,3.046057047250015,2.771847615933574,3.263467616024558,3.21380545728325,3.345279899430726,3.1467681144204853,3.2368889485560217,3.245203335780392,3.319577505435123,3.2117466430580675,3.2236140298218454,3.2938453009461055,3.3016768711867615,3.2311116165976888,3.337236608012168,3.1623829560408305,3.2148412194806,3.2772430565005126,4.0562509816096854,3.430432565582253,3.1363488924500365,3.066154584606423,3.359591671753303,3.242101115465523,3.2449328519709595,3.2661721024479817,3.094322399099445,3.2812312007221744,3.2266122595830176,3.275670160947274,3.187974314115321,3.363482445207458,3.420475029241451,4.641194145911445,3.313387091972254
194,2.94,5.478818372735451,3.0255748179474877,2.741825407108189,3.233816251006287,3.1883517723124957,3.316716555915267,3.122234700844298,3.208071759862339,3.2185013506274815,3.2893734135605732,3.1835056515955653,3.1968448546202373,3.2661642226573013,3.273870163474421,3.20465380709991,3.309269657241194,3.1374629217522667,3.1866359350237508,3.249819047375698,4.016329529282394,3.4009241885273287,3.1063793327716076,3.0435355277034803,3.3312290309487516,3.2154599461419,3.2172279272260607,3.23779511336625,3.071015342971606,3.2545793802932783,3.2002434411637437,3.248390307352518,3.16182650029324,3.3351756106719463,3.3911574001021045,4.594637622613818,3.285724176904405
195,2.973333333333333,5.575160043723142,3.0597118667850327,2.791862421817163,3.283235192703404,3.230774580597086,3.364322128441031,3.163123723471277,3.2561004076851425,3.2630046592156647,3.3397135666848228,3.2305739706997345,3.2414601466229165,3.3122993531386413,3.320214676328321,3.2487501562628736,3.3558812418594837,3.1789963122332057,3.233644742451833,3.295525729250388,4.082865283161212,3.4501048169522024,3.156328598902321,3.081233955875051,3.378500098956336,3.2598618950146037,3.2634028018008916,3.285090095169136,3.1098604365180043,3.2989990810081045,3.2441914718625338,3.293856730010444,3.205406189996708,3.3823536682311315,3.4400201153343484,4.672231828109862,3.33182903535082
196,3.006666666666667,5.671501714710833,3.0938489156225786,2.841899436526138,3.3326541344005207,3.2731973888816768,3.4119277009667965,3.2040127460982566,3.3041290555079454,3.307507967803848,3.3900537198090728,3.2776422898039046,3.286075438625597,3.358434483619982,3.3665591891822206,3.292846505425838,3.402492826477774,3.2205297027141455,3.2806535498799154,3.3412324111250786,4.14940103704003,3.499285445377077,3.2062778650330364,3.118932384046622,3.4257711669639206,3.3042638438873073,3.3095776763757225,3.332385076972022,3.1487055300644027,3.3434187817229315,3.2881395025613243,3.3393231526683707,3.248985879700176,3.4295317257903175,3.488882830566593,4.749826033605906,3.3779338937972354
197,3.04,5.767843385698524,3.127985964460124,2.891936451235112,3.3820730760976376,3.315620197166267,3.459533273492561,3.2449017687252364,3.3521577033307492,3.352011276392031,3.4403938729333223,3.324710608908074,3.3306907306282763,3.404569614101323,3.412903702036121,3.336942854588802,3.449104411096063,3.2620630931950845,3.327662357307997,3.3869390929997687,4.215936790918848,3.5484660738019516,3.2562271311637496,3.1566308122181925,3.473042234971505,3.3486657927600105,3.3557525509505535,3.379680058774908,3.187550623610801,3.3878384824377576,3.3320875332601143,3.384789575326297,3.292565569403644,3.4767097833495026,3.5377455457988374,4.827420239101949,3.424038752243651
198,3.11,5.970160894772673,3.199673767018969,2.997014182123958,3.485852853661582,3.404708094563907,3.559504975796667,3.3307687162418933,3.4530178637586353,3.445468224427215,3.5461081944942463,3.4235540790268297,3.4243828438339037,3.5014533881121377,3.51022717902931,3.4295451878310264,3.5469887387944716,3.349283213205056,3.42638085290697,3.482923124936617,4.355661874064365,3.6517453934941875,3.3611205900382495,3.2357975113784914,3.5723114777874314,3.441909885392687,3.4527197875576987,3.4789995205609685,3.2691253200582375,3.4811198539388934,3.4243783977275735,3.480269062907942,3.384082917780926,3.5757837042237908,3.64035724778655,4.9903680706436395,3.5208589549811222
199,3.11,5.970160894772673,3.199673767018969,2.997014182123958,3.485852853661582,3.404708094563907,3.559504975796667,3.3307687162418933,3.4530178637586353,3.445468224427215,3.5461081944942463,3.4235540790268297,3.4243828438339037,3.5014533881121377,3.51022717902931,3.4295451878310264,3.5469887387944716,3.349283213205056,3.42638085290697,3.482923124936617,4.355661874064365,3.6517453934941875,3.3611205900382495,3.2357975113784914,3.5723114777874314,3.441909885392687,3.4527197875576987,3.4789995205609685,3.2691253200582375,3.4811198539388934,3.4243783977275735,3.480269062907942,3.384082917780926,3.5757837042237908,3.64035724778655,4.9903680706436395,3.5208589549811222
200,3.12,5.999063396068981,3.2099148816702328,3.0120252865366512,3.500678536170718,3.4174349370492845,3.573786647554397,3.343035423029987,3.467426458105477,3.4588192170036702,3.5612102404315213,3.4376745747580806,3.4377674314347075,3.5152939272565407,3.52413053288548,3.4427740925799157,3.5609722141799587,3.3617432303493384,3.440483495135395,3.496635129499025,4.375622600228011,3.6664995820216495,3.376105369877464,3.247107039829962,3.586492798189707,3.4552304700544987,3.4665722499301483,3.493188015101835,3.280778848122157,3.4944457641533417,3.437562806937211,3.49390898970532,3.397156824691967,3.5899371214915465,3.655016062356224,5.013646332292454,3.534690412515047
201,3.06,5.825648388291138,3.148468193762651,2.921958660060497,3.4117244411159073,3.3410738821370214,3.4880966170080203,3.269435182301424,3.3809748920244314,3.378713261544941,3.4705979648078724,3.3529516003705755,3.3574599058298844,3.4322506923901273,3.4407104097484607,3.3634006640865803,3.4770713618670372,3.286983127483648,3.3558676417648465,3.4143631021245824,4.255858243246139,3.5779744508568765,3.2861966908421785,3.179249869121135,3.501404875776055,3.3753069620836325,3.3834574756954523,3.40805704785664,3.21085767973864,3.4144903028666542,3.3584563516793886,3.412069428921053,3.3187133832257247,3.5050166178850133,3.567063174938184,4.873976762399575,3.4517016673114997
202,3.036666666666666,5.758209218599755,3.124572259576369,2.8869327497642145,3.3771311819279255,3.311377916337808,3.4547727162399844,3.240812866462538,3.347354838548468,3.3475609455332123,3.435359857620897,3.3200037769976563,3.326229201428008,3.3999561010531885,3.40826925075073,3.3325332196725057,3.444443252634234,3.25790975414699,3.3229614765651894,3.3823684248122996,4.2092832155309665,3.543548010959464,3.251232204550678,3.152860969401035,3.4683151281707456,3.34422559787274,3.3511350634930706,3.3749505605946193,3.1836661142561606,3.383396512366275,3.327692730190235,3.3802429330605044,3.2882076004332967,3.4719919775935835,3.5328592742756126,4.819660818552345,3.4194282663990085
203,3.0133333333333336,5.690770048908372,3.100676325390088,2.851906839467933,3.3425379227399445,3.2816819505385952,3.4214488154719502,3.212190550623653,3.3137347850725067,3.3164086295214847,3.4001217504339234,3.2870559536247383,3.2949984970261332,3.3676615097162506,3.375828091753001,3.301665775258431,3.4118151434014323,3.2288363808103333,3.290055311365532,3.350373747500017,4.162708187815795,3.5091215710620527,3.216267718259179,3.1264720696809363,3.435225380565438,3.3131442336618484,3.3188126512906893,3.3418440733325996,3.1564745487736827,3.3523027218658976,3.2969291087010832,3.3484164371999565,3.25770181764087,3.438967337302155,3.4986553736130426,4.765344874705114,3.387154865486519
204,2.99,5.623330879216989,3.0767803912038056,2.8168809291716514,3.307944663551963,3.251985984739382,3.3881249147039147,3.1835682347847674,3.2801147315965453,3.2852563135097568,3.3648836432469484,3.25410813025182,3.2637677926242574,3.3353669183793127,3.343386932755271,3.2707983308443564,3.3791870341686288,3.199763007473676,3.2571491461658746,3.318379070187734,4.116133160100622,3.4746951311646406,3.1813032319676795,3.100083169960836,3.402135632960129,3.282062869450956,3.286490239088307,3.3087375860705794,3.129282983291204,3.3212089313655184,3.2661654872119295,3.316589941339408,3.2271960348484425,3.4059426970107247,3.464451472950471,4.711028930857885,3.3548814645740284
205,2.99,5.623330879216989,3.0767803912038056,2.8168809291716514,3.307944663551963,3.251985984739382,3.3881249147039147,3.1835682347847674,3.2801147315965453,3.2852563135097568,3.3648836432469484,3.25410813025182,3.2637677926242574,3.3353669183793127,3.343386932755271,3.2707983308443564,3.3791870341686288,3.199763007473676,3.2571491461658746,3.318379070187734,4.116133160100622,3.4746951311646406,3.1813032319676795,3.100083169960836,3.402135632960129,3.282062869450956,3.286490239088307,3.3087375860705794,3.129282983291204,3.3212089313655184,3.2661654872119295,3.316589941339408,3.2271960348484425,3.4059426970107247,3.464451472950471,4.711028930857885,3.3548814645740284
206,2.92,5.421013370142837,3.00509258864496,2.7118031982828046,3.204164885988017,3.162898087341741,3.2881532123998074,3.0977012872681096,3.179254571168658,3.191799365474572,3.2591693216860236,3.1552646601330636,3.170075679418629,3.2384831443684967,3.246063455762081,3.1781959976021317,3.28130270647022,3.1125428874637033,3.1584306505669013,3.222395038250884,3.976408076955103,3.371415811472404,3.0764097730931788,3.0209164708005374,3.3028663901442012,3.1888187768182785,3.189523002481162,3.209418124284518,3.0477082868437666,3.2279275598643826,3.17387462274447,3.2211104537577624,3.1356786864711594,3.3068687761364357,3.3618397709627574,4.5480810993161915,3.258061261836556
207,2.95,5.507720874031759,3.0358159325987515,2.756836511520882,3.248641933515423,3.201078614797873,3.330998227672996,3.1345014076323916,3.2224803542091807,3.231852343203937,3.3044754594978483,3.1976261473268166,3.210229442221041,3.2800047618017034,3.2877735173305913,3.2178827118488,3.3232531326266814,3.149922938896549,3.2007385772521757,3.2635310519381058,4.0362902554460405,3.415678377054791,3.1213641126108223,3.0548450561549516,3.3454103513510276,3.2287805308037116,3.2310803895985103,3.2519836079071163,3.0826688710355254,3.2679052905077266,3.213427850373381,3.262030234149896,3.174900407204281,3.349329027939703,3.405816214671778,4.617915884262631,3.29955563443833
208,2.96,5.536623375328067,3.046057047250015,2.771847615933574,3.263467616024558,3.21380545728325,3.345279899430726,3.1467681144204853,3.2368889485560217,3.245203335780392,3.319577505435123,3.2117466430580675,3.2236140298218454,3.2938453009461055,3.3016768711867615,3.2311116165976888,3.337236608012168,3.1623829560408305,3.2148412194806,3.2772430565005126,4.0562509816096854,3.430432565582253,3.1363488924500365,3.066154584606423,3.359591671753303,3.242101115465523,3.2449328519709595,3.2661721024479817,3.094322399099445,3.2812312007221744,3.2266122595830176,3.275670160947274,3.187974314115321,3.363482445207458,3.420475029241451,4.641194145911445,3.313387091972254
209,2.93,5.449915871439145,3.015333703296224,2.7268143026954976,3.218990568497153,3.1756249298271184,3.3024348841575377,3.1099679940562037,3.193663165515499,3.205150358051027,3.2742713676232986,3.1693851558643145,3.1834602670194334,3.2523236835128992,3.2599668096182515,3.191424902351021,3.2952861818557073,3.1250029046079852,3.1725332927953263,3.2361070428132916,3.996368803118749,3.3861699999998667,3.091394552932394,3.032225999252009,3.3170477105464773,3.2021393614800897,3.203375464853612,3.223606618825385,3.0593618149076867,3.2412534700788305,3.1870590319541066,3.2347503805551407,3.1487525933822003,3.3210221934041915,3.376498585532431,4.571359360965005,3.2718927193704808
210,2.9,5.363208367550223,2.984610359342433,2.6817809894574203,3.1745135209697475,3.137444402370987,3.2595898688843494,3.073167873691922,3.1504373824749754,3.165097380321662,3.228965229811474,3.127023668670562,3.1433065042170214,3.2108020660796925,3.2182567480497415,3.1517381881043534,3.2533357556992466,3.08762285317514,3.1302253661100523,3.1949710291260702,3.936486624627813,3.3419074344174797,3.0464402134147512,2.9982974138975953,3.2745037493396514,3.1621776074946566,3.1618180777362634,3.181041135202787,3.024401230715928,3.201275739435487,3.1475058043251956,3.1938306001630066,3.1095308726490787,3.278561941600925,3.3325221418234117,4.501524576018566,3.230398346768707
211,2.87,5.276500863661302,2.9538870153886423,2.636747676219344,3.1300364734423427,3.0992638749148558,3.2167448536111607,3.036367753327641,3.1072115994344536,3.125044402592297,3.1836590919996492,3.08466218147681,3.10315274141461,3.1692804486464863,3.176546686481232,3.112051473857686,3.211385329542786,3.0502428017422947,3.087917439424779,3.1538350154388497,3.8766044461368767,3.2976448688350932,3.0014858738971086,2.964368828543182,3.2319597881328255,3.122215853509224,3.120260690618916,3.1384756515801895,2.9894406465241694,3.1612980087921434,3.1079525766962846,3.1529108197708733,3.070309151915958,3.2361016897976587,3.2885456981143917,4.431689791072127,3.188903974166934
212,2.8,5.074183354587151,2.882199212829797,2.531669945330497,3.0262566958783976,3.0101759775172154,3.1167731513070547,2.9505008058109836,3.006351439006566,3.031587454557113,3.0779447704387253,2.9858187113580534,3.009460628208982,3.0723966746356712,3.079223209488042,3.0194491406154613,3.1135010018443765,2.9630226817323226,2.9891989438258055,3.057850983502,3.7368793629913584,3.1943655491428564,2.896592415022608,2.8852021293828827,3.132690545316898,3.028971760876547,3.02329345401177,3.039156189794129,2.907865950076732,3.0680166372910076,3.015661712228825,3.057431332189228,2.978791803538675,3.137027768923369,3.1859339961266784,4.268741959530436,3.092083771429462
213,2.8,5.074183354587151,2.882199212829797,2.531669945330497,3.0262566958783976,3.0101759775172154,3.1167731513070547,2.9505008058109836,3.006351439006566,3.031587454557113,3.0779447704387253,2.9858187113580534,3.009460628208982,3.0723966746356712,3.079223209488042,3.0194491406154613,3.1135010018443765,2.9630226817323226,2.9891989438258055,3.057850983502,3.7368793629913584,3.1943655491428564,2.896592415022608,2.8852021293828827,3.132690545316898,3.028971760876547,3.02329345401177,3.039156189794129,2.907865950076732,3.0680166372910076,3.015661712228825,3.057431332189228,2.978791803538675,3.137027768923369,3.1859339961266784,4.268741959530436,3.092083771429462
214,2.76,4.958573349401922,2.8412347542247423,2.4716255276797274,2.966953965841858,2.9592686075757064,3.059646464276137,2.9014339786586083,2.9487170616192024,2.9781834842512938,3.0175365866896255,2.9293367284330496,2.9559222778057666,3.017034518058062,3.023609794063362,2.9665335216199042,3.057567100302429,2.9131826131551954,2.932788374912107,3.0030029652523718,3.6570364583367763,3.1353487950330075,2.8366532956657506,2.8399640155769976,3.075965263707797,2.975689422229302,2.9678836045219725,2.9824022116306654,2.861251837821054,3.0147129964332153,2.9629240753902764,3.002871624999716,2.9264961758945134,3.080414099852347,3.127298737847985,4.175628912935183,3.0367579412937635
215,2.76,4.958573349401922,2.8412347542247423,2.4716255276797274,2.966953965841858,2.9592686075757064,3.059646464276137,2.9014339786586083,2.9487170616192024,2.9781834842512938,3.0175365866896255,2.9293367284330496,2.9559222778057666,3.017034518058062,3.023609794063362,2.9665335216199042,3.057567100302429,2.9131826131551954,2.932788374912107,3.0030029652523718,3.6570364583367763,3.1353487950330075,2.8366532956657506,2.8399640155769976,3.075965263707797,2.975689422229302,2.9678836045219725,2.9824022116306654,2.861251837821054,3.0147129964332153,2.9629240753902764,3.002871624999716,2.9264961758945134,3.080414099852347,3.127298737847985,4.175628912935183,3.0367579412937635
216,2.773333333333333,4.997110017796998,2.8548895737597606,2.4916403335633173,2.986721542520704,2.9762377308895425,3.078688693286443,2.9177895877094,2.9679285207483233,2.9959848076865665,3.037672647939325,2.9481640560747175,2.973768394606838,3.0354885702505987,3.042147599204922,2.98417206128509,3.0762117341497444,2.9297959693475706,2.9515918978833398,3.0212856380022477,3.6836507598883035,3.1550210464029576,2.8566330021180364,2.855043386845626,3.0948736909108305,2.9934502017783835,2.986353554351905,3.0013202043518197,2.8767898752396133,3.032480876719146,2.9805032876697926,3.0210581940628867,2.9439280517759006,3.099285322876021,3.146843823940883,4.2066665951335995,3.055199884672329
217,2.786666666666666,5.035646686192075,2.868544393294779,2.511655139446907,3.0064891191995513,2.993206854203379,3.0977309222967486,2.9341451967601917,2.987139979877445,3.0137861311218397,3.057808709189025,2.966991383716385,2.99161451140791,3.0539426224431345,3.060685404346482,3.001810600950275,3.094856367997061,2.946409325539946,2.9703954208545724,3.0395683107521236,3.710265061439831,3.1746932977729068,2.876612708570322,2.8701227581142543,3.113782118113865,3.011210981327465,3.0048235041818376,3.020238197072974,2.892327912658173,3.0502487570050762,2.9980824999493088,3.0392447631260575,2.9613599276572873,3.118156545899695,3.1663889100337808,4.237704277332018,3.0736418280508957
218,2.8,5.074183354587151,2.882199212829797,2.531669945330497,3.0262566958783976,3.0101759775172154,3.1167731513070547,2.9505008058109836,3.006351439006566,3.031587454557113,3.0779447704387253,2.9858187113580534,3.009460628208982,3.0723966746356712,3.079223209488042,3.0194491406154613,3.1135010018443765,2.9630226817323226,2.9891989438258055,3.057850983502,3.7368793629913584,3.1943655491428564,2.896592415022608,2.8852021293828827,3.132690545316898,3.028971760876547,3.02329345401177,3.039156189794129,2.907865950076732,3.0680166372910076,3.015661712228825,3.057431332189228,2.978791803538675,3.137027768923369,3.1859339961266784,4.268741959530436,3.092083771429462
219,2.81,5.103085855883459,2.8924403274810606,2.54668104974319,3.0410823783875336,3.0229028200025927,3.1310548230647846,2.962767512599078,3.0207600333534077,3.0449384471335685,3.0930468163760003,2.9999392070893043,3.0228452158097863,3.0862372137800738,3.0931265633442124,3.0326780453643507,3.1274844772298644,2.9754826988766045,3.0033015860542305,3.0715629880644073,3.756840089155004,3.2091197376703193,2.911577194861823,2.8965116578343544,3.1468718657191745,3.0422923455383577,3.03714591638422,3.053344684334995,2.919519478140652,3.0813425475054554,3.0288461214384625,3.0710712589866063,2.9918657104497157,3.151181186191125,3.200592810696352,4.292020221179249,3.105915228963387
220,2.81,5.103085855883459,2.8924403274810606,2.54668104974319,3.0410823783875336,3.0229028200025927,3.1310548230647846,2.962767512599078,3.0207600333534077,3.0449384471335685,3.0930468163760003,2.9999392070893043,3.0228452158097863,3.0862372137800738,3.0931265633442124,3.0326780453643507,3.1274844772298644,2.9754826988766045,3.0033015860542305,3.0715629880644073,3.756840089155004,3.2091197376703193,2.911577194861823,2.8965116578343544,3.1468718657191745,3.0422923455383577,3.03714591638422,3.053344684334995,2.919519478140652,3.0813425475054554,3.0288461214384625,3.0710712589866063,2.9918657104497157,3.151181186191125,3.200592810696352,4.292020221179249,3.105915228963387
221,2.89,5.334305866253916,2.97436924469117,2.666769885044728,3.159687838460613,3.1247175598856103,3.24530819712662,3.060901166903829,3.1360287881281352,3.1517463877452077,3.2138631838741993,3.112903172939311,3.129921916616218,3.196961526935291,3.2043533941935722,3.1385092833554644,3.23935228031376,3.0751628360308585,3.116122723881628,3.1812590245636634,3.916525898464167,3.3271532458900177,3.0314554335755366,2.986987885446124,3.2603224289373762,3.1488570228328454,3.1479656153638143,3.1668526406619213,3.0127477026520086,3.187949829221039,3.134321395115559,3.1801906733656287,3.0964569657380387,3.2644085243331697,3.3178633272537383,4.478246314369754,3.2165668892347825
222,2.96,5.536623375328067,3.046057047250015,2.771847615933574,3.263467616024558,3.21380545728325,3.345279899430726,3.1467681144204853,3.2368889485560217,3.245203335780392,3.319577505435123,3.2117466430580675,3.2236140298218454,3.2938453009461055,3.3016768711867615,3.2311116165976888,3.337236608012168,3.1623829560408305,3.2148412194806,3.2772430565005126,4.0562509816096854,3.430432565582253,3.1363488924500365,3.066154584606423,3.359591671753303,3.242101115465523,3.2449328519709595,3.2661721024479817,3.094322399099445,3.2812312007221744,3.2266122595830176,3.275670160947274,3.187974314115321,3.363482445207458,3.420475029241451,4.641194145911445,3.313387091972254
223,2.98,5.594428377920681,3.066539276552542,2.8018698247589584,3.293118981042827,3.2392591422540047,3.373843242946185,3.171301527996673,3.2657061372497034,3.2719053209333016,3.349781597309673,3.2399876345205687,3.2503832050234527,3.32152637923491,3.329483578899101,3.2575694260954675,3.3652035587831417,3.187302990329394,3.2430465039374496,3.3046670656253267,4.096172433936976,3.4599409426371777,3.166318452128465,3.0887736415093654,3.387954312557853,3.2687422847891447,3.2726377767158574,3.294549091529713,3.1176294552272843,3.3078830211510706,3.252981078002292,3.30295001454203,3.2141221279374017,3.391789279742969,3.449792658380798,4.687750669209072,3.3410500070401037
224,3.0,5.652233380513295,3.087021505855069,2.8318920335843427,3.3227703460610973,3.2647128272247583,3.4024065864616437,3.1958349415728606,3.294523325943385,3.298607306086211,3.379985689184222,3.2682286259830704,3.2771523802250604,3.349207457523714,3.3572902866114402,3.2840272355932454,3.393170509554115,3.2122230246179573,3.2712517883942986,3.3320910747501404,4.136093886264267,3.4894493196921026,3.196288011806893,3.1113926984123075,3.416316953362404,3.2953834541127662,3.3003427014607563,3.3229260806114445,3.1409365113551226,3.3345348415799663,3.279349896421566,3.3302298681367857,3.2402699417594825,3.4200961142784796,3.479110287520144,4.734307192506697,3.368712922107952
225,3.02,5.71003838310591,3.1075037351575965,2.861914242409728,3.352421711079368,3.290166512195513,3.4309699299771026,3.2203683551490485,3.323340514637067,3.3253092912391216,3.410189781058773,3.296469617445572,3.3039215554266685,3.3768885358125185,3.3850969943237805,3.3104850450910237,3.4211374603250895,3.237143058906521,3.2994570728511476,3.359515083874955,4.176015338591558,3.518957696747027,3.226257571485322,3.13401175531525,3.4446795941669546,3.3220246234363886,3.328047626205655,3.3513030696931763,3.164243567482962,3.361186662008862,3.30571871484084,3.3575097217315415,3.266417755581563,3.448402948813991,3.5084279166594907,4.7808637158043235,3.396375837175801
226,2.96,5.536623375328067,3.046057047250015,2.771847615933574,3.263467616024558,3.21380545728325,3.345279899430726,3.1467681144204853,3.2368889485560217,3.245203335780392,3.319577505435123,3.2117466430580675,3.2236140298218454,3.2938453009461055,3.3016768711867615,3.2311116165976888,3.337236608012168,3.1623829560408305,3.2148412194806,3.2772430565005126,4.0562509816096854,3.430432565582253,3.1363488924500365,3.066154584606423,3.359591671753303,3.242101115465523,3.2449328519709595,3.2661721024479817,3.094322399099445,3.2812312007221744,3.2266122595830176,3.275670160947274,3.187974314115321,3.363482445207458,3.420475029241451,4.641194145911445,3.313387091972254
227,2.94,5.478818372735451,3.0255748179474877,2.741825407108189,3.233816251006287,3.1883517723124957,3.316716555915267,3.122234700844298,3.208071759862339,3.2185013506274815,3.2893734135605732,3.1835056515955653,3.1968448546202373,3.2661642226573013,3.273870163474421,3.20465380709991,3.309269657241194,3.1374629217522667,3.1866359350237508,3.249819047375698,4.016329529282394,3.4009241885273287,3.1063793327716076,3.0435355277034803,3.3312290309487516,3.2154599461419,3.2172279272260607,3.23779511336625,3.071015342971606,3.2545793802932783,3.2002434411637437,3.248390307352518,3.16182650029324,3.3351756106719463,3.3911574001021045,4.594637622613818,3.285724176904405
228,2.91,5.3921108688465305,2.994851473993697,2.6967920938701124,3.189339203478883,3.1501712448563643,3.2738715406420784,3.0854345804800163,3.164845976821817,3.178448372898117,3.244067275748749,3.1411441644018128,3.1566910918178257,3.224642605224095,3.2321601019059116,3.1649670928532423,3.2673192310847337,3.100082870319422,3.1443280083384773,3.2086830336884775,3.9564473507914575,3.356661622944942,3.061424993253965,3.0096069423490666,3.288685069741926,3.175498192156468,3.1756705401087126,3.195229629743653,3.036054758779847,3.214601649649935,3.1606902135348327,3.2074705269603845,3.1226047795601195,3.292715358868681,3.3471809563930845,4.52480283766738,3.244229804302632
229,2.9,5.363208367550223,2.984610359342433,2.6817809894574203,3.1745135209697475,3.137444402370987,3.2595898688843494,3.073167873691922,3.1504373824749754,3.165097380321662,3.228965229811474,3.127023668670562,3.1433065042170214,3.2108020660796925,3.2182567480497415,3.1517381881043534,3.2533357556992466,3.08762285317514,3.1302253661100523,3.1949710291260702,3.936486624627813,3.3419074344174797,3.0464402134147512,2.9982974138975953,3.2745037493396514,3.1621776074946566,3.1618180777362634,3.181041135202787,3.024401230715928,3.201275739435487,3.1475058043251956,3.1938306001630066,3.1095308726490787,3.278561941600925,3.3325221418234117,4.501524576018566,3.230398346768707
230,2.933333333333333,5.459550038537913,3.018747408179978,2.7318180041663944,3.2239324626668644,3.179867210655577,3.307195441410114,3.1140568963189015,3.1984660302977788,3.209600688909845,3.279305382935724,3.174091987774731,3.187921796219701,3.256937196561033,3.2646012609036412,3.1958345372673174,3.299947340317536,3.129156243656079,3.1772341735381344,3.2406777110007603,4.00302237850663,3.3910880628423534,3.0963894795454645,3.0359958420691657,3.3217748173472352,3.20657955636736,3.207992952311094,3.2283361170056732,3.063246324262326,3.245695440150313,3.1914538350239856,3.239297022820933,3.1531105623525466,3.32573999916011,3.381384857055655,4.57911878151461,3.276503205215122
231,2.966666666666667,5.555891709525604,3.052884457017524,2.781855018875369,3.2733514043639813,3.2222900189401686,3.354801013935879,3.1549459189458817,3.246494678120582,3.2541039974980284,3.3296455360599735,3.221160306878901,3.232537088222381,3.303072327042374,3.310945773757541,3.2399308864302814,3.3465589249358256,3.1706896341370183,3.2242429809662165,3.2863843928754504,4.069558132385449,3.4402686912672285,3.146338745676179,3.073694270240737,3.3690458853548195,3.2509815052400635,3.2541678268859253,3.275631098808559,3.1020914178087247,3.29011514086514,3.235401865722776,3.284763445478859,3.1966902520560145,3.3729180567192953,3.4302475722879002,4.656712987010653,3.322608063661537
232,3.0,5.652233380513295,3.087021505855069,2.8318920335843427,3.3227703460610973,3.2647128272247583,3.4024065864616437,3.1958349415728606,3.294523325943385,3.298607306086211,3.379985689184222,3.2682286259830704,3.2771523802250604,3.349207457523714,3.3572902866114402,3.2840272355932454,3.393170509554115,3.2122230246179573,3.2712517883942986,3.3320910747501404,4.136093886264267,3.4894493196921026,3.196288011806893,3.1113926984123075,3.416316953362404,3.2953834541127662,3.3003427014607563,3.3229260806114445,3.1409365113551226,3.3345348415799663,3.279349896421566,3.3302298681367857,3.2402699417594825,3.4200961142784796,3.479110287520144,4.734307192506697,3.368712922107952
233,3.0,5.652233380513295,3.087021505855069,2.8318920335843427,3.3227703460610973,3.2647128272247583,3.4024065864616437,3.1958349415728606,3.294523325943385,3.298607306086211,3.379985689184222,3.2682286259830704,3.2771523802250604,3.349207457523714,3.3572902866114402,3.2840272355932454,3.393170509554115,3.2122230246179573,3.2712517883942986,3.3320910747501404,4.136093886264267,3.4894493196921026,3.196288011806893,3.1113926984123075,3.416316953362404,3.2953834541127662,3.3003427014607563,3.3229260806114445,3.1409365113551226,3.3345348415799663,3.279349896421566,3.3302298681367857,3.2402699417594825,3.4200961142784796,3.479110287520144,4.734307192506697,3.368712922107952
234,2.94,5.478818372735451,3.0255748179474877,2.741825407108189,3.233816251006287,3.1883517723124957,3.316716555915267,3.122234700844298,3.208071759862339,3.2185013506274815,3.2893734135605732,3.1835056515955653,3.1968448546202373,3.2661642226573013,3.273870163474421,3.20465380709991,3.309269657241194,3.1374629217522667,3.1866359350237508,3.249819047375698,4.016329529282394,3.4009241885273287,3.1063793327716076,3.0435355277034803,3.3312290309487516,3.2154599461419,3.2172279272260607,3.23779511336625,3.071015342971606,3.2545793802932783,3.2002434411637437,3.248390307352518,3.16182650029324,3.3351756106719463,3.3911574001021045,4.594637622613818,3.285724176904405
235,2.97,5.565525876624373,3.0562981619012786,2.7868587203462662,3.2782932985336926,3.226532299768627,3.359561571188455,3.1590348212085795,3.2512975429028628,3.2585543283568468,3.334679551372398,3.225867138789318,3.2369986174226493,3.3076858400905076,3.315580225042931,3.2443405213465777,3.351220083397655,3.174842973185112,3.2289438617090247,3.2909550610629195,4.07621170777333,3.4451867541097156,3.1513336722892507,3.077464113057894,3.373772992155578,3.2554217001273336,3.2587853143434087,3.2803605969888476,3.1059759271633647,3.2945571109366223,3.239796668792655,3.289310087744652,3.2010482210263613,3.377635862475213,3.4351338438111245,4.6644724075602575,3.327218549506179
236,2.93,5.449915871439145,3.015333703296224,2.7268143026954976,3.218990568497153,3.1756249298271184,3.3024348841575377,3.1099679940562037,3.193663165515499,3.205150358051027,3.2742713676232986,3.1693851558643145,3.1834602670194334,3.2523236835128992,3.2599668096182515,3.191424902351021,3.2952861818557073,3.1250029046079852,3.1725332927953263,3.2361070428132916,3.996368803118749,3.3861699999998667,3.091394552932394,3.032225999252009,3.3170477105464773,3.2021393614800897,3.203375464853612,3.223606618825385,3.0593618149076867,3.2412534700788305,3.1870590319541066,3.2347503805551407,3.1487525933822003,3.3210221934041915,3.376498585532431,4.571359360965005,3.2718927193704808
237,2.936666666666667,5.469184205636684,3.022161113063733,2.736821705637292,3.228874356836576,3.1841094914840364,3.3119559986626905,3.1181457985816,3.2032688950800594,3.214051019768664,3.284339398248149,3.1787988196851487,3.1923833254199696,3.2615507096091676,3.2692357121890314,3.200244172183614,3.304608498779366,3.1333095827041735,3.1819350542809435,3.24524837918823,4.009675953894513,3.3960061256848415,3.1013844061585365,3.0397656848863237,3.326501924147994,3.211019751254631,3.2126104397685777,3.233065615185962,3.0671308336169663,3.250137410221796,3.195848638093865,3.243843665086726,3.157468531322894,3.3304578049160285,3.3862711285788807,4.586878202064216,3.281113691059764
238,2.9433333333333334,5.488452539834221,3.0289885228312423,2.7468291085790866,3.238758145175999,3.192594053140955,3.3214771131678433,3.1263236031069956,3.21287462464462,3.2229516814863004,3.2944074288729985,3.1882124835059824,3.201306383820505,3.2707777357054355,3.2785046147598114,3.2090634420162067,3.313930815703023,3.141616260800361,3.191336815766559,3.2543897155631676,4.022983104670276,3.405842251369816,3.1113742593846787,3.047305370520637,3.335956137749511,3.219900141029171,3.2218454146835436,3.2425246115465387,3.0748998523262454,3.259021350364761,3.2046382442336228,3.252936949618311,3.166184469263587,3.3398934164278655,3.3960436716253293,4.602397043163424,3.2903346627490464
239,2.95,5.507720874031759,3.0358159325987515,2.756836511520882,3.248641933515423,3.201078614797873,3.330998227672996,3.1345014076323916,3.2224803542091807,3.231852343203937,3.3044754594978483,3.1976261473268166,3.210229442221041,3.2800047618017034,3.2877735173305913,3.2178827118488,3.3232531326266814,3.149922938896549,3.2007385772521757,3.2635310519381058,4.0362902554460405,3.415678377054791,3.1213641126108223,3.0548450561549516,3.3454103513510276,3.2287805308037116,3.2310803895985103,3.2519836079071163,3.0826688710355254,3.2679052905077266,3.213427850373381,3.262030234149896,3.174900407204281,3.349329027939703,3.405816214671778,4.617915884262631,3.29955563443833
240,2.95,5.507720874031759,3.0358159325987515,2.756836511520882,3.248641933515423,3.201078614797873,3.330998227672996,3.1345014076323916,3.2224803542091807,3.231852343203937,3.3044754594978483,3.1976261473268166,3.210229442221041,3.2800047618017034,3.2877735173305913,3.2178827118488,3.3232531326266814,3.149922938896549,3.2007385772521757,3.2635310519381058,4.0362902554460405,3.415678377054791,3.1213641126108223,3.0548450561549516,3.3454103513510276,3.2287805308037116,3.2310803895985103,3.2519836079071163,3.0826688710355254,3.2679052905077266,3.213427850373381,3.262030234149896,3.174900407204281,3.349329027939703,3.405816214671778,4.617915884262631,3.29955563443833
241,2.95,5.507720874031759,3.0358159325987515,2.756836511520882,3.248641933515423,3.201078614797873,3.330998227672996,3.1345014076323916,3.2224803542091807,3.231852343203937,3.3044754594978483,3.1976261473268166,3.210229442221041,3.2800047618017034,3.2877735173305913,3.2178827118488,3.3232531326266814,3.149922938896549,3.2007385772521757,3.2635310519381058,4.0362902554460405,3.415678377054791,3.1213641126108223,3.0548450561549516,3.3454103513510276,3.2287805308037116,3.2310803895985103,3.2519836079071163,3.0826688710355254,3.2679052905077266,3.213427850373381,3.262030234149896,3.174900407204281,3.349329027939703,3.405816214671778,4.617915884262631,3.29955563443833
242,2.92,5.421013370142837,3.00509258864496,2.7118031982828046,3.204164885988017,3.162898087341741,3.2881532123998074,3.0977012872681096,3.179254571168658,3.191799365474572,3.2591693216860236,3.1552646601330636,3.170075679418629,3.2384831443684967,3.246063455762081,3.1781959976021317,3.28130270647022,3.1125428874637033,3.1584306505669013,3.222395038250884,3.976408076955103,3.371415811472404,3.0764097730931788,3.0209164708005374,3.3028663901442012,3.1888187768182785,3.189523002481162,3.209418124284518,3.0477082868437666,3.2279275598643826,3.17387462274447,3.2211104537577624,3.1356786864711594,3.3068687761364357,3.3618397709627574,4.5480810993161915,3.258061261836556
243,2.88,5.305403364957608,2.9641281300399056,2.651758780632035,3.1448621559514778,3.1119907174002326,3.2310265253688897,3.0486344601157347,3.1216201937812933,3.138395395168752,3.1987611379369234,3.0987826772080598,3.1165373290154137,3.183120987790888,3.190450040337401,3.1252803786065746,3.225368804928272,3.062702818886576,3.1020200816532024,3.167547020001256,3.8965651723005212,3.312399057362555,3.0164706537363215,2.9756783569946528,3.2461411085351006,3.1355364381710347,3.1341131529913646,3.1526641461210545,3.001094174588088,3.174623919006591,3.121136985905921,3.1665507465682508,3.083383058826998,3.250255107065414,3.303204512684064,4.454968052720939,3.202735431700858
244,2.88,5.305403364957608,2.9641281300399056,2.651758780632035,3.1448621559514778,3.1119907174002326,3.2310265253688897,3.0486344601157347,3.1216201937812933,3.138395395168752,3.1987611379369234,3.0987826772080598,3.1165373290154137,3.183120987790888,3.190450040337401,3.1252803786065746,3.225368804928272,3.062702818886576,3.1020200816532024,3.167547020001256,3.8965651723005212,3.312399057362555,3.0164706537363215,2.9756783569946528,3.2461411085351006,3.1355364381710347,3.1341131529913646,3.1526641461210545,3.001094174588088,3.174623919006591,3.121136985905921,3.1665507465682508,3.083383058826998,3.250255107065414,3.303204512684064,4.454968052720939,3.202735431700858
245,2.88,5.305403364957608,2.9641281300399056,2.651758780632035,3.1448621559514778,3.1119907174002326,3.2310265253688897,3.0486344601157347,3.1216201937812933,3.138395395168752,3.1987611379369234,3.0987826772080598,3.1165373290154137,3.183120987790888,3.190450040337401,3.1252803786065746,3.225368804928272,3.062702818886576,3.1020200816532024,3.167547020001256,3.8965651723005212,3.312399057362555,3.0164706537363215,2.9756783569946528,3.2461411085351006,3.1355364381710347,3.1341131529913646,3.1526641461210545,3.001094174588088,3.174623919006591,3.121136985905921,3.1665507465682508,3.083383058826998,3.250255107065414,3.303204512684064,4.454968052720939,3.202735431700858
246,2.88,5.305403364957608,2.9641281300399056,2.651758780632035,3.1448621559514778,3.1119907174002326,3.2310265253688897,3.0486344601157347,3.1216201937812933,3.138395395168752,3.1987611379369234,3.0987826772080598,3.1165373290154137,3.183120987790888,3.190450040337401,3.1252803786065746,3.225368804928272,3.062702818886576,3.1020200816532024,3.167547020001256,3.8965651723005212,3.312399057362555,3.0164706537363215,2.9756783569946528,3.2461411085351006,3.1355364381710347,3.1341131529913646,3.1526641461210545,3.001094174588088,3.174623919006591,3.121136985905921,3.1665507465682508,3.083383058826998,3.250255107065414,3.303204512684064,4.454968052720939,3.202735431700858
247,2.88,5.305403364957608,2.9641281300399056,2.651758780632035,3.1448621559514778,3.1119907174002326,3.2310265253688897,3.0486344601157347,3.1216201937812933,3.138395395168752,3.1987611379369234,3.0987826772080598,3.1165373290154137,3.183120987790888,3.190450040337401,3.1252803786065746,3.225368804928272,3.062702818886576,3.1020200816532024,3.167547020001256,3.8965651723005212,3.312399057362555,3.0164706537363215,2.9756783569946528,3.2461411085351006,3.1355364381710347,3.1341131529913646,3.1526641461210545,3.001094174588088,3.174623919006591,3.121136985905921,3.1665507465682508,3.083383058826998,3.250255107065414,3.303204512684064,4.454968052720939,3.202735431700858
248,2.98,5.594428377920681,3.066539276552542,2.8018698247589584,3.293118981042827,3.2392591422540047,3.373843242946185,3.171301527996673,3.2657061372497034,3.2719053209333016,3.349781597309673,3.2399876345205687,3.2503832050234527,3.32152637923491,3.329483578899101,3.2575694260954675,3.3652035587831417,3.187302990329394,3.2430465039374496,3.3046670656253267,4.096172433936976,3.4599409426371777,3.166318452128465,3.0887736415093654,3.387954312557853,3.2687422847891447,3.2726377767158574,3.294549091529713,3.1176294552272843,3.3078830211510706,3.252981078002292,3.30295001454203,3.2141221279374017,3.391789279742969,3.449792658380798,4.687750669209072,3.3410500070401037
249,2.92,5.421013370142837,3.00509258864496,2.7118031982828046,3.204164885988017,3.162898087341741,3.2881532123998074,3.0977012872681096,3.179254571168658,3.191799365474572,3.2591693216860236,3.1552646601330636,3.170075679418629,3.2384831443684967,3.246063455762081,3.1781959976021317,3.28130270647022,3.1125428874637033,3.1584306505669013,3.222395038250884,3.976408076955103,3.371415811472404,3.0764097730931788,3.0209164708005374,3.3028663901442012,3.1888187768182785,3.189523002481162,3.209418124284518,3.0477082868437666,3.2279275598643826,3.17387462274447,3.2211104537577624,3.1356786864711594,3.3068687761364357,3.3618397709627574,4.5480810993161915,3.258061261836556
250,2.88,5.305403364957608,2.9641281300399056,2.651758780632035,3.1448621559514778,3.1119907174002326,3.2310265253688897,3.0486344601157347,3.1216201937812933,3.138395395168752,3.1987611379369234,3.0987826772080598,3.1165373290154137,3.183120987790888,3.190450040337401,3.1252803786065746,3.225368804928272,3.062702818886576,3.1020200816532024,3.167547020001256,3.8965651723005212,3.312399057362555,3.0164706537363215,2.9756783569946528,3.2461411085351006,3.1355364381710347,3.1341131529913646,3.1526641461210545,3.001094174588088,3.174623919006591,3.121136985905921,3.1665507465682508,3.083383058826998,3.250255107065414,3.303204512684064,4.454968052720939,3.202735431700858
251,2.88,5.305403364957608,2.9641281300399056,2.651758780632035,3.1448621559514778,3.1119907174002326,3.2310265253688897,3.0486344601157347,3.1216201937812933,3.138395395168752,3.1987611379369234,3.0987826772080598,3.1165373290154137,3.183120987790888,3.190450040337401,3.1252803786065746,3.225368804928272,3.062702818886576,3.1020200816532024,3.167547020001256,3.8965651723005212,3.312399057362555,3.0164706537363215,2.9756783569946528,3.2461411085351006,3.1355364381710347,3.1341131529913646,3.1526641461210545,3.001094174588088,3.174623919006591,3.121136985905921,3.1665507465682508,3.083383058826998,3.250255107065414,3.303204512684064,4.454968052720939,3.202735431700858
252,2.88,5.305403364957608,2.9641281300399056,2.651758780632035,3.1448621559514778,3.1119907174002326,3.2310265253688897,3.0486344601157347,3.1216201937812933,3.138395395168752,3.1987611379369234,3.0987826772080598,3.1165373290154137,3.183120987790888,3.190450040337401,3.1252803786065746,3.225368804928272,3.062702818886576,3.1020200816532024,3.167547020001256,3.8965651723005212,3.312399057362555,3.0164706537363215,2.9756783569946528,3.2461411085351006,3.1355364381710347,3.1341131529913646,3.1526641461210545,3.001094174588088,3.174623919006591,3.121136985905921,3.1665507465682508,3.083383058826998,3.250255107065414,3.303204512684064,4.454968052720939,3.202735431700858
253,2.88,5.305403364957608,2.9641281300399056,2.651758780632035,3.1448621559514778,3.1119907174002326,3.2310265253688897,3.0486344601157347,3.1216201937812933,3.138395395168752,3.1987611379369234,3.0987826772080598,3.1165373290154137,3.183120987790888,3.190450040337401,3.1252803786065746,3.225368804928272,3.062702818886576,3.1020200816532024,3.167547020001256,3.8965651723005212,3.312399057362555,3.0164706537363215,2.9756783569946528,3.2461411085351006,3.1355364381710347,3.1341131529913646,3.1526641461210545,3.001094174588088,3.174623919006591,3.121136985905921,3.1665507465682508,3.083383058826998,3.250255107065414,3.303204512684064,4.454968052720939,3.202735431700858
254,2.88,5.305403364957608,2.9641281300399056,2.651758780632035,3.1448621559514778,3.1119907174002326,3.2310265253688897,3.0486344601157347,3.1216201937812933,3.138395395168752,3.1987611379369234,3.0987826772080598,3.1165373290154137,3.183120987790888,3.190450040337401,3.1252803786065746,3.225368804928272,3.062702818886576,3.1020200816532024,3.167547020001256,3.8965651723005212,3.312399057362555,3.0164706537363215,2.9756783569946528,3.2461411085351006,3.1355364381710347,3.1341131529913646,3.1526641461210545,3.001094174588088,3.174623919006591,3.121136985905921,3.1665507465682508,3.083383058826998,3.250255107065414,3.303204512684064,4.454968052720939,3.202735431700858
255,3.02,5.71003838310591,3.1075037351575965,2.861914242409728,3.352421711079368,3.290166512195513,3.4309699299771026,3.2203683551490485,3.323340514637067,3.3253092912391216,3.410189781058773,3.296469617445572,3.3039215554266685,3.3768885358125185,3.3850969943237805,3.3104850450910237,3.4211374603250895,3.237143058906521,3.2994570728511476,3.359515083874955,4.176015338591558,3.518957696747027,3.226257571485322,3.13401175531525,3.4446795941669546,3.3220246234363886,3.328047626205655,3.3513030696931763,3.164243567482962,3.361186662008862,3.30571871484084,3.3575097217315415,3.266417755581563,3.448402948813991,3.5084279166594907,4.7808637158043235,3.396375837175801
256,3.03,5.738940884402216,3.11774484980886,2.87692534682242,3.367247393588502,3.3028933546808896,3.4452516017348316,3.2326350619371422,3.3377491089839078,3.338660283815576,3.4252918269960473,3.310590113176823,3.317306143027473,3.39072907495692,3.3990003481799507,3.323713949839913,3.435120935710576,3.2496030760508026,3.3135597150795726,3.3732270884373614,4.195976064755203,3.533711885274489,3.241242351324536,3.1453212837667213,3.458860914569229,3.3353452080981993,3.3419000885781043,3.3654915642340417,3.175897095546881,3.37451257222331,3.318903124050477,3.371149648528919,3.2794916624926036,3.4625563660817464,3.5230867312291636,4.804141977453136,3.4102072947097257
257,3.0,5.652233380513295,3.087021505855069,2.8318920335843427,3.3227703460610973,3.2647128272247583,3.4024065864616437,3.1958349415728606,3.294523325943385,3.298607306086211,3.379985689184222,3.2682286259830704,3.2771523802250604,3.349207457523714,3.3572902866114402,3.2840272355932454,3.393170509554115,3.2122230246179573,3.2712517883942986,3.3320910747501404,4.136093886264267,3.4894493196921026,3.196288011806893,3.1113926984123075,3.416316953362404,3.2953834541127662,3.3003427014607563,3.3229260806114445,3.1409365113551226,3.3345348415799663,3.279349896421566,3.3302298681367857,3.2402699417594825,3.4200961142784796,3.479110287520144,4.734307192506697,3.368712922107952
258,3.036666666666666,5.758209218599755,3.124572259576369,2.8869327497642145,3.3771311819279255,3.311377916337808,3.4547727162399844,3.240812866462538,3.347354838548468,3.3475609455332123,3.435359857620897,3.3200037769976563,3.326229201428008,3.3999561010531885,3.40826925075073,3.3325332196725057,3.444443252634234,3.25790975414699,3.3229614765651894,3.3823684248122996,4.2092832155309665,3.543548010959464,3.251232204550678,3.152860969401035,3.4683151281707456,3.34422559787274,3.3511350634930706,3.3749505605946193,3.1836661142561606,3.383396512366275,3.327692730190235,3.3802429330605044,3.2882076004332967,3.4719919775935835,3.5328592742756126,4.819660818552345,3.4194282663990085
259,3.0733333333333333,5.864185056686215,3.162123013297669,2.9419734659440864,3.4314920177947537,3.358043005450858,3.507138846018326,3.2857907913522153,3.400186351153552,3.3965145849802143,3.4907340260575714,3.371778928012243,3.375306022630956,3.450704744582664,3.45924821489002,3.381039203751766,3.4957159957143524,3.3035964836760234,3.3746711647360796,3.4326457748744588,4.282472544797667,3.5976467022268253,3.306176397294464,3.194329240389763,3.520313302979089,3.3930677416327137,3.401927425525385,3.426975040577794,3.2263957171571995,3.4322581831525847,3.376035563958905,3.430255997984223,3.336145259107112,3.5238878409086873,3.586608261031081,4.9050144445979935,3.470143610690066
260,3.11,5.970160894772673,3.199673767018969,2.997014182123958,3.485852853661582,3.404708094563907,3.559504975796667,3.3307687162418933,3.4530178637586353,3.445468224427215,3.5461081944942463,3.4235540790268297,3.4243828438339037,3.5014533881121377,3.51022717902931,3.4295451878310264,3.5469887387944716,3.349283213205056,3.42638085290697,3.482923124936617,4.355661874064365,3.6517453934941875,3.3611205900382495,3.2357975113784914,3.5723114777874314,3.441909885392687,3.4527197875576987,3.4789995205609685,3.2691253200582375,3.4811198539388934,3.4243783977275735,3.480269062907942,3.384082917780926,3.5757837042237908,3.64035724778655,4.9903680706436395,3.5208589549811222
261,3.18,6.172478403846825,3.2713615695778144,3.102091913012805,3.5896326312255273,3.493795991961548,3.6594766781007744,3.41663566375855,3.553878024186522,3.5389251724624,3.6518225160551707,3.5223975491455857,3.5180749570395315,3.598337162122953,3.6075506560225,3.5221475210732507,3.64487306649288,3.436503333215029,3.525099348505943,3.578907156873467,4.495386957209885,3.7550247131864234,3.4660140489127502,3.31496421053879,3.671580720603359,3.535153978025365,3.5496870241648444,3.5783189823470294,3.3507000165056744,3.5744012254400297,3.516669262195033,3.575748550489588,3.4756002661582097,3.67485762509808,3.7429689497742635,5.153315902185333,3.617679157718594
262,3.13,6.027965897365287,3.220155996321496,3.0270363909493425,3.5155042186798515,3.4301617795346613,3.588068319312126,3.3553021298180807,3.4818350524523174,3.472170209580125,3.576312286368796,3.451795070489331,3.4511520190355114,3.529134466400942,3.5380338867416494,3.4560029973288047,3.5749556895654453,3.37420324749362,3.454586137363819,3.5103471340614316,4.395583326391657,3.681253770549111,3.3910901497166783,3.2584165682814334,3.600674118591982,3.4685510547163094,3.4804247123025966,3.5073765096427003,3.2924323761860768,3.5077716743677896,3.4507472161468478,3.5075489165026976,3.410230731603007,3.6040905387593014,3.6696748769258964,5.036924593941267,3.5485218700489707
263,3.11,5.970160894772673,3.199673767018969,2.997014182123958,3.485852853661582,3.404708094563907,3.559504975796667,3.3307687162418933,3.4530178637586353,3.445468224427215,3.5461081944942463,3.4235540790268297,3.4243828438339037,3.5014533881121377,3.51022717902931,3.4295451878310264,3.5469887387944716,3.349283213205056,3.42638085290697,3.482923124936617,4.355661874064365,3.6517453934941875,3.3611205900382495,3.2357975113784914,3.5723114777874314,3.441909885392687,3.4527197875576987,3.4789995205609685,3.2691253200582375,3.4811198539388934,3.4243783977275735,3.480269062907942,3.384082917780926,3.5757837042237908,3.64035724778655,4.9903680706436395,3.5208589549811222
264,2.93,5.449915871439145,3.015333703296224,2.7268143026954976,3.218990568497153,3.1756249298271184,3.3024348841575377,3.1099679940562037,3.193663165515499,3.205150358051027,3.2742713676232986,3.1693851558643145,3.1834602670194334,3.2523236835128992,3.2599668096182515,3.191424902351021,3.2952861818557073,3.1250029046079852,3.1725332927953263,3.2361070428132916,3.996368803118749,3.3861699999998667,3.091394552932394,3.032225999252009,3.3170477105464773,3.2021393614800897,3.203375464853612,3.223606618825385,3.0593618149076867,3.2412534700788305,3.1870590319541066,3.2347503805551407,3.1487525933822003,3.3210221934041915,3.376498585532431,4.571359360965005,3.2718927193704808
265,2.94,5.478818372735451,3.0255748179474877,2.741825407108189,3.233816251006287,3.1883517723124957,3.316716555915267,3.122234700844298,3.208071759862339,3.2185013506274815,3.2893734135605732,3.1835056515955653,3.1968448546202373,3.2661642226573013,3.273870163474421,3.20465380709991,3.309269657241194,3.1374629217522667,3.1866359350237508,3.249819047375698,4.016329529282394,3.4009241885273287,3.1063793327716076,3.0435355277034803,3.3312290309487516,3.2154599461419,3.2172279272260607,3.23779511336625,3.071015342971606,3.2545793802932783,3.2002434411637437,3.248390307352518,3.16182650029324,3.3351756106719463,3.3911574001021045,4.594637622613818,3.285724176904405
266,2.95,5.507720874031759,3.0358159325987515,2.756836511520882,3.248641933515423,3.201078614797873,3.330998227672996,3.1345014076323916,3.2224803542091807,3.231852343203937,3.3044754594978483,3.1976261473268166,3.210229442221041,3.2800047618017034,3.2877735173305913,3.2178827118488,3.3232531326266814,3.149922938896549,3.2007385772521757,3.2635310519381058,4.0362902554460405,3.415678377054791,3.1213641126108223,3.0548450561549516,3.3454103513510276,3.2287805308037116,3.2310803895985103,3.2519836079071163,3.0826688710355254,3.2679052905077266,3.213427850373381,3.262030234149896,3.174900407204281,3.349329027939703,3.405816214671778,4.617915884262631,3.29955563443833
267,2.96,5.536623375328067,3.046057047250015,2.771847615933574,3.263467616024558,3.21380545728325,3.345279899430726,3.1467681144204853,3.2368889485560217,3.245203335780392,3.319577505435123,3.2117466430580675,3.2236140298218454,3.2938453009461055,3.3016768711867615,3.2311116165976888,3.337236608012168,3.1623829560408305,3.2148412194806,3.2772430565005126,4.0562509816096854,3.430432565582253,3.1363488924500365,3.066154584606423,3.359591671753303,3.242101115465523,3.2449328519709595,3.2661721024479817,3.094322399099445,3.2812312007221744,3.2266122595830176,3.275670160947274,3.187974314115321,3.363482445207458,3.420475029241451,4.641194145911445,3.313387091972254
268,2.96,5.536623375328067,3.046057047250015,2.771847615933574,3.263467616024558,3.21380545728325,3.345279899430726,3.1467681144204853,3.2368889485560217,3.245203335780392,3.319577505435123,3.2117466430580675,3.2236140298218454,3.2938453009461055,3.3016768711867615,3.2311116165976888,3.337236608012168,3.1623829560408305,3.2148412194806,3.2772430565005126,4.0562509816096854,3.430432565582253,3.1363488924500365,3.066154584606423,3.359591671753303,3.242101115465523,3.2449328519709595,3.2661721024479817,3.094322399099445,3.2812312007221744,3.2266122595830176,3.275670160947274,3.187974314115321,3.363482445207458,3.420475029241451,4.641194145911445,3.313387091972254
269,2.98,5.594428377920681,3.066539276552542,2.8018698247589584,3.293118981042827,3.2392591422540047,3.373843242946185,3.171301527996673,3.2657061372497034,3.2719053209333016,3.349781597309673,3.2399876345205687,3.2503832050234527,3.32152637923491,3.329483578899101,3.2575694260954675,3.3652035587831417,3.187302990329394,3.2430465039374496,3.3046670656253267,4.096172433936976,3.4599409426371777,3.166318452128465,3.0887736415093654,3.387954312557853,3.2687422847891447,3.2726377767158574,3.294549091529713,3.1176294552272843,3.3078830211510706,3.252981078002292,3.30295001454203,3.2141221279374017,3.391789279742969,3.449792658380798,4.687750669209072,3.3410500070401037
270,2.96,5.536623375328067,3.046057047250015,2.771847615933574,3.263467616024558,3.21380545728325,3.345279899430726,3.1467681144204853,3.2368889485560217,3.245203335780392,3.319577505435123,3.2117466430580675,3.2236140298218454,3.2938453009461055,3.3016768711867615,3.2311116165976888,3.337236608012168,3.1623829560408305,3.2148412194806,3.2772430565005126,4.0562509816096854,3.430432565582253,3.1363488924500365,3.066154584606423,3.359591671753303,3.242101115465523,3.2449328519709595,3.2661721024479817,3.094322399099445,3.2812312007221744,3.2266122595830176,3.275670160947274,3.187974314115321,3.363482445207458,3.420475029241451,4.641194145911445,3.313387091972254
271,2.94,5.478818372735451,3.0255748179474877,2.741825407108189,3.233816251006287,3.1883517723124957,3.316716555915267,3.122234700844298,3.208071759862339,3.2185013506274815,3.2893734135605732,3.1835056515955653,3.1968448546202373,3.2661642226573013,3.273870163474421,3.20465380709991,3.309269657241194,3.1374629217522667,3.1866359350237508,3.249819047375698,4.016329529282394,3.4009241885273287,3.1063793327716076,3.0435355277034803,3.3312290309487516,3.2154599461419,3.2172279272260607,3.23779511336625,3.071015342971606,3.2545793802932783,3.2002434411637437,3.248390307352518,3.16182650029324,3.3351756106719463,3.3911574001021045,4.594637622613818,3.285724176904405
272,2.94,5.478818372735451,3.0255748179474877,2.741825407108189,3.233816251006287,3.1883517723124957,3.316716555915267,3.122234700844298,3.208071759862339,3.2185013506274815,3.2893734135605732,3.1835056515955653,3.1968448546202373,3.2661642226573013,3.273870163474421,3.20465380709991,3.309269657241194,3.1374629217522667,3.1866359350237508,3.249819047375698,4.016329529282394,3.4009241885273287,3.1063793327716076,3.0435355277034803,3.3312290309487516,3.2154599461419,3.2172279272260607,3.23779511336625,3.071015342971606,3.2545793802932783,3.2002434411637437,3.248390307352518,3.16182650029324,3.3351756106719463,3.3911574001021045,4.594637622613818,3.285724176904405
273,2.94,5.478818372735451,3.0255748179474877,2.741825407108189,3.233816251006287,3.1883517723124957,3.316716555915267,3.122234700844298,3.208071759862339,3.2185013506274815,3.2893734135605732,3.1835056515955653,3.1968448546202373,3.2661642226573013,3.273870163474421,3.20465380709991,3.309269657241194,3.1374629217522667,3.1866359350237508,3.249819047375698,4.016329529282394,3.4009241885273287,3.1063793327716076,3.0435355277034803,3.3312290309487516,3.2154599461419,3.2172279272260607,3.23779511336625,3.071015342971606,3.2545793802932783,3.2002434411637437,3.248390307352518,3.16182650029324,3.3351756106719463,3.3911574001021045,4.594637622613818,3.285724176904405
274,2.94,5.478818372735451,3.0255748179474877,2.741825407108189,3.233816251006287,3.1883517723124957,3.316716555915267,3.122234700844298,3.208071759862339,3.2185013506274815,3.2893734135605732,3.1835056515955653,3.1968448546202373,3.2661642226573013,3.273870163474421,3.20465380709991,3.309269657241194,3.1374629217522667,3.1866359350237508,3.249819047375698,4.016329529282394,3.4009241885273287,3.1063793327716076,3.0435355277034803,3.3312290309487516,3.2154599461419,3.2172279272260607,3.23779511336625,3.071015342971606,3.2545793802932783,3.2002434411637437,3.248390307352518,3.16182650029324,3.3351756106719463,3.3911574001021045,4.594637622613818,3.285724176904405
275,2.73,4.8718658455130015,2.810511410270952,2.426592214441651,2.9224769183144534,2.921088080119575,3.0168014490029487,2.8646338582943267,2.90549127857868,2.938130506521929,2.972230448877801,2.8869752412392975,2.915768515003355,2.975512900624856,2.9818997324948526,2.926846807373237,3.0156166741459685,2.8758025617223506,2.890480448226833,2.9618669515651512,3.5971542798458405,3.091086229450621,2.7916989561481085,2.8060354302225843,3.0334213025009715,2.9357276682438695,2.9263262174046254,2.939836728008068,2.8262912536292957,2.974735265789872,2.9233708477613654,2.961951844607583,2.8872744551613927,3.0379538480490806,3.0833222941389655,4.105794127988744,2.995263568691991
276,2.8,5.074183354587151,2.882199212829797,2.531669945330497,3.0262566958783976,3.0101759775172154,3.1167731513070547,2.9505008058109836,3.006351439006566,3.031587454557113,3.0779447704387253,2.9858187113580534,3.009460628208982,3.0723966746356712,3.079223209488042,3.0194491406154613,3.1135010018443765,2.9630226817323226,2.9891989438258055,3.057850983502,3.7368793629913584,3.1943655491428564,2.896592415022608,2.8852021293828827,3.132690545316898,3.028971760876547,3.02329345401177,3.039156189794129,2.907865950076732,3.0680166372910076,3.015661712228825,3.057431332189228,2.978791803538675,3.137027768923369,3.1859339961266784,4.268741959530436,3.092083771429462
277,2.8,5.074183354587151,2.882199212829797,2.531669945330497,3.0262566958783976,3.0101759775172154,3.1167731513070547,2.9505008058109836,3.006351439006566,3.031587454557113,3.0779447704387253,2.9858187113580534,3.009460628208982,3.0723966746356712,3.079223209488042,3.0194491406154613,3.1135010018443765,2.9630226817323226,2.9891989438258055,3.057850983502,3.7368793629913584,3.1943655491428564,2.896592415022608,2.8852021293828827,3.132690545316898,3.028971760876547,3.02329345401177,3.039156189794129,2.907865950076732,3.0680166372910076,3.015661712228825,3.057431332189228,2.978791803538675,3.137027768923369,3.1859339961266784,4.268741959530436,3.092083771429462
278,2.93,5.449915871439145,3.015333703296224,2.7268143026954976,3.218990568497153,3.1756249298271184,3.3024348841575377,3.1099679940562037,3.193663165515499,3.205150358051027,3.2742713676232986,3.1693851558643145,3.1834602670194334,3.2523236835128992,3.2599668096182515,3.191424902351021,3.2952861818557073,3.1250029046079852,3.1725332927953263,3.2361070428132916,3.996368803118749,3.3861699999998667,3.091394552932394,3.032225999252009,3.3170477105464773,3.2021393614800897,3.203375464853612,3.223606618825385,3.0593618149076867,3.2412534700788305,3.1870590319541066,3.2347503805551407,3.1487525933822003,3.3210221934041915,3.376498585532431,4.571359360965005,3.2718927193704808
279,2.91,5.3921108688465305,2.994851473993697,2.6967920938701124,3.189339203478883,3.1501712448563643,3.2738715406420784,3.0854345804800163,3.164845976821817,3.178448372898117,3.244067275748749,3.1411441644018128,3.1566910918178257,3.224642605224095,3.2321601019059116,3.1649670928532423,3.2673192310847337,3.100082870319422,3.1443280083384773,3.2086830336884775,3.9564473507914575,3.356661622944942,3.061424993253965,3.0096069423490666,3.288685069741926,3.175498192156468,3.1756705401087126,3.195229629743653,3.036054758779847,3.214601649649935,3.1606902135348327,3.2074705269603845,3.1226047795601195,3.292715358868681,3.3471809563930845,4.52480283766738,3.244229804302632
280,2.89,5.334305866253916,2.97436924469117,2.666769885044728,3.159687838460613,3.1247175598856103,3.24530819712662,3.060901166903829,3.1360287881281352,3.1517463877452077,3.2138631838741993,3.112903172939311,3.129921916616218,3.196961526935291,3.2043533941935722,3.1385092833554644,3.23935228031376,3.0751628360308585,3.116122723881628,3.1812590245636634,3.916525898464167,3.3271532458900177,3.0314554335755366,2.986987885446124,3.2603224289373762,3.1488570228328454,3.1479656153638143,3.1668526406619213,3.0127477026520086,3.187949829221039,3.134321395115559,3.1801906733656287,3.0964569657380387,3.2644085243331697,3.3178633272537383,4.478246314369754,3.2165668892347825
281,2.87,5.276500863661302,2.9538870153886423,2.636747676219344,3.1300364734423427,3.0992638749148558,3.2167448536111607,3.036367753327641,3.1072115994344536,3.125044402592297,3.1836590919996492,3.08466218147681,3.10315274141461,3.1692804486464863,3.176546686481232,3.112051473857686,3.211385329542786,3.0502428017422947,3.087917439424779,3.1538350154388497,3.8766044461368767,3.2976448688350932,3.0014858738971086,2.964368828543182,3.2319597881328255,3.122215853509224,3.120260690618916,3.1384756515801895,2.9894406465241694,3.1612980087921434,3.1079525766962846,3.1529108197708733,3.070309151915958,3.2361016897976587,3.2885456981143917,4.431689791072127,3.188903974166934
282,2.89,5.334305866253916,2.97436924469117,2.666769885044728,3.159687838460613,3.1247175598856103,3.24530819712662,3.060901166903829,3.1360287881281352,3.1517463877452077,3.2138631838741993,3.112903172939311,3.129921916616218,3.196961526935291,3.2043533941935722,3.1385092833554644,3.23935228031376,3.0751628360308585,3.116122723881628,3.1812590245636634,3.916525898464167,3.3271532458900177,3.0314554335755366,2.986987885446124,3.2603224289373762,3.1488570228328454,3.1479656153638143,3.1668526406619213,3.0127477026520086,3.187949829221039,3.134321395115559,3.1801906733656287,3.0964569657380387,3.2644085243331697,3.3178633272537383,4.478246314369754,3.2165668892347825
283,2.89,5.334305866253916,2.97436924469117,2.666769885044728,3.159687838460613,3.1247175598856103,3.24530819712662,3.060901166903829,3.1360287881281352,3.1517463877452077,3.2138631838741993,3.112903172939311,3.129921916616218,3.196961526935291,3.2043533941935722,3.1385092833554644,3.23935228031376,3.0751628360308585,3.116122723881628,3.1812590245636634,3.916525898464167,3.3271532458900177,3.0314554335755366,2.986987885446124,3.2603224289373762,3.1488570228328454,3.1479656153638143,3.1668526406619213,3.0127477026520086,3.187949829221039,3.134321395115559,3.1801906733656287,3.0964569657380387,3.2644085243331697,3.3178633272537383,4.478246314369754,3.2165668892347825
284,2.95,5.507720874031759,3.0358159325987515,2.756836511520882,3.248641933515423,3.201078614797873,3.330998227672996,3.1345014076323916,3.2224803542091807,3.231852343203937,3.3044754594978483,3.1976261473268166,3.210229442221041,3.2800047618017034,3.2877735173305913,3.2178827118488,3.3232531326266814,3.149922938896549,3.2007385772521757,3.2635310519381058,4.0362902554460405,3.415678377054791,3.1213641126108223,3.0548450561549516,3.3454103513510276,3.2287805308037116,3.2310803895985103,3.2519836079071163,3.0826688710355254,3.2679052905077266,3.213427850373381,3.262030234149896,3.174900407204281,3.349329027939703,3.405816214671778,4.617915884262631,3.29955563443833
285,2.99,5.623330879216989,3.0767803912038056,2.8168809291716514,3.307944663551963,3.251985984739382,3.3881249147039147,3.1835682347847674,3.2801147315965453,3.2852563135097568,3.3648836432469484,3.25410813025182,3.2637677926242574,3.3353669183793127,3.343386932755271,3.2707983308443564,3.3791870341686288,3.199763007473676,3.2571491461658746,3.318379070187734,4.116133160100622,3.4746951311646406,3.1813032319676795,3.100083169960836,3.402135632960129,3.282062869450956,3.286490239088307,3.3087375860705794,3.129282983291204,3.3212089313655184,3.2661654872119295,3.316589941339408,3.2271960348484425,3.4059426970107247,3.464451472950471,4.711028930857885,3.3548814645740284
286,2.95,5.507720874031759,3.0358159325987515,2.756836511520882,3.248641933515423,3.201078614797873,3.330998227672996,3.1345014076323916,3.2224803542091807,3.231852343203937,3.3044754594978483,3.1976261473268166,3.210229442221041,3.2800047618017034,3.2877735173305913,3.2178827118488,3.3232531326266814,3.149922938896549,3.2007385772521757,3.2635310519381058,4.0362902554460405,3.415678377054791,3.1213641126108223,3.0548450561549516,3.3454103513510276,3.2287805308037116,3.2310803895985103,3.2519836079071163,3.0826688710355254,3.2679052905077266,3.213427850373381,3.262030234149896,3.174900407204281,3.349329027939703,3.405816214671778,4.617915884262631,3.29955563443833
287,2.91,5.3921108688465305,2.994851473993697,2.6967920938701124,3.189339203478883,3.1501712448563643,3.2738715406420784,3.0854345804800163,3.164845976821817,3.178448372898117,3.244067275748749,3.1411441644018128,3.1566910918178257,3.224642605224095,3.2321601019059116,3.1649670928532423,3.2673192310847337,3.100082870319422,3.1443280083384773,3.2086830336884775,3.9564473507914575,3.356661622944942,3.061424993253965,3.0096069423490666,3.288685069741926,3.175498192156468,3.1756705401087126,3.195229629743653,3.036054758779847,3.214601649649935,3.1606902135348327,3.2074705269603845,3.1226047795601195,3.292715358868681,3.3471809563930845,4.52480283766738,3.244229804302632
288,2.87,5.276500863661302,2.9538870153886423,2.636747676219344,3.1300364734423427,3.0992638749148558,3.2167448536111607,3.036367753327641,3.1072115994344536,3.125044402592297,3.1836590919996492,3.08466218147681,3.10315274141461,3.1692804486464863,3.176546686481232,3.112051473857686,3.211385329542786,3.0502428017422947,3.087917439424779,3.1538350154388497,3.8766044461368767,3.2976448688350932,3.0014858738971086,2.964368828543182,3.2319597881328255,3.122215853509224,3.120260690618916,3.1384756515801895,2.9894406465241694,3.1612980087921434,3.1079525766962846,3.1529108197708733,3.070309151915958,3.2361016897976587,3.2885456981143917,4.431689791072127,3.188903974166934
289,2.88,5.305403364957608,2.9641281300399056,2.651758780632035,3.1448621559514778,3.1119907174002326,3.2310265253688897,3.0486344601157347,3.1216201937812933,3.138395395168752,3.1987611379369234,3.0987826772080598,3.1165373290154137,3.183120987790888,3.190450040337401,3.1252803786065746,3.225368804928272,3.062702818886576,3.1020200816532024,3.167547020001256,3.8965651723005212,3.312399057362555,3.0164706537363215,2.9756783569946528,3.2461411085351006,3.1355364381710347,3.1341131529913646,3.1526641461210545,3.001094174588088,3.174623919006591,3.121136985905921,3.1665507465682508,3.083383058826998,3.250255107065414,3.303204512684064,4.454968052720939,3.202735431700858
290,2.81,5.103085855883459,2.8924403274810606,2.54668104974319,3.0410823783875336,3.0229028200025927,3.1310548230647846,2.962767512599078,3.0207600333534077,3.0449384471335685,3.0930468163760003,2.9999392070893043,3.0228452158097863,3.0862372137800738,3.0931265633442124,3.0326780453643507,3.1274844772298644,2.9754826988766045,3.0033015860542305,3.0715629880644073,3.756840089155004,3.2091197376703193,2.911577194861823,2.8965116578343544,3.1468718657191745,3.0422923455383577,3.03714591638422,3.053344684334995,2.919519478140652,3.0813425475054554,3.0288461214384625,3.0710712589866063,2.9918657104497157,3.151181186191125,3.200592810696352,4.292020221179249,3.105915228963387
291,2.83,5.1608908584760735,2.912922556783588,2.5767032585685743,3.0707337434058033,3.048356504973347,3.1596181665802434,2.9873009261752657,3.0495772220470894,3.071640432286478,3.12325090825055,3.028180198551806,3.049614391011394,3.1139182920688775,3.1209332710565523,3.059135854862129,3.1554514280008386,3.000402733165168,3.03150687051108,3.0989869971892214,3.7967615414822955,3.238628114725244,2.9415467545402514,2.919130714737297,3.1752345065237244,3.0689335148619796,3.064850841129118,3.0817216734167268,2.942826534268491,3.107994367934351,3.055214939857736,3.098351112581362,3.0180135242717965,3.1794880207266365,3.229910439835699,4.338576744476875,3.133578144031236
292,2.8,5.074183354587151,2.882199212829797,2.531669945330497,3.0262566958783976,3.0101759775172154,3.1167731513070547,2.9505008058109836,3.006351439006566,3.031587454557113,3.0779447704387253,2.9858187113580534,3.009460628208982,3.0723966746356712,3.079223209488042,3.0194491406154613,3.1135010018443765,2.9630226817323226,2.9891989438258055,3.057850983502,3.7368793629913584,3.1943655491428564,2.896592415022608,2.8852021293828827,3.132690545316898,3.028971760876547,3.02329345401177,3.039156189794129,2.907865950076732,3.0680166372910076,3.015661712228825,3.057431332189228,2.978791803538675,3.137027768923369,3.1859339961266784,4.268741959530436,3.092083771429462
293,2.85,5.218695861068688,2.933404786086115,2.6067254673939586,3.100385108424073,3.0738101899441013,3.1881815100957023,3.011834339751453,3.0783944107407715,3.0983424174393877,3.1534550001251,3.0564211900143077,3.076383566213002,3.1415993703576817,3.1487399787688917,3.085593664359908,3.1834183787718118,3.0253227674537313,3.059712154967929,3.1264110063140356,3.836682993809586,3.2681364917801687,2.97151631421868,2.9417497716402394,3.203597147328275,3.0955746841856016,3.092555765874017,3.1100986624984577,2.96613359039633,3.1346461883632477,3.0815837582770103,3.125630966176118,3.0441613380938772,3.2077948552621476,3.2592280689750455,4.385133267774501,3.1612410590990847
294,2.9,5.363208367550223,2.984610359342433,2.6817809894574203,3.1745135209697475,3.137444402370987,3.2595898688843494,3.073167873691922,3.1504373824749754,3.165097380321662,3.228965229811474,3.127023668670562,3.1433065042170214,3.2108020660796925,3.2182567480497415,3.1517381881043534,3.2533357556992466,3.08762285317514,3.1302253661100523,3.1949710291260702,3.936486624627813,3.3419074344174797,3.0464402134147512,2.9982974138975953,3.2745037493396514,3.1621776074946566,3.1618180777362634,3.181041135202787,3.024401230715928,3.201275739435487,3.1475058043251956,3.1938306001630066,3.1095308726490787,3.278561941600925,3.3325221418234117,4.501524576018566,3.230398346768707
295,2.95,5.507720874031759,3.0358159325987515,2.756836511520882,3.248641933515423,3.201078614797873,3.330998227672996,3.1345014076323916,3.2224803542091807,3.231852343203937,3.3044754594978483,3.1976261473268166,3.210229442221041,3.2800047618017034,3.2877735173305913,3.2178827118488,3.3232531326266814,3.149922938896549,3.2007385772521757,3.2635310519381058,4.0362902554460405,3.415678377054791,3.1213641126108223,3.0548450561549516,3.3454103513510276,3.2287805308037116,3.2310803895985103,3.2519836079071163,3.0826688710355254,3.2679052905077266,3.213427850373381,3.262030234149896,3.174900407204281,3.349329027939703,3.405816214671778,4.617915884262631,3.29955563443833
296,2.95,5.507720874031759,3.0358159325987515,2.756836511520882,3.248641933515423,3.201078614797873,3.330998227672996,3.1345014076323916,3.2224803542091807,3.231852343203937,3.3044754594978483,3.1976261473268166,3.210229442221041,3.2800047618017034,3.2877735173305913,3.2178827118488,3.3232531326266814,3.149922938896549,3.2007385772521757,3.2635310519381058,4.0362902554460405,3.415678377054791,3.1213641126108223,3.0548450561549516,3.3454103513510276,3.2287805308037116,3.2310803895985103,3.2519836079071163,3.0826688710355254,3.2679052905077266,3.213427850373381,3.262030234149896,3.174900407204281,3.349329027939703,3.405816214671778,4.617915884262631,3.29955563443833
297,2.98,5.594428377920681,3.066539276552542,2.8018698247589584,3.293118981042827,3.2392591422540047,3.373843242946185,3.171301527996673,3.2657061372497034,3.2719053209333016,3.349781597309673,3.2399876345205687,3.2503832050234527,3.32152637923491,3.329483578899101,3.2575694260954675,3.3652035587831417,3.187302990329394,3.2430465039374496,3.3046670656253267,4.096172433936976,3.4599409426371777,3.166318452128465,3.0887736415093654,3.387954312557853,3.2687422847891447,3.2726377767158574,3.294549091529713,3.1176294552272843,3.3078830211510706,3.252981078002292,3.30295001454203,3.2141221279374017,3.391789279742969,3.449792658380798,4.687750669209072,3.3410500070401037
298,2.91,5.3921108688465305,2.994851473993697,2.6967920938701124,3.189339203478883,3.1501712448563643,3.2738715406420784,3.0854345804800163,3.164845976821817,3.178448372898117,3.244067275748749,3.1411441644018128,3.1566910918178257,3.224642605224095,3.2321601019059116,3.1649670928532423,3.2673192310847337,3.100082870319422,3.1443280083384773,3.2086830336884775,3.9564473507914575,3.356661622944942,3.061424993253965,3.0096069423490666,3.288685069741926,3.175498192156468,3.1756705401087126,3.195229629743653,3.036054758779847,3.214601649649935,3.1606902135348327,3.2074705269603845,3.1226047795601195,3.292715358868681,3.3471809563930845,4.52480283766738,3.244229804302632
299,2.78,5.016378351994537,2.8617169835272698,2.5016477365051126,2.996605330860128,2.984722292546461,3.088209807791596,2.9259673922347957,2.9775342503128845,3.0048854694042033,3.0477406785641756,2.9575777198955517,2.9826914530073743,3.044715596346867,3.0514165017757025,2.992991331117683,3.0855340510734033,2.938102647443759,2.960993659368956,3.030426974377186,3.6969579106640675,3.1648571720879324,2.86662285534418,2.86258307247994,3.104327904512348,3.0023305915529246,2.995588529266872,3.0107792007123972,2.8845588939488933,3.041364816862112,2.989292893809551,3.0301514785944725,2.952643989716594,3.108720934387858,3.1566163669873317,4.2221854362328095,3.064420856361613
300,2.833333333333333,5.1705250255748405,2.9163362616673423,2.581706960039471,3.0756756375755145,3.0525987858018055,3.164378723832819,2.991389828437963,3.0543800868293696,3.076090763145296,3.1282849235629744,3.032887030462222,3.0540759202116616,3.1185318051170112,3.1255677223419416,3.063545489778425,3.1601125864626667,3.004556072213261,3.0362077512538876,3.1035576653766896,3.8034151168701755,3.2435461775677306,2.946541681153322,2.922900557554453,3.1799616133244824,3.0733737097492497,3.069468328586601,3.086451171597014,2.9467110436231305,3.1124363380058333,3.0596097429276146,3.102897754847154,3.022371493242143,3.184205826482554,3.234796711358922,4.346336165026478,3.1381886298758763
301,2.8866666666666667,5.324671699155148,2.9709555398074152,2.6617661835738304,3.154745944290901,3.120475279057151,3.240547639874044,3.0568122646411306,3.1312259233458546,3.1472960568863897,3.2088291685617745,3.1081963410288944,3.12546038741595,3.1923480138871567,3.1997189429081816,3.134099648439168,3.234691121851931,3.0710094969827644,3.1114218431388196,3.1766883563761947,3.909872323076286,3.3222351830475305,3.0264605069624655,2.983218042628967,3.255595322136618,3.1444168279455753,3.1433481279063313,3.162123142481633,3.0088631932973686,3.1835078591495565,3.12992659204568,3.1756440310998366,3.0920989967676915,3.259690718577251,3.3129770557305136,4.4704868938201505,3.2119564033901415
302,2.94,5.478818372735451,3.0255748179474877,2.741825407108189,3.233816251006287,3.1883517723124957,3.316716555915267,3.122234700844298,3.208071759862339,3.2185013506274815,3.2893734135605732,3.1835056515955653,3.1968448546202373,3.2661642226573013,3.273870163474421,3.20465380709991,3.309269657241194,3.1374629217522667,3.1866359350237508,3.249819047375698,4.016329529282394,3.4009241885273287,3.1063793327716076,3.0435355277034803,3.3312290309487516,3.2154599461419,3.2172279272260607,3.23779511336625,3.071015342971606,3.2545793802932783,3.2002434411637437,3.248390307352518,3.16182650029324,3.3351756106719463,3.3911574001021045,4.594637622613818,3.285724176904405
303,2.84,5.18979335977238,2.9231636714348515,2.5917143629812665,3.085559425914938,3.061083347458724,3.173899838337973,2.999567632963359,3.06398581639393,3.084991424862933,3.138352954187825,3.042300694283057,3.062998978612198,3.12775883121328,3.134836624912722,3.072364759611018,3.1694349033863247,3.0128627503094494,3.0456095127395044,3.1126990017516283,3.81672226764594,3.253382303252706,2.956531534379465,2.9304402431887677,3.189415826925999,3.0822540995237904,3.078703303501568,3.0959101679575918,2.9544800623324106,3.121320278148799,3.0683993490673727,3.1119910393787396,3.0310874311828364,3.193641437994392,3.2445692544053713,4.361855006125689,3.14740960156516
304,2.68,4.727353339031466,2.759305837014634,2.35153669237819,2.8483485057687785,2.8574538676926897,2.945393090214302,2.803300324353858,2.833448306844476,2.8713755436396546,2.896720219191427,2.8163727625830437,2.8488455769993357,2.9063102049028453,2.9123829632140037,2.8607022836287914,2.945699297218534,2.8135024760009424,2.81996723708471,2.8933069287531166,3.4973506490276143,3.01731528681331,2.716775056952038,2.7494877879652284,2.9625147004895958,2.869124744934815,2.857063905542379,2.86889425530374,2.7680236133096985,2.908105714717632,2.857448801713181,2.8937522106206943,2.821904920606191,2.9671867617103036,3.0100282212905993,3.989402819744679,2.9261062810223684
305,2.68,4.727353339031466,2.759305837014634,2.35153669237819,2.8483485057687785,2.8574538676926897,2.945393090214302,2.803300324353858,2.833448306844476,2.8713755436396546,2.896720219191427,2.8163727625830437,2.8488455769993357,2.9063102049028453,2.9123829632140037,2.8607022836287914,2.945699297218534,2.8135024760009424,2.81996723708471,2.8933069287531166,3.4973506490276143,3.01731528681331,2.716775056952038,2.7494877879652284,2.9625147004895958,2.869124744934815,2.857063905542379,2.86889425530374,2.7680236133096985,2.908105714717632,2.857448801713181,2.8937522106206943,2.821904920606191,2.9671867617103036,3.0100282212905993,3.989402819744679,2.9261062810223684
306,2.75,4.929670848105616,2.830993639573479,2.456614423267036,2.9521282833327236,2.9465417650903296,3.0453647925184075,2.8891672718705146,2.934308467272362,2.964832491674839,3.002434540752351,2.915216232701799,2.942537690204963,3.003193978913661,3.009706440207193,2.9533046168710158,3.0435836249169426,2.900722596010914,2.9186857326836826,2.9892909606899654,3.6370757321731317,3.1205946065055454,2.8216685158265373,2.828654487125527,3.0617839433055223,2.9623688375674915,2.954031142149524,2.9682137170898004,2.8495983097571354,3.0013870862187675,2.9497396661806397,2.989231698202339,2.9134222689834735,3.066260682584592,3.112639923278312,4.15235065128637,3.0229264837598397
307,2.8366666666666664,5.180159192673611,2.919749966551097,2.5867106615103688,3.080617531745226,3.0568410666302643,3.169139281085396,2.995478730700661,3.0591829516116498,3.0805410940041145,3.1333189388753997,3.0375938623726397,3.05853744941193,3.123145318165146,3.1302021736273318,3.0679551246947216,3.1647737449244957,3.0087094112613553,3.040908631996696,3.108128333564159,3.810068692258058,3.248464240410218,2.951536607766393,2.9266704003716106,3.184688720125241,3.0778139046365203,3.0740858160440845,3.0911806697773034,2.9505955529777705,3.1168783080773164,3.064004545997494,3.1074443971129466,3.0267294622124896,3.188923632238473,3.239682982882147,4.354095585576084,3.142799115720518
308,2.9233333333333333,5.430647537241607,3.008506293528715,2.7168068997537023,3.2091067801577293,3.1671403681702004,3.292913769652385,3.101790189530808,3.1840574359509386,3.1962496963333904,3.264203336998449,3.1599714920434803,3.1745372086188977,3.243096657416631,3.2506979070474715,3.182605632518428,3.2859638649320493,3.1166962265117975,3.16313153130971,3.2269657064383535,3.983061652342985,3.3763338743148914,3.0814046997062507,3.0246863136176945,3.30759349694496,3.193258971705549,3.194140489938645,3.2141476224648073,3.0515927961984066,3.2323695299358657,3.1782694258143485,3.2256570960235553,3.1400366554415062,3.3115865818923544,3.366726042485982,4.555840519865797,3.2626717476811975
309,3.01,5.681135881809602,3.0972626205063327,2.846903137997035,3.337596028570232,3.2774396697101356,3.4166882582193727,3.2081016483609543,3.308931920290226,3.311958298662666,3.395087735121497,3.282349121714321,3.2905369678258647,3.3630479966681164,3.3711936404676104,3.2972561403421343,3.407153984939602,3.2246830417622387,3.2853544306227227,3.3458030793125477,4.156054612427912,3.5042035082195646,3.211272791646107,3.1227022268637787,3.430498273764679,3.3087040387745774,3.3141951638332054,3.3371145751523104,3.1525900394190423,3.347860751794414,3.292534305631203,3.3438697949341627,3.2533438486705224,3.4342495315462354,3.4937691020898174,4.75758545415551,3.3825443796418764
310,3.07,5.854550889587444,3.1587093084139144,2.9369697644731887,3.4265501236250424,3.353800724622398,3.5023782887657493,3.2817018890895175,3.395383486371272,3.3920642541213955,3.4857000107451466,3.3670720961018263,3.370844493430688,3.4460912315345293,3.4546137636046303,3.3766295688354693,3.491054837252524,3.2994431446279293,3.369970283993271,3.4280751066869892,4.275818969409784,3.5927286393843376,3.3011814706813922,3.1905593975726063,3.5155861961783303,3.388627546745443,3.3973099380679015,3.422245542397505,3.222511207802559,3.427816213081102,3.3716407608890253,3.42570935571843,3.3317872901367647,3.5191700351527677,3.581721989507857,4.897255024048388,3.4655331248454235
311,3.16,6.114673401254211,3.250879340275287,3.07206970418742,3.559981266207257,3.4683423069907935,3.6309133345853146,3.3921022501823623,3.52506083549284,3.5122231873094902,3.621618424180621,3.494156557683084,3.491305781837924,3.5706560838341486,3.57974394831016,3.495689711575473,3.616906115721907,3.411583298926465,3.4968940640490933,3.5514831477486526,4.455465504882595,3.725516336131499,3.4360444892343214,3.2923451536358477,3.6432180797988076,3.5085128087017425,3.5219820994199456,3.5499419932652976,3.3273929603778356,3.547749405011133,3.4903004437757588,3.548468696894832,3.4494524523361285,3.6465507905625683,3.713651320634917,5.106759378887707,3.5900162426507443
312,3.18,6.172478403846825,3.2713615695778144,3.102091913012805,3.5896326312255273,3.493795991961548,3.6594766781007744,3.41663566375855,3.553878024186522,3.5389251724624,3.6518225160551707,3.5223975491455857,3.5180749570395315,3.598337162122953,3.6075506560225,3.5221475210732507,3.64487306649288,3.436503333215029,3.525099348505943,3.578907156873467,4.495386957209885,3.7550247131864234,3.4660140489127502,3.31496421053879,3.671580720603359,3.535153978025365,3.5496870241648444,3.5783189823470294,3.3507000165056744,3.5744012254400297,3.516669262195033,3.575748550489588,3.4756002661582097,3.67485762509808,3.7429689497742635,5.153315902185333,3.617679157718594
313,3.17,6.143575902550517,3.2611204549265502,3.087080808600112,3.5748069487163923,3.4810691494761703,3.6451950063430436,3.4043689569704565,3.5394694298396807,3.5255741798859446,3.6367204701178952,3.508277053414335,3.5046903694387272,3.584496622978551,3.59364730216633,3.5089186163243618,3.6308895911073935,3.4240433160707466,3.5109967062775174,3.5651951523110594,4.475426231046239,3.7402705246589605,3.451029269073535,3.3036546820873185,3.6573994002010837,3.5218333933635533,3.5358345617923943,3.5641304878061635,3.339046488441755,3.5610753152255805,3.5034848529853955,3.5621086236922093,3.4625263592471685,3.6607042078303236,3.7283101352045898,5.13003764053652,3.6038477001846694
314,3.1566666666666667,6.1050392341554405,3.2474656353915323,3.067066002716522,3.555039372037545,3.4641000261623343,3.626152777332738,3.3880133479196646,3.52025797071056,3.5077728564506714,3.6165844088681953,3.489449725772667,3.4868442526376553,3.5660425707860144,3.57510949702477,3.491280076659176,3.6122449572600774,3.407429959878371,3.4921931833062847,3.5469124795611835,4.4488119294947115,3.7205982732890117,3.4310495626212494,3.2885753108186906,3.6384909729980497,3.504072613814472,3.5173646119624626,3.545212495085009,3.3235084510231956,3.5433074349396505,3.48590564070588,3.5439220546290384,3.4450944833657813,3.6418329848066495,3.7087650491116917,5.098999958338101,3.585405756806103
315,3.143333333333333,6.066502565760364,3.233810815856514,3.0470511968329324,3.5352717953586987,3.4471309028484978,3.6071105483224315,3.371657738868872,3.501046511581438,3.4899715330153978,3.596448347618496,3.470622398130999,3.4689981358365833,3.5475885185934786,3.5565716918832093,3.4736415369939904,3.593600323412761,3.390816603685995,3.4733896603350516,3.528629806811307,4.422197627943183,3.7009260219190616,3.4110698561689636,3.273495939550062,3.6195825457950157,3.4863118342653907,3.498894662132529,3.5262945023638546,3.3079704136046355,3.5255395546537196,3.4683264284263635,3.525735485565868,3.427662607484394,3.6229617617829755,3.689219963018794,5.067962276139684,3.566963813427537
316,3.13,6.027965897365287,3.220155996321496,3.0270363909493425,3.5155042186798515,3.4301617795346613,3.588068319312126,3.3553021298180807,3.4818350524523174,3.472170209580125,3.576312286368796,3.451795070489331,3.4511520190355114,3.529134466400942,3.5380338867416494,3.4560029973288047,3.5749556895654453,3.37420324749362,3.454586137363819,3.5103471340614316,4.395583326391657,3.681253770549111,3.3910901497166783,3.2584165682814334,3.600674118591982,3.4685510547163094,3.4804247123025966,3.5073765096427003,3.2924323761860768,3.5077716743677896,3.4507472161468478,3.5075489165026976,3.410230731603007,3.6040905387593014,3.6696748769258964,5.036924593941267,3.5485218700489707
317,3.06,5.825648388291138,3.148468193762651,2.921958660060497,3.4117244411159073,3.3410738821370214,3.4880966170080203,3.269435182301424,3.3809748920244314,3.378713261544941,3.4705979648078724,3.3529516003705755,3.3574599058298844,3.4322506923901273,3.4407104097484607,3.3634006640865803,3.4770713618670372,3.286983127483648,3.3558676417648465,3.4143631021245824,4.255858243246139,3.5779744508568765,3.2861966908421785,3.179249869121135,3.501404875776055,3.3753069620836325,3.3834574756954523,3.40805704785664,3.21085767973864,3.4144903028666542,3.3584563516793886,3.412069428921053,3.3187133832257247,3.5050166178850133,3.567063174938184,4.873976762399575,3.4517016673114997
318,3.16,6.114673401254211,3.250879340275287,3.07206970418742,3.559981266207257,3.4683423069907935,3.6309133345853146,3.3921022501823623,3.52506083549284,3.5122231873094902,3.621618424180621,3.494156557683084,3.491305781837924,3.5706560838341486,3.57974394831016,3.495689711575473,3.616906115721907,3.411583298926465,3.4968940640490933,3.5514831477486526,4.455465504882595,3.725516336131499,3.4360444892343214,3.2923451536358477,3.6432180797988076,3.5085128087017425,3.5219820994199456,3.5499419932652976,3.3273929603778356,3.547749405011133,3.4903004437757588,3.548468696894832,3.4494524523361285,3.6465507905625683,3.713651320634917,5.106759378887707,3.5900162426507443
319,3.09,5.9123558921800585,3.179191537716441,2.966991973298574,3.456201488643312,3.3792544095931527,3.530941632281208,3.306235302665705,3.424200675064954,3.418766239274305,3.515904102619696,3.395313087564328,3.397613668632296,3.473772309823333,3.4824204713169697,3.4030873783332476,3.5190217880234975,3.3243631789164927,3.39817556845012,3.4554991158118034,4.3157404217370745,3.6222370164392625,3.3311510303598206,3.213178454475549,3.5439488369828807,3.415268716069065,3.4250148628128,3.4506225314792367,3.2458182639303983,3.454468033509997,3.398009579308299,3.452989209313186,3.3579351039588454,3.5474768696882792,3.611039618647203,4.943811547346014,3.4931960399132724
320,3.04,5.767843385698524,3.127985964460124,2.891936451235112,3.3820730760976376,3.315620197166267,3.459533273492561,3.2449017687252364,3.3521577033307492,3.352011276392031,3.4403938729333223,3.324710608908074,3.3306907306282763,3.404569614101323,3.412903702036121,3.336942854588802,3.449104411096063,3.2620630931950845,3.327662357307997,3.3869390929997687,4.215936790918848,3.5484660738019516,3.2562271311637496,3.1566308122181925,3.473042234971505,3.3486657927600105,3.3557525509505535,3.379680058774908,3.187550623610801,3.3878384824377576,3.3320875332601143,3.384789575326297,3.292565569403644,3.4767097833495026,3.5377455457988374,4.827420239101949,3.424038752243651
321,3.04,5.767843385698524,3.127985964460124,2.891936451235112,3.3820730760976376,3.315620197166267,3.459533273492561,3.2449017687252364,3.3521577033307492,3.352011276392031,3.4403938729333223,3.324710608908074,3.3306907306282763,3.404569614101323,3.412903702036121,3.336942854588802,3.449104411096063,3.2620630931950845,3.327662357307997,3.3869390929997687,4.215936790918848,3.5484660738019516,3.2562271311637496,3.1566308122181925,3.473042234971505,3.3486657927600105,3.3557525509505535,3.379680058774908,3.187550623610801,3.3878384824377576,3.3320875332601143,3.384789575326297,3.292565569403644,3.4767097833495026,3.5377455457988374,4.827420239101949,3.424038752243651
322,3.04,5.767843385698524,3.127985964460124,2.891936451235112,3.3820730760976376,3.315620197166267,3.459533273492561,3.2449017687252364,3.3521577033307492,3.352011276392031,3.4403938729333223,3.324710608908074,3.3306907306282763,3.404569614101323,3.412903702036121,3.336942854588802,3.449104411096063,3.2620630931950845,3.327662357307997,3.3869390929997687,4.215936790918848,3.5484660738019516,3.2562271311637496,3.1566308122181925,3.473042234971505,3.3486657927600105,3.3557525509505535,3.379680058774908,3.187550623610801,3.3878384824377576,3.3320875332601143,3.384789575326297,3.292565569403644,3.4767097833495026,3.5377455457988374,4.827420239101949,3.424038752243651
323,3.04,5.767843385698524,3.127985964460124,2.891936451235112,3.3820730760976376,3.315620197166267,3.459533273492561,3.2449017687252364,3.3521577033307492,3.352011276392031,3.4403938729333223,3.324710608908074,3.3306907306282763,3.404569614101323,3.412903702036121,3.336942854588802,3.449104411096063,3.2620630931950845,3.327662357307997,3.3869390929997687,4.215936790918848,3.5484660738019516,3.2562271311637496,3.1566308122181925,3.473042234971505,3.3486657927600105,3.3557525509505535,3.379680058774908,3.187550623610801,3.3878384824377576,3.3320875332601143,3.384789575326297,3.292565569403644,3.4767097833495026,3.5377455457988374,4.827420239101949,3.424038752243651
324,3.05,5.79674588699483,3.138227079111387,2.9069475556478044,3.3968987586067723,3.328347039651644,3.4738149452502904,3.2571684755133297,3.36656629767759,3.365362268968486,3.455495918870597,3.338831104639324,3.34407531822908,3.4184101532457247,3.42680705589229,3.350171759337691,3.46308788648155,3.2745231103393655,3.3417649995364216,3.400651097562175,4.235897517082494,3.5632202623294136,3.271211911002964,3.167940340669664,3.4872235553737796,3.3619863774218213,3.3696050133230027,3.3938685533157735,3.1992041516747203,3.4011643926522055,3.345271942469751,3.3984295021236743,3.305639476314684,3.4908632006172575,3.5524043603685103,4.850698500750762,3.4378702097775746
325,3.05,5.79674588699483,3.138227079111387,2.9069475556478044,3.3968987586067723,3.328347039651644,3.4738149452502904,3.2571684755133297,3.36656629767759,3.365362268968486,3.455495918870597,3.338831104639324,3.34407531822908,3.4184101532457247,3.42680705589229,3.350171759337691,3.46308788648155,3.2745231103393655,3.3417649995364216,3.400651097562175,4.235897517082494,3.5632202623294136,3.271211911002964,3.167940340669664,3.4872235553737796,3.3619863774218213,3.3696050133230027,3.3938685533157735,3.1992041516747203,3.4011643926522055,3.345271942469751,3.3984295021236743,3.305639476314684,3.4908632006172575,3.5524043603685103,4.850698500750762,3.4378702097775746
326,3.05,5.79674588699483,3.138227079111387,2.9069475556478044,3.3968987586067723,3.328347039651644,3.4738149452502904,3.2571684755133297,3.36656629767759,3.365362268968486,3.455495918870597,3.338831104639324,3.34407531822908,3.4184101532457247,3.42680705589229,3.350171759337691,3.46308788648155,3.2745231103393655,3.3417649995364216,3.400651097562175,4.235897517082494,3.5632202623294136,3.271211911002964,3.167940340669664,3.4872235553737796,3.3619863774218213,3.3696050133230027,3.3938685533157735,3.1992041516747203,3.4011643926522055,3.345271942469751,3.3984295021236743,3.305639476314684,3.4908632006172575,3.5524043603685103,4.850698500750762,3.4378702097775746
327,3.05,5.79674588699483,3.138227079111387,2.9069475556478044,3.3968987586067723,3.328347039651644,3.4738149452502904,3.2571684755133297,3.36656629767759,3.365362268968486,3.455495918870597,3.338831104639324,3.34407531822908,3.4184101532457247,3.42680705589229,3.350171759337691,3.46308788648155,3.2745231103393655,3.3417649995364216,3.400651097562175,4.235897517082494,3.5632202623294136,3.271211911002964,3.167940340669664,3.4872235553737796,3.3619863774218213,3.3696050133230027,3.3938685533157735,3.1992041516747203,3.4011643926522055,3.345271942469751,3.3984295021236743,3.305639476314684,3.4908632006172575,3.5524043603685103,4.850698500750762,3.4378702097775746
328,2.993333333333333,5.632965046315756,3.08019409608756,2.821884630642548,3.3128865577216735,3.2562282655678403,3.3928854719564905,3.1876571370474647,3.2849175963788246,3.2897066443685743,3.369917658559373,3.258814962162236,3.268229321824524,3.3399804314274455,3.3480213840406603,3.2752079657606523,3.3838481926304573,3.203916346521769,3.2618500269086823,3.3229497383752022,4.122786735488503,3.4796131940071273,3.18629815858075,3.1038530127779933,3.4068627397608866,3.2865030643382256,3.29110772654579,3.3134670842508673,3.1331674926458426,3.325650901437,3.2705602902818076,3.3211365836052,3.2315540038187884,3.4106605027666426,3.469337744473695,4.718788351407488,3.359491950418669
329,2.9366666666666665,5.469184205636682,3.0221611130637327,2.736821705637292,3.2288743568365756,3.1841094914840364,3.3119559986626905,3.1181457985815997,3.2032688950800594,3.2140510197686636,3.284339398248148,3.1787988196851487,3.192383325419969,3.261550709609167,3.2692357121890314,3.2002441721836137,3.3046084987793645,3.1333095827041726,3.181935054280942,3.2452483791882294,4.009675953894512,3.396006125684841,3.1013844061585365,3.0397656848863233,3.3265019241479936,3.2110197512546303,3.2126104397685777,3.2330656151859616,3.067130833616966,3.2501374102217957,3.1958486380938647,3.2438436650867253,3.157468531322893,3.3304578049160285,3.38627112857888,4.586878202064215,3.2811136910597636
330,2.88,5.305403364957608,2.9641281300399056,2.651758780632035,3.1448621559514778,3.1119907174002326,3.2310265253688897,3.0486344601157347,3.1216201937812933,3.138395395168752,3.1987611379369234,3.0987826772080598,3.1165373290154137,3.183120987790888,3.190450040337401,3.1252803786065746,3.225368804928272,3.062702818886576,3.1020200816532024,3.167547020001256,3.8965651723005212,3.312399057362555,3.0164706537363215,2.9756783569946528,3.2461411085351006,3.1355364381710347,3.1341131529913646,3.1526641461210545,3.001094174588088,3.174623919006591,3.121136985905921,3.1665507465682508,3.083383058826998,3.250255107065414,3.303204512684064,4.454968052720939,3.202735431700858
331,2.88,5.305403364957608,2.9641281300399056,2.651758780632035,3.1448621559514778,3.1119907174002326,3.2310265253688897,3.0486344601157347,3.1216201937812933,3.138395395168752,3.1987611379369234,3.0987826772080598,3.1165373290154137,3.183120987790888,3.190450040337401,3.1252803786065746,3.225368804928272,3.062702818886576,3.1020200816532024,3.167547020001256,3.8965651723005212,3.312399057362555,3.0164706537363215,2.9756783569946528,3.2461411085351006,3.1355364381710347,3.1341131529913646,3.1526641461210545,3.001094174588088,3.174623919006591,3.121136985905921,3.1665507465682508,3.083383058826998,3.250255107065414,3.303204512684064,4.454968052720939,3.202735431700858
332,3.06,5.825648388291138,3.148468193762651,2.921958660060497,3.4117244411159073,3.3410738821370214,3.4880966170080203,3.269435182301424,3.3809748920244314,3.378713261544941,3.4705979648078724,3.3529516003705755,3.3574599058298844,3.4322506923901273,3.4407104097484607,3.3634006640865803,3.4770713618670372,3.286983127483648,3.3558676417648465,3.4143631021245824,4.255858243246139,3.5779744508568765,3.2861966908421785,3.179249869121135,3.501404875776055,3.3753069620836325,3.3834574756954523,3.40805704785664,3.21085767973864,3.4144903028666542,3.3584563516793886,3.412069428921053,3.3187133832257247,3.5050166178850133,3.567063174938184,4.873976762399575,3.4517016673114997
333,3.06,5.825648388291138,3.148468193762651,2.921958660060497,3.4117244411159073,3.3410738821370214,3.4880966170080203,3.269435182301424,3.3809748920244314,3.378713261544941,3.4705979648078724,3.3529516003705755,3.3574599058298844,3.4322506923901273,3.4407104097484607,3.3634006640865803,3.4770713618670372,3.286983127483648,3.3558676417648465,3.4143631021245824,4.255858243246139,3.5779744508568765,3.2861966908421785,3.179249869121135,3.501404875776055,3.3753069620836325,3.3834574756954523,3.40805704785664,3.21085767973864,3.4144903028666542,3.3584563516793886,3.412069428921053,3.3187133832257247,3.5050166178850133,3.567063174938184,4.873976762399575,3.4517016673114997
334,2.84,5.18979335977238,2.9231636714348515,2.5917143629812665,3.085559425914938,3.061083347458724,3.173899838337973,2.999567632963359,3.06398581639393,3.084991424862933,3.138352954187825,3.042300694283057,3.062998978612198,3.12775883121328,3.134836624912722,3.072364759611018,3.1694349033863247,3.0128627503094494,3.0456095127395044,3.1126990017516283,3.81672226764594,3.253382303252706,2.956531534379465,2.9304402431887677,3.189415826925999,3.0822540995237904,3.078703303501568,3.0959101679575918,2.9544800623324106,3.121320278148799,3.0683993490673727,3.1119910393787396,3.0310874311828364,3.193641437994392,3.2445692544053713,4.361855006125689,3.14740960156516
335,2.8633333333333333,5.257232529463763,2.947059605621133,2.6267402732775484,3.1201526851029193,3.090779313257937,3.2072237391060074,3.0281899488022446,3.0976058698698923,3.116143740874661,3.173591061374799,3.075248517655975,3.0942296830140736,3.160053422550218,3.1672777839104516,3.103232204025093,3.202063012619128,3.0419361236461064,3.078515677939162,3.144693679063911,3.863297295361112,3.2878087431501175,2.991496020670965,2.9568291429088673,3.2225055745313083,3.113335463734683,3.111025715703949,3.1290166552196124,2.9816716278148894,3.1524140686491777,3.099162970556526,3.143817535239288,3.061593213975264,3.226666078285821,3.2787731550679426,4.416170949972918,3.1796830024776503
336,2.8866666666666667,5.324671699155148,2.9709555398074152,2.6617661835738304,3.154745944290901,3.120475279057151,3.240547639874044,3.0568122646411306,3.1312259233458546,3.1472960568863897,3.2088291685617745,3.1081963410288944,3.12546038741595,3.1923480138871567,3.1997189429081816,3.134099648439168,3.234691121851931,3.0710094969827644,3.1114218431388196,3.1766883563761947,3.909872323076286,3.3222351830475305,3.0264605069624655,2.983218042628967,3.255595322136618,3.1444168279455753,3.1433481279063313,3.162123142481633,3.0088631932973686,3.1835078591495565,3.12992659204568,3.1756440310998366,3.0920989967676915,3.259690718577251,3.3129770557305136,4.4704868938201505,3.2119564033901415
337,2.91,5.3921108688465305,2.994851473993697,2.6967920938701124,3.189339203478883,3.1501712448563643,3.2738715406420784,3.0854345804800163,3.164845976821817,3.178448372898117,3.244067275748749,3.1411441644018128,3.1566910918178257,3.224642605224095,3.2321601019059116,3.1649670928532423,3.2673192310847337,3.100082870319422,3.1443280083384773,3.2086830336884775,3.9564473507914575,3.356661622944942,3.061424993253965,3.0096069423490666,3.288685069741926,3.175498192156468,3.1756705401087126,3.195229629743653,3.036054758779847,3.214601649649935,3.1606902135348327,3.2074705269603845,3.1226047795601195,3.292715358868681,3.3471809563930845,4.52480283766738,3.244229804302632
338,2.86,5.247598362364994,2.9436459007373785,2.6217365718066508,3.115210790933208,3.086537032429478,3.2024631818534317,3.024101046539547,3.092803005087612,3.1116934100158424,3.168557046062374,3.0705416857455585,3.0897681538138055,3.1554399095020838,3.162643332625062,3.0988225691087967,3.1974018541572984,3.0377827845980128,3.0738147971963534,3.140123010876442,3.856643719973231,3.2828906803076303,2.9865010940578935,2.9530593000917102,3.21777846773055,3.1088952688474123,3.1064082282464662,3.1242871570393236,2.97778711846025,3.1479720985776947,3.094768167486647,3.139270892973495,3.057235245004917,3.2219482725299025,3.2738868835447184,4.408411529423313,3.1750725166330094
339,2.86,5.247598362364994,2.9436459007373785,2.6217365718066508,3.115210790933208,3.086537032429478,3.2024631818534317,3.024101046539547,3.092803005087612,3.1116934100158424,3.168557046062374,3.0705416857455585,3.0897681538138055,3.1554399095020838,3.162643332625062,3.0988225691087967,3.1974018541572984,3.0377827845980128,3.0738147971963534,3.140123010876442,3.856643719973231,3.2828906803076303,2.9865010940578935,2.9530593000917102,3.21777846773055,3.1088952688474123,3.1064082282464662,3.1242871570393236,2.97778711846025,3.1479720985776947,3.094768167486647,3.139270892973495,3.057235245004917,3.2219482725299025,3.2738868835447184,4.408411529423313,3.1750725166330094
340,2.81,5.103085855883459,2.8924403274810606,2.54668104974319,3.0410823783875336,3.0229028200025927,3.1310548230647846,2.962767512599078,3.0207600333534077,3.0449384471335685,3.0930468163760003,2.9999392070893043,3.0228452158097863,3.0862372137800738,3.0931265633442124,3.0326780453643507,3.1274844772298644,2.9754826988766045,3.0033015860542305,3.0715629880644073,3.756840089155004,3.2091197376703193,2.911577194861823,2.8965116578343544,3.1468718657191745,3.0422923455383577,3.03714591638422,3.053344684334995,2.919519478140652,3.0813425475054554,3.0288461214384625,3.0710712589866063,2.9918657104497157,3.151181186191125,3.200592810696352,4.292020221179249,3.105915228963387
341,2.78,5.016378351994537,2.8617169835272698,2.5016477365051126,2.996605330860128,2.984722292546461,3.088209807791596,2.9259673922347957,2.9775342503128845,3.0048854694042033,3.0477406785641756,2.9575777198955517,2.9826914530073743,3.044715596346867,3.0514165017757025,2.992991331117683,3.0855340510734033,2.938102647443759,2.960993659368956,3.030426974377186,3.6969579106640675,3.1648571720879324,2.86662285534418,2.86258307247994,3.104327904512348,3.0023305915529246,2.995588529266872,3.0107792007123972,2.8845588939488933,3.041364816862112,2.989292893809551,3.0301514785944725,2.952643989716594,3.108720934387858,3.1566163669873317,4.2221854362328095,3.064420856361613
342,2.79,5.045280853290845,2.871958098178533,2.516658840917805,3.0114310133692634,2.997449135031838,3.1024914795493252,2.93823409902289,2.9919428446597256,3.018236461980659,3.0628427245014502,2.9716982156268026,2.9960760406081786,3.058556135491269,3.0653198556318726,3.0062202358665724,3.09951752645889,2.950562664588041,2.9750963015973815,3.0441389789395936,3.7169186368277134,3.1796113606153944,2.881607635183394,2.873892600931412,3.1185092249146233,3.0156511762147353,3.0094409916393214,3.024967695253263,2.896212422012813,3.0546907270765593,3.002477303019188,3.04379140539185,2.9657178966276345,3.122874351655614,3.1712751815570055,4.245463697881623,3.078252313895538
343,2.8,5.074183354587151,2.882199212829797,2.531669945330497,3.0262566958783976,3.0101759775172154,3.1167731513070547,2.9505008058109836,3.006351439006566,3.031587454557113,3.0779447704387253,2.9858187113580534,3.009460628208982,3.0723966746356712,3.079223209488042,3.0194491406154613,3.1135010018443765,2.9630226817323226,2.9891989438258055,3.057850983502,3.7368793629913584,3.1943655491428564,2.896592415022608,2.8852021293828827,3.132690545316898,3.028971760876547,3.02329345401177,3.039156189794129,2.907865950076732,3.0680166372910076,3.015661712228825,3.057431332189228,2.978791803538675,3.137027768923369,3.1859339961266784,4.268741959530436,3.092083771429462
344,2.81,5.103085855883459,2.8924403274810606,2.54668104974319,3.0410823783875336,3.0229028200025927,3.1310548230647846,2.962767512599078,3.0207600333534077,3.0449384471335685,3.0930468163760003,2.9999392070893043,3.0228452158097863,3.0862372137800738,3.0931265633442124,3.0326780453643507,3.1274844772298644,2.9754826988766045,3.0033015860542305,3.0715629880644073,3.756840089155004,3.2091197376703193,2.911577194861823,2.8965116578343544,3.1468718657191745,3.0422923455383577,3.03714591638422,3.053344684334995,2.919519478140652,3.0813425475054554,3.0288461214384625,3.0710712589866063,2.9918657104497157,3.151181186191125,3.200592810696352,4.292020221179249,3.105915228963387
345,2.87,5.276500863661302,2.9538870153886423,2.636747676219344,3.1300364734423427,3.0992638749148558,3.2167448536111607,3.036367753327641,3.1072115994344536,3.125044402592297,3.1836590919996492,3.08466218147681,3.10315274141461,3.1692804486464863,3.176546686481232,3.112051473857686,3.211385329542786,3.0502428017422947,3.087917439424779,3.1538350154388497,3.8766044461368767,3.2976448688350932,3.0014858738971086,2.964368828543182,3.2319597881328255,3.122215853509224,3.120260690618916,3.1384756515801895,2.9894406465241694,3.1612980087921434,3.1079525766962846,3.1529108197708733,3.070309151915958,3.2361016897976587,3.2885456981143917,4.431689791072127,3.188903974166934
346,2.87,5.276500863661302,2.9538870153886423,2.636747676219344,3.1300364734423427,3.0992638749148558,3.2167448536111607,3.036367753327641,3.1072115994344536,3.125044402592297,3.1836590919996492,3.08466218147681,3.10315274141461,3.1692804486464863,3.176546686481232,3.112051473857686,3.211385329542786,3.0502428017422947,3.087917439424779,3.1538350154388497,3.8766044461368767,3.2976448688350932,3.0014858738971086,2.964368828543182,3.2319597881328255,3.122215853509224,3.120260690618916,3.1384756515801895,2.9894406465241694,3.1612980087921434,3.1079525766962846,3.1529108197708733,3.070309151915958,3.2361016897976587,3.2885456981143917,4.431689791072127,3.188903974166934
347,2.69,4.756255840327772,2.7695469516658973,2.3665477967908823,2.8631741882779136,2.8701807101780665,2.959674761972031,2.8155670311419514,2.8478569011913164,2.8847265362161094,2.9118222651287016,2.830493258314294,2.862230164600139,2.9201507440472474,2.926286317070173,2.8739311883776804,2.9596827726040207,2.8259624931452234,2.8340698793131347,2.9070189333155234,3.517311375191259,3.032069475340772,2.7317598367912517,2.7607973164166992,2.976696020891871,2.8824453295966252,2.8709163679148277,2.883082749844605,2.7796771413736177,2.92143162493208,2.8706332109228176,2.9073921374180713,2.8349788275172307,2.981340178978059,3.024687035860272,4.0126810813934926,2.939937738556292
348,2.6,4.496133328661008,2.677376919804525,2.231447857076652,2.7297430456956993,2.7556391278096726,2.8311397161524665,2.705166670049107,2.7181795520697483,2.7645676030280155,2.775903851693228,2.703408796733037,2.7417688761929044,2.7955858917476286,2.801156132364644,2.754871045637678,2.8338314941346385,2.713822338846688,2.7071460992573133,2.7836108922538605,3.337664839718451,2.8992817785936116,2.596896818238324,2.6590115603534583,2.8490641372713936,2.762560067640327,2.7462442065627846,2.755386298976813,2.6747953887983424,2.801498433002049,2.751973528036084,2.784632796241671,2.717313665317868,2.8539594235682593,2.892757704733213,3.8031767265541743,2.8154546207509723
349,2.6366666666666667,4.602109166747468,2.7149276735258248,2.2864885732565234,2.7841038815625274,2.802304216922722,2.8835058459308076,2.750144594938784,2.7710110646748314,2.8135212424750167,2.8312780201299024,2.755183947747623,2.790845697395852,2.8463345352771032,2.8521350965039334,2.803377029716938,2.8851042372147573,2.759509068375721,2.758855787428203,2.8338882423160197,3.4108541689851504,2.953380469860973,2.651841010982109,2.700479831342186,2.9010623120797363,2.8114022114003,2.7970365685950984,2.8074107789599876,2.7175249916993804,2.8503601037883577,2.8003163618047533,2.8346458611653897,2.7652513239916825,2.9058552868833623,2.9465066914886817,3.8885303525998225,2.8661699650420287
350,2.6733333333333333,4.708085004833928,2.7524784272471248,2.341529289436395,2.838464717429355,2.8489693060357713,2.9358719757091487,2.7951225198284617,2.8238425772799145,2.862474881922018,2.886652188566577,2.806959098762209,2.839922518598799,2.897083178806578,2.9031140606432233,2.8518830137961984,2.936376980294876,2.805195797904754,2.810565475599094,2.884165592378178,3.4840434982518507,3.0074791611283347,2.706785203725895,2.7419481023309142,2.9530604868880785,2.8602443551602743,2.8478289306274123,2.8594352589431624,2.7602545946004184,2.8992217745746665,2.8486591955734224,2.8846589260891085,2.8131889826654968,2.957751150198466,3.0002556782441507,3.9738839786454703,2.916885309333085
351,2.71,4.814060842920386,2.7900291809684243,2.3965700056162667,2.8928255532961833,2.8956343951488206,2.98823810548749,2.8401004447181393,2.8766740898849985,2.911428521369019,2.942026357003251,2.858734249776796,2.888999339801747,2.9478318223360516,2.954093024782513,2.9003889978754587,2.987649723374995,2.850882527433787,2.8622751637699837,2.934442942440337,3.5572328275185496,3.0615778523956965,2.76172939646968,2.7834163733196418,3.0050586616964208,2.9090864989202476,2.8986212926597266,2.911459738926337,2.802984197501457,2.948083445360976,2.8970020293420915,2.934671991012827,2.861126641339312,3.00964701351357,3.0540046649996193,4.059237604691118,2.9676006536241415
352,2.75,4.929670848105616,2.830993639573479,2.456614423267036,2.9521282833327236,2.9465417650903296,3.0453647925184075,2.8891672718705146,2.934308467272362,2.964832491674839,3.002434540752351,2.915216232701799,2.942537690204963,3.003193978913661,3.009706440207193,2.9533046168710158,3.0435836249169426,2.900722596010914,2.9186857326836826,2.9892909606899654,3.6370757321731317,3.1205946065055454,2.8216685158265373,2.828654487125527,3.0617839433055223,2.9623688375674915,2.954031142149524,2.9682137170898004,2.8495983097571354,3.0013870862187675,2.9497396661806397,2.989231698202339,2.9134222689834735,3.066260682584592,3.112639923278312,4.15235065128637,3.0229264837598397
353,2.72,4.842963344216694,2.8002702956196885,2.411581110028959,2.907651235805319,2.908361237634198,3.0025197772452197,2.8523671515062334,2.891082684231839,2.924779513945474,2.9571284029405263,2.8728547455080466,2.902383927402551,2.9616723614804545,2.9679963786386834,2.913617902624348,3.0016331987604814,2.863342544578069,2.8763778059984086,2.9481549470027444,3.577193553682195,3.076332040923159,2.7767141763088943,2.7947259017711135,3.019239982098697,2.9224070835820584,2.912473755032176,2.9256482334672027,2.8146377255653765,2.961409355575424,2.9101864385517286,2.948311917810205,2.8742005482503528,3.0238004307813258,3.0686634795692926,4.082515866339931,2.981432111158066
354,2.64,4.6117433338462375,2.71834137840958,2.2914922747274207,2.789045775732239,2.806546497751181,2.8882664031833842,2.7542334972014824,2.775813929457112,2.8179715733338355,2.8363120354423272,2.75989077965804,2.79530722659612,2.850948048325237,2.856769547789324,2.807786664633235,2.8897653956765863,2.7636624074238147,2.7635566681710118,2.8384589105034883,3.4175077443730326,2.958298532703461,2.6568359375951807,2.7042496741593434,2.9057894188804947,2.8158424062875707,2.801654056052582,2.8121402771402764,2.7214095010540205,2.8548020738598407,2.8047111648746323,2.8391925034311827,2.7696092929620293,2.9105730926392814,2.9513929630119065,3.896289773149427,2.87078045088667
355,2.63,4.5828408325499295,2.708100263758316,2.276481170314728,2.7742200932231036,2.7938196552658034,2.8739847314256544,2.7419667904133886,2.7614053351102705,2.80462058075738,2.8212099895050526,2.745770283926789,2.7819226389953156,2.837107509180835,2.842866193933154,2.794557759884345,2.8757819202910992,2.7512023902795333,2.749454025942587,2.824746905941081,3.3975470182093868,2.943544344175998,2.641851157755966,2.692940145707872,2.891608098478219,2.8025218216257595,2.7878015936801326,2.79795178259941,2.7097559729901004,2.8414761636453925,2.791526755664995,2.8255525766338043,2.756535386050989,2.8964196753715257,2.936734148442233,3.873011511500614,2.8569489933527454
356,2.6425,4.618968959170314,2.720901657072395,2.295245050830594,2.7927521963595225,2.809728208372525,2.8918368211228165,2.7573001738985057,2.779416078043822,2.8213093214779486,2.8400875469266462,2.763420903590853,2.798653373496321,2.8544081831113375,2.860245386253366,2.811093890820457,2.893261264522958,2.7667774117098856,2.767082328728118,2.8418869116440897,3.422497925913944,2.9619870798353265,2.660582132554984,2.7070770562722113,2.9093347489810633,2.819172552453024,2.805117171645694,2.8156874007754924,2.72432288307,2.8581335514134523,2.8080072671770413,2.842602485130527,2.7728777696897895,2.91411144695622,2.9550576666543247,3.90210933856163,2.874238315270151
357,2.655,4.655097085790699,2.7337030503864748,2.31400893134646,2.8112842994959415,2.825636761479247,2.9096889108199786,2.772633557383623,2.7974268209773734,2.8379980621985172,2.85896510434824,2.7810715232549166,2.8153841079973256,2.8717088570418405,2.8776245785735783,2.827630021756568,2.9107406087548164,2.7823524331402374,2.784710631513649,2.859026917347099,3.4474488336185005,2.9804298154946545,2.6793131073540026,2.72121396683655,2.9270613994839074,2.835823283280287,2.822432749611256,2.8334230189515752,2.7388897931498994,2.8747909391815125,2.824487778689088,2.8596523936272495,2.7892201533285896,2.9318032185409146,2.9733811848664167,3.931207165622647,2.891527637187557
358,2.6675,4.691225212411082,2.7465044437005544,2.3327728118623248,2.8298164026323605,2.841545314585968,2.92754100051714,2.78796694086874,2.8154375639109244,2.854686802919086,2.877842661769834,2.79872214291898,2.8321148424983305,2.889009530972343,2.895003770893791,2.8441661526926802,2.9282199529866753,2.7979274545705897,2.802338934299179,2.876166923050108,3.472399741323057,2.9988725511539824,2.6980440821530203,2.7353508774008892,2.9447880499867516,2.852474014107551,2.8397483275768174,2.851158637127657,2.7534567032297987,2.8914483269495728,2.840968290201134,2.8767023021239715,2.8055625369673907,2.949494990125609,2.991704703078508,3.960304992683663,2.9088169591049624
359,2.68,4.727353339031466,2.759305837014634,2.35153669237819,2.8483485057687785,2.8574538676926897,2.945393090214302,2.803300324353858,2.833448306844476,2.8713755436396546,2.896720219191427,2.8163727625830437,2.8488455769993357,2.9063102049028453,2.9123829632140037,2.8607022836287914,2.945699297218534,2.8135024760009424,2.81996723708471,2.8933069287531166,3.4973506490276143,3.01731528681331,2.716775056952038,2.7494877879652284,2.9625147004895958,2.869124744934815,2.857063905542379,2.86889425530374,2.7680236133096985,2.908105714717632,2.857448801713181,2.8937522106206943,2.821904920606191,2.9671867617103036,3.0100282212905993,3.989402819744679,2.9261062810223684
360,2.76,4.958573349401922,2.8412347542247423,2.4716255276797274,2.966953965841858,2.9592686075757064,3.059646464276137,2.9014339786586083,2.9487170616192024,2.9781834842512938,3.0175365866896255,2.9293367284330496,2.9559222778057666,3.017034518058062,3.023609794063362,2.9665335216199042,3.057567100302429,2.9131826131551954,2.932788374912107,3.0030029652523718,3.6570364583367763,3.1353487950330075,2.8366532956657506,2.8399640155769976,3.075965263707797,2.975689422229302,2.9678836045219725,2.9824022116306654,2.861251837821054,3.0147129964332153,2.9629240753902764,3.002871624999716,2.9264961758945134,3.080414099852347,3.127298737847985,4.175628912935183,3.0367579412937635
361,2.97,5.565525876624373,3.0562981619012786,2.7868587203462662,3.2782932985336926,3.226532299768627,3.359561571188455,3.1590348212085795,3.2512975429028628,3.2585543283568468,3.334679551372398,3.225867138789318,3.2369986174226493,3.3076858400905076,3.315580225042931,3.2443405213465777,3.351220083397655,3.174842973185112,3.2289438617090247,3.2909550610629195,4.07621170777333,3.4451867541097156,3.1513336722892507,3.077464113057894,3.373772992155578,3.2554217001273336,3.2587853143434087,3.2803605969888476,3.1059759271633647,3.2945571109366223,3.239796668792655,3.289310087744652,3.2010482210263613,3.377635862475213,3.4351338438111245,4.6644724075602575,3.327218549506179
362,3.69,7.646505969958489,3.793658416792258,3.867658238060111,4.34574243919141,4.142864958715783,4.387841937744975,4.042237709951336,4.28871633587541,4.2198257938616,4.422026858856189,4.242542831439378,4.200688924680531,4.304204658487462,4.316621702687166,4.1968216632666,4.358030311152713,4.071964207573397,4.2443341021556,4.278219389556224,5.513383991555799,4.507488328086999,4.230237820712675,3.891750161563823,4.394828061119396,4.214503795777725,4.256162605159758,4.301932203931186,3.94502994776557,4.254022646376874,4.189074131886523,4.271384817155859,4.142369518621267,4.396681905753611,4.4905684928276,6.340507246274798,4.3230834919487435
363,3.69,7.646505969958489,3.793658416792258,3.867658238060111,4.34574243919141,4.142864958715783,4.387841937744975,4.042237709951336,4.28871633587541,4.2198257938616,4.422026858856189,4.242542831439378,4.200688924680531,4.304204658487462,4.316621702687166,4.1968216632666,4.358030311152713,4.071964207573397,4.2443341021556,4.278219389556224,5.513383991555799,4.507488328086999,4.230237820712675,3.891750161563823,4.394828061119396,4.214503795777725,4.256162605159758,4.301932203931186,3.94502994776557,4.254022646376874,4.189074131886523,4.271384817155859,4.142369518621267,4.396681905753611,4.4905684928276,6.340507246274798,4.3230834919487435
364,3.69,7.646505969958489,3.793658416792258,3.867658238060111,4.34574243919141,4.142864958715783,4.387841937744975,4.042237709951336,4.28871633587541,4.2198257938616,4.422026858856189,4.242542831439378,4.200688924680531,4.304204658487462,4.316621702687166,4.1968216632666,4.358030311152713,4.071964207573397,4.2443341021556,4.278219389556224,5.513383991555799,4.507488328086999,4.230237820712675,3.891750161563823,4.394828061119396,4.214503795777725,4.256162605159758,4.301932203931186,3.94502994776557,4.254022646376874,4.189074131886523,4.271384817155859,4.142369518621267,4.396681905753611,4.4905684928276,6.340507246274798,4.3230834919487435
