,"Southern Company Services, Inc. - Trans",ISO New England,"Midcontinent Independent System Operator, Inc.","PJM Interconnection, LLC","Alcoa Power Generating, Inc. - Yadkin Division","Associated Electric Cooperative, Inc.",City of Homestead,City of Tallahassee,Duke Energy Carolinas,"Duke Energy Florida, Inc.",Duke Energy Progress East,Duke Energy Progress West,"Electric Energy, Inc.",Florida Municipal Power Pool,Florida Power & Light Co.,Gainesville Regional Utilities,"Gridforce Energy Management, LLC",JEA,Louisville Gas and Electric Company and Kentucky Utilities Company,Utilities Commission of New Smyrna Beach,New York Independent System Operator,NorthWestern Corporation,Ohio Valley Electric Corporation,PowerSouth Energy Cooperative,Public Service Company of New Mexico,Seminole Electric Cooperative,"Dominion Energy South Carolina, Inc.",South Carolina Public Service Authority,Southeastern Power Administration,Southwest Power Pool,Southwestern Power Administration,Tampa Electric Company,Tennessee Valley Authority,Western Area Power Administration - Rocky Mountain Region,Western Area Power Administration - Upper Great Plains West,New Brunswick System Operator,"Electric Reliability Council of Texas, Inc."
0,4.965,11.331574885237654,5.099400534828368,5.781574050678378,6.236016959106117,5.765537375601371,6.2087550868554775,5.606242825433302,6.125812115097628,5.9220773473596,6.347537715858735,6.042906037173861,5.907223843783031,6.068873399398736,6.0892993193488305,5.88350701874997,6.140923422802296,5.6606163934693186,6.042420986279741,6.026499971263118,8.058376577420589,6.388647365338439,6.140797250212491,5.333715039126405,6.202946412409491,5.912878340158628,6.022351557647044,6.110965257891573,5.430854775915308,5.953076198718986,5.8700863061152475,6.010475483821537,5.809292649778915,6.201242607392441,6.359567350460943,9.308485606498465,6.08659432752412
1,6.24,15.016643800516816,6.405142652864479,7.695489863296647,8.126291479020825,7.3882097924869585,8.029668235965982,7.170247940915267,7.962907894319848,7.624328900857599,8.273048572861281,7.843269242908344,7.613758762885531,7.83354214031001,7.861976936010497,7.5701923742333435,7.9238165344518805,7.24926857936524,7.840507870403884,7.774780552970012,10.603369163285377,8.26980640258988,8.051356679712308,6.775679916688988,8.011064763699588,7.61125288453953,7.788540510134331,7.9199983118519635,6.916679604065048,7.652129751061099,7.5510984803439705,7.749566150487215,7.476215780936562,8.00580330903127,8.228566208094284,12.276463966722128,7.850105163099496
2,6.24,15.016643800516816,6.405142652864479,7.695489863296647,8.126291479020825,7.3882097924869585,8.029668235965982,7.170247940915267,7.962907894319848,7.624328900857599,8.273048572861281,7.843269242908344,7.613758762885531,7.83354214031001,7.861976936010497,7.5701923742333435,7.9238165344518805,7.24926857936524,7.840507870403884,7.774780552970012,10.603369163285377,8.26980640258988,8.051356679712308,6.775679916688988,8.011064763699588,7.61125288453953,7.788540510134331,7.9199983118519635,6.916679604065048,7.652129751061099,7.5510984803439705,7.749566150487215,7.476215780936562,8.00580330903127,8.228566208094284,12.276463966722128,7.850105163099496
3,4.65,10.42114609440398,4.776805423313565,5.308724261678572,5.769007960068367,5.364641837311991,5.758882426487002,5.219841561608346,5.6719413931721405,5.501521081201271,5.871823268834578,5.598110421639461,5.485609334357708,5.63289641635007,5.651343672879479,5.466796519159962,5.700443948159459,5.268125853424444,5.598187756084366,5.594571827547298,7.429613703265761,5.9238904267233785,5.668776685277243,4.977464892905061,5.756234819737822,5.493279923311581,5.585998992914892,5.6640276798543026,5.063768641901844,5.533310026963877,5.45477741601168,5.580817789704135,5.3974645820811435,5.755409963458142,5.897814691516236,8.575220364560854,5.650903415205499
4,4.21,9.149436037366463,4.326196378657966,4.64823566752011,5.116677929666428,4.804660767955395,5.130488869146905,4.680106462932216,5.037963241911138,4.914077407837254,5.207333247594482,4.976808609464423,4.896687479922335,5.023912693996374,5.0395961032080026,4.884724710208838,5.085171031198033,4.7198850990760475,4.977671498033681,4.9912436268013884,6.551341752065361,5.274706131515037,5.009446372351816,4.479845641040327,5.13225672203771,4.907174198191898,4.976490648527122,5.039733920056206,4.5510134070893855,4.946969977528167,4.874663410787649,4.9806610106195075,4.822212677995367,5.132659603676898,5.25282685045061,7.550976852013078,5.042319283712819
5,3.770000000000001,7.877725980328949,3.875587334002368,3.98774707336165,4.4643478992644905,4.244679698598802,4.502095311806811,4.140371364256088,4.403985090650138,4.32663373447324,4.542843226354389,4.355506797289387,4.307765625486963,4.414928971642681,4.427848533536526,4.302652901257714,4.46989811423661,4.171644344727651,4.357155239982998,4.387915426055481,5.6730698008649645,4.6255218363066986,4.35011605942639,3.982226389175594,4.508278624337599,4.321068473072215,4.366982304139354,4.415440160258112,4.038258172276927,4.360629928092459,4.29454940556362,4.380504231534882,4.246960773909592,4.509909243895656,4.607839009384987,6.526733339465304,4.433735152220141
6,3.33,6.606015923291431,3.424978289346768,3.327258479203189,3.8120178688625517,3.684698629242205,3.873701754466715,3.6006362655799578,3.7700069393891362,3.7391900611092233,3.8783532051142937,3.7342049851143484,3.7188437710515903,3.8059452492889854,3.8161009638650487,3.7205810923065883,3.854625197275184,3.6234035903792545,3.7366389819323125,3.784587225309572,4.7947978496645645,3.9763375410983572,3.6907857465009632,3.4846071373108587,3.884300526637487,3.7349627479525296,3.7574739597515836,3.791146400460016,3.525502937464467,3.7742898786567483,3.7144354003395885,3.7803474524502554,3.6717088698238145,3.8871588841144127,3.9628511683193617,5.502489826917527,3.8251510207274615
7,2.89,5.334305866253916,2.97436924469117,2.666769885044728,3.159687838460613,3.1247175598856103,3.24530819712662,3.060901166903829,3.1360287881281352,3.1517463877452077,3.2138631838741993,3.112903172939311,3.129921916616218,3.196961526935291,3.2043533941935722,3.1385092833554644,3.23935228031376,3.0751628360308585,3.116122723881628,3.1812590245636634,3.916525898464167,3.3271532458900177,3.0314554335755366,2.986987885446124,3.2603224289373762,3.1488570228328454,3.1479656153638143,3.1668526406619213,3.0127477026520086,3.187949829221039,3.134321395115559,3.1801906733656287,3.0964569657380387,3.2644085243331697,3.3178633272537383,4.478246314369754,3.2165668892347825
8,2.93,5.449915871439145,3.015333703296224,2.7268143026954976,3.218990568497153,3.1756249298271184,3.3024348841575377,3.1099679940562037,3.193663165515499,3.205150358051027,3.2742713676232986,3.1693851558643145,3.1834602670194334,3.2523236835128992,3.2599668096182515,3.191424902351021,3.2952861818557073,3.1250029046079852,3.1725332927953263,3.2361070428132916,3.996368803118749,3.3861699999998667,3.091394552932394,3.032225999252009,3.3170477105464773,3.2021393614800897,3.203375464853612,3.223606618825385,3.0593618149076867,3.2412534700788305,3.1870590319541066,3.2347503805551407,3.1487525933822003,3.3210221934041915,3.376498585532431,4.571359360965005,3.2718927193704808
9,3.16,6.114673401254211,3.250879340275287,3.07206970418742,3.559981266207257,3.4683423069907935,3.6309133345853146,3.3921022501823623,3.52506083549284,3.5122231873094902,3.621618424180621,3.494156557683084,3.491305781837924,3.5706560838341486,3.57974394831016,3.495689711575473,3.616906115721907,3.411583298926465,3.4968940640490933,3.5514831477486526,4.455465504882595,3.725516336131499,3.4360444892343214,3.2923451536358477,3.6432180797988076,3.5085128087017425,3.5219820994199456,3.5499419932652976,3.3273929603778356,3.547749405011133,3.4903004437757588,3.548468696894832,3.4494524523361285,3.6465507905625683,3.713651320634917,5.106759378887707,3.5900162426507443
10,3.16,6.114673401254211,3.250879340275287,3.07206970418742,3.559981266207257,3.4683423069907935,3.6309133345853146,3.3921022501823623,3.52506083549284,3.5122231873094902,3.621618424180621,3.494156557683084,3.491305781837924,3.5706560838341486,3.57974394831016,3.495689711575473,3.616906115721907,3.411583298926465,3.4968940640490933,3.5514831477486526,4.455465504882595,3.725516336131499,3.4360444892343214,3.2923451536358477,3.6432180797988076,3.5085128087017425,3.5219820994199456,3.5499419932652976,3.3273929603778356,3.547749405011133,3.4903004437757588,3.548468696894832,3.4494524523361285,3.6465507905625683,3.713651320634917,5.106759378887707,3.5900162426507443
11,4.06,8.715898517921854,4.172579658889012,4.423069101329725,4.894292692029403,4.6137581306747375,4.916263792780963,4.4961058611108085,4.821834326708524,4.71381251919043,4.980802558535359,4.765001173495659,4.695918665910275,4.816304606830341,4.831045795365452,4.686291138975499,4.875418900415729,4.532984841911821,4.766131864607311,4.785563558365283,6.251930859610678,5.0533933036031025,4.784674674763602,4.310202714268258,4.9195369160035805,4.7073654282647315,4.768703712940382,4.826906501943219,4.376210486130592,4.747081324311448,4.676897272643093,4.776062108658839,4.626104074329762,4.920358344660565,5.032944631905511,7.201802927280881,4.83484742070395
12,4.41,9.727486063292606,4.531018671683238,4.948457755773957,5.413191579849128,5.059197617662939,5.416122304301495,4.9254405986940935,5.326135128847957,5.181097259366354,5.509374166339979,5.259218524089439,5.164379231938414,5.300723476884418,5.317663180331401,5.149302805186621,5.364840538907773,4.969085441961682,5.2597243426021745,5.265483718049529,6.95055627533827,5.569789902064283,5.3091419691361015,4.706036210069752,5.415883130083215,5.173585891428118,5.2535398959761075,5.323503810873523,4.784083968367776,5.213488181817126,5.13835159498039,5.253459546567065,5.0836908162161745,5.41572794903201,5.546003141844076,8.01654208498934,5.318948434391309
13,4.76,10.739073608663356,4.889457684477464,5.4738464102181865,5.93209046766885,5.504637104651139,5.915980815822024,5.354775336277378,5.83043593098739,5.6483819995422735,6.0379457741446005,5.75343587468322,5.63283979796655,5.785142346938493,5.804280565297347,5.6123144713977435,5.854262177399815,5.405186042011543,5.753316820597036,5.745403877733774,7.649181691065857,6.086186500525462,5.833609263508599,5.101869705871245,5.912229344162849,5.639806354591501,5.738376079011833,5.820101119803825,5.191957450604958,5.679895039322804,5.599805917317687,5.73085698447529,5.541277558102587,5.911097553403452,6.05906165178264,8.831281242697797,5.803049448078666
14,5.109999999999999,11.750661154034104,5.24789669727169,5.999235064662416,6.4509893554885736,5.950076591639339,6.415839327342553,5.784110073860662,6.334736733126821,6.115666739718195,6.56651738194922,6.2476532252769985,6.101300363994687,6.269561216992567,6.290897950263295,6.075326137608863,6.343683815891857,5.8412866420614025,6.246909298591898,6.225324037418019,8.347807106793445,6.602583098986641,6.358076557881097,5.497703201672738,6.408575558242482,6.106026817754886,6.223212262047558,6.316698428734127,5.59983093284214,6.146301896828481,6.061260239654983,6.208254422383515,5.998864299989,6.406467157774894,6.572120161721204,9.64602040040625,6.287150461766024
15,5.46,12.76224869940486,5.606335710065917,6.524623719106646,6.969888243308298,6.395516078627541,6.915697838863085,6.213444811443948,6.839037535266256,6.582951479894117,7.095088989753841,6.741870575870778,6.569760930022825,6.753980087046643,6.777515335229243,6.538337803819987,6.833105454383899,6.277387242111264,6.740501776586761,6.705244197102266,9.046432522521037,7.118979697447822,6.882543852253596,5.893536697474231,6.904921772322117,6.572247280918272,6.708048445083284,6.813295737664431,6.007704415079325,6.61270875433416,6.522714561992281,6.685651860291742,6.456451041875415,6.901836762146338,7.08517867165977,10.460759558114713,6.771251475453383
16,3.92,8.311263499773556,4.029204053771321,4.212913639552035,4.686733136901514,4.435582335879458,4.716320388172752,4.324371966077495,4.620114005852751,4.526898623120063,4.769373915413512,4.5673142332581484,4.508534439499021,4.622537058808712,4.636398841379075,4.5010864724910515,4.679650245018912,4.358544601891877,4.568694873409367,4.593595494491586,5.972480693319645,4.8468346642186315,4.574887757014603,4.151869315947661,4.720998430371727,4.520877242999378,4.574769239726092,4.628267578371099,4.213061093235719,4.560518581309177,4.492315543708175,4.58510313349555,4.443069377575196,4.722210502911989,4.827721227930085,6.8759072641975,4.641207015229008
17,3.92,8.311263499773556,4.029204053771321,4.212913639552035,4.686733136901514,4.435582335879458,4.716320388172752,4.324371966077495,4.620114005852751,4.526898623120063,4.769373915413512,4.5673142332581484,4.508534439499021,4.622537058808712,4.636398841379075,4.5010864724910515,4.679650245018912,4.358544601891877,4.568694873409367,4.593595494491586,5.972480693319645,4.8468346642186315,4.574887757014603,4.151869315947661,4.720998430371727,4.520877242999378,4.574769239726092,4.628267578371099,4.213061093235719,4.560518581309177,4.492315543708175,4.58510313349555,4.443069377575196,4.722210502911989,4.827721227930085,6.8759072641975,4.641207015229008
18,3.2,6.23028340643944,3.291843798880341,3.1321141218381894,3.6192839962437975,3.5192496769323016,3.6880400216162323,3.441169077334738,3.5826952128802043,3.56562715761531,3.6820266079297204,3.550638540608088,3.5448441322411397,3.6260182404117574,3.6353573637348395,3.5486053305710294,3.6728400172638547,3.461423367503592,3.5533046329627918,3.606331165998281,4.535308409537176,3.7845330902413483,3.495983608591178,3.3375832674417327,3.699943361407909,3.5617951473489864,3.5773919489097423,3.6066959714287616,3.3740070726335136,3.6010530458689254,3.5430380806143074,3.603028404084343,3.50174807998029,3.703164459633591,3.7722865789136106,5.19987242548296,3.645342072786443
19,3.1766666666666667,6.162844236748055,3.26794786469406,3.0970882115419074,3.5846907370558156,3.4895537111330883,3.654716120848197,3.412546761495852,3.549075159404242,3.534474841603582,3.6467885007427454,3.517690717235169,3.5136134278392634,3.5937236490748194,3.6029162047371095,3.5177378861569544,3.6402119080310515,3.432349994166935,3.520398467763134,3.5743364886859976,4.488733381822002,3.750106650343936,3.4610191222996782,3.311194367721633,3.6668536138026004,3.5307137831380944,3.545069536707361,3.5735894841667406,3.3468155071510344,3.5699592553685466,3.512274459125154,3.5712019082237942,3.4712422971878625,3.670139819342161,3.738082678251039,5.145556481635727,3.613068671873952
20,3.1533333333333333,6.095405067056672,3.2440519305077777,3.0620623012456254,3.5500974778678334,3.4598577453338755,3.621392220080162,3.383924445656967,3.51545510592828,3.5033225255918534,3.611550393555771,3.48474289386225,3.482382723437387,3.5614290577378807,3.57047504573938,3.4868704417428797,3.607583798798249,3.403276620830277,3.487492302563477,3.5423418113737144,4.44215835410683,3.715680210446524,3.4260546360081783,3.2848054680015335,3.6337638661972913,3.4996324189272023,3.5127471245049797,3.5404829969047205,3.3196239416685556,3.538865464868168,3.4815108376360007,3.5393754123632464,3.440736514395435,3.6371151790507312,3.7038787775884674,5.091240537788498,3.580795270961462
21,3.13,6.027965897365287,3.220155996321496,3.0270363909493425,3.5155042186798515,3.4301617795346613,3.588068319312126,3.3553021298180807,3.4818350524523174,3.472170209580125,3.576312286368796,3.451795070489331,3.4511520190355114,3.529134466400942,3.5380338867416494,3.4560029973288047,3.5749556895654453,3.37420324749362,3.454586137363819,3.5103471340614316,4.395583326391657,3.681253770549111,3.3910901497166783,3.2584165682814334,3.600674118591982,3.4685510547163094,3.4804247123025966,3.5073765096427003,3.2924323761860768,3.5077716743677896,3.4507472161468478,3.5075489165026976,3.410230731603007,3.6040905387593014,3.6696748769258964,5.036924593941267,3.5485218700489707
22,3.35,6.663820925884047,3.445460518649296,3.357280688028573,3.8416692338808214,3.7101523142129595,3.902265097982174,3.625169679156146,3.798824128082818,3.765892046262133,3.9085572969888434,3.76244597657685,3.745612946253198,3.8336263275777895,3.843907671577388,3.747038901804367,3.8825921480461587,3.6483236246678183,3.7648442663891615,3.812011234434386,4.834719301991856,4.005845918153282,3.720755306179391,3.5072261942138008,3.9126631674420382,3.7616039172761515,3.7851788844964824,3.819523389541748,3.5488099935923065,3.8009416990856444,3.7408042187588633,3.807627306045011,3.6978566836458953,3.9154657186499238,3.9921687974587092,5.549046350215155,3.852813935795311
23,3.54,7.212968450513883,3.640041697023304,3.642491671869727,4.123357201554385,3.9519623214351256,4.173616861379033,3.8582371081299285,4.072587420672796,4.019560905214776,4.1954961697970665,4.030735395470616,3.9999201106684725,4.09659657132143,4.108071394844617,3.9983880920332613,4.14827818037041,3.885063950409171,4.03279446872923,4.07253932112012,5.2139730991011195,4.286175500175065,4.005466123124462,3.7221072347917543,4.182108255085268,4.0146950258505605,4.048375669573019,4.089104785818199,3.7702270268067775,4.054133993160155,3.991307993741967,4.06678591519519,3.9462609149556624,4.184380646737279,4.270686274282501,5.991333321542603,4.1156116289398765
24,3.54,7.212968450513883,3.640041697023304,3.642491671869727,4.123357201554385,3.9519623214351256,4.173616861379033,3.8582371081299285,4.072587420672796,4.019560905214776,4.1954961697970665,4.030735395470616,3.9999201106684725,4.09659657132143,4.108071394844617,3.9983880920332613,4.14827818037041,3.885063950409171,4.03279446872923,4.07253932112012,5.2139730991011195,4.286175500175065,4.005466123124462,3.7221072347917543,4.182108255085268,4.0146950258505605,4.048375669573019,4.089104785818199,3.7702270268067775,4.054133993160155,3.991307993741967,4.06678591519519,3.9462609149556624,4.184380646737279,4.270686274282501,5.991333321542603,4.1156116289398765
25,3.58,7.328578455699112,3.681006155628359,3.7025360895204966,4.182659931590926,4.002869691376635,4.230743548409951,3.9073039352823042,4.13022179806016,4.072964875520596,4.255904353546166,4.08721737839562,4.053458461071688,4.151958727899039,4.163684810269297,4.051303711028819,4.204212081912358,3.9349040189862983,4.0892050376429285,4.127387339369747,5.2938160037557,4.345192254284915,4.065405242481319,3.76734534859764,4.2388335366943695,4.067977364497805,4.103785519062816,4.1458587639816615,3.8168411390624555,4.1074376340179475,4.0440456305805155,4.121345622384702,3.9985565425998244,4.240994315808301,4.3293215325611945,6.084446368137856,4.170937459075575
26,3.586666666666667,7.347846789896649,3.687833565395868,3.712543492462291,4.192543719930349,4.011354253033552,4.240264662915104,3.9154817398077,4.13982752762472,4.081865537238232,4.2659723841710155,4.096631042216454,4.062381519472224,4.161185753995308,4.172953712840076,4.060122980861411,4.213534398836015,3.943210697082486,4.098606799128545,4.136528675744685,5.307123154531464,4.355028379969889,4.075395095707462,3.7748850342319535,4.248287750295885,4.076857754272345,4.113020493977782,4.155317760342238,3.824610157771735,4.116321574160912,4.052835236720274,4.130438906916288,4.007272480540517,4.250429927320138,4.339094075607643,6.099965209237063,4.180158430764857
27,3.5933333333333333,7.367115124094187,3.694660975163377,3.7225508954040856,4.202427508269772,4.019838814690471,4.249785777420256,3.9236595443330957,4.149433257189281,4.090766198955869,4.276040414795865,4.106044706037287,4.07130457787276,4.170412780091574,4.182222615410856,4.068942250694004,4.222856715759673,3.9515173751786734,4.108008560614161,4.145670012119623,5.320430305307228,4.3648645056548645,4.085384948933605,3.7824247198662677,4.257741963897402,4.085738144046886,4.122255468892748,4.164776756702816,3.8323791764810147,4.125205514303877,4.061624842860031,4.139532191447872,4.015988418481211,4.259865538831975,4.348866618654092,6.1154840503362715,4.18937940245414
28,3.6,7.386383458291726,3.7014883849308857,3.732558298345881,4.212311296609196,4.028323376347389,4.2593068919254105,3.9318373488584912,4.159038986753842,4.099666860673506,4.286108445420715,4.115458369858121,4.080227636273296,4.1796398061878435,4.191491517981636,4.077761520526597,4.232179032683332,3.9598240532748616,4.1174103220997775,4.154811348494562,5.333737456082991,4.374700631339839,4.095374802159748,3.789964405500582,4.26719617749892,4.094618533821427,4.131490443807715,4.174235753063393,3.8401481951902943,4.134089454446842,4.07041444899979,4.1486254759794585,4.024704356421905,4.269301150343812,4.358639161700541,6.131002891435482,4.198600374143423
29,3.6,7.386383458291726,3.7014883849308857,3.732558298345881,4.212311296609196,4.028323376347389,4.2593068919254105,3.9318373488584912,4.159038986753842,4.099666860673506,4.286108445420715,4.115458369858121,4.080227636273296,4.1796398061878435,4.191491517981636,4.077761520526597,4.232179032683332,3.9598240532748616,4.1174103220997775,4.154811348494562,5.333737456082991,4.374700631339839,4.095374802159748,3.789964405500582,4.26719617749892,4.094618533821427,4.131490443807715,4.174235753063393,3.8401481951902943,4.134089454446842,4.07041444899979,4.1486254759794585,4.024704356421905,4.269301150343812,4.358639161700541,6.131002891435482,4.198600374143423
30,3.34,6.634918424587739,3.4352194039980315,3.3422695836158813,3.8268435513716863,3.6974254717275823,3.8879834262244444,3.6129029723680515,3.784415533735977,3.752541053685678,3.8934552510515683,3.7483254808455992,3.732228358652394,3.8197857884333875,3.830004317721218,3.7338099970554777,3.8686086726606708,3.635863607523536,3.7507416241607365,3.7982992298719784,4.81475857582821,3.9910917296258197,3.7057705263401775,3.49591666576233,3.898481847039762,3.7482833326143403,3.771326422124033,3.8053348950008825,3.5371564655283865,3.7876157888711957,3.7276198095492257,3.793987379247633,3.6847827767348553,3.9013123013821676,3.9775099828890355,5.525768088566341,3.8389824782613857
31,3.06,5.825648388291138,3.148468193762651,2.921958660060497,3.4117244411159073,3.3410738821370214,3.4880966170080203,3.269435182301424,3.3809748920244314,3.378713261544941,3.4705979648078724,3.3529516003705755,3.3574599058298844,3.4322506923901273,3.4407104097484607,3.3634006640865803,3.4770713618670372,3.286983127483648,3.3558676417648465,3.4143631021245824,4.255858243246139,3.5779744508568765,3.2861966908421785,3.179249869121135,3.501404875776055,3.3753069620836325,3.3834574756954523,3.40805704785664,3.21085767973864,3.4144903028666542,3.3584563516793886,3.412069428921053,3.3187133832257247,3.5050166178850133,3.567063174938184,4.873976762399575,3.4517016673114997
32,2.91,5.3921108688465305,2.994851473993697,2.6967920938701124,3.189339203478883,3.1501712448563643,3.2738715406420784,3.0854345804800163,3.164845976821817,3.178448372898117,3.244067275748749,3.1411441644018128,3.1566910918178257,3.224642605224095,3.2321601019059116,3.1649670928532423,3.2673192310847337,3.100082870319422,3.1443280083384773,3.2086830336884775,3.9564473507914575,3.356661622944942,3.061424993253965,3.0096069423490666,3.288685069741926,3.175498192156468,3.1756705401087126,3.195229629743653,3.036054758779847,3.214601649649935,3.1606902135348327,3.2074705269603845,3.1226047795601195,3.292715358868681,3.3471809563930845,4.52480283766738,3.244229804302632
33,2.89,5.334305866253916,2.97436924469117,2.666769885044728,3.159687838460613,3.1247175598856103,3.24530819712662,3.060901166903829,3.1360287881281352,3.1517463877452077,3.2138631838741993,3.112903172939311,3.129921916616218,3.196961526935291,3.2043533941935722,3.1385092833554644,3.23935228031376,3.0751628360308585,3.116122723881628,3.1812590245636634,3.916525898464167,3.3271532458900177,3.0314554335755366,2.986987885446124,3.2603224289373762,3.1488570228328454,3.1479656153638143,3.1668526406619213,3.0127477026520086,3.187949829221039,3.134321395115559,3.1801906733656287,3.0964569657380387,3.2644085243331697,3.3178633272537383,4.478246314369754,3.2165668892347825
34,2.87,5.276500863661302,2.9538870153886423,2.636747676219344,3.1300364734423427,3.0992638749148558,3.2167448536111607,3.036367753327641,3.1072115994344536,3.125044402592297,3.1836590919996492,3.08466218147681,3.10315274141461,3.1692804486464863,3.176546686481232,3.112051473857686,3.211385329542786,3.0502428017422947,3.087917439424779,3.1538350154388497,3.8766044461368767,3.2976448688350932,3.0014858738971086,2.964368828543182,3.2319597881328255,3.122215853509224,3.120260690618916,3.1384756515801895,2.9894406465241694,3.1612980087921434,3.1079525766962846,3.1529108197708733,3.070309151915958,3.2361016897976587,3.2885456981143917,4.431689791072127,3.188903974166934
35,2.85,5.218695861068688,2.933404786086115,2.6067254673939586,3.100385108424073,3.0738101899441013,3.1881815100957023,3.011834339751453,3.0783944107407715,3.0983424174393877,3.1534550001251,3.0564211900143077,3.076383566213002,3.1415993703576817,3.1487399787688917,3.085593664359908,3.1834183787718118,3.0253227674537313,3.059712154967929,3.1264110063140356,3.836682993809586,3.2681364917801687,2.97151631421868,2.9417497716402394,3.203597147328275,3.0955746841856016,3.092555765874017,3.1100986624984577,2.96613359039633,3.1346461883632477,3.0815837582770103,3.125630966176118,3.0441613380938772,3.2077948552621476,3.2592280689750455,4.385133267774501,3.1612410590990847
36,2.75,4.929670848105616,2.830993639573479,2.456614423267036,2.9521282833327236,2.9465417650903296,3.0453647925184075,2.8891672718705146,2.934308467272362,2.964832491674839,3.002434540752351,2.915216232701799,2.942537690204963,3.003193978913661,3.009706440207193,2.9533046168710158,3.0435836249169426,2.900722596010914,2.9186857326836826,2.9892909606899654,3.6370757321731317,3.1205946065055454,2.8216685158265373,2.828654487125527,3.0617839433055223,2.9623688375674915,2.954031142149524,2.9682137170898004,2.8495983097571354,3.0013870862187675,2.9497396661806397,2.989231698202339,2.9134222689834735,3.066260682584592,3.112639923278312,4.15235065128637,3.0229264837598397
37,2.74,4.9007683468093095,2.820752524922216,2.441603318854344,2.937302600823589,2.933814922604953,3.0310831207606785,2.876900565082421,2.9198998729255217,2.9514814990983846,2.987332494815077,2.9010957369705492,2.9291531026041597,2.9893534397692587,2.995803086351023,2.940075712122127,3.029600149531456,2.8882625788666325,2.904583090455258,2.975578956127559,3.6171150060094868,3.105840417978084,2.806683735987323,2.817344958674056,3.047602622903248,2.949048252905681,2.940178679777075,2.9540252225489345,2.837944781693216,2.9880611760043205,2.9365552569710034,2.975591771404962,2.9003483620724335,3.0521072653168373,3.0979811087086397,4.1290723896375585,3.0090950262259155
38,2.74,4.9007683468093095,2.820752524922216,2.441603318854344,2.937302600823589,2.933814922604953,3.0310831207606785,2.876900565082421,2.9198998729255217,2.9514814990983846,2.987332494815077,2.9010957369705492,2.9291531026041597,2.9893534397692587,2.995803086351023,2.940075712122127,3.029600149531456,2.8882625788666325,2.904583090455258,2.975578956127559,3.6171150060094868,3.105840417978084,2.806683735987323,2.817344958674056,3.047602622903248,2.949048252905681,2.940178679777075,2.9540252225489345,2.837944781693216,2.9880611760043205,2.9365552569710034,2.975591771404962,2.9003483620724335,3.0521072653168373,3.0979811087086397,4.1290723896375585,3.0090950262259155
39,2.66,4.669548336438852,2.738823607712107,2.321514483552805,2.8186971407505084,2.832000182721935,2.9168297466988427,2.7787669107776702,2.8046311181507937,2.844673558486745,2.866516127316877,2.7881317711205416,2.8220764017977276,2.878629126614041,2.8845762555016634,2.834244474131013,2.91773234644756,2.7885824417123786,2.7917619526278608,2.8658829196283024,3.457429196700323,2.9878069097583855,2.6868054972736095,2.726868731062286,2.9341520596850454,2.842483575611193,2.82935898079748,2.840517266222008,2.7447165571818593,2.8814538942887364,2.8310799832939066,2.866472357025938,2.79575710678411,2.9388799271747925,2.980710592151253,3.9428462964470534,2.898443365954519
40,2.64,4.6117433338462375,2.71834137840958,2.2914922747274207,2.789045775732239,2.806546497751181,2.8882664031833842,2.7542334972014824,2.775813929457112,2.8179715733338355,2.8363120354423272,2.75989077965804,2.79530722659612,2.850948048325237,2.856769547789324,2.807786664633235,2.8897653956765863,2.7636624074238147,2.7635566681710118,2.8384589105034883,3.4175077443730326,2.958298532703461,2.6568359375951807,2.7042496741593434,2.9057894188804947,2.8158424062875707,2.801654056052582,2.8121402771402764,2.7214095010540205,2.8548020738598407,2.8047111648746323,2.8391925034311827,2.7696092929620293,2.9105730926392814,2.9513929630119065,3.896289773149427,2.87078045088667
41,2.62,4.553938331253622,2.6978591491070523,2.2614700659020364,2.759394410713969,2.7810928127804266,2.859703059667925,2.7297000836252945,2.74699674076343,2.791269588180925,2.8061079435677776,2.731649788195538,2.768538051394512,2.823266970036433,2.8289628400769837,2.781328855135456,2.8617984449056126,2.7387423731352514,2.7353513837141623,2.811034901378674,3.3775862920457413,2.928790155648536,2.6268663779167523,2.681630617256401,2.877426778075944,2.7892012369639487,2.773949131307683,2.7837632880585446,2.6981024449261817,2.8281502534309446,2.778342346455358,2.8119126498364264,2.743461479139948,2.88226625810377,2.92207533387256,3.8497332498518,2.8431175358188208
42,2.6,4.496133328661008,2.677376919804525,2.231447857076652,2.7297430456956993,2.7556391278096726,2.8311397161524665,2.705166670049107,2.7181795520697483,2.7645676030280155,2.775903851693228,2.703408796733037,2.7417688761929044,2.7955858917476286,2.801156132364644,2.754871045637678,2.8338314941346385,2.713822338846688,2.7071460992573133,2.7836108922538605,3.337664839718451,2.8992817785936116,2.596896818238324,2.6590115603534583,2.8490641372713936,2.762560067640327,2.7462442065627846,2.755386298976813,2.6747953887983424,2.801498433002049,2.751973528036084,2.784632796241671,2.717313665317868,2.8539594235682593,2.892757704733213,3.8031767265541743,2.8154546207509723
43,2.58,4.438328326068394,2.6568946905019977,2.201425648251267,2.700091680677429,2.7301854428389176,2.802576372637007,2.6806332564729196,2.689362363376066,2.7378656178751055,2.7456997598186783,2.6751678052705348,2.7149997009912963,2.767904813458824,2.773349424652304,2.7284132361398994,2.805864543363665,2.688902304558124,2.6789408148004634,2.756186883129046,3.2977433873911597,2.869773401538687,2.5669272585598955,2.636392503450516,2.820701496466843,2.7359188983167044,2.718539281817886,2.7270093098950814,2.651488332670503,2.774846612573153,2.72560470961681,2.757352942646915,2.691165851495787,2.8256525890327477,2.863440075593867,3.7566202032565488,2.7877917056831225
44,2.53,4.293815819586857,2.6056891172456798,2.126370126187805,2.625963268131754,2.6665512304120322,2.73116801384836,2.6192997225324497,2.6173193916418613,2.6711106549928307,2.6701895301323035,2.6045653266142805,2.6480767629872766,2.698702117736813,2.7038326553714542,2.662268712395453,2.7359471664362296,2.6266022188367155,2.60842760365834,2.6876268603170104,3.1979397565729326,2.796002458901375,2.4920033593638236,2.5798448611931595,2.7497948944554667,2.66931597500765,2.649276969955639,2.6560668371907523,2.593220692350905,2.708217061500913,2.659682663568625,2.6891533086600257,2.625796316940585,2.7548855026939707,2.7901460027455003,3.640228895012483,2.7186344180135
45,2.49,4.17820581440163,2.5647246586406256,2.066325708537037,2.566660538095215,2.615643860470524,2.674041326817443,2.570232895380075,2.559685014254498,2.617706684687012,2.6097813463832047,2.548083343689278,2.5945384125840616,2.6433399611592048,2.6482192399467754,2.609353093399897,2.6800132648942827,2.576762150259589,2.5520170347446425,2.6327788420673834,3.118096851918351,2.7369857047915267,2.432064240006967,2.534606747387275,2.6930696128463665,2.616033636360406,2.593867120465843,2.5993128590272896,2.5466065800952276,2.6549134206431213,2.606945026730077,2.634593601470515,2.573500689296424,2.698271833622949,2.731510744466808,3.5471158484172314,2.6633085878778027
46,2.49,4.17820581440163,2.5647246586406256,2.066325708537037,2.566660538095215,2.615643860470524,2.674041326817443,2.570232895380075,2.559685014254498,2.617706684687012,2.6097813463832047,2.548083343689278,2.5945384125840616,2.6433399611592048,2.6482192399467754,2.609353093399897,2.6800132648942827,2.576762150259589,2.5520170347446425,2.6327788420673834,3.118096851918351,2.7369857047915267,2.432064240006967,2.534606747387275,2.6930696128463665,2.616033636360406,2.593867120465843,2.5993128590272896,2.5466065800952276,2.6549134206431213,2.606945026730077,2.634593601470515,2.573500689296424,2.698271833622949,2.731510744466808,3.5471158484172314,2.6633085878778027
47,2.52,4.26491331829055,2.595448002594416,2.111359021775113,2.611137585622619,2.6538243879266545,2.71688634209063,2.607033015744356,2.6029107972950207,2.6577596624163764,2.655087484195029,2.5904448308830297,2.6346921753864727,2.684861578592411,2.689929301515284,2.649039807646564,2.721963691050743,2.6141422016924336,2.5943249614299155,2.673914855754604,3.1779790304092863,2.781248270373913,2.47701857952461,2.568535332741688,2.7356135740531915,2.6559953903458386,2.63542450758319,2.6418783426498864,2.581567164286986,2.6948911512864653,2.6464982543589874,2.6755133818626478,2.6127224100295448,2.740732085426215,2.775487188175827,3.6169506333636696,2.704802960479576
48,2.55,4.351620822179472,2.626171346548207,2.156392335013189,2.6556146331500234,2.6920049153827863,2.7597313573638185,2.6438331361086376,2.6461365803355426,2.6978126401457403,2.7003936220068527,2.632806318076782,2.6748459381888843,2.726383196025617,2.731639363083794,2.6887265218932312,2.7639141172072037,2.651522253125279,2.636632888115189,2.715050869441825,3.237861208900223,2.8255108359563,2.5219729190422515,2.6024639180961016,2.7781575352600165,2.6959571443312713,2.6769818947005373,2.6844438262724832,2.6165277484787444,2.734868881929809,2.6860514819878984,2.7164331622547815,2.6519441307626654,2.783192337229481,2.8194636318848465,3.6867854183101088,2.746297333081349
49,2.58,4.438328326068394,2.6568946905019977,2.201425648251267,2.700091680677429,2.7301854428389176,2.802576372637007,2.6806332564729196,2.689362363376066,2.7378656178751055,2.7456997598186783,2.6751678052705348,2.7149997009912963,2.767904813458824,2.773349424652304,2.7284132361398994,2.805864543363665,2.688902304558124,2.6789408148004634,2.756186883129046,3.2977433873911597,2.869773401538687,2.5669272585598955,2.636392503450516,2.820701496466843,2.7359188983167044,2.718539281817886,2.7270093098950814,2.651488332670503,2.774846612573153,2.72560470961681,2.757352942646915,2.691165851495787,2.8256525890327477,2.863440075593867,3.7566202032565488,2.7877917056831225
50,2.61,4.525035829957315,2.6876180344557885,2.2464589614893438,2.744568728204834,2.7683659702950494,2.8454213879101955,2.7174333768372008,2.732588146416589,2.7779185956044703,2.7910058976305026,2.7175292924642873,2.755153463793708,2.8094264308920303,2.8150594862208136,2.7680999503865666,2.8478149695201256,2.7262823559909695,2.7212487414857374,2.797322896816267,3.3576255658820964,2.914035967121073,2.6118815980775376,2.6703210888049296,2.863245457673669,2.7758806523021375,2.7600966689352333,2.7695747935176787,2.6864489168622616,2.8148243432164963,2.7651579372457213,2.7982727230390485,2.730387572228908,2.868112840836014,2.907416519302887,3.8264549882029875,2.8292860782848965
51,2.65,4.640645835142544,2.7285824930608427,2.306503379140113,2.8038714582413737,2.8192733402365575,2.902548074941113,2.766500203989576,2.790222523803952,2.8313225659102894,2.8514140813796023,2.7740112753892907,2.8086918141969237,2.864788587469639,2.8706729016454933,2.8210155693821237,2.9037488710620725,2.776122424568096,2.777659310399436,2.852170915065895,3.437468470536677,2.973052721230923,2.6718207174343944,2.7155592026108146,2.91997073928277,2.8291629909493814,2.815506518425031,2.826328771681142,2.7330630291179396,2.868127984074288,2.817895574084269,2.8528324302285597,2.7826831998730697,2.9247265099070363,2.9660517775815793,3.91956803479824,2.8846119084205943
52,2.65,4.640645835142544,2.7285824930608427,2.306503379140113,2.8038714582413737,2.8192733402365575,2.902548074941113,2.766500203989576,2.790222523803952,2.8313225659102894,2.8514140813796023,2.7740112753892907,2.8086918141969237,2.864788587469639,2.8706729016454933,2.8210155693821237,2.9037488710620725,2.776122424568096,2.777659310399436,2.852170915065895,3.437468470536677,2.973052721230923,2.6718207174343944,2.7155592026108146,2.91997073928277,2.8291629909493814,2.815506518425031,2.826328771681142,2.7330630291179396,2.868127984074288,2.817895574084269,2.8528324302285597,2.7826831998730697,2.9247265099070363,2.9660517775815793,3.91956803479824,2.8846119084205943
53,2.58,4.438328326068394,2.6568946905019977,2.201425648251267,2.700091680677429,2.7301854428389176,2.802576372637007,2.6806332564729196,2.689362363376066,2.7378656178751055,2.7456997598186783,2.6751678052705348,2.7149997009912963,2.767904813458824,2.773349424652304,2.7284132361398994,2.805864543363665,2.688902304558124,2.6789408148004634,2.756186883129046,3.2977433873911597,2.869773401538687,2.5669272585598955,2.636392503450516,2.820701496466843,2.7359188983167044,2.718539281817886,2.7270093098950814,2.651488332670503,2.774846612573153,2.72560470961681,2.757352942646915,2.691165851495787,2.8256525890327477,2.863440075593867,3.7566202032565488,2.7877917056831225
54,2.586666666666667,4.457596660265932,2.663722100269507,2.211433051193062,2.7099754690168525,2.7386700044958365,2.8120974871421605,2.688811060998315,2.698968092940627,2.7467662795927423,2.755767790443528,2.684581469091369,2.7239227593918325,2.7771318395550924,2.7826183272230844,2.7372325059724925,2.815186860287323,2.6972089826543124,2.6883425762860806,2.765328219503984,3.3110505381669237,2.879609527223662,2.576917111786038,2.6439321890848304,2.83015571006836,2.7447992880912455,2.727774256732852,2.736468306255659,2.6592573513797833,2.783730552716118,2.7343943157565684,2.7664462271785006,2.699881789436481,2.835088200544585,2.873212618640316,3.7721390443557574,2.797012677372406
55,2.5933333333333333,4.47686499446347,2.670549510037016,2.2214404541348567,2.7198592573562754,2.747154566152754,2.8216186016473133,2.696988865523711,2.708573822505187,2.7556669413103787,2.7658358210683773,2.6939951329122027,2.7328458177923682,2.7863588656513603,2.791887229793864,2.7460517758050846,2.8245091772109805,2.7055156607504998,2.697744337771696,2.774469555878922,3.3243576889426865,2.8894456529086368,2.586906965012181,2.651471874719144,2.839609923669877,2.7536796778657857,2.737009231647818,2.745927302616236,2.6670263700890624,2.7926144928590833,2.7431839218963256,2.7755395117100856,2.7085977273771737,2.8445238120564222,2.8829851616867646,3.7876578854549656,2.806233649061689
56,2.6,4.496133328661008,2.677376919804525,2.231447857076652,2.7297430456956993,2.7556391278096726,2.8311397161524665,2.705166670049107,2.7181795520697483,2.7645676030280155,2.775903851693228,2.703408796733037,2.7417688761929044,2.7955858917476286,2.801156132364644,2.754871045637678,2.8338314941346385,2.713822338846688,2.7071460992573133,2.7836108922538605,3.337664839718451,2.8992817785936116,2.596896818238324,2.6590115603534583,2.8490641372713936,2.762560067640327,2.7462442065627846,2.755386298976813,2.6747953887983424,2.801498433002049,2.751973528036084,2.784632796241671,2.717313665317868,2.8539594235682593,2.892757704733213,3.8031767265541743,2.8154546207509723
57,2.59,4.4672308273647,2.667135805153261,2.216436752663959,2.7149173631865637,2.7429122853242944,2.8168580443947366,2.692899963261013,2.7037709577229068,2.75121661045156,2.7608018057559525,2.6892883010017856,2.7283842885920997,2.7817453526032256,2.7872527785084733,2.7416421408887883,2.819848018749151,2.7013623217024056,2.693043457028888,2.7698988876914528,3.3177041135548047,2.8845275900661487,2.581912038399109,2.6477020319019866,2.8348828168691176,2.749239482978515,2.732391744190335,2.741197804435947,2.6631418607344224,2.7881725227876,2.7387891188264466,2.7709928694442927,2.7042397584068274,2.839806006300503,2.87809889016354,3.7798984649053606,2.801623163217047
58,2.66,4.669548336438852,2.738823607712107,2.321514483552805,2.8186971407505084,2.832000182721935,2.9168297466988427,2.7787669107776702,2.8046311181507937,2.844673558486745,2.866516127316877,2.7881317711205416,2.8220764017977276,2.878629126614041,2.8845762555016634,2.834244474131013,2.91773234644756,2.7885824417123786,2.7917619526278608,2.8658829196283024,3.457429196700323,2.9878069097583855,2.6868054972736095,2.726868731062286,2.9341520596850454,2.842483575611193,2.82935898079748,2.840517266222008,2.7447165571818593,2.8814538942887364,2.8310799832939066,2.866472357025938,2.79575710678411,2.9388799271747925,2.980710592151253,3.9428462964470534,2.898443365954519
59,2.67,4.698450837735158,2.74906472236337,2.336525587965497,2.8335228232596434,2.8447270252073125,2.931111418456572,2.7910336175657635,2.8190397124976343,2.8580245510631994,2.881618173254152,2.8022522668517924,2.8354609893985314,2.892469665758443,2.8984796093578327,2.8474733788799016,2.931715821833047,2.80104245885666,2.805864594856285,2.879594924190709,3.477389922863968,3.002561098285847,2.701790277112823,2.7381782595137567,2.9483333800873206,2.8558041602730033,2.8432114431699294,2.854705760762873,2.756370085245779,2.894779804503184,2.8442643925035433,2.8801122838233155,2.8088310136951504,2.953033344442548,2.995369406720926,3.9661245580958653,2.9122748234884432
60,2.67,4.698450837735158,2.74906472236337,2.336525587965497,2.8335228232596434,2.8447270252073125,2.931111418456572,2.7910336175657635,2.8190397124976343,2.8580245510631994,2.881618173254152,2.8022522668517924,2.8354609893985314,2.892469665758443,2.8984796093578327,2.8474733788799016,2.931715821833047,2.80104245885666,2.805864594856285,2.879594924190709,3.477389922863968,3.002561098285847,2.701790277112823,2.7381782595137567,2.9483333800873206,2.8558041602730033,2.8432114431699294,2.854705760762873,2.756370085245779,2.894779804503184,2.8442643925035433,2.8801122838233155,2.8088310136951504,2.953033344442548,2.995369406720926,3.9661245580958653,2.9122748234884432
61,2.68,4.727353339031466,2.759305837014634,2.35153669237819,2.8483485057687785,2.8574538676926897,2.945393090214302,2.803300324353858,2.833448306844476,2.8713755436396546,2.896720219191427,2.8163727625830437,2.8488455769993357,2.9063102049028453,2.9123829632140037,2.8607022836287914,2.945699297218534,2.8135024760009424,2.81996723708471,2.8933069287531166,3.4973506490276143,3.01731528681331,2.716775056952038,2.7494877879652284,2.9625147004895958,2.869124744934815,2.857063905542379,2.86889425530374,2.7680236133096985,2.908105714717632,2.857448801713181,2.8937522106206943,2.821904920606191,2.9671867617103036,3.0100282212905993,3.989402819744679,2.9261062810223684
62,2.69,4.756255840327772,2.7695469516658973,2.3665477967908823,2.8631741882779136,2.8701807101780665,2.959674761972031,2.8155670311419514,2.8478569011913164,2.8847265362161094,2.9118222651287016,2.830493258314294,2.862230164600139,2.9201507440472474,2.926286317070173,2.8739311883776804,2.9596827726040207,2.8259624931452234,2.8340698793131347,2.9070189333155234,3.517311375191259,3.032069475340772,2.7317598367912517,2.7607973164166992,2.976696020891871,2.8824453295966252,2.8709163679148277,2.883082749844605,2.7796771413736177,2.92143162493208,2.8706332109228176,2.9073921374180713,2.8349788275172307,2.981340178978059,3.024687035860272,4.0126810813934926,2.939937738556292
63,2.7,4.78515834162408,2.779788066317161,2.3815589012035745,2.8779998707870487,2.8829075526634442,2.9739564337297604,2.8278337379300456,2.8622654955381575,2.898077528792564,2.926924311065977,2.8446137540455454,2.8756147522009434,2.93399128319165,2.940189670926343,2.8871600931265697,2.9736662479895077,2.8384225102895053,2.848172521541559,2.9207309378779307,3.5372721013549047,3.0468236638682344,2.7467446166304663,2.772106844868171,2.9908773412941465,2.895765914258437,2.8847688302872774,2.897271244385471,2.7913306694375377,2.9347575351465283,2.8838176201324544,2.9210320642154497,2.8480527344282716,2.9954935962458147,3.039345850429946,4.035959343042306,2.953769196090217
64,2.7,4.78515834162408,2.779788066317161,2.3815589012035745,2.8779998707870487,2.8829075526634442,2.9739564337297604,2.8278337379300456,2.8622654955381575,2.898077528792564,2.926924311065977,2.8446137540455454,2.8756147522009434,2.93399128319165,2.940189670926343,2.8871600931265697,2.9736662479895077,2.8384225102895053,2.848172521541559,2.9207309378779307,3.5372721013549047,3.0468236638682344,2.7467446166304663,2.772106844868171,2.9908773412941465,2.895765914258437,2.8847688302872774,2.897271244385471,2.7913306694375377,2.9347575351465283,2.8838176201324544,2.9210320642154497,2.8480527344282716,2.9954935962458147,3.039345850429946,4.035959343042306,2.953769196090217
65,2.8,5.074183354587151,2.882199212829797,2.531669945330497,3.0262566958783976,3.0101759775172154,3.1167731513070547,2.9505008058109836,3.006351439006566,3.031587454557113,3.0779447704387253,2.9858187113580534,3.009460628208982,3.0723966746356712,3.079223209488042,3.0194491406154613,3.1135010018443765,2.9630226817323226,2.9891989438258055,3.057850983502,3.7368793629913584,3.1943655491428564,2.896592415022608,2.8852021293828827,3.132690545316898,3.028971760876547,3.02329345401177,3.039156189794129,2.907865950076732,3.0680166372910076,3.015661712228825,3.057431332189228,2.978791803538675,3.137027768923369,3.1859339961266784,4.268741959530436,3.092083771429462
66,2.8,5.074183354587151,2.882199212829797,2.531669945330497,3.0262566958783976,3.0101759775172154,3.1167731513070547,2.9505008058109836,3.006351439006566,3.031587454557113,3.0779447704387253,2.9858187113580534,3.009460628208982,3.0723966746356712,3.079223209488042,3.0194491406154613,3.1135010018443765,2.9630226817323226,2.9891989438258055,3.057850983502,3.7368793629913584,3.1943655491428564,2.896592415022608,2.8852021293828827,3.132690545316898,3.028971760876547,3.02329345401177,3.039156189794129,2.907865950076732,3.0680166372910076,3.015661712228825,3.057431332189228,2.978791803538675,3.137027768923369,3.1859339961266784,4.268741959530436,3.092083771429462
67,2.71,4.814060842920386,2.7900291809684243,2.3965700056162667,2.8928255532961833,2.8956343951488206,2.98823810548749,2.8401004447181393,2.8766740898849985,2.911428521369019,2.942026357003251,2.858734249776796,2.888999339801747,2.9478318223360516,2.954093024782513,2.9003889978754587,2.987649723374995,2.850882527433787,2.8622751637699837,2.934442942440337,3.5572328275185496,3.0615778523956965,2.76172939646968,2.7834163733196418,3.0050586616964208,2.9090864989202476,2.8986212926597266,2.911459738926337,2.802984197501457,2.948083445360976,2.8970020293420915,2.934671991012827,2.861126641339312,3.00964701351357,3.0540046649996193,4.059237604691118,2.9676006536241415
68,2.7333333333333334,4.88150001261177,2.8139251151547064,2.4315959159125486,2.9274188124841647,2.925330360948035,3.0215620062555253,2.8687227605570245,2.91029414336096,2.9425808373807474,2.977264464190226,2.891682073149714,2.920230044203623,2.9801264136729904,2.986534183780243,2.9312564422895333,3.0202778326077975,2.8799559007704443,2.8951813289696413,2.96643761975262,3.6038078552337223,3.096004292293108,2.79669388276118,2.8098052730397414,3.03814840930173,2.94016786313114,2.9309437048621083,2.944566226188357,2.8301757629839357,2.9791772358613544,2.927765650831245,2.966498486873376,2.891632424131739,3.0426716538049994,3.0882085656621907,4.1135535485383485,2.999874054536632
69,2.7566666666666664,4.948939182303153,2.837821049340988,2.46662182620883,2.9620120716721465,2.9550263267472476,3.0548859070235603,2.89734507639591,2.9439141968369222,2.973733153392475,3.0125025713772002,2.924629896522633,2.9514607486054985,3.0124210050099283,3.0189753427779724,2.962123886703608,3.0529059418406,2.9090292741071018,2.928087494169299,2.9984322970649027,3.650382882948895,3.1304307321905203,2.8316583690526795,2.8361941727598405,3.071238156907039,2.9712492273420317,2.9632661170644896,2.977672713450377,2.857367328466414,3.0102710263617327,2.9585292723203978,2.998324982733924,2.9221382069241666,3.0756962940964288,3.1224124663247608,4.167869492385578,3.032147455449122
70,2.78,5.016378351994537,2.8617169835272698,2.5016477365051126,2.996605330860128,2.984722292546461,3.088209807791596,2.9259673922347957,2.9775342503128845,3.0048854694042033,3.0477406785641756,2.9575777198955517,2.9826914530073743,3.044715596346867,3.0514165017757025,2.992991331117683,3.0855340510734033,2.938102647443759,2.960993659368956,3.030426974377186,3.6969579106640675,3.1648571720879324,2.86662285534418,2.86258307247994,3.104327904512348,3.0023305915529246,2.995588529266872,3.0107792007123972,2.8845588939488933,3.041364816862112,2.989292893809551,3.0301514785944725,2.952643989716594,3.108720934387858,3.1566163669873317,4.2221854362328095,3.064420856361613
71,2.76,4.958573349401922,2.8412347542247423,2.4716255276797274,2.966953965841858,2.9592686075757064,3.059646464276137,2.9014339786586083,2.9487170616192024,2.9781834842512938,3.0175365866896255,2.9293367284330496,2.9559222778057666,3.017034518058062,3.023609794063362,2.9665335216199042,3.057567100302429,2.9131826131551954,2.932788374912107,3.0030029652523718,3.6570364583367763,3.1353487950330075,2.8366532956657506,2.8399640155769976,3.075965263707797,2.975689422229302,2.9678836045219725,2.9824022116306654,2.861251837821054,3.0147129964332153,2.9629240753902764,3.002871624999716,2.9264961758945134,3.080414099852347,3.127298737847985,4.175628912935183,3.0367579412937635
72,2.69,4.756255840327772,2.7695469516658973,2.3665477967908823,2.8631741882779136,2.8701807101780665,2.959674761972031,2.8155670311419514,2.8478569011913164,2.8847265362161094,2.9118222651287016,2.830493258314294,2.862230164600139,2.9201507440472474,2.926286317070173,2.8739311883776804,2.9596827726040207,2.8259624931452234,2.8340698793131347,2.9070189333155234,3.517311375191259,3.032069475340772,2.7317598367912517,2.7607973164166992,2.976696020891871,2.8824453295966252,2.8709163679148277,2.883082749844605,2.7796771413736177,2.92143162493208,2.8706332109228176,2.9073921374180713,2.8349788275172307,2.981340178978059,3.024687035860272,4.0126810813934926,2.939937738556292
73,2.7,4.78515834162408,2.779788066317161,2.3815589012035745,2.8779998707870487,2.8829075526634442,2.9739564337297604,2.8278337379300456,2.8622654955381575,2.898077528792564,2.926924311065977,2.8446137540455454,2.8756147522009434,2.93399128319165,2.940189670926343,2.8871600931265697,2.9736662479895077,2.8384225102895053,2.848172521541559,2.9207309378779307,3.5372721013549047,3.0468236638682344,2.7467446166304663,2.772106844868171,2.9908773412941465,2.895765914258437,2.8847688302872774,2.897271244385471,2.7913306694375377,2.9347575351465283,2.8838176201324544,2.9210320642154497,2.8480527344282716,2.9954935962458147,3.039345850429946,4.035959343042306,2.953769196090217
74,2.62,4.553938331253622,2.6978591491070523,2.2614700659020364,2.759394410713969,2.7810928127804266,2.859703059667925,2.7297000836252945,2.74699674076343,2.791269588180925,2.8061079435677776,2.731649788195538,2.768538051394512,2.823266970036433,2.8289628400769837,2.781328855135456,2.8617984449056126,2.7387423731352514,2.7353513837141623,2.811034901378674,3.3775862920457413,2.928790155648536,2.6268663779167523,2.681630617256401,2.877426778075944,2.7892012369639487,2.773949131307683,2.7837632880585446,2.6981024449261817,2.8281502534309446,2.778342346455358,2.8119126498364264,2.743461479139948,2.88226625810377,2.92207533387256,3.8497332498518,2.8431175358188208
75,2.62,4.553938331253622,2.6978591491070523,2.2614700659020364,2.759394410713969,2.7810928127804266,2.859703059667925,2.7297000836252945,2.74699674076343,2.791269588180925,2.8061079435677776,2.731649788195538,2.768538051394512,2.823266970036433,2.8289628400769837,2.781328855135456,2.8617984449056126,2.7387423731352514,2.7353513837141623,2.811034901378674,3.3775862920457413,2.928790155648536,2.6268663779167523,2.681630617256401,2.877426778075944,2.7892012369639487,2.773949131307683,2.7837632880585446,2.6981024449261817,2.8281502534309446,2.778342346455358,2.8119126498364264,2.743461479139948,2.88226625810377,2.92207533387256,3.8497332498518,2.8431175358188208
76,2.62,4.553938331253622,2.6978591491070523,2.2614700659020364,2.759394410713969,2.7810928127804266,2.859703059667925,2.7297000836252945,2.74699674076343,2.791269588180925,2.8061079435677776,2.731649788195538,2.768538051394512,2.823266970036433,2.8289628400769837,2.781328855135456,2.8617984449056126,2.7387423731352514,2.7353513837141623,2.811034901378674,3.3775862920457413,2.928790155648536,2.6268663779167523,2.681630617256401,2.877426778075944,2.7892012369639487,2.773949131307683,2.7837632880585446,2.6981024449261817,2.8281502534309446,2.778342346455358,2.8119126498364264,2.743461479139948,2.88226625810377,2.92207533387256,3.8497332498518,2.8431175358188208
77,2.62,4.553938331253622,2.6978591491070523,2.2614700659020364,2.759394410713969,2.7810928127804266,2.859703059667925,2.7297000836252945,2.74699674076343,2.791269588180925,2.8061079435677776,2.731649788195538,2.768538051394512,2.823266970036433,2.8289628400769837,2.781328855135456,2.8617984449056126,2.7387423731352514,2.7353513837141623,2.811034901378674,3.3775862920457413,2.928790155648536,2.6268663779167523,2.681630617256401,2.877426778075944,2.7892012369639487,2.773949131307683,2.7837632880585446,2.6981024449261817,2.8281502534309446,2.778342346455358,2.8119126498364264,2.743461479139948,2.88226625810377,2.92207533387256,3.8497332498518,2.8431175358188208
78,2.71,4.814060842920386,2.7900291809684243,2.3965700056162667,2.8928255532961833,2.8956343951488206,2.98823810548749,2.8401004447181393,2.8766740898849985,2.911428521369019,2.942026357003251,2.858734249776796,2.888999339801747,2.9478318223360516,2.954093024782513,2.9003889978754587,2.987649723374995,2.850882527433787,2.8622751637699837,2.934442942440337,3.5572328275185496,3.0615778523956965,2.76172939646968,2.7834163733196418,3.0050586616964208,2.9090864989202476,2.8986212926597266,2.911459738926337,2.802984197501457,2.948083445360976,2.8970020293420915,2.934671991012827,2.861126641339312,3.00964701351357,3.0540046649996193,4.059237604691118,2.9676006536241415
79,2.74,4.9007683468093095,2.820752524922216,2.441603318854344,2.937302600823589,2.933814922604953,3.0310831207606785,2.876900565082421,2.9198998729255217,2.9514814990983846,2.987332494815077,2.9010957369705492,2.9291531026041597,2.9893534397692587,2.995803086351023,2.940075712122127,3.029600149531456,2.8882625788666325,2.904583090455258,2.975578956127559,3.6171150060094868,3.105840417978084,2.806683735987323,2.817344958674056,3.047602622903248,2.949048252905681,2.940178679777075,2.9540252225489345,2.837944781693216,2.9880611760043205,2.9365552569710034,2.975591771404962,2.9003483620724335,3.0521072653168373,3.0979811087086397,4.1290723896375585,3.0090950262259155
80,2.62,4.553938331253622,2.6978591491070523,2.2614700659020364,2.759394410713969,2.7810928127804266,2.859703059667925,2.7297000836252945,2.74699674076343,2.791269588180925,2.8061079435677776,2.731649788195538,2.768538051394512,2.823266970036433,2.8289628400769837,2.781328855135456,2.8617984449056126,2.7387423731352514,2.7353513837141623,2.811034901378674,3.3775862920457413,2.928790155648536,2.6268663779167523,2.681630617256401,2.877426778075944,2.7892012369639487,2.773949131307683,2.7837632880585446,2.6981024449261817,2.8281502534309446,2.778342346455358,2.8119126498364264,2.743461479139948,2.88226625810377,2.92207533387256,3.8497332498518,2.8431175358188208
81,2.58,4.438328326068394,2.6568946905019977,2.201425648251267,2.700091680677429,2.7301854428389176,2.802576372637007,2.6806332564729196,2.689362363376066,2.7378656178751055,2.7456997598186783,2.6751678052705348,2.7149997009912963,2.767904813458824,2.773349424652304,2.7284132361398994,2.805864543363665,2.688902304558124,2.6789408148004634,2.756186883129046,3.2977433873911597,2.869773401538687,2.5669272585598955,2.636392503450516,2.820701496466843,2.7359188983167044,2.718539281817886,2.7270093098950814,2.651488332670503,2.774846612573153,2.72560470961681,2.757352942646915,2.691165851495787,2.8256525890327477,2.863440075593867,3.7566202032565488,2.7877917056831225
82,2.5966666666666667,4.486499161562239,2.67396321492077,2.226444155605754,2.7248011515259876,2.751396846981213,2.82637915889989,2.701077767786409,2.7133766872874676,2.760117272169197,2.7708698363808026,2.69870196482262,2.737307346992636,2.790972378699494,2.7965216810792537,2.750461410721381,2.8291703356728095,2.709668999798594,2.7024452185145043,2.7790402240663914,3.331011264330569,2.8943637157511244,2.5919018916252523,2.6552417175363012,2.8443370304706352,2.7581198727530563,2.741626719105301,2.7506568007965244,2.6709108794437024,2.7970564629305654,2.747578724966205,2.780086153975878,2.712955696347521,2.84924161781234,2.8878714332099893,3.79541730600457,2.81084413490633
83,2.6133333333333333,4.534669997056084,2.691031739339543,2.251462662960241,2.7495106223745456,2.7726082511235086,2.850181945162772,2.7215222790998985,2.737391011198869,2.7823689264632883,2.796039912942927,2.7222361243747044,2.759614992993976,2.8140399439401644,2.8196939375062033,2.7725095853028634,2.852476127981954,2.7304356950390636,2.7259496222285455,2.801893565003736,3.3642791412699773,2.9189540299635612,2.616876524690609,2.6740909316220867,2.867972564474427,2.780320847189408,2.7647141563927167,2.7743042916979674,2.6903334262169016,2.819266313287979,2.7695527403156,2.802819365304841,2.7347455411992545,2.872830646591933,2.9123027908261108,3.8342144087525916,2.8338965641295375
84,2.63,4.5828408325499295,2.708100263758316,2.276481170314728,2.7742200932231036,2.7938196552658034,2.8739847314256544,2.7419667904133886,2.7614053351102705,2.80462058075738,2.8212099895050526,2.745770283926789,2.7819226389953156,2.837107509180835,2.842866193933154,2.794557759884345,2.8757819202910992,2.7512023902795333,2.749454025942587,2.824746905941081,3.3975470182093868,2.943544344175998,2.641851157755966,2.692940145707872,2.891608098478219,2.8025218216257595,2.7878015936801326,2.79795178259941,2.7097559729901004,2.8414761636453925,2.791526755664995,2.8255525766338043,2.756535386050989,2.8964196753715257,2.936734148442233,3.873011511500614,2.8569489933527454
85,2.6,4.496133328661008,2.677376919804525,2.231447857076652,2.7297430456956993,2.7556391278096726,2.8311397161524665,2.705166670049107,2.7181795520697483,2.7645676030280155,2.775903851693228,2.703408796733037,2.7417688761929044,2.7955858917476286,2.801156132364644,2.754871045637678,2.8338314941346385,2.713822338846688,2.7071460992573133,2.7836108922538605,3.337664839718451,2.8992817785936116,2.596896818238324,2.6590115603534583,2.8490641372713936,2.762560067640327,2.7462442065627846,2.755386298976813,2.6747953887983424,2.801498433002049,2.751973528036084,2.784632796241671,2.717313665317868,2.8539594235682593,2.892757704733213,3.8031767265541743,2.8154546207509723
86,2.64,4.6117433338462375,2.71834137840958,2.2914922747274207,2.789045775732239,2.806546497751181,2.8882664031833842,2.7542334972014824,2.775813929457112,2.8179715733338355,2.8363120354423272,2.75989077965804,2.79530722659612,2.850948048325237,2.856769547789324,2.807786664633235,2.8897653956765863,2.7636624074238147,2.7635566681710118,2.8384589105034883,3.4175077443730326,2.958298532703461,2.6568359375951807,2.7042496741593434,2.9057894188804947,2.8158424062875707,2.801654056052582,2.8121402771402764,2.7214095010540205,2.8548020738598407,2.8047111648746323,2.8391925034311827,2.7696092929620293,2.9105730926392814,2.9513929630119065,3.896289773149427,2.87078045088667
87,2.81,5.103085855883459,2.8924403274810606,2.54668104974319,3.0410823783875336,3.0229028200025927,3.1310548230647846,2.962767512599078,3.0207600333534077,3.0449384471335685,3.0930468163760003,2.9999392070893043,3.0228452158097863,3.0862372137800738,3.0931265633442124,3.0326780453643507,3.1274844772298644,2.9754826988766045,3.0033015860542305,3.0715629880644073,3.756840089155004,3.2091197376703193,2.911577194861823,2.8965116578343544,3.1468718657191745,3.0422923455383577,3.03714591638422,3.053344684334995,2.919519478140652,3.0813425475054554,3.0288461214384625,3.0710712589866063,2.9918657104497157,3.151181186191125,3.200592810696352,4.292020221179249,3.105915228963387
88,2.795,5.059732103938997,2.877078655504165,2.5241643931241518,3.0188438546238308,3.003812556274527,3.1096323154281897,2.944367452416937,2.9991471418331463,3.024911958268886,3.0703937474700878,2.9787584634924285,3.0027683344085805,3.06547640506347,3.0722715325599577,3.012834688241017,3.106509264151634,2.956792673160182,2.9821476227115937,3.050994981220797,3.726898999909536,3.186988454879126,2.8891000251030015,2.8795473651571473,3.125599885115761,3.022311468545641,3.016367222825546,3.032061942523696,2.9020391860447727,3.0613536821837832,3.0090695076240066,3.0506113687905394,2.972254850083155,3.1299510602894918,3.1786045888418424,4.257102828706029,3.0851680426624997
89,2.78,5.016378351994537,2.86171698352727,2.501647736505113,2.9966053308601284,2.9847222925464614,3.0882098077915963,2.9259673922347957,2.977534250312885,3.0048854694042033,3.0477406785641756,2.957577719895552,2.9826914530073747,3.044715596346867,3.0514165017757025,2.992991331117683,3.0855340510734033,2.938102647443759,2.9609936593689565,3.0304269743771863,3.696957910664068,3.164857172087933,2.8666228553441804,2.86258307247994,3.1043279045123486,3.0023305915529246,2.995588529266872,3.0107792007123977,2.8845588939488938,3.041364816862112,2.989292893809551,3.0301514785944725,2.952643989716594,3.108720934387859,3.1566163669873326,4.2221854362328095,3.064420856361613
90,2.765,4.973024600050077,2.8463553115503744,2.479131079886075,2.974366807096426,2.9656320288183955,3.066787300155002,2.907567332052656,2.9559213587926236,2.9848589805395216,3.0250876096582635,2.936396976298676,2.962614571606169,3.023954787630264,3.030561470991448,2.9731479739943496,3.064558837995173,2.9194126217273366,2.9398396960263202,3.0098589675335763,3.6670168214186005,3.142725889296739,2.844145685585359,2.8456187798027335,3.083055923908936,2.9823497145602085,2.9748098357081982,2.9894964589010993,2.8670786018530148,3.0213759515404397,2.9695162799950956,3.0096915883984057,2.933033129350034,3.0874908084862254,3.1346281451328224,4.187268043759591,3.0436736700607265
91,2.75,4.929670848105616,2.830993639573479,2.456614423267036,2.9521282833327236,2.9465417650903296,3.0453647925184075,2.8891672718705146,2.934308467272362,2.964832491674839,3.002434540752351,2.915216232701799,2.942537690204963,3.003193978913661,3.009706440207193,2.9533046168710158,3.0435836249169426,2.900722596010914,2.9186857326836826,2.9892909606899654,3.6370757321731317,3.1205946065055454,2.8216685158265373,2.828654487125527,3.0617839433055223,2.9623688375674915,2.954031142149524,2.9682137170898004,2.8495983097571354,3.0013870862187675,2.9497396661806397,2.989231698202339,2.9134222689834735,3.066260682584592,3.112639923278312,4.15235065128637,3.0229264837598397
92,2.75,4.929670848105616,2.830993639573479,2.456614423267036,2.9521282833327236,2.9465417650903296,3.0453647925184075,2.8891672718705146,2.934308467272362,2.964832491674839,3.002434540752351,2.915216232701799,2.942537690204963,3.003193978913661,3.009706440207193,2.9533046168710158,3.0435836249169426,2.900722596010914,2.9186857326836826,2.9892909606899654,3.6370757321731317,3.1205946065055454,2.8216685158265373,2.828654487125527,3.0617839433055223,2.9623688375674915,2.954031142149524,2.9682137170898004,2.8495983097571354,3.0013870862187675,2.9497396661806397,2.989231698202339,2.9134222689834735,3.066260682584592,3.112639923278312,4.15235065128637,3.0229264837598397
93,2.81,5.103085855883459,2.8924403274810606,2.54668104974319,3.0410823783875336,3.0229028200025927,3.1310548230647846,2.962767512599078,3.0207600333534077,3.0449384471335685,3.0930468163760003,2.9999392070893043,3.0228452158097863,3.0862372137800738,3.0931265633442124,3.0326780453643507,3.1274844772298644,2.9754826988766045,3.0033015860542305,3.0715629880644073,3.756840089155004,3.2091197376703193,2.911577194861823,2.8965116578343544,3.1468718657191745,3.0422923455383577,3.03714591638422,3.053344684334995,2.919519478140652,3.0813425475054554,3.0288461214384625,3.0710712589866063,2.9918657104497157,3.151181186191125,3.200592810696352,4.292020221179249,3.105915228963387
94,2.81,5.103085855883459,2.8924403274810606,2.54668104974319,3.0410823783875336,3.0229028200025927,3.1310548230647846,2.962767512599078,3.0207600333534077,3.0449384471335685,3.0930468163760003,2.9999392070893043,3.0228452158097863,3.0862372137800738,3.0931265633442124,3.0326780453643507,3.1274844772298644,2.9754826988766045,3.0033015860542305,3.0715629880644073,3.756840089155004,3.2091197376703193,2.911577194861823,2.8965116578343544,3.1468718657191745,3.0422923455383577,3.03714591638422,3.053344684334995,2.919519478140652,3.0813425475054554,3.0288461214384625,3.0710712589866063,2.9918657104497157,3.151181186191125,3.200592810696352,4.292020221179249,3.105915228963387
95,2.81,5.103085855883459,2.8924403274810606,2.54668104974319,3.0410823783875336,3.0229028200025927,3.1310548230647846,2.962767512599078,3.0207600333534077,3.0449384471335685,3.0930468163760003,2.9999392070893043,3.0228452158097863,3.0862372137800738,3.0931265633442124,3.0326780453643507,3.1274844772298644,2.9754826988766045,3.0033015860542305,3.0715629880644073,3.756840089155004,3.2091197376703193,2.911577194861823,2.8965116578343544,3.1468718657191745,3.0422923455383577,3.03714591638422,3.053344684334995,2.919519478140652,3.0813425475054554,3.0288461214384625,3.0710712589866063,2.9918657104497157,3.151181186191125,3.200592810696352,4.292020221179249,3.105915228963387
96,2.8,5.074183354587151,2.882199212829797,2.531669945330497,3.0262566958783976,3.0101759775172154,3.1167731513070547,2.9505008058109836,3.006351439006566,3.031587454557113,3.0779447704387253,2.9858187113580534,3.009460628208982,3.0723966746356712,3.079223209488042,3.0194491406154613,3.1135010018443765,2.9630226817323226,2.9891989438258055,3.057850983502,3.7368793629913584,3.1943655491428564,2.896592415022608,2.8852021293828827,3.132690545316898,3.028971760876547,3.02329345401177,3.039156189794129,2.907865950076732,3.0680166372910076,3.015661712228825,3.057431332189228,2.978791803538675,3.137027768923369,3.1859339961266784,4.268741959530436,3.092083771429462
97,2.79,5.045280853290845,2.871958098178533,2.516658840917805,3.0114310133692634,2.997449135031838,3.1024914795493252,2.93823409902289,2.9919428446597256,3.018236461980659,3.0628427245014502,2.9716982156268026,2.9960760406081786,3.058556135491269,3.0653198556318726,3.0062202358665724,3.09951752645889,2.950562664588041,2.9750963015973815,3.0441389789395936,3.7169186368277134,3.1796113606153944,2.881607635183394,2.873892600931412,3.1185092249146233,3.0156511762147353,3.0094409916393214,3.024967695253263,2.896212422012813,3.0546907270765593,3.002477303019188,3.04379140539185,2.9657178966276345,3.122874351655614,3.1712751815570055,4.245463697881623,3.078252313895538
98,2.78,5.016378351994537,2.8617169835272698,2.5016477365051126,2.996605330860128,2.984722292546461,3.088209807791596,2.9259673922347957,2.9775342503128845,3.0048854694042033,3.0477406785641756,2.9575777198955517,2.9826914530073743,3.044715596346867,3.0514165017757025,2.992991331117683,3.0855340510734033,2.938102647443759,2.960993659368956,3.030426974377186,3.6969579106640675,3.1648571720879324,2.86662285534418,2.86258307247994,3.104327904512348,3.0023305915529246,2.995588529266872,3.0107792007123972,2.8845588939488933,3.041364816862112,2.989292893809551,3.0301514785944725,2.952643989716594,3.108720934387858,3.1566163669873317,4.2221854362328095,3.064420856361613
99,2.78,5.016378351994537,2.8617169835272698,2.5016477365051126,2.996605330860128,2.984722292546461,3.088209807791596,2.9259673922347957,2.9775342503128845,3.0048854694042033,3.0477406785641756,2.9575777198955517,2.9826914530073743,3.044715596346867,3.0514165017757025,2.992991331117683,3.0855340510734033,2.938102647443759,2.960993659368956,3.030426974377186,3.6969579106640675,3.1648571720879324,2.86662285534418,2.86258307247994,3.104327904512348,3.0023305915529246,2.995588529266872,3.0107792007123972,2.8845588939488933,3.041364816862112,2.989292893809551,3.0301514785944725,2.952643989716594,3.108720934387858,3.1566163669873317,4.2221854362328095,3.064420856361613
100,2.74,4.9007683468093095,2.820752524922216,2.441603318854344,2.937302600823589,2.933814922604953,3.0310831207606785,2.876900565082421,2.9198998729255217,2.9514814990983846,2.987332494815077,2.9010957369705492,2.9291531026041597,2.9893534397692587,2.995803086351023,2.940075712122127,3.029600149531456,2.8882625788666325,2.904583090455258,2.975578956127559,3.6171150060094868,3.105840417978084,2.806683735987323,2.817344958674056,3.047602622903248,2.949048252905681,2.940178679777075,2.9540252225489345,2.837944781693216,2.9880611760043205,2.9365552569710034,2.975591771404962,2.9003483620724335,3.0521072653168373,3.0979811087086397,4.1290723896375585,3.0090950262259155
101,2.76,4.958573349401922,2.8412347542247423,2.4716255276797274,2.966953965841858,2.9592686075757064,3.059646464276137,2.9014339786586083,2.9487170616192024,2.9781834842512938,3.0175365866896255,2.9293367284330496,2.9559222778057666,3.017034518058062,3.023609794063362,2.9665335216199042,3.057567100302429,2.9131826131551954,2.932788374912107,3.0030029652523718,3.6570364583367763,3.1353487950330075,2.8366532956657506,2.8399640155769976,3.075965263707797,2.975689422229302,2.9678836045219725,2.9824022116306654,2.861251837821054,3.0147129964332153,2.9629240753902764,3.002871624999716,2.9264961758945134,3.080414099852347,3.127298737847985,4.175628912935183,3.0367579412937635
102,2.82,5.1319883571797655,2.902681442132324,2.5616921541558813,3.0559080608966673,3.0356296624879695,3.145336494822513,2.9750342193871715,3.035168627700248,3.0582894397100224,3.108148862313275,3.014059702820555,3.03622980341059,3.1000777529244754,3.107029917200382,3.045906950113239,3.1414679526153506,2.9879427160208856,3.0174042282826545,3.085274992626814,3.7768008153186488,3.223873926197781,2.9265619747010367,2.907821186285825,3.161053186121449,3.0556129302001684,3.0509983787566686,3.06753317887586,2.9311730062045713,3.0946684577199033,3.0420305306480984,3.0847111857839833,3.0049396173607557,3.1653346034588803,3.2152516252660246,4.315298482828062,3.1197466864973107
103,2.84,5.18979335977238,2.9231636714348515,2.5917143629812665,3.085559425914938,3.061083347458724,3.173899838337973,2.999567632963359,3.06398581639393,3.084991424862933,3.138352954187825,3.042300694283057,3.062998978612198,3.12775883121328,3.134836624912722,3.072364759611018,3.1694349033863247,3.0128627503094494,3.0456095127395044,3.1126990017516283,3.81672226764594,3.253382303252706,2.956531534379465,2.9304402431887677,3.189415826925999,3.0822540995237904,3.078703303501568,3.0959101679575918,2.9544800623324106,3.121320278148799,3.0683993490673727,3.1119910393787396,3.0310874311828364,3.193641437994392,3.2445692544053713,4.361855006125689,3.14740960156516
104,2.86,5.247598362364994,2.9436459007373785,2.6217365718066508,3.115210790933208,3.086537032429478,3.2024631818534317,3.024101046539547,3.092803005087612,3.1116934100158424,3.168557046062374,3.0705416857455585,3.0897681538138055,3.1554399095020838,3.162643332625062,3.0988225691087967,3.1974018541572984,3.0377827845980128,3.0738147971963534,3.140123010876442,3.856643719973231,3.2828906803076303,2.9865010940578935,2.9530593000917102,3.21777846773055,3.1088952688474123,3.1064082282464662,3.1242871570393236,2.97778711846025,3.1479720985776947,3.094768167486647,3.139270892973495,3.057235245004917,3.2219482725299025,3.2738868835447184,4.408411529423313,3.1750725166330094
105,2.88,5.305403364957608,2.9641281300399056,2.651758780632035,3.1448621559514778,3.1119907174002326,3.2310265253688897,3.0486344601157347,3.1216201937812933,3.138395395168752,3.1987611379369234,3.0987826772080598,3.1165373290154137,3.183120987790888,3.190450040337401,3.1252803786065746,3.225368804928272,3.062702818886576,3.1020200816532024,3.167547020001256,3.8965651723005212,3.312399057362555,3.0164706537363215,2.9756783569946528,3.2461411085351006,3.1355364381710347,3.1341131529913646,3.1526641461210545,3.001094174588088,3.174623919006591,3.121136985905921,3.1665507465682508,3.083383058826998,3.250255107065414,3.303204512684064,4.454968052720939,3.202735431700858
106,2.84,5.18979335977238,2.9231636714348515,2.5917143629812665,3.085559425914938,3.061083347458724,3.173899838337973,2.999567632963359,3.06398581639393,3.084991424862933,3.138352954187825,3.042300694283057,3.062998978612198,3.12775883121328,3.134836624912722,3.072364759611018,3.1694349033863247,3.0128627503094494,3.0456095127395044,3.1126990017516283,3.81672226764594,3.253382303252706,2.956531534379465,2.9304402431887677,3.189415826925999,3.0822540995237904,3.078703303501568,3.0959101679575918,2.9544800623324106,3.121320278148799,3.0683993490673727,3.1119910393787396,3.0310874311828364,3.193641437994392,3.2445692544053713,4.361855006125689,3.14740960156516
107,2.85,5.218695861068688,2.933404786086115,2.6067254673939586,3.100385108424073,3.0738101899441013,3.1881815100957023,3.011834339751453,3.0783944107407715,3.0983424174393877,3.1534550001251,3.0564211900143077,3.076383566213002,3.1415993703576817,3.1487399787688917,3.085593664359908,3.1834183787718118,3.0253227674537313,3.059712154967929,3.1264110063140356,3.836682993809586,3.2681364917801687,2.97151631421868,2.9417497716402394,3.203597147328275,3.0955746841856016,3.092555765874017,3.1100986624984577,2.96613359039633,3.1346461883632477,3.0815837582770103,3.125630966176118,3.0441613380938772,3.2077948552621476,3.2592280689750455,4.385133267774501,3.1612410590990847
108,2.8,5.074183354587151,2.882199212829797,2.531669945330497,3.0262566958783976,3.0101759775172154,3.1167731513070547,2.9505008058109836,3.006351439006566,3.031587454557113,3.0779447704387253,2.9858187113580534,3.009460628208982,3.0723966746356712,3.079223209488042,3.0194491406154613,3.1135010018443765,2.9630226817323226,2.9891989438258055,3.057850983502,3.7368793629913584,3.1943655491428564,2.896592415022608,2.8852021293828827,3.132690545316898,3.028971760876547,3.02329345401177,3.039156189794129,2.907865950076732,3.0680166372910076,3.015661712228825,3.057431332189228,2.978791803538675,3.137027768923369,3.1859339961266784,4.268741959530436,3.092083771429462
109,2.78,5.016378351994537,2.8617169835272698,2.5016477365051126,2.996605330860128,2.984722292546461,3.088209807791596,2.9259673922347957,2.9775342503128845,3.0048854694042033,3.0477406785641756,2.9575777198955517,2.9826914530073743,3.044715596346867,3.0514165017757025,2.992991331117683,3.0855340510734033,2.938102647443759,2.960993659368956,3.030426974377186,3.6969579106640675,3.1648571720879324,2.86662285534418,2.86258307247994,3.104327904512348,3.0023305915529246,2.995588529266872,3.0107792007123972,2.8845588939488933,3.041364816862112,2.989292893809551,3.0301514785944725,2.952643989716594,3.108720934387858,3.1566163669873317,4.2221854362328095,3.064420856361613
110,2.78,5.016378351994537,2.8617169835272698,2.5016477365051126,2.996605330860128,2.984722292546461,3.088209807791596,2.9259673922347957,2.9775342503128845,3.0048854694042033,3.0477406785641756,2.9575777198955517,2.9826914530073743,3.044715596346867,3.0514165017757025,2.992991331117683,3.0855340510734033,2.938102647443759,2.960993659368956,3.030426974377186,3.6969579106640675,3.1648571720879324,2.86662285534418,2.86258307247994,3.104327904512348,3.0023305915529246,2.995588529266872,3.0107792007123972,2.8845588939488933,3.041364816862112,2.989292893809551,3.0301514785944725,2.952643989716594,3.108720934387858,3.1566163669873317,4.2221854362328095,3.064420856361613
111,2.78,5.016378351994537,2.8617169835272698,2.5016477365051126,2.996605330860128,2.984722292546461,3.088209807791596,2.9259673922347957,2.9775342503128845,3.0048854694042033,3.0477406785641756,2.9575777198955517,2.9826914530073743,3.044715596346867,3.0514165017757025,2.992991331117683,3.0855340510734033,2.938102647443759,2.960993659368956,3.030426974377186,3.6969579106640675,3.1648571720879324,2.86662285534418,2.86258307247994,3.104327904512348,3.0023305915529246,2.995588529266872,3.0107792007123972,2.8845588939488933,3.041364816862112,2.989292893809551,3.0301514785944725,2.952643989716594,3.108720934387858,3.1566163669873317,4.2221854362328095,3.064420856361613
112,2.78,5.016378351994537,2.8617169835272698,2.5016477365051126,2.996605330860128,2.984722292546461,3.088209807791596,2.9259673922347957,2.9775342503128845,3.0048854694042033,3.0477406785641756,2.9575777198955517,2.9826914530073743,3.044715596346867,3.0514165017757025,2.992991331117683,3.0855340510734033,2.938102647443759,2.960993659368956,3.030426974377186,3.6969579106640675,3.1648571720879324,2.86662285534418,2.86258307247994,3.104327904512348,3.0023305915529246,2.995588529266872,3.0107792007123972,2.8845588939488933,3.041364816862112,2.989292893809551,3.0301514785944725,2.952643989716594,3.108720934387858,3.1566163669873317,4.2221854362328095,3.064420856361613
113,2.79,5.045280853290845,2.871958098178533,2.516658840917805,3.0114310133692634,2.997449135031838,3.1024914795493252,2.93823409902289,2.9919428446597256,3.018236461980659,3.0628427245014502,2.9716982156268026,2.9960760406081786,3.058556135491269,3.0653198556318726,3.0062202358665724,3.09951752645889,2.950562664588041,2.9750963015973815,3.0441389789395936,3.7169186368277134,3.1796113606153944,2.881607635183394,2.873892600931412,3.1185092249146233,3.0156511762147353,3.0094409916393214,3.024967695253263,2.896212422012813,3.0546907270765593,3.002477303019188,3.04379140539185,2.9657178966276345,3.122874351655614,3.1712751815570055,4.245463697881623,3.078252313895538
114,2.81,5.103085855883459,2.8924403274810606,2.54668104974319,3.0410823783875336,3.0229028200025927,3.1310548230647846,2.962767512599078,3.0207600333534077,3.0449384471335685,3.0930468163760003,2.9999392070893043,3.0228452158097863,3.0862372137800738,3.0931265633442124,3.0326780453643507,3.1274844772298644,2.9754826988766045,3.0033015860542305,3.0715629880644073,3.756840089155004,3.2091197376703193,2.911577194861823,2.8965116578343544,3.1468718657191745,3.0422923455383577,3.03714591638422,3.053344684334995,2.919519478140652,3.0813425475054554,3.0288461214384625,3.0710712589866063,2.9918657104497157,3.151181186191125,3.200592810696352,4.292020221179249,3.105915228963387
115,2.81,5.103085855883459,2.8924403274810606,2.54668104974319,3.0410823783875336,3.0229028200025927,3.1310548230647846,2.962767512599078,3.0207600333534077,3.0449384471335685,3.0930468163760003,2.9999392070893043,3.0228452158097863,3.0862372137800738,3.0931265633442124,3.0326780453643507,3.1274844772298644,2.9754826988766045,3.0033015860542305,3.0715629880644073,3.756840089155004,3.2091197376703193,2.911577194861823,2.8965116578343544,3.1468718657191745,3.0422923455383577,3.03714591638422,3.053344684334995,2.919519478140652,3.0813425475054554,3.0288461214384625,3.0710712589866063,2.9918657104497157,3.151181186191125,3.200592810696352,4.292020221179249,3.105915228963387
116,2.82,5.1319883571797655,2.902681442132324,2.5616921541558813,3.0559080608966673,3.0356296624879695,3.145336494822513,2.9750342193871715,3.035168627700248,3.0582894397100224,3.108148862313275,3.014059702820555,3.03622980341059,3.1000777529244754,3.107029917200382,3.045906950113239,3.1414679526153506,2.9879427160208856,3.0174042282826545,3.085274992626814,3.7768008153186488,3.223873926197781,2.9265619747010367,2.907821186285825,3.161053186121449,3.0556129302001684,3.0509983787566686,3.06753317887586,2.9311730062045713,3.0946684577199033,3.0420305306480984,3.0847111857839833,3.0049396173607557,3.1653346034588803,3.2152516252660246,4.315298482828062,3.1197466864973107
117,2.7966666666666664,5.064549187488383,2.8787855079460423,2.5266662438595997,3.0213148017086864,3.0059336966887567,3.112012594054478,2.9464119035482854,3.001548574224286,3.027137123698295,3.0729107551263004,2.9811118794476363,3.0049990990087143,3.067783161587537,3.074588758202652,3.015039505699165,3.108839843382548,2.9588693426842285,2.984498063082998,3.053280315314531,3.7302257876034766,3.1894474863003692,2.891597488409537,2.8814322865657256,3.12796343851614,3.024531565989276,3.0186759665542873,3.0344266916138403,2.9039814407220925,3.063574667219525,3.0112669091589455,3.0528846899234354,2.974433834568328,3.1323099631674505,3.181047724603454,4.260982538980832,3.0874732855848204
118,2.773333333333333,4.997110017797,2.854889573759761,2.491640333563318,2.986721542520705,2.976237730889543,3.078688693286443,2.9177895877094002,2.967928520748324,2.9959848076865665,3.037672647939326,2.9481640560747184,2.973768394606839,3.0354885702505987,3.042147599204923,2.98417206128509,3.0762117341497452,2.929795969347571,2.95159189788334,3.021285638002248,3.6836507598883044,3.1550210464029576,2.8566330021180373,2.855043386845626,3.0948736909108314,2.993450201778384,2.986353554351906,3.00132020435182,2.8767898752396137,3.0324808767191467,2.980503287669793,3.021058194062887,2.9439280517759006,3.099285322876022,3.1468438239408836,4.206666595133601,3.05519988467233
119,2.75,4.929670848105616,2.830993639573479,2.456614423267036,2.9521282833327236,2.9465417650903296,3.0453647925184075,2.8891672718705146,2.934308467272362,2.964832491674839,3.002434540752351,2.915216232701799,2.942537690204963,3.003193978913661,3.009706440207193,2.9533046168710158,3.0435836249169426,2.900722596010914,2.9186857326836826,2.9892909606899654,3.6370757321731317,3.1205946065055454,2.8216685158265373,2.828654487125527,3.0617839433055223,2.9623688375674915,2.954031142149524,2.9682137170898004,2.8495983097571354,3.0013870862187675,2.9497396661806397,2.989231698202339,2.9134222689834735,3.066260682584592,3.112639923278312,4.15235065128637,3.0229264837598397
120,2.75,4.929670848105616,2.830993639573479,2.456614423267036,2.9521282833327236,2.9465417650903296,3.0453647925184075,2.8891672718705146,2.934308467272362,2.964832491674839,3.002434540752351,2.915216232701799,2.942537690204963,3.003193978913661,3.009706440207193,2.9533046168710158,3.0435836249169426,2.900722596010914,2.9186857326836826,2.9892909606899654,3.6370757321731317,3.1205946065055454,2.8216685158265373,2.828654487125527,3.0617839433055223,2.9623688375674915,2.954031142149524,2.9682137170898004,2.8495983097571354,3.0013870862187675,2.9497396661806397,2.989231698202339,2.9134222689834735,3.066260682584592,3.112639923278312,4.15235065128637,3.0229264837598397
121,2.77,4.987475850698231,2.851475868876006,2.4866366320924205,2.9817796483509937,2.971995450061084,3.0739281360338664,2.9137006854467025,2.963125655966044,2.9915344768277485,3.0326386326269006,2.943457224164301,2.969306865406571,3.030875057202465,3.0375131479195323,2.9797624263687936,3.0715505756879162,2.9256426302994774,2.946891017140532,3.016714969814779,3.676997184500423,3.15010298356047,2.8516380755049653,2.851273544028469,3.090146584110073,2.989010006891114,2.9817360668944226,2.996590706171532,2.872905365884974,3.028038906647663,2.976108484599914,3.0165115517970946,2.939570082805554,3.094567517120103,3.141957552417659,4.198907174583997,3.050589398827688
122,2.75,4.929670848105616,2.830993639573479,2.456614423267036,2.9521282833327236,2.9465417650903296,3.0453647925184075,2.8891672718705146,2.934308467272362,2.964832491674839,3.002434540752351,2.915216232701799,2.942537690204963,3.003193978913661,3.009706440207193,2.9533046168710158,3.0435836249169426,2.900722596010914,2.9186857326836826,2.9892909606899654,3.6370757321731317,3.1205946065055454,2.8216685158265373,2.828654487125527,3.0617839433055223,2.9623688375674915,2.954031142149524,2.9682137170898004,2.8495983097571354,3.0013870862187675,2.9497396661806397,2.989231698202339,2.9134222689834735,3.066260682584592,3.112639923278312,4.15235065128637,3.0229264837598397
123,2.75,4.929670848105616,2.830993639573479,2.456614423267036,2.9521282833327236,2.9465417650903296,3.0453647925184075,2.8891672718705146,2.934308467272362,2.964832491674839,3.002434540752351,2.915216232701799,2.942537690204963,3.003193978913661,3.009706440207193,2.9533046168710158,3.0435836249169426,2.900722596010914,2.9186857326836826,2.9892909606899654,3.6370757321731317,3.1205946065055454,2.8216685158265373,2.828654487125527,3.0617839433055223,2.9623688375674915,2.954031142149524,2.9682137170898004,2.8495983097571354,3.0013870862187675,2.9497396661806397,2.989231698202339,2.9134222689834735,3.066260682584592,3.112639923278312,4.15235065128637,3.0229264837598397
124,2.7466666666666666,4.920036681006846,2.8275799346897244,2.4516107217961385,2.947186389163012,2.942299484261871,3.040604235265831,2.885078369607817,2.9295056024900816,2.96038216081602,2.9974005254399256,2.9105094007913825,2.9380761610046946,2.998580465865526,3.0050719889218027,2.9488949819547186,3.0389224664551135,2.8965692569628203,2.913984851940874,2.9847202925024963,3.630422156785249,3.115676543663058,2.816673589213466,2.8248846443083693,3.057056836504764,2.9579286426802214,2.949413654692041,2.963484218909511,2.8457138004024953,2.996945116147285,2.9453448631107606,2.984685055936546,2.909064300013126,3.0615428768286734,3.107753651755088,4.144591230736766,3.018315997915198
125,2.7433333333333336,4.910402513908078,2.82416622980597,2.4466070203252417,2.9422444949933007,2.938057203433412,3.035843678013255,2.880989467345119,2.924702737707802,2.9559318299572026,2.9923665101275017,2.905802568880966,2.9336146318044274,2.993966952817393,3.000437537636413,2.944485347038423,3.034261307993285,2.8924159179147266,2.9092839711980663,2.9801496243150276,3.6237685813973686,3.110758480820571,2.8116786626003947,2.821114801491213,3.052329729704006,2.9534884477929513,2.944796167234558,2.9587547207292233,2.8418292910478558,2.992503146075803,2.940950060040882,2.980138413670754,2.90470633104278,3.056825071072755,3.102867380231864,4.136831810187162,3.0137055120705565
126,2.74,4.9007683468093095,2.820752524922216,2.441603318854344,2.937302600823589,2.933814922604953,3.0310831207606785,2.876900565082421,2.9198998729255217,2.9514814990983846,2.987332494815077,2.9010957369705492,2.9291531026041597,2.9893534397692587,2.995803086351023,2.940075712122127,3.029600149531456,2.8882625788666325,2.904583090455258,2.975578956127559,3.6171150060094868,3.105840417978084,2.806683735987323,2.817344958674056,3.047602622903248,2.949048252905681,2.940178679777075,2.9540252225489345,2.837944781693216,2.9880611760043205,2.9365552569710034,2.975591771404962,2.9003483620724335,3.0521072653168373,3.0979811087086397,4.1290723896375585,3.0090950262259155
127,2.77,4.987475850698231,2.851475868876006,2.4866366320924205,2.9817796483509937,2.971995450061084,3.0739281360338664,2.9137006854467025,2.963125655966044,2.9915344768277485,3.0326386326269006,2.943457224164301,2.969306865406571,3.030875057202465,3.0375131479195323,2.9797624263687936,3.0715505756879162,2.9256426302994774,2.946891017140532,3.016714969814779,3.676997184500423,3.15010298356047,2.8516380755049653,2.851273544028469,3.090146584110073,2.989010006891114,2.9817360668944226,2.996590706171532,2.872905365884974,3.028038906647663,2.976108484599914,3.0165115517970946,2.939570082805554,3.094567517120103,3.141957552417659,4.198907174583997,3.050589398827688
128,2.75,4.929670848105616,2.830993639573479,2.456614423267036,2.9521282833327236,2.9465417650903296,3.0453647925184075,2.8891672718705146,2.934308467272362,2.964832491674839,3.002434540752351,2.915216232701799,2.942537690204963,3.003193978913661,3.009706440207193,2.9533046168710158,3.0435836249169426,2.900722596010914,2.9186857326836826,2.9892909606899654,3.6370757321731317,3.1205946065055454,2.8216685158265373,2.828654487125527,3.0617839433055223,2.9623688375674915,2.954031142149524,2.9682137170898004,2.8495983097571354,3.0013870862187675,2.9497396661806397,2.989231698202339,2.9134222689834735,3.066260682584592,3.112639923278312,4.15235065128637,3.0229264837598397
129,2.78,5.016378351994537,2.8617169835272698,2.5016477365051126,2.996605330860128,2.984722292546461,3.088209807791596,2.9259673922347957,2.9775342503128845,3.0048854694042033,3.0477406785641756,2.9575777198955517,2.9826914530073743,3.044715596346867,3.0514165017757025,2.992991331117683,3.0855340510734033,2.938102647443759,2.960993659368956,3.030426974377186,3.6969579106640675,3.1648571720879324,2.86662285534418,2.86258307247994,3.104327904512348,3.0023305915529246,2.995588529266872,3.0107792007123972,2.8845588939488933,3.041364816862112,2.989292893809551,3.0301514785944725,2.952643989716594,3.108720934387858,3.1566163669873317,4.2221854362328095,3.064420856361613
130,2.75,4.929670848105616,2.830993639573479,2.456614423267036,2.9521282833327236,2.9465417650903296,3.0453647925184075,2.8891672718705146,2.934308467272362,2.964832491674839,3.002434540752351,2.915216232701799,2.942537690204963,3.003193978913661,3.009706440207193,2.9533046168710158,3.0435836249169426,2.900722596010914,2.9186857326836826,2.9892909606899654,3.6370757321731317,3.1205946065055454,2.8216685158265373,2.828654487125527,3.0617839433055223,2.9623688375674915,2.954031142149524,2.9682137170898004,2.8495983097571354,3.0013870862187675,2.9497396661806397,2.989231698202339,2.9134222689834735,3.066260682584592,3.112639923278312,4.15235065128637,3.0229264837598397
131,2.78,5.016378351994537,2.8617169835272698,2.5016477365051126,2.996605330860128,2.984722292546461,3.088209807791596,2.9259673922347957,2.9775342503128845,3.0048854694042033,3.0477406785641756,2.9575777198955517,2.9826914530073743,3.044715596346867,3.0514165017757025,2.992991331117683,3.0855340510734033,2.938102647443759,2.960993659368956,3.030426974377186,3.6969579106640675,3.1648571720879324,2.86662285534418,2.86258307247994,3.104327904512348,3.0023305915529246,2.995588529266872,3.0107792007123972,2.8845588939488933,3.041364816862112,2.989292893809551,3.0301514785944725,2.952643989716594,3.108720934387858,3.1566163669873317,4.2221854362328095,3.064420856361613
132,2.81,5.103085855883459,2.8924403274810606,2.54668104974319,3.0410823783875336,3.0229028200025927,3.1310548230647846,2.962767512599078,3.0207600333534077,3.0449384471335685,3.0930468163760003,2.9999392070893043,3.0228452158097863,3.0862372137800738,3.0931265633442124,3.0326780453643507,3.1274844772298644,2.9754826988766045,3.0033015860542305,3.0715629880644073,3.756840089155004,3.2091197376703193,2.911577194861823,2.8965116578343544,3.1468718657191745,3.0422923455383577,3.03714591638422,3.053344684334995,2.919519478140652,3.0813425475054554,3.0288461214384625,3.0710712589866063,2.9918657104497157,3.151181186191125,3.200592810696352,4.292020221179249,3.105915228963387
133,2.84,5.18979335977238,2.9231636714348515,2.5917143629812665,3.085559425914938,3.061083347458724,3.173899838337973,2.999567632963359,3.06398581639393,3.084991424862933,3.138352954187825,3.042300694283057,3.062998978612198,3.12775883121328,3.134836624912722,3.072364759611018,3.1694349033863247,3.0128627503094494,3.0456095127395044,3.1126990017516283,3.81672226764594,3.253382303252706,2.956531534379465,2.9304402431887677,3.189415826925999,3.0822540995237904,3.078703303501568,3.0959101679575918,2.9544800623324106,3.121320278148799,3.0683993490673727,3.1119910393787396,3.0310874311828364,3.193641437994392,3.2445692544053713,4.361855006125689,3.14740960156516
134,2.83,5.1608908584760735,2.912922556783588,2.5767032585685743,3.0707337434058033,3.048356504973347,3.1596181665802434,2.9873009261752657,3.0495772220470894,3.071640432286478,3.12325090825055,3.028180198551806,3.049614391011394,3.1139182920688775,3.1209332710565523,3.059135854862129,3.1554514280008386,3.000402733165168,3.03150687051108,3.0989869971892214,3.7967615414822955,3.238628114725244,2.9415467545402514,2.919130714737297,3.1752345065237244,3.0689335148619796,3.064850841129118,3.0817216734167268,2.942826534268491,3.107994367934351,3.055214939857736,3.098351112581362,3.0180135242717965,3.1794880207266365,3.229910439835699,4.338576744476875,3.133578144031236
135,2.85,5.218695861068688,2.933404786086115,2.6067254673939586,3.100385108424073,3.0738101899441013,3.1881815100957023,3.011834339751453,3.0783944107407715,3.0983424174393877,3.1534550001251,3.0564211900143077,3.076383566213002,3.1415993703576817,3.1487399787688917,3.085593664359908,3.1834183787718118,3.0253227674537313,3.059712154967929,3.1264110063140356,3.836682993809586,3.2681364917801687,2.97151631421868,2.9417497716402394,3.203597147328275,3.0955746841856016,3.092555765874017,3.1100986624984577,2.96613359039633,3.1346461883632477,3.0815837582770103,3.125630966176118,3.0441613380938772,3.2077948552621476,3.2592280689750455,4.385133267774501,3.1612410590990847
136,2.75,4.929670848105616,2.830993639573479,2.456614423267036,2.9521282833327236,2.9465417650903296,3.0453647925184075,2.8891672718705146,2.934308467272362,2.964832491674839,3.002434540752351,2.915216232701799,2.942537690204963,3.003193978913661,3.009706440207193,2.9533046168710158,3.0435836249169426,2.900722596010914,2.9186857326836826,2.9892909606899654,3.6370757321731317,3.1205946065055454,2.8216685158265373,2.828654487125527,3.0617839433055223,2.9623688375674915,2.954031142149524,2.9682137170898004,2.8495983097571354,3.0013870862187675,2.9497396661806397,2.989231698202339,2.9134222689834735,3.066260682584592,3.112639923278312,4.15235065128637,3.0229264837598397
137,2.75,4.929670848105616,2.830993639573479,2.456614423267036,2.9521282833327236,2.9465417650903296,3.0453647925184075,2.8891672718705146,2.934308467272362,2.964832491674839,3.002434540752351,2.915216232701799,2.942537690204963,3.003193978913661,3.009706440207193,2.9533046168710158,3.0435836249169426,2.900722596010914,2.9186857326836826,2.9892909606899654,3.6370757321731317,3.1205946065055454,2.8216685158265373,2.828654487125527,3.0617839433055223,2.9623688375674915,2.954031142149524,2.9682137170898004,2.8495983097571354,3.0013870862187675,2.9497396661806397,2.989231698202339,2.9134222689834735,3.066260682584592,3.112639923278312,4.15235065128637,3.0229264837598397
138,2.756666666666667,4.948939182303154,2.837821049340988,2.46662182620883,2.962012071672147,2.9550263267472476,3.0548859070235608,2.8973450763959105,2.9439141968369222,2.9737331533924753,3.0125025713772007,2.924629896522633,2.9514607486054985,3.0124210050099283,3.0189753427779724,2.9621238867036084,3.0529059418406006,2.9090292741071018,2.928087494169299,2.9984322970649036,3.6503828829488953,3.1304307321905203,2.83165836905268,2.836194172759841,3.071238156907039,2.9712492273420326,2.96326611706449,2.977672713450377,2.8573673284664145,3.010271026361733,2.9585292723203978,2.9983249827339242,2.922138206924167,3.075696294096429,3.122412466324761,4.167869492385579,3.0321474554491226
139,2.763333333333333,4.968207516500692,2.844648459108497,2.476629229150625,2.9718958600115695,2.963510888404165,3.0644070215287136,2.905522880921306,2.9535199264014826,2.9826338151101117,3.022570602002051,2.9340435603434667,2.9603838070060347,3.0216480311061966,3.028244245348753,2.970943156536201,3.062228258764258,2.917335952203289,2.9374892556549153,3.007573633439841,3.663690033724658,3.140266857875495,2.8416482222788226,2.843733858394155,3.0806923705085554,2.9801296171165728,2.972501091979456,2.9871317098109538,2.865136347175694,3.019154966504698,2.9673188784601554,3.007418267265509,2.93085414486486,3.085131905608266,3.1321850093712094,4.183388333484788,3.041368427138405
140,2.77,4.987475850698231,2.851475868876006,2.4866366320924205,2.9817796483509937,2.971995450061084,3.0739281360338664,2.9137006854467025,2.963125655966044,2.9915344768277485,3.0326386326269006,2.943457224164301,2.969306865406571,3.030875057202465,3.0375131479195323,2.9797624263687936,3.0715505756879162,2.9256426302994774,2.946891017140532,3.016714969814779,3.676997184500423,3.15010298356047,2.8516380755049653,2.851273544028469,3.090146584110073,2.989010006891114,2.9817360668944226,2.996590706171532,2.872905365884974,3.028038906647663,2.976108484599914,3.0165115517970946,2.939570082805554,3.094567517120103,3.141957552417659,4.198907174583997,3.050589398827688
141,2.76,4.958573349401922,2.8412347542247423,2.4716255276797274,2.966953965841858,2.9592686075757064,3.059646464276137,2.9014339786586083,2.9487170616192024,2.9781834842512938,3.0175365866896255,2.9293367284330496,2.9559222778057666,3.017034518058062,3.023609794063362,2.9665335216199042,3.057567100302429,2.9131826131551954,2.932788374912107,3.0030029652523718,3.6570364583367763,3.1353487950330075,2.8366532956657506,2.8399640155769976,3.075965263707797,2.975689422229302,2.9678836045219725,2.9824022116306654,2.861251837821054,3.0147129964332153,2.9629240753902764,3.002871624999716,2.9264961758945134,3.080414099852347,3.127298737847985,4.175628912935183,3.0367579412937635
142,2.89,5.334305866253916,2.97436924469117,2.666769885044728,3.159687838460613,3.1247175598856103,3.24530819712662,3.060901166903829,3.1360287881281352,3.1517463877452077,3.2138631838741993,3.112903172939311,3.129921916616218,3.196961526935291,3.2043533941935722,3.1385092833554644,3.23935228031376,3.0751628360308585,3.116122723881628,3.1812590245636634,3.916525898464167,3.3271532458900177,3.0314554335755366,2.986987885446124,3.2603224289373762,3.1488570228328454,3.1479656153638143,3.1668526406619213,3.0127477026520086,3.187949829221039,3.134321395115559,3.1801906733656287,3.0964569657380387,3.2644085243331697,3.3178633272537383,4.478246314369754,3.2165668892347825
143,2.88,5.305403364957608,2.9641281300399056,2.651758780632035,3.1448621559514778,3.1119907174002326,3.2310265253688897,3.0486344601157347,3.1216201937812933,3.138395395168752,3.1987611379369234,3.0987826772080598,3.1165373290154137,3.183120987790888,3.190450040337401,3.1252803786065746,3.225368804928272,3.062702818886576,3.1020200816532024,3.167547020001256,3.8965651723005212,3.312399057362555,3.0164706537363215,2.9756783569946528,3.2461411085351006,3.1355364381710347,3.1341131529913646,3.1526641461210545,3.001094174588088,3.174623919006591,3.121136985905921,3.1665507465682508,3.083383058826998,3.250255107065414,3.303204512684064,4.454968052720939,3.202735431700858
144,2.88,5.305403364957608,2.9641281300399056,2.651758780632035,3.1448621559514778,3.1119907174002326,3.2310265253688897,3.0486344601157347,3.1216201937812933,3.138395395168752,3.1987611379369234,3.0987826772080598,3.1165373290154137,3.183120987790888,3.190450040337401,3.1252803786065746,3.225368804928272,3.062702818886576,3.1020200816532024,3.167547020001256,3.8965651723005212,3.312399057362555,3.0164706537363215,2.9756783569946528,3.2461411085351006,3.1355364381710347,3.1341131529913646,3.1526641461210545,3.001094174588088,3.174623919006591,3.121136985905921,3.1665507465682508,3.083383058826998,3.250255107065414,3.303204512684064,4.454968052720939,3.202735431700858
145,2.87,5.276500863661302,2.9538870153886423,2.636747676219344,3.1300364734423427,3.0992638749148558,3.2167448536111607,3.036367753327641,3.1072115994344536,3.125044402592297,3.1836590919996492,3.08466218147681,3.10315274141461,3.1692804486464863,3.176546686481232,3.112051473857686,3.211385329542786,3.0502428017422947,3.087917439424779,3.1538350154388497,3.8766044461368767,3.2976448688350932,3.0014858738971086,2.964368828543182,3.2319597881328255,3.122215853509224,3.120260690618916,3.1384756515801895,2.9894406465241694,3.1612980087921434,3.1079525766962846,3.1529108197708733,3.070309151915958,3.2361016897976587,3.2885456981143917,4.431689791072127,3.188903974166934
146,2.86,5.247598362364994,2.9436459007373785,2.6217365718066508,3.115210790933208,3.086537032429478,3.2024631818534317,3.024101046539547,3.092803005087612,3.1116934100158424,3.168557046062374,3.0705416857455585,3.0897681538138055,3.1554399095020838,3.162643332625062,3.0988225691087967,3.1974018541572984,3.0377827845980128,3.0738147971963534,3.140123010876442,3.856643719973231,3.2828906803076303,2.9865010940578935,2.9530593000917102,3.21777846773055,3.1088952688474123,3.1064082282464662,3.1242871570393236,2.97778711846025,3.1479720985776947,3.094768167486647,3.139270892973495,3.057235245004917,3.2219482725299025,3.2738868835447184,4.408411529423313,3.1750725166330094
147,2.85,5.218695861068686,2.9334047860861148,2.6067254673939586,3.100385108424073,3.073810189944101,3.188181510095702,3.011834339751453,3.0783944107407706,3.0983424174393877,3.153455000125099,3.0564211900143077,3.076383566213002,3.1415993703576817,3.1487399787688917,3.085593664359907,3.1834183787718113,3.0253227674537313,3.059712154967929,3.126411006314035,3.836682993809585,3.268136491780168,2.971516314218679,2.9417497716402394,3.2035971473282747,3.0955746841856016,3.0925557658740166,3.1100986624984577,2.96613359039633,3.134646188363247,3.0815837582770103,3.1256309661761175,3.044161338093877,3.207794855262147,3.2592280689750446,4.3851332677745,3.1612410590990843
148,2.84,5.18979335977238,2.9231636714348515,2.5917143629812665,3.085559425914938,3.061083347458724,3.173899838337973,2.999567632963359,3.06398581639393,3.084991424862933,3.138352954187825,3.042300694283057,3.062998978612198,3.12775883121328,3.134836624912722,3.072364759611018,3.1694349033863247,3.0128627503094494,3.0456095127395044,3.1126990017516283,3.81672226764594,3.253382303252706,2.956531534379465,2.9304402431887677,3.189415826925999,3.0822540995237904,3.078703303501568,3.0959101679575918,2.9544800623324106,3.121320278148799,3.0683993490673727,3.1119910393787396,3.0310874311828364,3.193641437994392,3.2445692544053713,4.361855006125689,3.14740960156516
149,2.83,5.1608908584760735,2.912922556783588,2.5767032585685743,3.0707337434058033,3.048356504973347,3.1596181665802434,2.9873009261752657,3.0495772220470894,3.071640432286478,3.12325090825055,3.028180198551806,3.049614391011394,3.1139182920688775,3.1209332710565523,3.059135854862129,3.1554514280008386,3.000402733165168,3.03150687051108,3.0989869971892214,3.7967615414822955,3.238628114725244,2.9415467545402514,2.919130714737297,3.1752345065237244,3.0689335148619796,3.064850841129118,3.0817216734167268,2.942826534268491,3.107994367934351,3.055214939857736,3.098351112581362,3.0180135242717965,3.1794880207266365,3.229910439835699,4.338576744476875,3.133578144031236
150,2.94,5.478818372735451,3.0255748179474877,2.741825407108189,3.233816251006287,3.1883517723124957,3.316716555915267,3.122234700844298,3.208071759862339,3.2185013506274815,3.2893734135605732,3.1835056515955653,3.1968448546202373,3.2661642226573013,3.273870163474421,3.20465380709991,3.309269657241194,3.1374629217522667,3.1866359350237508,3.249819047375698,4.016329529282394,3.4009241885273287,3.1063793327716076,3.0435355277034803,3.3312290309487516,3.2154599461419,3.2172279272260607,3.23779511336625,3.071015342971606,3.2545793802932783,3.2002434411637437,3.248390307352518,3.16182650029324,3.3351756106719463,3.3911574001021045,4.594637622613818,3.285724176904405
151,2.91,5.3921108688465305,2.994851473993697,2.6967920938701124,3.189339203478883,3.1501712448563643,3.2738715406420784,3.0854345804800163,3.164845976821817,3.178448372898117,3.244067275748749,3.1411441644018128,3.1566910918178257,3.224642605224095,3.2321601019059116,3.1649670928532423,3.2673192310847337,3.100082870319422,3.1443280083384773,3.2086830336884775,3.9564473507914575,3.356661622944942,3.061424993253965,3.0096069423490666,3.288685069741926,3.175498192156468,3.1756705401087126,3.195229629743653,3.036054758779847,3.214601649649935,3.1606902135348327,3.2074705269603845,3.1226047795601195,3.292715358868681,3.3471809563930845,4.52480283766738,3.244229804302632
152,2.9033333333333333,5.372842534648993,2.988024064226188,2.686784690928318,3.1794554151394596,3.1416866831994463,3.264350426136926,3.0772567759546208,3.155240247257256,3.1695477111804813,3.2339992451238992,3.131730500580979,3.1477680334172895,3.2154155791278267,3.2228911993351317,3.1561478230206506,3.2579969141610756,3.091776192223234,3.134926246852861,3.1995416973135393,3.9431402000156943,3.346825497259968,3.051435140027823,3.002067256714753,3.2792308561404098,3.1666178023819276,3.166435565193747,3.1857706333830755,3.028285740070568,3.2057177095069695,3.151900607395075,3.1983772424287995,3.113888841619426,3.2832797473568434,3.3374084133466355,4.509283996568171,3.235008832613349
153,2.896666666666667,5.353574200451456,2.981196654458679,2.6767772879865235,3.169571626800037,3.1332021215425288,3.2548293116317737,3.069078971429225,3.145634517692696,3.1606470494628445,3.22393121449905,3.1223168367601457,3.1388449750167546,3.2061885530315593,3.2136222967643526,3.1473285531880575,3.248674597237418,3.0834695141270467,3.1255244853672446,3.190400360938602,3.929833049239932,3.336989371574993,3.04144528680168,2.9945275710804387,3.2697766425388934,3.1577374126073865,3.157200590278781,3.176311637022499,3.0205167213612887,3.196833769364005,3.1431110012553174,3.189283957897215,3.1051729036787323,3.2738441358450068,3.327635870300188,4.493765155468964,3.2257878609240667
154,2.89,5.334305866253916,2.97436924469117,2.666769885044728,3.159687838460613,3.1247175598856103,3.24530819712662,3.060901166903829,3.1360287881281352,3.1517463877452077,3.2138631838741993,3.112903172939311,3.129921916616218,3.196961526935291,3.2043533941935722,3.1385092833554644,3.23935228031376,3.0751628360308585,3.116122723881628,3.1812590245636634,3.916525898464167,3.3271532458900177,3.0314554335755366,2.986987885446124,3.2603224289373762,3.1488570228328454,3.1479656153638143,3.1668526406619213,3.0127477026520086,3.187949829221039,3.134321395115559,3.1801906733656287,3.0964569657380387,3.2644085243331697,3.3178633272537383,4.478246314369754,3.2165668892347825
155,2.89,5.334305866253916,2.97436924469117,2.666769885044728,3.159687838460613,3.1247175598856103,3.24530819712662,3.060901166903829,3.1360287881281352,3.1517463877452077,3.2138631838741993,3.112903172939311,3.129921916616218,3.196961526935291,3.2043533941935722,3.1385092833554644,3.23935228031376,3.0751628360308585,3.116122723881628,3.1812590245636634,3.916525898464167,3.3271532458900177,3.0314554335755366,2.986987885446124,3.2603224289373762,3.1488570228328454,3.1479656153638143,3.1668526406619213,3.0127477026520086,3.187949829221039,3.134321395115559,3.1801906733656287,3.0964569657380387,3.2644085243331697,3.3178633272537383,4.478246314369754,3.2165668892347825
156,2.89,5.334305866253916,2.97436924469117,2.666769885044728,3.159687838460613,3.1247175598856103,3.24530819712662,3.060901166903829,3.1360287881281352,3.1517463877452077,3.2138631838741993,3.112903172939311,3.129921916616218,3.196961526935291,3.2043533941935722,3.1385092833554644,3.23935228031376,3.0751628360308585,3.116122723881628,3.1812590245636634,3.916525898464167,3.3271532458900177,3.0314554335755366,2.986987885446124,3.2603224289373762,3.1488570228328454,3.1479656153638143,3.1668526406619213,3.0127477026520086,3.187949829221039,3.134321395115559,3.1801906733656287,3.0964569657380387,3.2644085243331697,3.3178633272537383,4.478246314369754,3.2165668892347825
157,3.02,5.71003838310591,3.1075037351575965,2.861914242409728,3.352421711079368,3.290166512195513,3.4309699299771026,3.2203683551490485,3.323340514637067,3.3253092912391216,3.410189781058773,3.296469617445572,3.3039215554266685,3.3768885358125185,3.3850969943237805,3.3104850450910237,3.4211374603250895,3.237143058906521,3.2994570728511476,3.359515083874955,4.176015338591558,3.518957696747027,3.226257571485322,3.13401175531525,3.4446795941669546,3.3220246234363886,3.328047626205655,3.3513030696931763,3.164243567482962,3.361186662008862,3.30571871484084,3.3575097217315415,3.266417755581563,3.448402948813991,3.5084279166594907,4.7808637158043235,3.396375837175801
158,2.91,5.3921108688465305,2.994851473993697,2.6967920938701124,3.189339203478883,3.1501712448563643,3.2738715406420784,3.0854345804800163,3.164845976821817,3.178448372898117,3.244067275748749,3.1411441644018128,3.1566910918178257,3.224642605224095,3.2321601019059116,3.1649670928532423,3.2673192310847337,3.100082870319422,3.1443280083384773,3.2086830336884775,3.9564473507914575,3.356661622944942,3.061424993253965,3.0096069423490666,3.288685069741926,3.175498192156468,3.1756705401087126,3.195229629743653,3.036054758779847,3.214601649649935,3.1606902135348327,3.2074705269603845,3.1226047795601195,3.292715358868681,3.3471809563930845,4.52480283766738,3.244229804302632
159,2.94,5.478818372735451,3.0255748179474877,2.741825407108189,3.233816251006287,3.1883517723124957,3.316716555915267,3.122234700844298,3.208071759862339,3.2185013506274815,3.2893734135605732,3.1835056515955653,3.1968448546202373,3.2661642226573013,3.273870163474421,3.20465380709991,3.309269657241194,3.1374629217522667,3.1866359350237508,3.249819047375698,4.016329529282394,3.4009241885273287,3.1063793327716076,3.0435355277034803,3.3312290309487516,3.2154599461419,3.2172279272260607,3.23779511336625,3.071015342971606,3.2545793802932783,3.2002434411637437,3.248390307352518,3.16182650029324,3.3351756106719463,3.3911574001021045,4.594637622613818,3.285724176904405
160,2.97,5.565525876624373,3.0562981619012786,2.7868587203462662,3.2782932985336926,3.226532299768627,3.359561571188455,3.1590348212085795,3.2512975429028628,3.2585543283568468,3.334679551372398,3.225867138789318,3.2369986174226493,3.3076858400905076,3.315580225042931,3.2443405213465777,3.351220083397655,3.174842973185112,3.2289438617090247,3.2909550610629195,4.07621170777333,3.4451867541097156,3.1513336722892507,3.077464113057894,3.373772992155578,3.2554217001273336,3.2587853143434087,3.2803605969888476,3.1059759271633647,3.2945571109366223,3.239796668792655,3.289310087744652,3.2010482210263613,3.377635862475213,3.4351338438111245,4.6644724075602575,3.327218549506179
161,3.0,5.652233380513295,3.087021505855069,2.8318920335843427,3.3227703460610973,3.2647128272247583,3.4024065864616437,3.1958349415728606,3.294523325943385,3.298607306086211,3.379985689184222,3.2682286259830704,3.2771523802250604,3.349207457523714,3.3572902866114402,3.2840272355932454,3.393170509554115,3.2122230246179573,3.2712517883942986,3.3320910747501404,4.136093886264267,3.4894493196921026,3.196288011806893,3.1113926984123075,3.416316953362404,3.2953834541127662,3.3003427014607563,3.3229260806114445,3.1409365113551226,3.3345348415799663,3.279349896421566,3.3302298681367857,3.2402699417594825,3.4200961142784796,3.479110287520144,4.734307192506697,3.368712922107952
162,2.98,5.594428377920681,3.066539276552542,2.8018698247589584,3.293118981042827,3.2392591422540047,3.373843242946185,3.171301527996673,3.2657061372497034,3.2719053209333016,3.349781597309673,3.2399876345205687,3.2503832050234527,3.32152637923491,3.329483578899101,3.2575694260954675,3.3652035587831417,3.187302990329394,3.2430465039374496,3.3046670656253267,4.096172433936976,3.4599409426371777,3.166318452128465,3.0887736415093654,3.387954312557853,3.2687422847891447,3.2726377767158574,3.294549091529713,3.1176294552272843,3.3078830211510706,3.252981078002292,3.30295001454203,3.2141221279374017,3.391789279742969,3.449792658380798,4.687750669209072,3.3410500070401037
163,2.98,5.594428377920681,3.066539276552542,2.8018698247589584,3.293118981042827,3.2392591422540047,3.373843242946185,3.171301527996673,3.2657061372497034,3.2719053209333016,3.349781597309673,3.2399876345205687,3.2503832050234527,3.32152637923491,3.329483578899101,3.2575694260954675,3.3652035587831417,3.187302990329394,3.2430465039374496,3.3046670656253267,4.096172433936976,3.4599409426371777,3.166318452128465,3.0887736415093654,3.387954312557853,3.2687422847891447,3.2726377767158574,3.294549091529713,3.1176294552272843,3.3078830211510706,3.252981078002292,3.30295001454203,3.2141221279374017,3.391789279742969,3.449792658380798,4.687750669209072,3.3410500070401037
164,2.99,5.623330879216989,3.0767803912038056,2.8168809291716514,3.307944663551963,3.251985984739382,3.3881249147039147,3.1835682347847674,3.2801147315965453,3.2852563135097568,3.3648836432469484,3.25410813025182,3.2637677926242574,3.3353669183793127,3.343386932755271,3.2707983308443564,3.3791870341686288,3.199763007473676,3.2571491461658746,3.318379070187734,4.116133160100622,3.4746951311646406,3.1813032319676795,3.100083169960836,3.402135632960129,3.282062869450956,3.286490239088307,3.3087375860705794,3.129282983291204,3.3212089313655184,3.2661654872119295,3.316589941339408,3.2271960348484425,3.4059426970107247,3.464451472950471,4.711028930857885,3.3548814645740284
165,3.02,5.71003838310591,3.1075037351575965,2.861914242409728,3.352421711079368,3.290166512195513,3.4309699299771026,3.2203683551490485,3.323340514637067,3.3253092912391216,3.410189781058773,3.296469617445572,3.3039215554266685,3.3768885358125185,3.3850969943237805,3.3104850450910237,3.4211374603250895,3.237143058906521,3.2994570728511476,3.359515083874955,4.176015338591558,3.518957696747027,3.226257571485322,3.13401175531525,3.4446795941669546,3.3220246234363886,3.328047626205655,3.3513030696931763,3.164243567482962,3.361186662008862,3.30571871484084,3.3575097217315415,3.266417755581563,3.448402948813991,3.5084279166594907,4.7808637158043235,3.396375837175801
166,3.01,5.681135881809603,3.097262620506333,2.846903137997036,3.337596028570233,3.2774396697101364,3.416688258219373,3.2081016483609543,3.308931920290227,3.3119582986626668,3.395087735121498,3.2823491217143217,3.290536967825865,3.363047996668117,3.3711936404676113,3.2972561403421343,3.4071539849396024,3.224683041762239,3.2853544306227236,3.3458030793125477,4.156054612427913,3.5042035082195655,3.211272791646108,3.122702226863779,3.4304982737646794,3.308704038774578,3.3141951638332063,3.3371145751523112,3.1525900394190427,3.3478607517944146,3.2925343056312033,3.3438697949341636,3.2533438486705233,3.4342495315462362,3.493769102089818,4.757585454155511,3.3825443796418773
167,3.0,5.652233380513295,3.087021505855069,2.8318920335843427,3.3227703460610973,3.2647128272247583,3.4024065864616437,3.1958349415728606,3.294523325943385,3.298607306086211,3.379985689184222,3.2682286259830704,3.2771523802250604,3.349207457523714,3.3572902866114402,3.2840272355932454,3.393170509554115,3.2122230246179573,3.2712517883942986,3.3320910747501404,4.136093886264267,3.4894493196921026,3.196288011806893,3.1113926984123075,3.416316953362404,3.2953834541127662,3.3003427014607563,3.3229260806114445,3.1409365113551226,3.3345348415799663,3.279349896421566,3.3302298681367857,3.2402699417594825,3.4200961142784796,3.479110287520144,4.734307192506697,3.368712922107952
168,2.99,5.623330879216989,3.0767803912038056,2.8168809291716514,3.307944663551963,3.251985984739382,3.3881249147039147,3.1835682347847674,3.2801147315965453,3.2852563135097568,3.3648836432469484,3.25410813025182,3.2637677926242574,3.3353669183793127,3.343386932755271,3.2707983308443564,3.3791870341686288,3.199763007473676,3.2571491461658746,3.318379070187734,4.116133160100622,3.4746951311646406,3.1813032319676795,3.100083169960836,3.402135632960129,3.282062869450956,3.286490239088307,3.3087375860705794,3.129282983291204,3.3212089313655184,3.2661654872119295,3.316589941339408,3.2271960348484425,3.4059426970107247,3.464451472950471,4.711028930857885,3.3548814645740284
169,2.95,5.507720874031759,3.0358159325987515,2.756836511520882,3.248641933515423,3.201078614797873,3.330998227672996,3.1345014076323916,3.2224803542091807,3.231852343203937,3.3044754594978483,3.1976261473268166,3.210229442221041,3.2800047618017034,3.2877735173305913,3.2178827118488,3.3232531326266814,3.149922938896549,3.2007385772521757,3.2635310519381058,4.0362902554460405,3.415678377054791,3.1213641126108223,3.0548450561549516,3.3454103513510276,3.2287805308037116,3.2310803895985103,3.2519836079071163,3.0826688710355254,3.2679052905077266,3.213427850373381,3.262030234149896,3.174900407204281,3.349329027939703,3.405816214671778,4.617915884262631,3.29955563443833
170,2.96,5.536623375328067,3.046057047250015,2.771847615933574,3.263467616024558,3.21380545728325,3.345279899430726,3.1467681144204853,3.2368889485560217,3.245203335780392,3.319577505435123,3.2117466430580675,3.2236140298218454,3.2938453009461055,3.3016768711867615,3.2311116165976888,3.337236608012168,3.1623829560408305,3.2148412194806,3.2772430565005126,4.0562509816096854,3.430432565582253,3.1363488924500365,3.066154584606423,3.359591671753303,3.242101115465523,3.2449328519709595,3.2661721024479817,3.094322399099445,3.2812312007221744,3.2266122595830176,3.275670160947274,3.187974314115321,3.363482445207458,3.420475029241451,4.641194145911445,3.313387091972254
171,3.08,5.883453390883752,3.168950423065178,2.9519808688858817,3.441375806134177,3.366527567107776,3.516659960523479,3.2939685958776117,3.409792080718113,3.4054152466978507,3.500802056682422,3.381192591833077,3.3842290810314926,3.4599317706789314,3.4685171174608005,3.3898584735843587,3.5050383126380114,3.3119031617722112,3.384072926221696,3.441787111249397,4.29577969557343,3.6074828279118005,3.3161662505206073,3.2018689260240776,3.529767516580606,3.401948131407255,3.411162400440351,3.436434036938371,3.2341647358664796,3.44114212329555,3.384825170098663,3.4393492825158085,3.3448611970478055,3.533323452420525,3.5963808040775307,4.920533285697202,3.4793645823793486
172,2.95,5.507720874031759,3.0358159325987515,2.756836511520882,3.248641933515423,3.201078614797873,3.330998227672996,3.1345014076323916,3.2224803542091807,3.231852343203937,3.3044754594978483,3.1976261473268166,3.210229442221041,3.2800047618017034,3.2877735173305913,3.2178827118488,3.3232531326266814,3.149922938896549,3.2007385772521757,3.2635310519381058,4.0362902554460405,3.415678377054791,3.1213641126108223,3.0548450561549516,3.3454103513510276,3.2287805308037116,3.2310803895985103,3.2519836079071163,3.0826688710355254,3.2679052905077266,3.213427850373381,3.262030234149896,3.174900407204281,3.349329027939703,3.405816214671778,4.617915884262631,3.29955563443833
173,2.9533333333333336,5.517355041130529,3.039229637482506,2.76184021299178,3.253583827685135,3.205320895626332,3.3357587849255737,3.13859030989509,3.2272832189914613,3.2363026740627556,3.3095094748102745,3.2023329792372337,3.2146909714213097,3.284618274849838,3.292407968615982,3.222292346765096,3.327914291088511,3.154076277944643,3.2054394579949848,3.268101720125575,4.042943830833922,3.420596439897279,3.1263590392238942,3.0586148989721087,3.350137458151787,3.2332207256909826,3.2356978770559937,3.256713106087405,3.0865533803901655,3.272347260579209,3.2178226534432604,3.2665768764156895,3.179258376174628,3.3540468336956217,3.410702486195003,4.625675304812238,3.304166120282972
174,2.9566666666666666,5.526989208229296,3.04264334236626,2.7668439144626764,3.2585257218548453,3.2095631764547905,3.3405193421781494,3.142679212157787,3.2320860837737406,3.240753004921573,3.3145434901226976,3.20703981114765,3.219152500621577,3.2892317878979718,3.297042419901371,3.226701981681392,3.332575449550339,3.1582296169927364,3.2101403387377916,3.272672388313043,4.049597406221803,3.4255145027397655,3.131353965836964,3.062384741789266,3.3548645649525444,3.237660920578252,3.240315364513476,3.261442604267693,3.0904378897448046,3.2767892306506914,3.222217456513139,3.271123518681481,3.183616345144974,3.3587646394515387,3.4155887577182265,4.63343472536184,3.3087766061276125
175,2.96,5.536623375328067,3.046057047250015,2.771847615933574,3.263467616024558,3.21380545728325,3.345279899430726,3.1467681144204853,3.2368889485560217,3.245203335780392,3.319577505435123,3.2117466430580675,3.2236140298218454,3.2938453009461055,3.3016768711867615,3.2311116165976888,3.337236608012168,3.1623829560408305,3.2148412194806,3.2772430565005126,4.0562509816096854,3.430432565582253,3.1363488924500365,3.066154584606423,3.359591671753303,3.242101115465523,3.2449328519709595,3.2661721024479817,3.094322399099445,3.2812312007221744,3.2266122595830176,3.275670160947274,3.187974314115321,3.363482445207458,3.420475029241451,4.641194145911445,3.313387091972254
176,2.98,5.594428377920681,3.066539276552542,2.8018698247589584,3.293118981042827,3.2392591422540047,3.373843242946185,3.171301527996673,3.2657061372497034,3.2719053209333016,3.349781597309673,3.2399876345205687,3.2503832050234527,3.32152637923491,3.329483578899101,3.2575694260954675,3.3652035587831417,3.187302990329394,3.2430465039374496,3.3046670656253267,4.096172433936976,3.4599409426371777,3.166318452128465,3.0887736415093654,3.387954312557853,3.2687422847891447,3.2726377767158574,3.294549091529713,3.1176294552272843,3.3078830211510706,3.252981078002292,3.30295001454203,3.2141221279374017,3.391789279742969,3.449792658380798,4.687750669209072,3.3410500070401037
177,3.01,5.681135881809602,3.0972626205063327,2.846903137997035,3.337596028570232,3.2774396697101356,3.4166882582193727,3.2081016483609543,3.308931920290226,3.311958298662666,3.395087735121497,3.282349121714321,3.2905369678258647,3.3630479966681164,3.3711936404676104,3.2972561403421343,3.407153984939602,3.2246830417622387,3.2853544306227227,3.3458030793125477,4.156054612427912,3.5042035082195646,3.211272791646107,3.1227022268637787,3.430498273764679,3.3087040387745774,3.3141951638332054,3.3371145751523104,3.1525900394190423,3.347860751794414,3.292534305631203,3.3438697949341627,3.2533438486705224,3.4342495315462354,3.4937691020898174,4.75758545415551,3.3825443796418764
178,2.99,5.623330879216989,3.0767803912038056,2.8168809291716514,3.307944663551963,3.251985984739382,3.3881249147039147,3.1835682347847674,3.2801147315965453,3.2852563135097568,3.3648836432469484,3.25410813025182,3.2637677926242574,3.3353669183793127,3.343386932755271,3.2707983308443564,3.3791870341686288,3.199763007473676,3.2571491461658746,3.318379070187734,4.116133160100622,3.4746951311646406,3.1813032319676795,3.100083169960836,3.402135632960129,3.282062869450956,3.286490239088307,3.3087375860705794,3.129282983291204,3.3212089313655184,3.2661654872119295,3.316589941339408,3.2271960348484425,3.4059426970107247,3.464451472950471,4.711028930857885,3.3548814645740284
179,2.96,5.536623375328067,3.046057047250015,2.771847615933574,3.263467616024558,3.21380545728325,3.345279899430726,3.1467681144204853,3.2368889485560217,3.245203335780392,3.319577505435123,3.2117466430580675,3.2236140298218454,3.2938453009461055,3.3016768711867615,3.2311116165976888,3.337236608012168,3.1623829560408305,3.2148412194806,3.2772430565005126,4.0562509816096854,3.430432565582253,3.1363488924500365,3.066154584606423,3.359591671753303,3.242101115465523,3.2449328519709595,3.2661721024479817,3.094322399099445,3.2812312007221744,3.2266122595830176,3.275670160947274,3.187974314115321,3.363482445207458,3.420475029241451,4.641194145911445,3.313387091972254
180,2.94,5.478818372735451,3.0255748179474877,2.741825407108189,3.233816251006287,3.1883517723124957,3.316716555915267,3.122234700844298,3.208071759862339,3.2185013506274815,3.2893734135605732,3.1835056515955653,3.1968448546202373,3.2661642226573013,3.273870163474421,3.20465380709991,3.309269657241194,3.1374629217522667,3.1866359350237508,3.249819047375698,4.016329529282394,3.4009241885273287,3.1063793327716076,3.0435355277034803,3.3312290309487516,3.2154599461419,3.2172279272260607,3.23779511336625,3.071015342971606,3.2545793802932783,3.2002434411637437,3.248390307352518,3.16182650029324,3.3351756106719463,3.3911574001021045,4.594637622613818,3.285724176904405
181,2.92,5.421013370142837,3.00509258864496,2.7118031982828046,3.204164885988017,3.162898087341741,3.2881532123998074,3.0977012872681096,3.179254571168658,3.191799365474572,3.2591693216860236,3.1552646601330636,3.170075679418629,3.2384831443684967,3.246063455762081,3.1781959976021317,3.28130270647022,3.1125428874637033,3.1584306505669013,3.222395038250884,3.976408076955103,3.371415811472404,3.0764097730931788,3.0209164708005374,3.3028663901442012,3.1888187768182785,3.189523002481162,3.209418124284518,3.0477082868437666,3.2279275598643826,3.17387462274447,3.2211104537577624,3.1356786864711594,3.3068687761364357,3.3618397709627574,4.5480810993161915,3.258061261836556
182,2.9,5.363208367550223,2.984610359342433,2.6817809894574203,3.1745135209697475,3.137444402370987,3.2595898688843494,3.073167873691922,3.1504373824749754,3.165097380321662,3.228965229811474,3.127023668670562,3.1433065042170214,3.2108020660796925,3.2182567480497415,3.1517381881043534,3.2533357556992466,3.08762285317514,3.1302253661100523,3.1949710291260702,3.936486624627813,3.3419074344174797,3.0464402134147512,2.9982974138975953,3.2745037493396514,3.1621776074946566,3.1618180777362634,3.181041135202787,3.024401230715928,3.201275739435487,3.1475058043251956,3.1938306001630066,3.1095308726490787,3.278561941600925,3.3325221418234117,4.501524576018566,3.230398346768707
183,2.9,5.363208367550223,2.984610359342433,2.6817809894574203,3.1745135209697475,3.137444402370987,3.2595898688843494,3.073167873691922,3.1504373824749754,3.165097380321662,3.228965229811474,3.127023668670562,3.1433065042170214,3.2108020660796925,3.2182567480497415,3.1517381881043534,3.2533357556992466,3.08762285317514,3.1302253661100523,3.1949710291260702,3.936486624627813,3.3419074344174797,3.0464402134147512,2.9982974138975953,3.2745037493396514,3.1621776074946566,3.1618180777362634,3.181041135202787,3.024401230715928,3.201275739435487,3.1475058043251956,3.1938306001630066,3.1095308726490787,3.278561941600925,3.3325221418234117,4.501524576018566,3.230398346768707
184,2.905,5.377659618198378,2.989730916668065,2.689286541663767,3.1819263622243157,3.1438078236136753,3.266730704763214,3.079301227085969,3.157641679648396,3.17177287660989,3.2365162527801115,3.134083916536188,3.1499987980174238,3.217722335651894,3.225208424977827,3.158352640478798,3.26032749339199,3.0938528617472807,3.137276687224265,3.201827031407274,3.946466987709636,3.349284528681211,3.053932603334358,3.003952178123331,3.281594409540789,3.168837899825562,3.1687443089224887,3.18813538247322,3.0302279947478876,3.207938694542711,3.1540980089300144,3.200650563561696,3.116067826104599,3.285638650234803,3.339851549108248,4.513163706842973,3.2373140755356697
185,2.91,5.3921108688465305,2.994851473993697,2.6967920938701124,3.189339203478883,3.1501712448563643,3.2738715406420784,3.0854345804800163,3.164845976821817,3.178448372898117,3.244067275748749,3.1411441644018128,3.1566910918178257,3.224642605224095,3.2321601019059116,3.1649670928532423,3.2673192310847337,3.100082870319422,3.1443280083384773,3.2086830336884775,3.9564473507914575,3.356661622944942,3.061424993253965,3.0096069423490666,3.288685069741926,3.175498192156468,3.1756705401087126,3.195229629743653,3.036054758779847,3.214601649649935,3.1606902135348327,3.2074705269603845,3.1226047795601195,3.292715358868681,3.3471809563930845,4.52480283766738,3.244229804302632
186,2.91,5.3921108688465305,2.994851473993697,2.6967920938701124,3.189339203478883,3.1501712448563643,3.2738715406420784,3.0854345804800163,3.164845976821817,3.178448372898117,3.244067275748749,3.1411441644018128,3.1566910918178257,3.224642605224095,3.2321601019059116,3.1649670928532423,3.2673192310847337,3.100082870319422,3.1443280083384773,3.2086830336884775,3.9564473507914575,3.356661622944942,3.061424993253965,3.0096069423490666,3.288685069741926,3.175498192156468,3.1756705401087126,3.195229629743653,3.036054758779847,3.214601649649935,3.1606902135348327,3.2074705269603845,3.1226047795601195,3.292715358868681,3.3471809563930845,4.52480283766738,3.244229804302632
187,2.9066666666666667,5.382476701747762,2.9914377691099423,2.6917883923992147,3.184397309309171,3.145928964027905,3.2691109833895022,3.081345678217318,3.1600431120395367,3.1739980420392992,3.2390332604363237,3.1364373324913957,3.152229562617557,3.220029092175961,3.227525650620522,3.160557457936946,3.262658072622904,3.0959295312713278,3.139627127595668,3.2041123655010084,3.9497937754035766,3.351743560102455,3.0564300666408935,3.0058370995319095,3.2839579629411677,3.1710579972691972,3.1710530526512297,3.190500131563364,3.0321702494252074,3.210159679578452,3.1562954104649537,3.202923884694592,3.1182468105897723,3.2879975531127617,3.3422946848698603,4.517043417117774,3.23961931845799
188,2.9033333333333333,5.372842534648993,2.988024064226188,2.686784690928318,3.1794554151394596,3.1416866831994463,3.264350426136926,3.0772567759546208,3.155240247257256,3.1695477111804813,3.2339992451238992,3.131730500580979,3.1477680334172895,3.2154155791278267,3.2228911993351317,3.1561478230206506,3.2579969141610756,3.091776192223234,3.134926246852861,3.1995416973135393,3.9431402000156943,3.346825497259968,3.051435140027823,3.002067256714753,3.2792308561404098,3.1666178023819276,3.166435565193747,3.1857706333830755,3.028285740070568,3.2057177095069695,3.151900607395075,3.1983772424287995,3.113888841619426,3.2832797473568434,3.3374084133466355,4.509283996568171,3.235008832613349
189,2.9,5.363208367550223,2.984610359342433,2.6817809894574203,3.1745135209697475,3.137444402370987,3.2595898688843494,3.073167873691922,3.1504373824749754,3.165097380321662,3.228965229811474,3.127023668670562,3.1433065042170214,3.2108020660796925,3.2182567480497415,3.1517381881043534,3.2533357556992466,3.08762285317514,3.1302253661100523,3.1949710291260702,3.936486624627813,3.3419074344174797,3.0464402134147512,2.9982974138975953,3.2745037493396514,3.1621776074946566,3.1618180777362634,3.181041135202787,3.024401230715928,3.201275739435487,3.1475058043251956,3.1938306001630066,3.1095308726490787,3.278561941600925,3.3325221418234117,4.501524576018566,3.230398346768707
190,2.9,5.363208367550223,2.984610359342433,2.6817809894574203,3.1745135209697475,3.137444402370987,3.2595898688843494,3.073167873691922,3.1504373824749754,3.165097380321662,3.228965229811474,3.127023668670562,3.1433065042170214,3.2108020660796925,3.2182567480497415,3.1517381881043534,3.2533357556992466,3.08762285317514,3.1302253661100523,3.1949710291260702,3.936486624627813,3.3419074344174797,3.0464402134147512,2.9982974138975953,3.2745037493396514,3.1621776074946566,3.1618180777362634,3.181041135202787,3.024401230715928,3.201275739435487,3.1475058043251956,3.1938306001630066,3.1095308726490787,3.278561941600925,3.3325221418234117,4.501524576018566,3.230398346768707
191,2.89,5.334305866253916,2.97436924469117,2.666769885044728,3.159687838460613,3.1247175598856103,3.24530819712662,3.060901166903829,3.1360287881281352,3.1517463877452077,3.2138631838741993,3.112903172939311,3.129921916616218,3.196961526935291,3.2043533941935722,3.1385092833554644,3.23935228031376,3.0751628360308585,3.116122723881628,3.1812590245636634,3.916525898464167,3.3271532458900177,3.0314554335755366,2.986987885446124,3.2603224289373762,3.1488570228328454,3.1479656153638143,3.1668526406619213,3.0127477026520086,3.187949829221039,3.134321395115559,3.1801906733656287,3.0964569657380387,3.2644085243331697,3.3178633272537383,4.478246314369754,3.2165668892347825
192,2.89,5.334305866253916,2.97436924469117,2.666769885044728,3.159687838460613,3.1247175598856103,3.24530819712662,3.060901166903829,3.1360287881281352,3.1517463877452077,3.2138631838741993,3.112903172939311,3.129921916616218,3.196961526935291,3.2043533941935722,3.1385092833554644,3.23935228031376,3.0751628360308585,3.116122723881628,3.1812590245636634,3.916525898464167,3.3271532458900177,3.0314554335755366,2.986987885446124,3.2603224289373762,3.1488570228328454,3.1479656153638143,3.1668526406619213,3.0127477026520086,3.187949829221039,3.134321395115559,3.1801906733656287,3.0964569657380387,3.2644085243331697,3.3178633272537383,4.478246314369754,3.2165668892347825
193,2.86,5.247598362364994,2.9436459007373785,2.6217365718066508,3.115210790933208,3.086537032429478,3.2024631818534317,3.024101046539547,3.092803005087612,3.1116934100158424,3.168557046062374,3.0705416857455585,3.0897681538138055,3.1554399095020838,3.162643332625062,3.0988225691087967,3.1974018541572984,3.0377827845980128,3.0738147971963534,3.140123010876442,3.856643719973231,3.2828906803076303,2.9865010940578935,2.9530593000917102,3.21777846773055,3.1088952688474123,3.1064082282464662,3.1242871570393236,2.97778711846025,3.1479720985776947,3.094768167486647,3.139270892973495,3.057235245004917,3.2219482725299025,3.2738868835447184,4.408411529423313,3.1750725166330094
194,2.8266666666666667,5.151256691377305,2.909508851899833,2.5716995570976766,3.0657918492360916,3.044114224144887,3.1548576093276672,2.983212023912568,3.044774357264809,3.06719010142766,3.1182168929381247,3.023473366641389,3.0451528618111263,3.1093047790207438,3.116298819771162,3.0547262199458327,3.1507902695390086,2.996249394117074,3.0268059897682713,3.0944163290017523,3.7901079660944132,3.2337100518827566,2.9365518279271794,2.91536087192014,3.170507399722966,3.0644933199747095,3.0602333536716353,3.0769921752364375,2.9389420249138514,3.1035523978628685,3.0508201367878574,3.093804470315569,3.0136555553014492,3.1747702149707173,3.2250241683124745,4.330817323927271,3.1289676581865944
195,2.793333333333333,5.054915020389612,2.875371803062288,2.5216625423887016,3.0163729075389742,3.001691415860297,3.107252036801901,2.9423230012855877,2.9967457094420054,3.022686792839476,3.0678767398138747,2.9764050475372192,3.0005375698084458,3.063169648539403,3.069954306917262,3.010629870782868,3.104178684920719,2.9547160036361344,2.9797971823401888,3.048709647127062,3.7235722122155943,3.1845294234578816,2.8866025617964652,2.8776624437485685,3.1232363317153813,3.0200913711020054,3.014058479096804,3.0296971934335515,2.900096931367453,3.0591326971480415,3.006872106089067,3.0483380476576425,2.9700758655979813,3.1275921574115326,3.17616145308023,4.253223118431226,3.0828627997401785
196,2.76,4.958573349401922,2.8412347542247423,2.4716255276797274,2.966953965841858,2.9592686075757064,3.059646464276137,2.9014339786586083,2.9487170616192024,2.9781834842512938,3.0175365866896255,2.9293367284330496,2.9559222778057666,3.017034518058062,3.023609794063362,2.9665335216199042,3.057567100302429,2.9131826131551954,2.932788374912107,3.0030029652523718,3.6570364583367763,3.1353487950330075,2.8366532956657506,2.8399640155769976,3.075965263707797,2.975689422229302,2.9678836045219725,2.9824022116306654,2.861251837821054,3.0147129964332153,2.9629240753902764,3.002871624999716,2.9264961758945134,3.080414099852347,3.127298737847985,4.175628912935183,3.0367579412937635
197,2.81,5.103085855883459,2.8924403274810606,2.54668104974319,3.0410823783875336,3.0229028200025927,3.1310548230647846,2.962767512599078,3.0207600333534077,3.0449384471335685,3.0930468163760003,2.9999392070893043,3.0228452158097863,3.0862372137800738,3.0931265633442124,3.0326780453643507,3.1274844772298644,2.9754826988766045,3.0033015860542305,3.0715629880644073,3.756840089155004,3.2091197376703193,2.911577194861823,2.8965116578343544,3.1468718657191745,3.0422923455383577,3.03714591638422,3.053344684334995,2.919519478140652,3.0813425475054554,3.0288461214384625,3.0710712589866063,2.9918657104497157,3.151181186191125,3.200592810696352,4.292020221179249,3.105915228963387
198,2.8,5.074183354587151,2.882199212829797,2.531669945330497,3.0262566958783976,3.0101759775172154,3.1167731513070547,2.9505008058109836,3.006351439006566,3.031587454557113,3.0779447704387253,2.9858187113580534,3.009460628208982,3.0723966746356712,3.079223209488042,3.0194491406154613,3.1135010018443765,2.9630226817323226,2.9891989438258055,3.057850983502,3.7368793629913584,3.1943655491428564,2.896592415022608,2.8852021293828827,3.132690545316898,3.028971760876547,3.02329345401177,3.039156189794129,2.907865950076732,3.0680166372910076,3.015661712228825,3.057431332189228,2.978791803538675,3.137027768923369,3.1859339961266784,4.268741959530436,3.092083771429462
199,2.75,4.929670848105616,2.830993639573479,2.456614423267036,2.9521282833327236,2.9465417650903296,3.0453647925184075,2.8891672718705146,2.934308467272362,2.964832491674839,3.002434540752351,2.915216232701799,2.942537690204963,3.003193978913661,3.009706440207193,2.9533046168710158,3.0435836249169426,2.900722596010914,2.9186857326836826,2.9892909606899654,3.6370757321731317,3.1205946065055454,2.8216685158265373,2.828654487125527,3.0617839433055223,2.9623688375674915,2.954031142149524,2.9682137170898004,2.8495983097571354,3.0013870862187675,2.9497396661806397,2.989231698202339,2.9134222689834735,3.066260682584592,3.112639923278312,4.15235065128637,3.0229264837598397
200,2.79,5.045280853290845,2.871958098178533,2.516658840917805,3.0114310133692634,2.997449135031838,3.1024914795493252,2.93823409902289,2.9919428446597256,3.018236461980659,3.0628427245014502,2.9716982156268026,2.9960760406081786,3.058556135491269,3.0653198556318726,3.0062202358665724,3.09951752645889,2.950562664588041,2.9750963015973815,3.0441389789395936,3.7169186368277134,3.1796113606153944,2.881607635183394,2.873892600931412,3.1185092249146233,3.0156511762147353,3.0094409916393214,3.024967695253263,2.896212422012813,3.0546907270765593,3.002477303019188,3.04379140539185,2.9657178966276345,3.122874351655614,3.1712751815570055,4.245463697881623,3.078252313895538
201,2.79,5.045280853290845,2.871958098178533,2.516658840917805,3.0114310133692634,2.997449135031838,3.1024914795493252,2.93823409902289,2.9919428446597256,3.018236461980659,3.0628427245014502,2.9716982156268026,2.9960760406081786,3.058556135491269,3.0653198556318726,3.0062202358665724,3.09951752645889,2.950562664588041,2.9750963015973815,3.0441389789395936,3.7169186368277134,3.1796113606153944,2.881607635183394,2.873892600931412,3.1185092249146233,3.0156511762147353,3.0094409916393214,3.024967695253263,2.896212422012813,3.0546907270765593,3.002477303019188,3.04379140539185,2.9657178966276345,3.122874351655614,3.1712751815570055,4.245463697881623,3.078252313895538
202,2.79,5.045280853290845,2.871958098178533,2.516658840917805,3.0114310133692634,2.997449135031838,3.1024914795493252,2.93823409902289,2.9919428446597256,3.018236461980659,3.0628427245014502,2.9716982156268026,2.9960760406081786,3.058556135491269,3.0653198556318726,3.0062202358665724,3.09951752645889,2.950562664588041,2.9750963015973815,3.0441389789395936,3.7169186368277134,3.1796113606153944,2.881607635183394,2.873892600931412,3.1185092249146233,3.0156511762147353,3.0094409916393214,3.024967695253263,2.896212422012813,3.0546907270765593,3.002477303019188,3.04379140539185,2.9657178966276345,3.122874351655614,3.1712751815570055,4.245463697881623,3.078252313895538
203,2.79,5.045280853290845,2.871958098178533,2.516658840917805,3.0114310133692634,2.997449135031838,3.1024914795493252,2.93823409902289,2.9919428446597256,3.018236461980659,3.0628427245014502,2.9716982156268026,2.9960760406081786,3.058556135491269,3.0653198556318726,3.0062202358665724,3.09951752645889,2.950562664588041,2.9750963015973815,3.0441389789395936,3.7169186368277134,3.1796113606153944,2.881607635183394,2.873892600931412,3.1185092249146233,3.0156511762147353,3.0094409916393214,3.024967695253263,2.896212422012813,3.0546907270765593,3.002477303019188,3.04379140539185,2.9657178966276345,3.122874351655614,3.1712751815570055,4.245463697881623,3.078252313895538
204,2.73,4.8718658455130015,2.810511410270952,2.426592214441651,2.9224769183144534,2.921088080119575,3.0168014490029487,2.8646338582943267,2.90549127857868,2.938130506521929,2.972230448877801,2.8869752412392975,2.915768515003355,2.975512900624856,2.9818997324948526,2.926846807373237,3.0156166741459685,2.8758025617223506,2.890480448226833,2.9618669515651512,3.5971542798458405,3.091086229450621,2.7916989561481085,2.8060354302225843,3.0334213025009715,2.9357276682438695,2.9263262174046254,2.939836728008068,2.8262912536292957,2.974735265789872,2.9233708477613654,2.961951844607583,2.8872744551613927,3.0379538480490806,3.0833222941389655,4.105794127988744,2.995263568691991
205,2.82,5.1319883571797655,2.902681442132324,2.5616921541558813,3.0559080608966673,3.0356296624879695,3.145336494822513,2.9750342193871715,3.035168627700248,3.0582894397100224,3.108148862313275,3.014059702820555,3.03622980341059,3.1000777529244754,3.107029917200382,3.045906950113239,3.1414679526153506,2.9879427160208856,3.0174042282826545,3.085274992626814,3.7768008153186488,3.223873926197781,2.9265619747010367,2.907821186285825,3.161053186121449,3.0556129302001684,3.0509983787566686,3.06753317887586,2.9311730062045713,3.0946684577199033,3.0420305306480984,3.0847111857839833,3.0049396173607557,3.1653346034588803,3.2152516252660246,4.315298482828062,3.1197466864973107
206,2.82,5.1319883571797655,2.902681442132324,2.5616921541558813,3.0559080608966673,3.0356296624879695,3.145336494822513,2.9750342193871715,3.035168627700248,3.0582894397100224,3.108148862313275,3.014059702820555,3.03622980341059,3.1000777529244754,3.107029917200382,3.045906950113239,3.1414679526153506,2.9879427160208856,3.0174042282826545,3.085274992626814,3.7768008153186488,3.223873926197781,2.9265619747010367,2.907821186285825,3.161053186121449,3.0556129302001684,3.0509983787566686,3.06753317887586,2.9311730062045713,3.0946684577199033,3.0420305306480984,3.0847111857839833,3.0049396173607557,3.1653346034588803,3.2152516252660246,4.315298482828062,3.1197466864973107
207,2.78,5.016378351994537,2.8617169835272698,2.5016477365051126,2.996605330860128,2.984722292546461,3.088209807791596,2.9259673922347957,2.9775342503128845,3.0048854694042033,3.0477406785641756,2.9575777198955517,2.9826914530073743,3.044715596346867,3.0514165017757025,2.992991331117683,3.0855340510734033,2.938102647443759,2.960993659368956,3.030426974377186,3.6969579106640675,3.1648571720879324,2.86662285534418,2.86258307247994,3.104327904512348,3.0023305915529246,2.995588529266872,3.0107792007123972,2.8845588939488933,3.041364816862112,2.989292893809551,3.0301514785944725,2.952643989716594,3.108720934387858,3.1566163669873317,4.2221854362328095,3.064420856361613
208,2.77,4.987475850698231,2.851475868876006,2.4866366320924205,2.9817796483509937,2.971995450061084,3.0739281360338664,2.9137006854467025,2.963125655966044,2.9915344768277485,3.0326386326269006,2.943457224164301,2.969306865406571,3.030875057202465,3.0375131479195323,2.9797624263687936,3.0715505756879162,2.9256426302994774,2.946891017140532,3.016714969814779,3.676997184500423,3.15010298356047,2.8516380755049653,2.851273544028469,3.090146584110073,2.989010006891114,2.9817360668944226,2.996590706171532,2.872905365884974,3.028038906647663,2.976108484599914,3.0165115517970946,2.939570082805554,3.094567517120103,3.141957552417659,4.198907174583997,3.050589398827688
209,2.76,4.958573349401922,2.8412347542247423,2.4716255276797274,2.966953965841858,2.9592686075757064,3.059646464276137,2.9014339786586083,2.9487170616192024,2.9781834842512938,3.0175365866896255,2.9293367284330496,2.9559222778057666,3.017034518058062,3.023609794063362,2.9665335216199042,3.057567100302429,2.9131826131551954,2.932788374912107,3.0030029652523718,3.6570364583367763,3.1353487950330075,2.8366532956657506,2.8399640155769976,3.075965263707797,2.975689422229302,2.9678836045219725,2.9824022116306654,2.861251837821054,3.0147129964332153,2.9629240753902764,3.002871624999716,2.9264961758945134,3.080414099852347,3.127298737847985,4.175628912935183,3.0367579412937635
210,2.75,4.929670848105616,2.830993639573479,2.456614423267036,2.9521282833327236,2.9465417650903296,3.0453647925184075,2.8891672718705146,2.934308467272362,2.964832491674839,3.002434540752351,2.915216232701799,2.942537690204963,3.003193978913661,3.009706440207193,2.9533046168710158,3.0435836249169426,2.900722596010914,2.9186857326836826,2.9892909606899654,3.6370757321731317,3.1205946065055454,2.8216685158265373,2.828654487125527,3.0617839433055223,2.9623688375674915,2.954031142149524,2.9682137170898004,2.8495983097571354,3.0013870862187675,2.9497396661806397,2.989231698202339,2.9134222689834735,3.066260682584592,3.112639923278312,4.15235065128637,3.0229264837598397
211,2.82,5.1319883571797655,2.902681442132324,2.5616921541558813,3.0559080608966673,3.0356296624879695,3.145336494822513,2.9750342193871715,3.035168627700248,3.0582894397100224,3.108148862313275,3.014059702820555,3.03622980341059,3.1000777529244754,3.107029917200382,3.045906950113239,3.1414679526153506,2.9879427160208856,3.0174042282826545,3.085274992626814,3.7768008153186488,3.223873926197781,2.9265619747010367,2.907821186285825,3.161053186121449,3.0556129302001684,3.0509983787566686,3.06753317887586,2.9311730062045713,3.0946684577199033,3.0420305306480984,3.0847111857839833,3.0049396173607557,3.1653346034588803,3.2152516252660246,4.315298482828062,3.1197466864973107
212,2.8,5.074183354587151,2.882199212829797,2.531669945330497,3.0262566958783976,3.0101759775172154,3.1167731513070547,2.9505008058109836,3.006351439006566,3.031587454557113,3.0779447704387253,2.9858187113580534,3.009460628208982,3.0723966746356712,3.079223209488042,3.0194491406154613,3.1135010018443765,2.9630226817323226,2.9891989438258055,3.057850983502,3.7368793629913584,3.1943655491428564,2.896592415022608,2.8852021293828827,3.132690545316898,3.028971760876547,3.02329345401177,3.039156189794129,2.907865950076732,3.0680166372910076,3.015661712228825,3.057431332189228,2.978791803538675,3.137027768923369,3.1859339961266784,4.268741959530436,3.092083771429462
213,2.77,4.987475850698231,2.851475868876006,2.4866366320924205,2.9817796483509937,2.971995450061084,3.0739281360338664,2.9137006854467025,2.963125655966044,2.9915344768277485,3.0326386326269006,2.943457224164301,2.969306865406571,3.030875057202465,3.0375131479195323,2.9797624263687936,3.0715505756879162,2.9256426302994774,2.946891017140532,3.016714969814779,3.676997184500423,3.15010298356047,2.8516380755049653,2.851273544028469,3.090146584110073,2.989010006891114,2.9817360668944226,2.996590706171532,2.872905365884974,3.028038906647663,2.976108484599914,3.0165115517970946,2.939570082805554,3.094567517120103,3.141957552417659,4.198907174583997,3.050589398827688
214,2.86,5.247598362364994,2.9436459007373785,2.6217365718066508,3.115210790933208,3.086537032429478,3.2024631818534317,3.024101046539547,3.092803005087612,3.1116934100158424,3.168557046062374,3.0705416857455585,3.0897681538138055,3.1554399095020838,3.162643332625062,3.0988225691087967,3.1974018541572984,3.0377827845980128,3.0738147971963534,3.140123010876442,3.856643719973231,3.2828906803076303,2.9865010940578935,2.9530593000917102,3.21777846773055,3.1088952688474123,3.1064082282464662,3.1242871570393236,2.97778711846025,3.1479720985776947,3.094768167486647,3.139270892973495,3.057235245004917,3.2219482725299025,3.2738868835447184,4.408411529423313,3.1750725166330094
215,2.8566666666666665,5.237964195266225,2.940232195853624,2.616732870335753,3.110268896763496,3.082294751601019,3.1977026246008546,3.0200121442768486,3.088000140305332,3.107243079157024,3.1635230307499493,3.065834853835141,3.085306624613538,3.1508263964539496,3.1580088813396716,3.0944129341925,3.1927406956954694,3.033629445549919,3.0691139164535453,3.135552342688973,3.8499901445853486,3.2779726174651427,2.981506167444822,2.9492894572745527,3.2130513609297915,3.104455073960142,3.101790740788983,3.119557658859035,2.9739026091056098,3.143530128506212,3.090373364416768,3.1347242507077024,3.05287727603457,3.217230466773984,3.2690006120214936,4.400652108873709,3.1704620307883675
216,2.853333333333333,5.2283300281674565,2.93681849096987,2.6117291688648563,3.1053270025937842,3.0780524707725605,3.1929420673482785,3.015923242014151,3.0831972755230517,3.102792748298206,3.1584890154375245,3.0611280219247243,3.08084509541327,3.146212883405816,3.1533744300542823,3.0900032992762037,3.188079537233641,3.029476106501825,3.0644130357107375,3.130981674501504,3.8433365691974672,3.2730545546226555,2.976511240831751,2.945519614457396,3.2083242541290335,3.100014879072872,3.0971732533315,3.1148281606787465,2.9700180997509698,3.1390881584347303,3.0859785613468893,3.13017760844191,3.0485193070642236,3.212512661018066,3.2641143404982693,4.392892688324105,3.1658515449437266
217,2.85,5.218695861068688,2.933404786086115,2.6067254673939586,3.100385108424073,3.0738101899441013,3.1881815100957023,3.011834339751453,3.0783944107407715,3.0983424174393877,3.1534550001251,3.0564211900143077,3.076383566213002,3.1415993703576817,3.1487399787688917,3.085593664359908,3.1834183787718118,3.0253227674537313,3.059712154967929,3.1264110063140356,3.836682993809586,3.2681364917801687,2.97151631421868,2.9417497716402394,3.203597147328275,3.0955746841856016,3.092555765874017,3.1100986624984577,2.96613359039633,3.1346461883632477,3.0815837582770103,3.125630966176118,3.0441613380938772,3.2077948552621476,3.2592280689750455,4.385133267774501,3.1612410590990847
218,2.95,5.507720874031759,3.0358159325987515,2.756836511520882,3.248641933515423,3.201078614797873,3.330998227672996,3.1345014076323916,3.2224803542091807,3.231852343203937,3.3044754594978483,3.1976261473268166,3.210229442221041,3.2800047618017034,3.2877735173305913,3.2178827118488,3.3232531326266814,3.149922938896549,3.2007385772521757,3.2635310519381058,4.0362902554460405,3.415678377054791,3.1213641126108223,3.0548450561549516,3.3454103513510276,3.2287805308037116,3.2310803895985103,3.2519836079071163,3.0826688710355254,3.2679052905077266,3.213427850373381,3.262030234149896,3.174900407204281,3.349329027939703,3.405816214671778,4.617915884262631,3.29955563443833
219,2.99,5.623330879216989,3.0767803912038056,2.8168809291716514,3.307944663551963,3.251985984739382,3.3881249147039147,3.1835682347847674,3.2801147315965453,3.2852563135097568,3.3648836432469484,3.25410813025182,3.2637677926242574,3.3353669183793127,3.343386932755271,3.2707983308443564,3.3791870341686288,3.199763007473676,3.2571491461658746,3.318379070187734,4.116133160100622,3.4746951311646406,3.1813032319676795,3.100083169960836,3.402135632960129,3.282062869450956,3.286490239088307,3.3087375860705794,3.129282983291204,3.3212089313655184,3.2661654872119295,3.316589941339408,3.2271960348484425,3.4059426970107247,3.464451472950471,4.711028930857885,3.3548814645740284
220,3.02,5.71003838310591,3.1075037351575965,2.861914242409728,3.352421711079368,3.290166512195513,3.4309699299771026,3.2203683551490485,3.323340514637067,3.3253092912391216,3.410189781058773,3.296469617445572,3.3039215554266685,3.3768885358125185,3.3850969943237805,3.3104850450910237,3.4211374603250895,3.237143058906521,3.2994570728511476,3.359515083874955,4.176015338591558,3.518957696747027,3.226257571485322,3.13401175531525,3.4446795941669546,3.3220246234363886,3.328047626205655,3.3513030696931763,3.164243567482962,3.361186662008862,3.30571871484084,3.3575097217315415,3.266417755581563,3.448402948813991,3.5084279166594907,4.7808637158043235,3.396375837175801
221,2.96,5.536623375328067,3.046057047250015,2.771847615933574,3.263467616024558,3.21380545728325,3.345279899430726,3.1467681144204853,3.2368889485560217,3.245203335780392,3.319577505435123,3.2117466430580675,3.2236140298218454,3.2938453009461055,3.3016768711867615,3.2311116165976888,3.337236608012168,3.1623829560408305,3.2148412194806,3.2772430565005126,4.0562509816096854,3.430432565582253,3.1363488924500365,3.066154584606423,3.359591671753303,3.242101115465523,3.2449328519709595,3.2661721024479817,3.094322399099445,3.2812312007221744,3.2266122595830176,3.275670160947274,3.187974314115321,3.363482445207458,3.420475029241451,4.641194145911445,3.313387091972254
222,2.9466666666666668,5.49808670693299,3.032402227714997,2.7518328100499843,3.243700039345711,3.196836333969414,3.32623767042042,3.130412505369694,3.217677489426901,3.2274020123451184,3.2994414441854234,3.1929193154163995,3.2057679130207735,3.2753912487535697,3.2831390660452016,3.213473076932503,3.318591974164852,3.145769599848455,3.1960376965093675,3.2589603837506367,4.029636680058158,3.410760314212304,3.1163691859977503,3.0510752133377945,3.340683244550269,3.224340335916441,3.2264629021410274,3.2472541097268275,3.0787843616808854,3.2634633204362444,3.209033047303502,3.2574835918841036,3.170542438233934,3.344611222183784,3.4009299431485536,4.610156463713027,3.2949451485936887
223,2.933333333333333,5.459550038537913,3.018747408179978,2.7318180041663944,3.2239324626668644,3.179867210655577,3.307195441410114,3.1140568963189015,3.1984660302977788,3.209600688909845,3.279305382935724,3.174091987774731,3.187921796219701,3.256937196561033,3.2646012609036412,3.1958345372673174,3.299947340317536,3.129156243656079,3.1772341735381344,3.2406777110007603,4.00302237850663,3.3910880628423534,3.0963894795454645,3.0359958420691657,3.3217748173472352,3.20657955636736,3.207992952311094,3.2283361170056732,3.063246324262326,3.245695440150313,3.1914538350239856,3.239297022820933,3.1531105623525466,3.32573999916011,3.381384857055655,4.57911878151461,3.276503205215122
224,2.92,5.421013370142837,3.00509258864496,2.7118031982828046,3.204164885988017,3.162898087341741,3.2881532123998074,3.0977012872681096,3.179254571168658,3.191799365474572,3.2591693216860236,3.1552646601330636,3.170075679418629,3.2384831443684967,3.246063455762081,3.1781959976021317,3.28130270647022,3.1125428874637033,3.1584306505669013,3.222395038250884,3.976408076955103,3.371415811472404,3.0764097730931788,3.0209164708005374,3.3028663901442012,3.1888187768182785,3.189523002481162,3.209418124284518,3.0477082868437666,3.2279275598643826,3.17387462274447,3.2211104537577624,3.1356786864711594,3.3068687761364357,3.3618397709627574,4.5480810993161915,3.258061261836556
225,3.02,5.71003838310591,3.1075037351575965,2.861914242409728,3.352421711079368,3.290166512195513,3.4309699299771026,3.2203683551490485,3.323340514637067,3.3253092912391216,3.410189781058773,3.296469617445572,3.3039215554266685,3.3768885358125185,3.3850969943237805,3.3104850450910237,3.4211374603250895,3.237143058906521,3.2994570728511476,3.359515083874955,4.176015338591558,3.518957696747027,3.226257571485322,3.13401175531525,3.4446795941669546,3.3220246234363886,3.328047626205655,3.3513030696931763,3.164243567482962,3.361186662008862,3.30571871484084,3.3575097217315415,3.266417755581563,3.448402948813991,3.5084279166594907,4.7808637158043235,3.396375837175801
226,3.02,5.71003838310591,3.1075037351575965,2.861914242409728,3.352421711079368,3.290166512195513,3.4309699299771026,3.2203683551490485,3.323340514637067,3.3253092912391216,3.410189781058773,3.296469617445572,3.3039215554266685,3.3768885358125185,3.3850969943237805,3.3104850450910237,3.4211374603250895,3.237143058906521,3.2994570728511476,3.359515083874955,4.176015338591558,3.518957696747027,3.226257571485322,3.13401175531525,3.4446795941669546,3.3220246234363886,3.328047626205655,3.3513030696931763,3.164243567482962,3.361186662008862,3.30571871484084,3.3575097217315415,3.266417755581563,3.448402948813991,3.5084279166594907,4.7808637158043235,3.396375837175801
227,3.02,5.71003838310591,3.1075037351575965,2.861914242409728,3.352421711079368,3.290166512195513,3.4309699299771026,3.2203683551490485,3.323340514637067,3.3253092912391216,3.410189781058773,3.296469617445572,3.3039215554266685,3.3768885358125185,3.3850969943237805,3.3104850450910237,3.4211374603250895,3.237143058906521,3.2994570728511476,3.359515083874955,4.176015338591558,3.518957696747027,3.226257571485322,3.13401175531525,3.4446795941669546,3.3220246234363886,3.328047626205655,3.3513030696931763,3.164243567482962,3.361186662008862,3.30571871484084,3.3575097217315415,3.266417755581563,3.448402948813991,3.5084279166594907,4.7808637158043235,3.396375837175801
228,3.01,5.681135881809602,3.0972626205063327,2.846903137997035,3.337596028570232,3.2774396697101356,3.4166882582193727,3.2081016483609543,3.308931920290226,3.311958298662666,3.395087735121497,3.282349121714321,3.2905369678258647,3.3630479966681164,3.3711936404676104,3.2972561403421343,3.407153984939602,3.2246830417622387,3.2853544306227227,3.3458030793125477,4.156054612427912,3.5042035082195646,3.211272791646107,3.1227022268637787,3.430498273764679,3.3087040387745774,3.3141951638332054,3.3371145751523104,3.1525900394190423,3.347860751794414,3.292534305631203,3.3438697949341627,3.2533438486705224,3.4342495315462354,3.4937691020898174,4.75758545415551,3.3825443796418764
229,3.02,5.71003838310591,3.1075037351575965,2.861914242409728,3.352421711079368,3.290166512195513,3.4309699299771026,3.2203683551490485,3.323340514637067,3.3253092912391216,3.410189781058773,3.296469617445572,3.3039215554266685,3.3768885358125185,3.3850969943237805,3.3104850450910237,3.4211374603250895,3.237143058906521,3.2994570728511476,3.359515083874955,4.176015338591558,3.518957696747027,3.226257571485322,3.13401175531525,3.4446795941669546,3.3220246234363886,3.328047626205655,3.3513030696931763,3.164243567482962,3.361186662008862,3.30571871484084,3.3575097217315415,3.266417755581563,3.448402948813991,3.5084279166594907,4.7808637158043235,3.396375837175801
230,3.03,5.738940884402216,3.11774484980886,2.87692534682242,3.367247393588502,3.3028933546808896,3.4452516017348316,3.2326350619371422,3.3377491089839078,3.338660283815576,3.4252918269960473,3.310590113176823,3.317306143027473,3.39072907495692,3.3990003481799507,3.323713949839913,3.435120935710576,3.2496030760508026,3.3135597150795726,3.3732270884373614,4.195976064755203,3.533711885274489,3.241242351324536,3.1453212837667213,3.458860914569229,3.3353452080981993,3.3419000885781043,3.3654915642340417,3.175897095546881,3.37451257222331,3.318903124050477,3.371149648528919,3.2794916624926036,3.4625563660817464,3.5230867312291636,4.804141977453136,3.4102072947097257
231,3.04,5.767843385698524,3.127985964460124,2.891936451235112,3.3820730760976376,3.315620197166267,3.459533273492561,3.2449017687252364,3.3521577033307492,3.352011276392031,3.4403938729333223,3.324710608908074,3.3306907306282763,3.404569614101323,3.412903702036121,3.336942854588802,3.449104411096063,3.2620630931950845,3.327662357307997,3.3869390929997687,4.215936790918848,3.5484660738019516,3.2562271311637496,3.1566308122181925,3.473042234971505,3.3486657927600105,3.3557525509505535,3.379680058774908,3.187550623610801,3.3878384824377576,3.3320875332601143,3.384789575326297,3.292565569403644,3.4767097833495026,3.5377455457988374,4.827420239101949,3.424038752243651
232,3.01,5.681135881809602,3.0972626205063327,2.846903137997035,3.337596028570232,3.2774396697101356,3.4166882582193727,3.2081016483609543,3.308931920290226,3.311958298662666,3.395087735121497,3.282349121714321,3.2905369678258647,3.3630479966681164,3.3711936404676104,3.2972561403421343,3.407153984939602,3.2246830417622387,3.2853544306227227,3.3458030793125477,4.156054612427912,3.5042035082195646,3.211272791646107,3.1227022268637787,3.430498273764679,3.3087040387745774,3.3141951638332054,3.3371145751523104,3.1525900394190423,3.347860751794414,3.292534305631203,3.3438697949341627,3.2533438486705224,3.4342495315462354,3.4937691020898174,4.75758545415551,3.3825443796418764
233,3.02,5.71003838310591,3.1075037351575965,2.861914242409728,3.352421711079368,3.290166512195513,3.4309699299771026,3.2203683551490485,3.323340514637067,3.3253092912391216,3.410189781058773,3.296469617445572,3.3039215554266685,3.3768885358125185,3.3850969943237805,3.3104850450910237,3.4211374603250895,3.237143058906521,3.2994570728511476,3.359515083874955,4.176015338591558,3.518957696747027,3.226257571485322,3.13401175531525,3.4446795941669546,3.3220246234363886,3.328047626205655,3.3513030696931763,3.164243567482962,3.361186662008862,3.30571871484084,3.3575097217315415,3.266417755581563,3.448402948813991,3.5084279166594907,4.7808637158043235,3.396375837175801
234,3.01,5.681135881809602,3.0972626205063327,2.846903137997035,3.337596028570232,3.2774396697101356,3.4166882582193727,3.2081016483609543,3.308931920290226,3.311958298662666,3.395087735121497,3.282349121714321,3.2905369678258647,3.3630479966681164,3.3711936404676104,3.2972561403421343,3.407153984939602,3.2246830417622387,3.2853544306227227,3.3458030793125477,4.156054612427912,3.5042035082195646,3.211272791646107,3.1227022268637787,3.430498273764679,3.3087040387745774,3.3141951638332054,3.3371145751523104,3.1525900394190423,3.347860751794414,3.292534305631203,3.3438697949341627,3.2533438486705224,3.4342495315462354,3.4937691020898174,4.75758545415551,3.3825443796418764
235,2.99,5.623330879216989,3.0767803912038056,2.8168809291716514,3.307944663551963,3.251985984739382,3.3881249147039147,3.1835682347847674,3.2801147315965453,3.2852563135097568,3.3648836432469484,3.25410813025182,3.2637677926242574,3.3353669183793127,3.343386932755271,3.2707983308443564,3.3791870341686288,3.199763007473676,3.2571491461658746,3.318379070187734,4.116133160100622,3.4746951311646406,3.1813032319676795,3.100083169960836,3.402135632960129,3.282062869450956,3.286490239088307,3.3087375860705794,3.129282983291204,3.3212089313655184,3.2661654872119295,3.316589941339408,3.2271960348484425,3.4059426970107247,3.464451472950471,4.711028930857885,3.3548814645740284
236,2.986666666666667,5.613696712118219,3.073366686320051,2.8118772277007538,3.303002769382251,3.2477437039109223,3.3833643574513377,3.179479332522069,3.2753118668142642,3.2808059826509384,3.359849627934523,3.2494012983414025,3.259306263423989,3.3307534053311785,3.3387524814698812,3.26638869592806,3.3745258757067997,3.1956096684255817,3.252448265423066,3.3138084020002645,4.10947958471274,3.4697770683221525,3.1763083053546075,3.0963133271436796,3.3974085261593707,3.2776226745636854,3.281872751630824,3.3040080878902907,3.1253984739365634,3.3167669612940354,3.26177068414205,3.312043299073615,3.2228380658780953,3.401224891254806,3.459565201427246,4.70326951030828,3.3502709787293865
237,2.9833333333333334,5.60406254501945,3.0699529814362965,2.806873526229856,3.2980608752125398,3.2435014230824635,3.378603800198761,3.1753904302593714,3.270509002031984,3.2763556517921204,3.354815612622098,3.2446944664309854,3.254844734223721,3.326139892283044,3.334118030184491,3.261979061011764,3.3698647172449707,3.191456329377488,3.247747384680258,3.3092377338127954,4.102826009324858,3.4648590054796653,3.171313378741536,3.092543484326522,3.3926814193586114,3.2731824796764153,3.2772552641733412,3.299278589710002,3.121513964581924,3.3123249912225528,3.2573758810721714,3.307496656807823,3.218480096907749,3.3965070854988872,3.4546789299040217,4.695510089758676,3.3456604928847447
238,2.98,5.594428377920681,3.066539276552542,2.8018698247589584,3.293118981042827,3.2392591422540047,3.373843242946185,3.171301527996673,3.2657061372497034,3.2719053209333016,3.349781597309673,3.2399876345205687,3.2503832050234527,3.32152637923491,3.329483578899101,3.2575694260954675,3.3652035587831417,3.187302990329394,3.2430465039374496,3.3046670656253267,4.096172433936976,3.4599409426371777,3.166318452128465,3.0887736415093654,3.387954312557853,3.2687422847891447,3.2726377767158574,3.294549091529713,3.1176294552272843,3.3078830211510706,3.252981078002292,3.30295001454203,3.2141221279374017,3.391789279742969,3.449792658380798,4.687750669209072,3.3410500070401037
239,2.98,5.594428377920681,3.066539276552542,2.8018698247589584,3.293118981042827,3.2392591422540047,3.373843242946185,3.171301527996673,3.2657061372497034,3.2719053209333016,3.349781597309673,3.2399876345205687,3.2503832050234527,3.32152637923491,3.329483578899101,3.2575694260954675,3.3652035587831417,3.187302990329394,3.2430465039374496,3.3046670656253267,4.096172433936976,3.4599409426371777,3.166318452128465,3.0887736415093654,3.387954312557853,3.2687422847891447,3.2726377767158574,3.294549091529713,3.1176294552272843,3.3078830211510706,3.252981078002292,3.30295001454203,3.2141221279374017,3.391789279742969,3.449792658380798,4.687750669209072,3.3410500070401037
240,2.96,5.536623375328067,3.046057047250015,2.771847615933574,3.263467616024558,3.21380545728325,3.345279899430726,3.1467681144204853,3.2368889485560217,3.245203335780392,3.319577505435123,3.2117466430580675,3.2236140298218454,3.2938453009461055,3.3016768711867615,3.2311116165976888,3.337236608012168,3.1623829560408305,3.2148412194806,3.2772430565005126,4.0562509816096854,3.430432565582253,3.1363488924500365,3.066154584606423,3.359591671753303,3.242101115465523,3.2449328519709595,3.2661721024479817,3.094322399099445,3.2812312007221744,3.2266122595830176,3.275670160947274,3.187974314115321,3.363482445207458,3.420475029241451,4.641194145911445,3.313387091972254
241,2.96,5.536623375328067,3.046057047250015,2.771847615933574,3.263467616024558,3.21380545728325,3.345279899430726,3.1467681144204853,3.2368889485560217,3.245203335780392,3.319577505435123,3.2117466430580675,3.2236140298218454,3.2938453009461055,3.3016768711867615,3.2311116165976888,3.337236608012168,3.1623829560408305,3.2148412194806,3.2772430565005126,4.0562509816096854,3.430432565582253,3.1363488924500365,3.066154584606423,3.359591671753303,3.242101115465523,3.2449328519709595,3.2661721024479817,3.094322399099445,3.2812312007221744,3.2266122595830176,3.275670160947274,3.187974314115321,3.363482445207458,3.420475029241451,4.641194145911445,3.313387091972254
242,2.98,5.594428377920681,3.066539276552542,2.8018698247589584,3.293118981042827,3.2392591422540047,3.373843242946185,3.171301527996673,3.2657061372497034,3.2719053209333016,3.349781597309673,3.2399876345205687,3.2503832050234527,3.32152637923491,3.329483578899101,3.2575694260954675,3.3652035587831417,3.187302990329394,3.2430465039374496,3.3046670656253267,4.096172433936976,3.4599409426371777,3.166318452128465,3.0887736415093654,3.387954312557853,3.2687422847891447,3.2726377767158574,3.294549091529713,3.1176294552272843,3.3078830211510706,3.252981078002292,3.30295001454203,3.2141221279374017,3.391789279742969,3.449792658380798,4.687750669209072,3.3410500070401037
243,2.975,5.579977127272527,3.0614187192269102,2.7943642725526128,3.2857061397882603,3.2328957210113156,3.3667024070673204,3.165168174602626,3.2585018400762835,3.2652298246450746,3.342230574341036,3.2329273866549437,3.2436909112230508,3.314606109662709,3.3225319019710158,3.250954973721022,3.358211821090398,3.181072981757253,3.235995182823237,3.297811063344123,4.086192070855153,3.452563848373447,3.158826062208858,3.0831188772836295,3.3808636523567155,3.2620819924582394,3.2657115455296335,3.2874548442592806,3.111802691195324,3.301220066043846,3.246388873397473,3.296130051143341,3.2075851744818813,3.3847125711090915,3.442463251095961,4.676111538384664,3.334134278273141
244,2.97,5.565525876624373,3.056298161901278,2.7868587203462662,3.2782932985336926,3.2265322997686265,3.359561571188455,3.1590348212085795,3.2512975429028623,3.2585543283568468,3.334679551372398,3.225867138789318,3.2369986174226493,3.3076858400905076,3.315580225042931,3.2443405213465777,3.3512200833976546,3.174842973185112,3.2289438617090247,3.2909550610629195,4.07621170777333,3.445186754109715,3.1513336722892507,3.077464113057894,3.373772992155578,3.2554217001273336,3.2587853143434087,3.2803605969888476,3.1059759271633647,3.2945571109366223,3.239796668792655,3.289310087744652,3.2010482210263613,3.3776358624752127,3.4351338438111245,4.6644724075602575,3.327218549506179
245,2.965,5.551074625976219,3.0511776045756465,2.77935316813992,3.2708804572791252,3.2201688785259384,3.3524207353095905,3.152901467814532,3.244093245729442,3.251878832068619,3.3271285284037604,3.2188068909236924,3.230306323622247,3.3007655705183065,3.3086285481148456,3.2377260689721328,3.3442283457049116,3.1686129646129713,3.221892540594812,3.284099058781716,4.0662313446915075,3.437809659845984,3.143841282369643,3.071809348832158,3.3666823319544403,3.2487614077964277,3.251859083157184,3.2732663497184147,3.1001491631314044,3.2878941558293984,3.2332044641878364,3.282490124345963,3.194511267570841,3.370559153841336,3.427804436526287,4.652833276735851,3.3203028207392165
246,2.96,5.536623375328067,3.046057047250015,2.771847615933574,3.263467616024558,3.21380545728325,3.345279899430726,3.1467681144204853,3.2368889485560217,3.245203335780392,3.319577505435123,3.2117466430580675,3.2236140298218454,3.2938453009461055,3.3016768711867615,3.2311116165976888,3.337236608012168,3.1623829560408305,3.2148412194806,3.2772430565005126,4.0562509816096854,3.430432565582253,3.1363488924500365,3.066154584606423,3.359591671753303,3.242101115465523,3.2449328519709595,3.2661721024479817,3.094322399099445,3.2812312007221744,3.2266122595830176,3.275670160947274,3.187974314115321,3.363482445207458,3.420475029241451,4.641194145911445,3.313387091972254
247,3.0,5.652233380513295,3.087021505855069,2.8318920335843427,3.3227703460610973,3.2647128272247583,3.4024065864616437,3.1958349415728606,3.294523325943385,3.298607306086211,3.379985689184222,3.2682286259830704,3.2771523802250604,3.349207457523714,3.3572902866114402,3.2840272355932454,3.393170509554115,3.2122230246179573,3.2712517883942986,3.3320910747501404,4.136093886264267,3.4894493196921026,3.196288011806893,3.1113926984123075,3.416316953362404,3.2953834541127662,3.3003427014607563,3.3229260806114445,3.1409365113551226,3.3345348415799663,3.279349896421566,3.3302298681367857,3.2402699417594825,3.4200961142784796,3.479110287520144,4.734307192506697,3.368712922107952
248,2.93,5.449915871439145,3.015333703296224,2.7268143026954976,3.218990568497153,3.1756249298271184,3.3024348841575377,3.1099679940562037,3.193663165515499,3.205150358051027,3.2742713676232986,3.1693851558643145,3.1834602670194334,3.2523236835128992,3.2599668096182515,3.191424902351021,3.2952861818557073,3.1250029046079852,3.1725332927953263,3.2361070428132916,3.996368803118749,3.3861699999998667,3.091394552932394,3.032225999252009,3.3170477105464773,3.2021393614800897,3.203375464853612,3.223606618825385,3.0593618149076867,3.2412534700788305,3.1870590319541066,3.2347503805551407,3.1487525933822003,3.3210221934041915,3.376498585532431,4.571359360965005,3.2718927193704808
249,2.88,5.305403364957608,2.9641281300399056,2.651758780632035,3.1448621559514778,3.1119907174002326,3.2310265253688897,3.0486344601157347,3.1216201937812933,3.138395395168752,3.1987611379369234,3.0987826772080598,3.1165373290154137,3.183120987790888,3.190450040337401,3.1252803786065746,3.225368804928272,3.062702818886576,3.1020200816532024,3.167547020001256,3.8965651723005212,3.312399057362555,3.0164706537363215,2.9756783569946528,3.2461411085351006,3.1355364381710347,3.1341131529913646,3.1526641461210545,3.001094174588088,3.174623919006591,3.121136985905921,3.1665507465682508,3.083383058826998,3.250255107065414,3.303204512684064,4.454968052720939,3.202735431700858
250,2.8866666666666667,5.324671699155148,2.9709555398074152,2.6617661835738304,3.154745944290901,3.120475279057151,3.240547639874044,3.0568122646411306,3.1312259233458546,3.1472960568863897,3.2088291685617745,3.1081963410288944,3.12546038741595,3.1923480138871567,3.1997189429081816,3.134099648439168,3.234691121851931,3.0710094969827644,3.1114218431388196,3.1766883563761947,3.909872323076286,3.3222351830475305,3.0264605069624655,2.983218042628967,3.255595322136618,3.1444168279455753,3.1433481279063313,3.162123142481633,3.0088631932973686,3.1835078591495565,3.12992659204568,3.1756440310998366,3.0920989967676915,3.259690718577251,3.3129770557305136,4.4704868938201505,3.2119564033901415
251,2.893333333333333,5.343940033352685,2.977782949574924,2.671773586515625,3.164629732630324,3.128959840714069,3.250068754379196,3.064990069166526,3.140831652910415,3.1561967186040256,3.2188971991866233,3.1176100048497277,3.1343834458164856,3.2015750399834246,3.208987845478961,3.1429189182717603,3.244013438775588,3.0793161750789517,3.1208236046244355,3.185829692751132,3.9231794738520485,3.332071308732505,3.0364503601886073,2.990757728263281,3.265049535738134,3.153297217720116,3.1525831028212967,3.1715821388422096,3.0166322120066478,3.1923917992925213,3.1387161981854375,3.1847373156314216,3.100814934708385,3.269126330089088,3.322749598776962,4.486005734919358,3.2211773750794244
252,2.9,5.363208367550223,2.984610359342433,2.6817809894574203,3.1745135209697475,3.137444402370987,3.2595898688843494,3.073167873691922,3.1504373824749754,3.165097380321662,3.228965229811474,3.127023668670562,3.1433065042170214,3.2108020660796925,3.2182567480497415,3.1517381881043534,3.2533357556992466,3.08762285317514,3.1302253661100523,3.1949710291260702,3.936486624627813,3.3419074344174797,3.0464402134147512,2.9982974138975953,3.2745037493396514,3.1621776074946566,3.1618180777362634,3.181041135202787,3.024401230715928,3.201275739435487,3.1475058043251956,3.1938306001630066,3.1095308726490787,3.278561941600925,3.3325221418234117,4.501524576018566,3.230398346768707
253,2.94,5.478818372735451,3.0255748179474877,2.741825407108189,3.233816251006287,3.1883517723124957,3.316716555915267,3.122234700844298,3.208071759862339,3.2185013506274815,3.2893734135605732,3.1835056515955653,3.1968448546202373,3.2661642226573013,3.273870163474421,3.20465380709991,3.309269657241194,3.1374629217522667,3.1866359350237508,3.249819047375698,4.016329529282394,3.4009241885273287,3.1063793327716076,3.0435355277034803,3.3312290309487516,3.2154599461419,3.2172279272260607,3.23779511336625,3.071015342971606,3.2545793802932783,3.2002434411637437,3.248390307352518,3.16182650029324,3.3351756106719463,3.3911574001021045,4.594637622613818,3.285724176904405
254,2.98,5.594428377920681,3.066539276552542,2.8018698247589584,3.293118981042827,3.2392591422540047,3.373843242946185,3.171301527996673,3.2657061372497034,3.2719053209333016,3.349781597309673,3.2399876345205687,3.2503832050234527,3.32152637923491,3.329483578899101,3.2575694260954675,3.3652035587831417,3.187302990329394,3.2430465039374496,3.3046670656253267,4.096172433936976,3.4599409426371777,3.166318452128465,3.0887736415093654,3.387954312557853,3.2687422847891447,3.2726377767158574,3.294549091529713,3.1176294552272843,3.3078830211510706,3.252981078002292,3.30295001454203,3.2141221279374017,3.391789279742969,3.449792658380798,4.687750669209072,3.3410500070401037
255,2.94,5.478818372735451,3.0255748179474877,2.741825407108189,3.233816251006287,3.1883517723124957,3.316716555915267,3.122234700844298,3.208071759862339,3.2185013506274815,3.2893734135605732,3.1835056515955653,3.1968448546202373,3.2661642226573013,3.273870163474421,3.20465380709991,3.309269657241194,3.1374629217522667,3.1866359350237508,3.249819047375698,4.016329529282394,3.4009241885273287,3.1063793327716076,3.0435355277034803,3.3312290309487516,3.2154599461419,3.2172279272260607,3.23779511336625,3.071015342971606,3.2545793802932783,3.2002434411637437,3.248390307352518,3.16182650029324,3.3351756106719463,3.3911574001021045,4.594637622613818,3.285724176904405
256,2.91,5.3921108688465305,2.994851473993697,2.6967920938701124,3.189339203478883,3.1501712448563643,3.2738715406420784,3.0854345804800163,3.164845976821817,3.178448372898117,3.244067275748749,3.1411441644018128,3.1566910918178257,3.224642605224095,3.2321601019059116,3.1649670928532423,3.2673192310847337,3.100082870319422,3.1443280083384773,3.2086830336884775,3.9564473507914575,3.356661622944942,3.061424993253965,3.0096069423490666,3.288685069741926,3.175498192156468,3.1756705401087126,3.195229629743653,3.036054758779847,3.214601649649935,3.1606902135348327,3.2074705269603845,3.1226047795601195,3.292715358868681,3.3471809563930845,4.52480283766738,3.244229804302632
257,2.9233333333333333,5.430647537241607,3.008506293528715,2.7168068997537023,3.2091067801577293,3.1671403681702004,3.292913769652385,3.101790189530808,3.1840574359509386,3.1962496963333904,3.264203336998449,3.1599714920434803,3.1745372086188977,3.243096657416631,3.2506979070474715,3.182605632518428,3.2859638649320493,3.1166962265117975,3.16313153130971,3.2269657064383535,3.983061652342985,3.3763338743148914,3.0814046997062507,3.0246863136176945,3.30759349694496,3.193258971705549,3.194140489938645,3.2141476224648073,3.0515927961984066,3.2323695299358657,3.1782694258143485,3.2256570960235553,3.1400366554415062,3.3115865818923544,3.366726042485982,4.555840519865797,3.2626717476811975
258,2.936666666666667,5.469184205636684,3.022161113063733,2.736821705637292,3.228874356836576,3.1841094914840364,3.3119559986626905,3.1181457985816,3.2032688950800594,3.214051019768664,3.284339398248149,3.1787988196851487,3.1923833254199696,3.2615507096091676,3.2692357121890314,3.200244172183614,3.304608498779366,3.1333095827041735,3.1819350542809435,3.24524837918823,4.009675953894513,3.3960061256848415,3.1013844061585365,3.0397656848863237,3.326501924147994,3.211019751254631,3.2126104397685777,3.233065615185962,3.0671308336169663,3.250137410221796,3.195848638093865,3.243843665086726,3.157468531322894,3.3304578049160285,3.3862711285788807,4.586878202064216,3.281113691059764
259,2.95,5.507720874031759,3.0358159325987515,2.756836511520882,3.248641933515423,3.201078614797873,3.330998227672996,3.1345014076323916,3.2224803542091807,3.231852343203937,3.3044754594978483,3.1976261473268166,3.210229442221041,3.2800047618017034,3.2877735173305913,3.2178827118488,3.3232531326266814,3.149922938896549,3.2007385772521757,3.2635310519381058,4.0362902554460405,3.415678377054791,3.1213641126108223,3.0548450561549516,3.3454103513510276,3.2287805308037116,3.2310803895985103,3.2519836079071163,3.0826688710355254,3.2679052905077266,3.213427850373381,3.262030234149896,3.174900407204281,3.349329027939703,3.405816214671778,4.617915884262631,3.29955563443833
260,3.0,5.652233380513295,3.087021505855069,2.8318920335843427,3.3227703460610973,3.2647128272247583,3.4024065864616437,3.1958349415728606,3.294523325943385,3.298607306086211,3.379985689184222,3.2682286259830704,3.2771523802250604,3.349207457523714,3.3572902866114402,3.2840272355932454,3.393170509554115,3.2122230246179573,3.2712517883942986,3.3320910747501404,4.136093886264267,3.4894493196921026,3.196288011806893,3.1113926984123075,3.416316953362404,3.2953834541127662,3.3003427014607563,3.3229260806114445,3.1409365113551226,3.3345348415799663,3.279349896421566,3.3302298681367857,3.2402699417594825,3.4200961142784796,3.479110287520144,4.734307192506697,3.368712922107952
261,3.11,5.970160894772673,3.199673767018969,2.997014182123958,3.485852853661582,3.404708094563907,3.559504975796667,3.3307687162418933,3.4530178637586353,3.445468224427215,3.5461081944942463,3.4235540790268297,3.4243828438339037,3.5014533881121377,3.51022717902931,3.4295451878310264,3.5469887387944716,3.349283213205056,3.42638085290697,3.482923124936617,4.355661874064365,3.6517453934941875,3.3611205900382495,3.2357975113784914,3.5723114777874314,3.441909885392687,3.4527197875576987,3.4789995205609685,3.2691253200582375,3.4811198539388934,3.4243783977275735,3.480269062907942,3.384082917780926,3.5757837042237908,3.64035724778655,4.9903680706436395,3.5208589549811222
262,3.07,5.854550889587444,3.1587093084139144,2.9369697644731887,3.4265501236250424,3.353800724622398,3.5023782887657493,3.2817018890895175,3.395383486371272,3.3920642541213955,3.4857000107451466,3.3670720961018263,3.370844493430688,3.4460912315345293,3.4546137636046303,3.3766295688354693,3.491054837252524,3.2994431446279293,3.369970283993271,3.4280751066869892,4.275818969409784,3.5927286393843376,3.3011814706813922,3.1905593975726063,3.5155861961783303,3.388627546745443,3.3973099380679015,3.422245542397505,3.222511207802559,3.427816213081102,3.3716407608890253,3.42570935571843,3.3317872901367647,3.5191700351527677,3.581721989507857,4.897255024048388,3.4655331248454235
263,3.02,5.71003838310591,3.1075037351575965,2.861914242409728,3.352421711079368,3.290166512195513,3.4309699299771026,3.2203683551490485,3.323340514637067,3.3253092912391216,3.410189781058773,3.296469617445572,3.3039215554266685,3.3768885358125185,3.3850969943237805,3.3104850450910237,3.4211374603250895,3.237143058906521,3.2994570728511476,3.359515083874955,4.176015338591558,3.518957696747027,3.226257571485322,3.13401175531525,3.4446795941669546,3.3220246234363886,3.328047626205655,3.3513030696931763,3.164243567482962,3.361186662008862,3.30571871484084,3.3575097217315415,3.266417755581563,3.448402948813991,3.5084279166594907,4.7808637158043235,3.396375837175801
264,3.026666666666667,5.729306717303447,3.1143311449251057,2.8719216453515237,3.3623054994187918,3.2986510738524313,3.440491044482256,3.228546159674445,3.3329462442016284,3.3342099529567584,3.4202578116836224,3.3058832812664063,3.312844613827205,3.386115561908787,3.394365896894561,3.3193043149236168,3.430459777248748,3.245449737002709,3.3088588343367653,3.368656420249893,4.1893224893673215,3.5287938224320023,3.2362474247114648,3.1415514409495646,3.4541338077684713,3.3309050132109297,3.337282601120622,3.360762066053754,3.172012586192242,3.3700706021518276,3.3145083209805986,3.3666030062631274,3.2751336935222572,3.4578385603258286,3.5182004597059398,4.796382556903532,3.4055968088650843
265,3.033333333333333,5.748575051500985,3.1211585546926144,2.881929048293317,3.3721892877582134,3.307135635509349,3.450012158987408,3.23672396419984,3.342551973766188,3.3431106146743943,3.430325842308472,3.3152969450872396,3.32176767222774,3.3953425880050547,3.40363479946534,3.328123584756209,3.439782094172405,3.2537564150988962,3.3182605958223808,3.3777977566248305,4.202629640143084,3.5386299481169763,3.246237277937607,3.1490911265838784,3.4635880213699877,3.33978540298547,3.3465175760355867,3.3702210624143305,3.179781604901521,3.3789545422947924,3.323297927120356,3.3756962907947115,3.28384963146295,3.4672741718376647,3.527973002752388,4.811901398002741,3.414817780554367
266,3.04,5.767843385698524,3.127985964460124,2.891936451235112,3.3820730760976376,3.315620197166267,3.459533273492561,3.2449017687252364,3.3521577033307492,3.352011276392031,3.4403938729333223,3.324710608908074,3.3306907306282763,3.404569614101323,3.412903702036121,3.336942854588802,3.449104411096063,3.2620630931950845,3.327662357307997,3.3869390929997687,4.215936790918848,3.5484660738019516,3.2562271311637496,3.1566308122181925,3.473042234971505,3.3486657927600105,3.3557525509505535,3.379680058774908,3.187550623610801,3.3878384824377576,3.3320875332601143,3.384789575326297,3.292565569403644,3.4767097833495026,3.5377455457988374,4.827420239101949,3.424038752243651
267,3.12,5.999063396068981,3.2099148816702328,3.0120252865366512,3.500678536170718,3.4174349370492845,3.573786647554397,3.343035423029987,3.467426458105477,3.4588192170036702,3.5612102404315213,3.4376745747580806,3.4377674314347075,3.5152939272565407,3.52413053288548,3.4427740925799157,3.5609722141799587,3.3617432303493384,3.440483495135395,3.496635129499025,4.375622600228011,3.6664995820216495,3.376105369877464,3.247107039829962,3.586492798189707,3.4552304700544987,3.4665722499301483,3.493188015101835,3.280778848122157,3.4944457641533417,3.437562806937211,3.49390898970532,3.397156824691967,3.5899371214915465,3.655016062356224,5.013646332292454,3.534690412515047
268,3.1,5.941258393476367,3.189432652367705,2.982003077711266,3.471027171152447,3.39198125207853,3.545223304038938,3.318502009453799,3.4386092694117947,3.4321172318507607,3.5310061485569717,3.409433583295579,3.4109982562331,3.4876128489677356,3.4963238251731408,3.4163162830821374,3.5330052634089846,3.3368231960607746,3.412278210678545,3.4692111203742106,4.335701147900721,3.636991204966725,3.3461358101990357,3.22448798292702,3.5581301573851563,3.4285893007308763,3.4388673251852495,3.4648110260201026,3.257471791994318,3.4677939437244456,3.4111939885179368,3.466629136110565,3.3710090108698862,3.561630286956035,3.6256984332168765,4.967089808994827,3.5070274974471976
269,3.05,5.79674588699483,3.138227079111387,2.9069475556478044,3.3968987586067723,3.328347039651644,3.4738149452502904,3.2571684755133297,3.36656629767759,3.365362268968486,3.455495918870597,3.338831104639324,3.34407531822908,3.4184101532457247,3.42680705589229,3.350171759337691,3.46308788648155,3.2745231103393655,3.3417649995364216,3.400651097562175,4.235897517082494,3.5632202623294136,3.271211911002964,3.167940340669664,3.4872235553737796,3.3619863774218213,3.3696050133230027,3.3938685533157735,3.1992041516747203,3.4011643926522055,3.345271942469751,3.3984295021236743,3.305639476314684,3.4908632006172575,3.5524043603685103,4.850698500750762,3.4378702097775746
270,3.01,5.681135881809602,3.0972626205063327,2.846903137997035,3.337596028570232,3.2774396697101356,3.4166882582193727,3.2081016483609543,3.308931920290226,3.311958298662666,3.395087735121497,3.282349121714321,3.2905369678258647,3.3630479966681164,3.3711936404676104,3.2972561403421343,3.407153984939602,3.2246830417622387,3.2853544306227227,3.3458030793125477,4.156054612427912,3.5042035082195646,3.211272791646107,3.1227022268637787,3.430498273764679,3.3087040387745774,3.3141951638332054,3.3371145751523104,3.1525900394190423,3.347860751794414,3.292534305631203,3.3438697949341627,3.2533438486705224,3.4342495315462354,3.4937691020898174,4.75758545415551,3.3825443796418764
271,3.05,5.79674588699483,3.138227079111387,2.9069475556478044,3.3968987586067723,3.328347039651644,3.4738149452502904,3.2571684755133297,3.36656629767759,3.365362268968486,3.455495918870597,3.338831104639324,3.34407531822908,3.4184101532457247,3.42680705589229,3.350171759337691,3.46308788648155,3.2745231103393655,3.3417649995364216,3.400651097562175,4.235897517082494,3.5632202623294136,3.271211911002964,3.167940340669664,3.4872235553737796,3.3619863774218213,3.3696050133230027,3.3938685533157735,3.1992041516747203,3.4011643926522055,3.345271942469751,3.3984295021236743,3.305639476314684,3.4908632006172575,3.5524043603685103,4.850698500750762,3.4378702097775746
272,3.09,5.9123558921800585,3.179191537716441,2.966991973298574,3.456201488643312,3.3792544095931527,3.530941632281208,3.306235302665705,3.424200675064954,3.418766239274305,3.515904102619696,3.395313087564328,3.397613668632296,3.473772309823333,3.4824204713169697,3.4030873783332476,3.5190217880234975,3.3243631789164927,3.39817556845012,3.4554991158118034,4.3157404217370745,3.6222370164392625,3.3311510303598206,3.213178454475549,3.5439488369828807,3.415268716069065,3.4250148628128,3.4506225314792367,3.2458182639303983,3.454468033509997,3.398009579308299,3.452989209313186,3.3579351039588454,3.5474768696882792,3.611039618647203,4.943811547346014,3.4931960399132724
273,3.13,6.027965897365287,3.220155996321496,3.0270363909493425,3.5155042186798515,3.4301617795346613,3.588068319312126,3.3553021298180807,3.4818350524523174,3.472170209580125,3.576312286368796,3.451795070489331,3.4511520190355114,3.529134466400942,3.5380338867416494,3.4560029973288047,3.5749556895654453,3.37420324749362,3.454586137363819,3.5103471340614316,4.395583326391657,3.681253770549111,3.3910901497166783,3.2584165682814334,3.600674118591982,3.4685510547163094,3.4804247123025966,3.5073765096427003,3.2924323761860768,3.5077716743677896,3.4507472161468478,3.5075489165026976,3.410230731603007,3.6040905387593014,3.6696748769258964,5.036924593941267,3.5485218700489707
274,3.14,6.056868398661595,3.23039711097276,3.042047495362036,3.5303299011889875,3.442888622020039,3.6023499910698558,3.367568836606175,3.496243646799159,3.4855212021565802,3.591414332306071,3.465915566220583,3.4645366066363157,3.542975005545345,3.5519372405978196,3.469231902077694,3.5889391649509323,3.3866632646379022,3.4686887795922443,3.524059138623839,4.415544052555302,3.6960079590765744,3.406074929555893,3.2697260967329047,3.6148554389942578,3.481871639378121,3.494277174675047,3.521565004183566,3.3040859042499964,3.521097584582237,3.4639316253564854,3.521188843300076,3.4233046385140478,3.618243956027058,3.68433369149557,5.060202855590081,3.562353327582896
275,3.26,6.40369841421728,3.3532904867879227,3.2221807483143423,3.7082380912986066,3.5956107318445643,3.7737300521626085,3.5147693180633004,3.669146778961249,3.6457331130740385,3.772638883553369,3.635361514995592,3.6251516578459624,3.70906147527817,3.7187774868718586,3.627978759064364,3.7567408695767757,3.5361834703692825,3.637920486333339,3.688603193372723,4.655072766519047,3.873058221406121,3.585892287626463,3.4054404381505594,3.78503128382156,3.641718655319852,3.660506723144438,3.6918269386739553,3.44392824101703,3.6810085071556125,3.6221445358721294,3.6848679648686096,3.5801915214465314,3.788084963240123,3.860239466331649,5.339541995375836,3.728330817989989
276,3.39,6.779430931069276,3.48642497725435,3.417325105679343,3.9009719639173612,3.7610596841544686,3.959391785013092,3.674236506308521,3.856458505470182,3.819296016567953,3.9689654807379435,3.8189279595018535,3.7991512966564134,3.8889884841553988,3.8995210870020687,3.7999545207999237,3.9385260495881056,3.6981636932449455,3.82125483530286,3.866859252684014,4.914562206646438,4.064862672263131,3.780694425536249,3.552464308019686,3.9693884490511393,3.814886255923396,3.8405887339862796,3.876277367705212,3.5954241058479846,3.8542453399434358,3.7935418555974114,3.8621870132345233,3.7501523112900568,3.972079387720946,4.0508040557374025,5.642159396810408,3.9081397659310086
277,3.25,6.374795912920974,3.3430493721366594,3.20716964390165,3.6934124087894715,3.582883889359188,3.7594483804048795,3.502502611275207,3.6547381846144082,3.632382120497584,3.7575368376160947,3.6212410192643416,3.6117670702451585,3.695220936133768,3.704874133015689,3.614749854315475,3.7427573941912886,3.5237234532250006,3.6238178441049147,3.6748911888103155,4.635112040355402,3.8583040328786593,3.570907507787249,3.394130909699088,3.770849963419285,3.6283980706580414,3.6466542607719887,3.6776384441330894,3.432274712953111,3.667682596941165,3.6089601266624927,3.6712280380712325,3.567117614535492,3.773931545972368,3.845580651761976,5.316263733727023,3.7144993604560654
278,3.26,6.40369841421728,3.3532904867879227,3.2221807483143423,3.7082380912986066,3.5956107318445643,3.7737300521626085,3.5147693180633004,3.669146778961249,3.6457331130740385,3.772638883553369,3.635361514995592,3.6251516578459624,3.70906147527817,3.7187774868718586,3.627978759064364,3.7567408695767757,3.5361834703692825,3.637920486333339,3.688603193372723,4.655072766519047,3.873058221406121,3.585892287626463,3.4054404381505594,3.78503128382156,3.641718655319852,3.660506723144438,3.6918269386739553,3.44392824101703,3.6810085071556125,3.6221445358721294,3.6848679648686096,3.5801915214465314,3.788084963240123,3.860239466331649,5.339541995375836,3.728330817989989
279,3.27,6.432600915513588,3.3635316014391865,3.237191852727036,3.7230637738077417,3.6083375743299415,3.788011723920339,3.5270360248513946,3.683555373308091,3.659084105650494,3.7877409294906443,3.6494820107268433,3.6385362454467662,3.7229020144225724,3.732680840728029,3.6412076638132533,3.7707243449622627,3.548643487513564,3.6520231285617646,3.70231519793513,4.675033492682693,3.8878124099335842,3.6008770674656776,3.4167499666020307,3.7992126042238357,3.655039239981664,3.6743591855168876,3.706015433214821,3.45558176908095,3.6943344173700607,3.635328945081767,3.6985078916659884,3.5932654283575722,3.8022383805078794,3.8748982809013226,5.362820257024649,3.7421622755239152
280,3.28,6.461503416809895,3.37377271609045,3.2522029571397275,3.7378894563168767,3.6210644168153188,3.8022933956780673,3.5393027316394883,3.697963967654931,3.672435098226948,3.802842975427919,3.663602506458094,3.65192083304757,3.736742553566974,3.746584194584199,3.6544365685621427,3.7847078203477493,3.5611035046578454,3.6661257707901886,3.7160272024975365,4.694994218846338,3.902566598461046,3.6158618473048914,3.428059495053502,3.8133939246261104,3.668359824643474,3.6882116478893368,3.720203927755687,3.467235297144869,3.707660327584508,3.6485133542914037,3.7121478184633654,3.606339335268613,3.8163917977756343,3.8895570954709955,5.386098518673462,3.7559937330578386
281,3.4,6.808333432365582,3.496666091905613,3.432336210092035,3.915797646426496,3.773786526639845,3.973673456770821,3.686503213096614,3.8708670998170227,3.8326470091444076,3.9840675266752177,3.8330484552331043,3.8125358842572172,3.9028290232998,3.9134244408582375,3.8131834255488126,3.9525095249735926,3.7106237103892266,3.8353574775312844,3.8805712572464213,4.934522932810084,4.079616860790594,3.795679205375462,3.5637738364711566,3.983569769453414,3.828206840585206,3.854441196358729,3.890465862246077,3.6070776339119037,3.8675712501578836,3.8067262648070477,3.8758269400319003,3.7632262182010976,3.9862328049887013,4.0654628703070745,5.665437658459219,3.921971223464933
282,3.45,6.952845938847118,3.5478716651619315,3.507391732155497,3.989926058972171,3.837420739066731,4.0450818155594686,3.747836747037084,3.9429100715512275,3.8994019720266824,4.059577756361592,3.903650933889359,3.8794588222612374,3.9720317190218113,3.9829412101390878,3.879327949293259,4.022426901901027,3.7729237961106357,3.9058706886734083,3.949131280058456,5.034326563628311,4.153387803427905,3.8706031045715346,3.6203214787285134,4.054476371464791,3.894809763894261,3.9237035082209757,3.9614083349504066,3.665345274231502,3.9342008012301237,3.872648310855234,3.94402657401879,3.8285957527563,4.056999891327479,4.138756943155442,5.781828966703285,3.991128511134556
283,3.16,6.114673401254211,3.250879340275287,3.07206970418742,3.559981266207257,3.4683423069907935,3.6309133345853146,3.3921022501823623,3.52506083549284,3.5122231873094902,3.621618424180621,3.494156557683084,3.491305781837924,3.5706560838341486,3.57974394831016,3.495689711575473,3.616906115721907,3.411583298926465,3.4968940640490933,3.5514831477486526,4.455465504882595,3.725516336131499,3.4360444892343214,3.2923451536358477,3.6432180797988076,3.5085128087017425,3.5219820994199456,3.5499419932652976,3.3273929603778356,3.547749405011133,3.4903004437757588,3.548468696894832,3.4494524523361285,3.6465507905625683,3.713651320634917,5.106759378887707,3.5900162426507443
284,3.19,6.201380905143132,3.2816026842290777,3.1171030174254963,3.6044583137346615,3.506522834446925,3.6737583498585025,3.428902370546644,3.568286618533363,3.5522761650388546,3.6669245619924453,3.5365180448768365,3.531459544640335,3.612177701267355,3.6214540098786694,3.53537642582214,3.6588565418783667,3.4489633503593105,3.539201990734367,3.5926191614358736,4.5153476833735295,3.769778901713886,3.4809988287519635,3.3262737389902615,3.6857620410056335,3.5484745626871756,3.5635394865372936,3.592507476887895,3.362353544569594,3.5877271356544767,3.52985367140467,3.589388477286965,3.488674173069249,3.689011042365835,3.757627764343936,5.176594163834146,3.6315106152525183
285,3.2133333333333334,6.268820074834514,3.3054986184153594,3.152128927721779,3.639051572922644,3.536218800246138,3.7070822506265384,3.4575246863855296,3.601906672009325,3.583428481050583,3.70216266917942,3.5694658682497553,3.562690249042211,3.644472292604293,3.6538951688763994,3.5662438702362147,3.6914846511111703,3.4780367236959675,3.572108155934025,3.6246138387481572,4.561922711088703,3.8042053416112975,3.5159633150434635,3.3526626387103606,3.718851788610943,3.579555926898068,3.595861898739675,3.625613964149915,3.3895451100520724,3.6188209261548554,3.560617292893823,3.6212149731475134,3.519179955861677,3.722035682657264,3.7918316650065074,5.2309101076813755,3.663784016165009
286,3.2366666666666664,6.336259244525897,3.329394552601641,3.1871548380180603,3.6736448321106248,3.565914766045351,3.740406151394573,3.4861470022244148,3.6355267254852865,3.6145807970623105,3.7374007763663943,3.6024136916226737,3.593920953444087,3.676766883941231,3.6863363278741286,3.597111314650289,3.7241127603439725,3.5071100970326246,3.6050143211336816,3.6566085160604396,4.608497738803875,3.8386317815087088,3.5509278013349634,3.37905153843046,3.751941536216251,3.6106372911089597,3.628184310942056,3.658720451411935,3.416736675534551,3.6499147166552337,3.5913809143829756,3.6530414690080617,3.5496857386541043,3.755060322948694,3.8260355656690774,5.285226051528606,3.696057417077499
287,3.26,6.40369841421728,3.3532904867879227,3.2221807483143423,3.7082380912986066,3.5956107318445643,3.7737300521626085,3.5147693180633004,3.669146778961249,3.6457331130740385,3.772638883553369,3.635361514995592,3.6251516578459624,3.70906147527817,3.7187774868718586,3.627978759064364,3.7567408695767757,3.5361834703692825,3.637920486333339,3.688603193372723,4.655072766519047,3.873058221406121,3.585892287626463,3.4054404381505594,3.78503128382156,3.641718655319852,3.660506723144438,3.6918269386739553,3.44392824101703,3.6810085071556125,3.6221445358721294,3.6848679648686096,3.5801915214465314,3.788084963240123,3.860239466331649,5.339541995375836,3.728330817989989
288,3.27,6.432600915513588,3.3635316014391865,3.237191852727036,3.7230637738077417,3.6083375743299415,3.788011723920339,3.5270360248513946,3.683555373308091,3.659084105650494,3.7877409294906443,3.6494820107268433,3.6385362454467662,3.7229020144225724,3.732680840728029,3.6412076638132533,3.7707243449622627,3.548643487513564,3.6520231285617646,3.70231519793513,4.675033492682693,3.8878124099335842,3.6008770674656776,3.4167499666020307,3.7992126042238357,3.655039239981664,3.6743591855168876,3.706015433214821,3.45558176908095,3.6943344173700607,3.635328945081767,3.6985078916659884,3.5932654283575722,3.8022383805078794,3.8748982809013226,5.362820257024649,3.7421622755239152
289,3.3,6.519308419402509,3.3942549453929773,3.282225165965112,3.7675408213351465,3.6465181017860733,3.8308567391935266,3.5638361452156757,3.726781156348613,3.699137083379858,3.833047067302469,3.6918434979205954,3.678690008249178,3.7644236318557787,3.7743909022965383,3.6808943780599206,3.812674771118723,3.5860235389464092,3.694331055247038,3.7434512116223506,4.734915671173629,3.9320749755159703,3.64583140698332,3.4506785519564445,3.841756565430661,3.695000993967096,3.715916572634235,3.748580916837419,3.4905423532727085,3.7343121480134043,3.674882172710677,3.739427672058121,3.6324871490906934,3.844698632311146,3.918874724610342,5.432655041971088,3.783656648125687
290,3.28,6.461503416809895,3.37377271609045,3.2522029571397275,3.7378894563168767,3.6210644168153188,3.8022933956780673,3.5393027316394883,3.697963967654931,3.672435098226948,3.802842975427919,3.663602506458094,3.65192083304757,3.736742553566974,3.746584194584199,3.6544365685621427,3.7847078203477493,3.5611035046578454,3.6661257707901886,3.7160272024975365,4.694994218846338,3.902566598461046,3.6158618473048914,3.428059495053502,3.8133939246261104,3.668359824643474,3.6882116478893368,3.720203927755687,3.467235297144869,3.707660327584508,3.6485133542914037,3.7121478184633654,3.606339335268613,3.8163917977756343,3.8895570954709955,5.386098518673462,3.7559937330578386
291,3.2,6.23028340643944,3.291843798880341,3.1321141218381894,3.6192839962437975,3.5192496769323016,3.6880400216162323,3.441169077334738,3.5826952128802043,3.56562715761531,3.6820266079297204,3.550638540608088,3.5448441322411397,3.6260182404117574,3.6353573637348395,3.5486053305710294,3.6728400172638547,3.461423367503592,3.5533046329627918,3.606331165998281,4.535308409537176,3.7845330902413483,3.495983608591178,3.3375832674417327,3.699943361407909,3.5617951473489864,3.5773919489097423,3.6066959714287616,3.3740070726335136,3.6010530458689254,3.5430380806143074,3.603028404084343,3.50174807998029,3.703164459633591,3.7722865789136106,5.19987242548296,3.645342072786443
292,3.2,6.23028340643944,3.291843798880341,3.1321141218381894,3.6192839962437975,3.5192496769323016,3.6880400216162323,3.441169077334738,3.5826952128802043,3.56562715761531,3.6820266079297204,3.550638540608088,3.5448441322411397,3.6260182404117574,3.6353573637348395,3.5486053305710294,3.6728400172638547,3.461423367503592,3.5533046329627918,3.606331165998281,4.535308409537176,3.7845330902413483,3.495983608591178,3.3375832674417327,3.699943361407909,3.5617951473489864,3.5773919489097423,3.6066959714287616,3.3740070726335136,3.6010530458689254,3.5430380806143074,3.603028404084343,3.50174807998029,3.703164459633591,3.7722865789136106,5.19987242548296,3.645342072786443
293,3.2,6.23028340643944,3.291843798880341,3.1321141218381894,3.6192839962437975,3.5192496769323016,3.6880400216162323,3.441169077334738,3.5826952128802043,3.56562715761531,3.6820266079297204,3.550638540608088,3.5448441322411397,3.6260182404117574,3.6353573637348395,3.5486053305710294,3.6728400172638547,3.461423367503592,3.5533046329627918,3.606331165998281,4.535308409537176,3.7845330902413483,3.495983608591178,3.3375832674417327,3.699943361407909,3.5617951473489864,3.5773919489097423,3.6066959714287616,3.3740070726335136,3.6010530458689254,3.5430380806143074,3.603028404084343,3.50174807998029,3.703164459633591,3.7722865789136106,5.19987242548296,3.645342072786443
294,3.2,6.23028340643944,3.291843798880341,3.1321141218381894,3.6192839962437975,3.5192496769323016,3.6880400216162323,3.441169077334738,3.5826952128802043,3.56562715761531,3.6820266079297204,3.550638540608088,3.5448441322411397,3.6260182404117574,3.6353573637348395,3.5486053305710294,3.6728400172638547,3.461423367503592,3.5533046329627918,3.606331165998281,4.535308409537176,3.7845330902413483,3.495983608591178,3.3375832674417327,3.699943361407909,3.5617951473489864,3.5773919489097423,3.6066959714287616,3.3740070726335136,3.6010530458689254,3.5430380806143074,3.603028404084343,3.50174807998029,3.703164459633591,3.7722865789136106,5.19987242548296,3.645342072786443
295,3.28,6.461503416809895,3.37377271609045,3.2522029571397275,3.7378894563168767,3.6210644168153188,3.8022933956780673,3.5393027316394883,3.697963967654931,3.672435098226948,3.802842975427919,3.663602506458094,3.65192083304757,3.736742553566974,3.746584194584199,3.6544365685621427,3.7847078203477493,3.5611035046578454,3.6661257707901886,3.7160272024975365,4.694994218846338,3.902566598461046,3.6158618473048914,3.428059495053502,3.8133939246261104,3.668359824643474,3.6882116478893368,3.720203927755687,3.467235297144869,3.707660327584508,3.6485133542914037,3.7121478184633654,3.606339335268613,3.8163917977756343,3.8895570954709955,5.386098518673462,3.7559937330578386
296,3.42,6.866138434958196,3.5171483212081407,3.4623584189174195,3.945449011444766,3.7992402116105994,4.00223680028628,3.7110366266728025,3.899684288510705,3.8593489942973176,4.014271618549767,3.861289446695606,3.8393050594588254,3.930510101588604,3.9412311485705778,3.8396412350465914,3.9804764757445663,3.7355437446777904,3.863562761988134,3.907995266371235,4.974444385137374,4.109125237845518,3.825648765053891,3.5863928933740996,4.011932410257964,3.854848009908829,3.8821461211036272,3.918842851327809,3.630384690039743,3.8942230705867793,3.833095083226322,3.903106793626656,3.789374032023178,4.014539639524212,4.094780499446421,5.711994181756846,3.9496341385327813
297,3.42,6.866138434958196,3.5171483212081407,3.4623584189174195,3.945449011444766,3.7992402116105994,4.00223680028628,3.7110366266728025,3.899684288510705,3.8593489942973176,4.014271618549767,3.861289446695606,3.8393050594588254,3.930510101588604,3.9412311485705778,3.8396412350465914,3.9804764757445663,3.7355437446777904,3.863562761988134,3.907995266371235,4.974444385137374,4.109125237845518,3.825648765053891,3.5863928933740996,4.011932410257964,3.854848009908829,3.8821461211036272,3.918842851327809,3.630384690039743,3.8942230705867793,3.833095083226322,3.903106793626656,3.789374032023178,4.014539639524212,4.094780499446421,5.711994181756846,3.9496341385327813
298,3.27,6.432600915513588,3.3635316014391865,3.237191852727036,3.7230637738077417,3.6083375743299415,3.788011723920339,3.5270360248513946,3.683555373308091,3.659084105650494,3.7877409294906443,3.6494820107268433,3.6385362454467662,3.7229020144225724,3.732680840728029,3.6412076638132533,3.7707243449622627,3.548643487513564,3.6520231285617646,3.70231519793513,4.675033492682693,3.8878124099335842,3.6008770674656776,3.4167499666020307,3.7992126042238357,3.655039239981664,3.6743591855168876,3.706015433214821,3.45558176908095,3.6943344173700607,3.635328945081767,3.6985078916659884,3.5932654283575722,3.8022383805078794,3.8748982809013226,5.362820257024649,3.7421622755239152
299,3.2466666666666666,6.365161745822205,3.339635667252905,3.2021659424307534,3.6884705146197603,3.5786416085307287,3.7546878231523033,3.498413709012509,3.649935319832128,3.6279317896387657,3.75250282230367,3.6165341873539245,3.607305541044891,3.690607423085634,3.7002396817302996,3.6103402193991787,3.73809623572946,3.519570114176907,3.6191169633621065,3.6703205206228464,4.62845846496752,3.853385970036172,3.565912581174178,3.3903610668819315,3.7661228566185274,3.6239578757707713,3.642036773314506,3.672908945952802,3.4283902035984712,3.6632406268696824,3.604565323592613,3.6666813958054396,3.562759645565145,3.7692137402164496,3.8406943802387516,5.308504313177419,3.7098888746114236
300,3.2233333333333336,6.297722576130822,3.315739733066623,3.167140032134472,3.653877255431779,3.5489456427315154,3.721363922384268,3.4697913931736233,3.6163152663561666,3.5967794736270378,3.7172647151166953,3.5835863639810066,3.5760748366430155,3.658312831748696,3.6677985227325696,3.579472774985104,3.7054681264966574,3.49049674084025,3.58621079816245,3.6383258433105645,4.581883437252348,3.8189595301387604,3.5309480948826786,3.3639721671618323,3.733033109013218,3.5928765115598793,3.6097143611121245,3.639802458690782,3.4011986381159924,3.6321468363693037,3.5738017021034607,3.6348548999448917,3.5322538627727176,3.7361890999250202,3.8064904795761807,5.254188369330189,3.6776154736989337
301,3.2,6.23028340643944,3.291843798880341,3.1321141218381894,3.6192839962437975,3.5192496769323016,3.6880400216162323,3.441169077334738,3.5826952128802043,3.56562715761531,3.6820266079297204,3.550638540608088,3.5448441322411397,3.6260182404117574,3.6353573637348395,3.5486053305710294,3.6728400172638547,3.461423367503592,3.5533046329627918,3.606331165998281,4.535308409537176,3.7845330902413483,3.495983608591178,3.3375832674417327,3.699943361407909,3.5617951473489864,3.5773919489097423,3.6066959714287616,3.3740070726335136,3.6010530458689254,3.5430380806143074,3.603028404084343,3.50174807998029,3.703164459633591,3.7722865789136106,5.19987242548296,3.645342072786443
302,3.27,6.432600915513588,3.3635316014391865,3.237191852727036,3.7230637738077417,3.6083375743299415,3.788011723920339,3.5270360248513946,3.683555373308091,3.659084105650494,3.7877409294906443,3.6494820107268433,3.6385362454467662,3.7229020144225724,3.732680840728029,3.6412076638132533,3.7707243449622627,3.548643487513564,3.6520231285617646,3.70231519793513,4.675033492682693,3.8878124099335842,3.6008770674656776,3.4167499666020307,3.7992126042238357,3.655039239981664,3.6743591855168876,3.706015433214821,3.45558176908095,3.6943344173700607,3.635328945081767,3.6985078916659884,3.5932654283575722,3.8022383805078794,3.8748982809013226,5.362820257024649,3.7421622755239152
303,3.31,6.548210920698817,3.404496060044241,3.297236270377804,3.7823665038442815,3.6592449442714505,3.845138410951256,3.5761028520037703,3.741189750695454,3.7124880759563132,3.848149113239744,3.7059639936518467,3.692074595849982,3.7782641710001807,3.7882942561527084,3.6941232828088104,3.8266582465042105,3.598483556090691,3.7084336974754626,3.757163216184758,4.754876397337274,3.9468291640434323,3.6608161868225344,3.4619880804079157,3.8559378858329367,3.708321578628907,3.7297690350066848,3.7627694113782844,3.502195881336628,3.747638058227852,3.6880665819203147,3.7530675988554996,3.645561056001734,3.8588520495789007,3.9335335391800155,5.455933303619902,3.797488105659612
304,3.36,6.692723427180353,3.455701633300559,3.3722917924412656,3.856494916389956,3.722879156698336,3.9165467697399032,3.637436385944239,3.813232722429659,3.7792430388385876,3.9236593429261184,3.776566472308101,3.758997533854002,3.8474668667221916,3.8578110254335582,3.760267806553256,3.896575623431645,3.6607836418121,3.7789469086175855,3.825723238996793,4.854680028155502,4.020600106680744,3.7357400860186063,3.5185357226652716,3.926844487844313,3.7749245019379627,3.799031346868931,3.8337118840826134,3.5604635216562257,3.814267609300092,3.7539886279685,3.8212672328423887,3.7109305905569356,3.929619135917679,4.006827612028381,5.572324611863967,3.866645393329235
305,3.26,6.40369841421728,3.3532904867879227,3.2221807483143423,3.7082380912986066,3.5956107318445643,3.7737300521626085,3.5147693180633004,3.669146778961249,3.6457331130740385,3.772638883553369,3.635361514995592,3.6251516578459624,3.70906147527817,3.7187774868718586,3.627978759064364,3.7567408695767757,3.5361834703692825,3.637920486333339,3.688603193372723,4.655072766519047,3.873058221406121,3.585892287626463,3.4054404381505594,3.78503128382156,3.641718655319852,3.660506723144438,3.6918269386739553,3.44392824101703,3.6810085071556125,3.6221445358721294,3.6848679648686096,3.5801915214465314,3.788084963240123,3.860239466331649,5.339541995375836,3.728330817989989
306,3.35,6.663820925884045,3.4454605186492957,3.3572806880285726,3.841669233880821,3.7101523142129595,3.902265097982174,3.6251696791561456,3.798824128082818,3.765892046262133,3.908557296988843,3.762445976576849,3.745612946253198,3.8336263275777895,3.843907671577388,3.747038901804367,3.8825921480461583,3.6483236246678183,3.7648442663891606,3.8120112344343853,4.834719301991855,4.005845918153281,3.720755306179391,3.5072261942138008,3.9126631674420373,3.761603917276151,3.7851788844964815,3.819523389541748,3.5488099935923065,3.800941699085644,3.740804218758863,3.8076273060450108,3.6978566836458953,3.9154657186499233,3.992168797458709,5.5490463502151535,3.85281393579531
307,3.44,6.92394343755081,3.537630550510668,3.492380627742804,3.9751003764630357,3.824693896581354,4.030800143801739,3.73557004024899,3.928501477204386,3.886050979450227,4.044475710424317,3.889530438158107,3.8660742346604335,3.958191179877409,3.9690378562829176,3.8660990445443697,4.00844342651554,3.760463778966354,3.8917680464449838,3.935419275496049,5.0143658374646645,4.138633614900442,3.85561832473232,3.609011950277042,4.040295051062515,3.8814891792324504,3.9098510458485256,3.9472198404095398,3.653691746167582,3.920874891015676,3.8594639016455963,3.930386647221411,3.815521845845259,4.042846474059723,4.124098128585769,5.758550705054472,3.977297053600631
308,3.53,7.184065949217575,3.62980058237204,3.627480567457034,4.1085315190452505,3.9392354789497475,4.159335189621303,3.8459704013418348,4.058178826325954,4.006209912638321,4.180394123859791,4.0166148997393645,3.9865355230676682,4.082756032177028,4.094168040988446,3.9851591872843724,4.134294704984923,3.872603933264889,4.018691826500804,4.0588273165577125,5.194012372937473,4.271421311647602,3.9904813432852473,3.7107977063402826,4.167926934682992,4.00137444118875,4.03452320720057,4.074916291277332,3.758573498742857,4.040808082945707,3.9781235845323293,4.053145988397812,3.933187008044622,4.170227229469522,4.2560274597128265,5.96805505989379,4.101780171405951
309,3.53,7.184065949217575,3.62980058237204,3.627480567457034,4.1085315190452505,3.9392354789497475,4.159335189621303,3.8459704013418348,4.058178826325954,4.006209912638321,4.180394123859791,4.0166148997393645,3.9865355230676682,4.082756032177028,4.094168040988446,3.9851591872843724,4.134294704984923,3.872603933264889,4.018691826500804,4.0588273165577125,5.194012372937473,4.271421311647602,3.9904813432852473,3.7107977063402826,4.167926934682992,4.00137444118875,4.03452320720057,4.074916291277332,3.758573498742857,4.040808082945707,3.9781235845323293,4.053145988397812,3.933187008044622,4.170227229469522,4.2560274597128265,5.96805505989379,4.101780171405951
310,3.54,7.212968450513883,3.640041697023304,3.642491671869727,4.123357201554385,3.9519623214351256,4.173616861379033,3.8582371081299285,4.072587420672796,4.019560905214776,4.1954961697970665,4.030735395470616,3.9999201106684725,4.09659657132143,4.108071394844617,3.9983880920332613,4.14827818037041,3.885063950409171,4.03279446872923,4.07253932112012,5.2139730991011195,4.286175500175065,4.005466123124462,3.7221072347917543,4.182108255085268,4.0146950258505605,4.048375669573019,4.089104785818199,3.7702270268067775,4.054133993160155,3.991307993741967,4.06678591519519,3.9462609149556624,4.184380646737279,4.270686274282501,5.991333321542603,4.1156116289398765
311,3.54,7.212968450513883,3.640041697023304,3.642491671869727,4.123357201554385,3.9519623214351256,4.173616861379033,3.8582371081299285,4.072587420672796,4.019560905214776,4.1954961697970665,4.030735395470616,3.9999201106684725,4.09659657132143,4.108071394844617,3.9983880920332613,4.14827818037041,3.885063950409171,4.03279446872923,4.07253932112012,5.2139730991011195,4.286175500175065,4.005466123124462,3.7221072347917543,4.182108255085268,4.0146950258505605,4.048375669573019,4.089104785818199,3.7702270268067775,4.054133993160155,3.991307993741967,4.06678591519519,3.9462609149556624,4.184380646737279,4.270686274282501,5.991333321542603,4.1156116289398765
312,3.74,7.791018476440027,3.844863990048576,3.942713760123573,4.419870851737085,4.206499171142669,4.4592502965336225,4.103571243891805,4.360759307609615,4.2865807567438745,4.497537088542564,4.313145310095633,4.267611862684551,4.373407354209474,4.386138471968016,4.262966187011045,4.427947688080148,4.134264293294806,4.314847313297723,4.34677941236826,5.613187622374029,4.581259270724311,4.305161719908747,3.948297803821179,4.465734663130773,4.281106719086781,4.325424917022005,4.372874676635514,4.003297588085168,4.320652197449114,4.254996177934708,4.339584451142748,4.20773905317647,4.46744899209239,4.563862565675967,6.456898554518864,4.3922407796183665
313,3.8133333333333335,8.002970152612946,3.919965497491176,4.052795192483316,4.528592523470741,4.2998293493687685,4.563982556090305,4.193527093671161,4.466422332819781,4.384488035637878,4.608285425415913,4.416695612124806,4.3657655050904465,4.474904641268423,4.4880964002465955,4.359978155169566,4.5304931742403864,4.225637752352872,4.418266689639504,4.447334112492578,5.759566280907427,4.689456653259034,4.415050105396318,4.0312343457986355,4.569731012747458,4.378791006606727,4.427009641086633,4.476923636601863,4.088756793887244,4.418375539021732,4.351681845472047,4.439610580990186,4.303614370524099,4.571240718722596,4.671360539186904,6.62760580661016,4.493671468200479
314,3.8866666666666663,8.214921828785865,3.995067004933776,4.16287662484306,4.6373141952043975,4.393159527594866,4.668714815646987,4.283482943450515,4.572085358029948,4.48239531453188,4.719033762289262,4.520245914153978,4.463919147496342,4.576401928327371,4.5900543285251745,4.456990123328087,4.633038660400624,4.3170112114109385,4.521686065981283,4.547888812616895,5.905944939440826,4.797654035793758,4.524938490883889,4.1141708877760905,4.6737273623641435,4.476475294126675,4.528594365151261,4.580972596568213,4.17421599968932,4.516098880594351,4.448367513009385,4.539636710837623,4.3994896878717284,4.675032445352803,4.778858512697841,6.798313058701456,4.595102156782593
315,3.96,8.426873504958785,4.070168512376376,4.272958057202803,4.746035866938054,4.486489705820966,4.77344707520367,4.37343879322987,4.677748383240115,4.580302593425882,4.829782099162611,4.623796216183152,4.562072789902237,4.67789921538632,4.692012256803754,4.554002091486607,4.735584146560861,4.408384670469005,4.625105442323065,4.648443512741213,6.052323597974226,4.9058514183284805,4.63482687637146,4.197107429753546,4.777723711980829,4.574159581646622,4.63017908921589,4.685021556534562,4.259675205491397,4.613822222166968,4.545053180546724,4.6396628406850615,4.495365005219359,4.778824171983011,4.886356486208778,6.969020310792752,4.696532845364707
316,4.1,8.831508523107082,4.213544117494066,4.483113518980495,4.953595422065943,4.6646655006162465,4.973390479811881,4.545172688263183,4.879468704095888,4.767216489496251,5.041210742284459,4.821483156420663,4.7494570163134915,4.8716667634079505,4.886659210790132,4.739206757971056,4.931352801957678,4.582824910488949,4.82254243352101,4.840411576614911,6.331773764265261,5.112410057712952,4.844613794120459,4.355440828074143,4.976262197612682,4.760647766911976,4.8241135624301785,4.883660480106682,4.42282459838627,4.800384965169239,4.729634909481642,4.830621815848351,4.678399701973923,4.976972013731587,5.091579890184204,7.294915973876132,4.8901732508396485
317,4.1,8.831508523107082,4.213544117494066,4.483113518980495,4.953595422065943,4.6646655006162465,4.973390479811881,4.545172688263183,4.879468704095888,4.767216489496251,5.041210742284459,4.821483156420663,4.7494570163134915,4.8716667634079505,4.886659210790132,4.739206757971056,4.931352801957678,4.582824910488949,4.82254243352101,4.840411576614911,6.331773764265261,5.112410057712952,4.844613794120459,4.355440828074143,4.976262197612682,4.760647766911976,4.8241135624301785,4.883660480106682,4.42282459838627,4.800384965169239,4.729634909481642,4.830621815848351,4.678399701973923,4.976972013731587,5.091579890184204,7.294915973876132,4.8901732508396485
318,4.69,10.536756099589208,4.817769881918619,5.3687686793293405,5.828310690104907,5.415549207253499,5.816009113517919,5.268908388760721,5.729575770559504,5.55492505150709,5.932231452583677,5.654592404564464,5.539147684760923,5.688258572927678,5.706957088304159,5.519712138155519,5.756377849701407,5.317965922001571,5.654598324998064,5.649419845796926,7.509456607920342,5.982907180833227,5.7287158046341,5.022703006710946,5.812960101346922,5.546562261958826,5.641408842404688,5.720781658017765,5.110382754157523,5.586613667821669,5.507515052850228,5.635377496893646,5.449760209725306,5.812023632529164,5.956449949794928,8.668333411156107,5.706229245341196
319,4.3,9.409558549033228,4.418366410519338,4.78333560723434,5.250109072248643,4.919202350323789,5.259023914966471,4.790506824025061,5.167640591032706,5.034236341025348,5.3432516610299565,5.10389307104568,5.0171487683295695,5.148477546295994,5.164726287913531,5.00378485294884,5.211022309667415,4.832025253374583,5.104595278089502,5.114651667863052,6.73098828753817,5.407493828262198,5.144309390904744,4.5816313971035685,5.259888605658187,5.027059460148196,5.101162809879165,5.167430370923999,4.65589515966466,5.0669031694581985,4.993323093674383,5.103420351795908,4.939877840194731,5.260040359086698,5.38475618157767,7.760481206852396,5.166802401518139
320,4.416666666666667,9.746754397490148,4.537846081450748,4.958465158715752,5.423075368188552,5.067682179319857,5.425643418806649,4.93361840321949,5.335740858412519,5.1899979210839895,5.519442196964832,5.268632187910274,5.173302290338951,5.309950502980687,5.326932082902182,5.158122075019215,5.374162855831432,4.977392120057871,5.269126104087792,5.274625054424469,6.963863426114035,5.57962602774926,5.319131822362245,4.713575895704066,5.425337343684733,5.182466281202659,5.262774870891075,5.332962807234101,4.791852987077055,5.222372121960092,5.14714120112015,5.262552831098652,5.092406754156869,5.425163560543847,5.555775684890526,8.032060926088551,5.328169406080593
321,4.533333333333333,10.083950245947062,4.657325752382156,5.133594710197162,5.5960416641284585,5.216162008315923,5.592262922646825,5.076729982413918,5.503841125792329,5.34575950114263,5.695632732899703,5.433371304774867,5.329455812348328,5.4714234596653775,5.48913787789083,5.312459297089588,5.537303401995445,5.122758986741157,5.4336569300860775,5.434598440985882,7.196738564689897,5.7517582272363175,5.4939542538197434,4.845520394304564,5.590786081711276,5.337873102257119,5.424386931902983,5.498495243544201,4.927810814489449,5.377841074461984,5.300959308565914,5.421685310401392,5.244935668119006,5.590286762000994,5.726795188203379,8.303640645324702,5.489536410643045
322,4.65,10.42114609440398,4.776805423313565,5.308724261678572,5.769007960068367,5.364641837311991,5.758882426487002,5.219841561608346,5.6719413931721405,5.501521081201271,5.871823268834578,5.598110421639461,5.485609334357708,5.63289641635007,5.651343672879479,5.466796519159962,5.700443948159459,5.268125853424444,5.598187756084366,5.594571827547298,7.429613703265761,5.9238904267233785,5.668776685277243,4.977464892905061,5.756234819737822,5.493279923311581,5.585998992914892,5.6640276798543026,5.063768641901844,5.533310026963877,5.45477741601168,5.580817789704135,5.3974645820811435,5.755409963458142,5.897814691516236,8.575220364560854,5.650903415205499
323,4.65,10.42114609440398,4.776805423313565,5.308724261678572,5.769007960068367,5.364641837311991,5.758882426487002,5.219841561608346,5.6719413931721405,5.501521081201271,5.871823268834578,5.598110421639461,5.485609334357708,5.63289641635007,5.651343672879479,5.466796519159962,5.700443948159459,5.268125853424444,5.598187756084366,5.594571827547298,7.429613703265761,5.9238904267233785,5.668776685277243,4.977464892905061,5.756234819737822,5.493279923311581,5.585998992914892,5.6640276798543026,5.063768641901844,5.533310026963877,5.45477741601168,5.580817789704135,5.3974645820811435,5.755409963458142,5.897814691516236,8.575220364560854,5.650903415205499
324,4.7,10.565658600885516,4.8280109965698825,5.383779783742034,5.843136372614042,5.4282760497388765,5.830290785275649,5.281175095548815,5.7439843649063445,5.568276044083546,5.947333498520952,5.668712900295715,5.552532272361728,5.70209911207208,5.720860442160329,5.532941042904408,5.770361325086894,5.330425939145853,5.6687009672264885,5.663131850359333,7.529417334083988,5.9976613693606895,5.743700584473315,5.034012535162418,5.827141421749198,5.559882846620637,5.655261304777138,5.734970152558631,5.122036282221442,5.599939578036117,5.5206994620598655,5.649017423691024,5.462834116636346,5.82617704979692,5.971108764364601,8.69161167280492,5.720060702875121
325,4.6160000000000005,10.322877589996535,4.741985633499269,5.257686506675418,5.718600639537308,5.321370572861708,5.710324742510721,5.178134758528827,5.622952172392881,5.456127706441324,5.820476312647842,5.550100736153208,5.440101736514975,5.585838583259102,5.604072269768501,5.421818243013739,5.652900131848804,5.225761795133886,5.550238772507722,5.547951012035114,7.361747234309366,5.873726185730006,5.617828433823914,4.93901249617006,5.708018330370086,5.447989935461424,5.538900620848564,5.615786798415359,5.0241466464845175,5.488001932234754,5.4099504246989145,5.53444203859305,5.3530132985836065,5.707288344747774,5.847974721979345,8.49607427495489,5.603876459590154
326,4.532,10.080096579107554,4.655960270428654,5.131593229608802,5.594064906460574,5.21446509598454,5.590358699745794,5.0750944215088385,5.501919979879416,5.343979368799102,5.693619126774733,5.4314885720107,5.327671200668221,5.469578054446124,5.4872840973766746,5.31069544312307,5.535438938610713,5.12109765112192,5.431776577788955,5.432770173710894,7.1940771345347425,5.749791002099323,5.491956283174515,4.844012457177701,5.588895238990974,5.3360970243022114,5.422539936919989,5.496603444272086,4.926257010747594,5.37606428643339,5.299201387337963,5.419866653495075,5.243192480530867,5.588399639698626,5.72484067959409,8.300536877104859,5.487692216305188
327,4.448,9.837315568218576,4.56993490735804,5.005499952542188,5.469529173383841,5.107559619107373,5.4703926569808665,4.972054084488851,5.380887787365953,5.231831031156882,5.566761940901626,5.312876407868194,5.215240664821469,5.3533175256331464,5.370495924984848,5.1995726432324005,5.417977745372623,5.016433507109953,5.313314383070188,5.3175893353866766,7.026407034760123,5.625855818468641,5.366084132525116,4.749012418185343,5.469772147611861,5.224204113142999,5.306179252991416,5.377420090128814,4.82836737501067,5.264126640632028,5.1884523499770125,5.305291268397102,5.133371662478129,5.469510934649481,5.601706637208834,8.10499947925483,5.371507973020223
328,4.364,9.594534557329592,4.4839095442874255,4.879406675475572,5.344993440307106,5.0006541422302035,5.350426614215938,4.869013747468862,5.259855594852488,5.11968269351466,5.439904755028516,5.194264243725685,5.102810128974715,5.237056996820167,5.253707752593019,5.088449843341731,5.300516552134532,4.911769363097986,5.19485218835142,5.202408497062456,6.858736934985501,5.501920634837957,5.2402119818757145,4.654012379192984,5.350649056232749,5.112311201983786,5.189818569062841,5.258236735985539,4.730477739273745,5.152188994830666,5.07770331261606,5.190715883299127,5.0235508444253885,5.350622229600334,5.478572594823579,7.909462081404798,5.255323729735256
329,4.28,9.351753546440612,4.397884181216811,4.753313398408958,5.2204577072303735,4.893748665353035,5.230460571451012,4.765973410448874,5.138823402339026,5.007534355872439,5.313047569155406,5.075652079583179,4.990379593127962,5.120796468007191,5.136919580201192,4.977327043451062,5.183055358896443,4.80710521908602,5.076389993632654,5.087227658738238,6.69106683521088,5.377985451207273,5.1143398312263155,4.559012340200626,5.2315259648536365,5.000418290824575,5.0734578851342675,5.139053381842267,4.632588103536822,5.040251349029303,4.966954275255109,5.076140498201153,4.913730026372651,5.231733524551188,5.355438552438323,7.713924683554769,5.13913948645029
330,4.28,9.351753546440612,4.397884181216811,4.753313398408958,5.2204577072303735,4.893748665353035,5.230460571451012,4.765973410448874,5.138823402339026,5.007534355872439,5.313047569155406,5.075652079583179,4.990379593127962,5.120796468007191,5.136919580201192,4.977327043451062,5.183055358896443,4.80710521908602,5.076389993632654,5.087227658738238,6.69106683521088,5.377985451207273,5.1143398312263155,4.559012340200626,5.2315259648536365,5.000418290824575,5.0734578851342675,5.139053381842267,4.632588103536822,5.040251349029303,4.966954275255109,5.076140498201153,4.913730026372651,5.231733524551188,5.355438552438323,7.713924683554769,5.13913948645029
331,4.5,9.98760857495937,4.62318870354461,5.083557695488187,5.546622722431342,5.173739200031332,5.544657350121058,5.035840959786938,5.455812477969525,5.3012561925544475,5.645292579775454,5.386302985670698,5.284840520345648,5.425288329184037,5.44279336503693,5.268362947926624,5.490691817377154,5.081225596260218,5.386648122657995,5.388891759111193,7.1302028108110775,5.702577598811443,5.444004987689029,4.807821966132993,5.543515013703692,5.2934711533844165,5.378212057328151,5.451200261741314,4.888965720943051,5.333421373747157,5.257011277867123,5.376218887743466,5.201355978415538,5.543108704441808,5.6779324729711345,8.226046439828655,5.443431552196629
332,4.5,9.98760857495937,4.62318870354461,5.083557695488187,5.546622722431342,5.173739200031332,5.544657350121058,5.035840959786938,5.455812477969525,5.3012561925544475,5.645292579775454,5.386302985670698,5.284840520345648,5.425288329184037,5.44279336503693,5.268362947926624,5.490691817377154,5.081225596260218,5.386648122657995,5.388891759111193,7.1302028108110775,5.702577598811443,5.444004987689029,4.807821966132993,5.543515013703692,5.2934711533844165,5.378212057328151,5.451200261741314,4.888965720943051,5.333421373747157,5.257011277867123,5.376218887743466,5.201355978415538,5.543108704441808,5.6779324729711345,8.226046439828655,5.443431552196629
333,4.61,10.305536089218752,4.73584096470851,5.248679844027803,5.709705230031828,5.313734467370481,5.701755739456084,5.1707747344559705,5.614307015784776,5.448117110895451,5.811415085085478,5.541628438714457,5.4320709839544925,5.577534259772461,5.5957302574548,5.413880900164406,5.644510046617512,5.218285784847318,5.541777187170668,5.539723809297669,7.3497707986111775,5.8648736726135295,5.608837565920386,4.932226779099177,5.699509538128721,5.439997584664338,5.530589143425095,5.607273701690839,5.017154529646167,5.480006386106084,5.402039779173132,5.526258082514623,5.345168954436982,5.69879629438712,5.8391794332375415,8.482107317965601,5.595577585069799
334,4.54,10.1032185801446,4.664153162149665,5.143602113138956,5.605925452467883,5.224646569972841,5.601784037151978,5.084907786939313,5.513446855356889,5.354660162860267,5.705700763524554,5.442784968595701,5.338378870748865,5.480650485761645,5.49840678046161,5.321278566922181,5.546625718919103,5.131065664837346,5.443058691571695,5.44373977736082,7.210045715465659,5.761594352921294,5.5039441070458865,4.853060079938878,5.600240295312794,5.34675349203166,5.433621906817949,5.507954239904778,4.935579833198729,5.386725014604949,5.309748914705672,5.430778594932978,5.2536516060597,5.599722373512831,5.736567731249829,8.31915948642391,5.498757382332327
335,4.470000000000001,9.90090107107045,4.59246535959082,5.038524382250111,5.502145674903938,5.135558672575201,5.501812334847871,4.999040839422657,5.412586694929003,5.261203214825082,5.59998644196363,5.343941498476945,5.244686757543238,5.383766711750832,5.401083303468422,5.228676233679957,5.448741391220695,5.043845544827374,5.344340195972723,5.347755745423972,7.070320632320143,5.658315033229057,5.399050648171388,4.7738933807785795,5.500971052496867,5.253509399398984,5.336654670210804,5.408634778118718,4.854005136751293,5.2934436431038145,5.217458050238213,5.335299107351332,5.162134257682418,5.5006484526385435,5.633956029262116,8.156211654882219,5.4019371795948565
336,4.4,9.6985835619963,4.520777557031975,4.933446651361265,5.3983658973399935,5.0464707751775615,5.401840632543765,4.913173891906,5.311726534501117,5.167746266789898,5.494272120402706,5.245098028358189,5.15099464433761,5.286882937740016,5.303759826475231,5.136073900437733,5.350857063522286,4.9566254248174015,5.24562170037375,5.251771713487123,6.930595549174624,5.555035713536821,5.294157189296888,4.694726681618281,5.401701809680941,5.1602653067663065,5.23968743360366,5.309315316332658,4.772430440303856,5.200162271602679,5.125167185770754,5.239819619769688,5.070616909305135,5.401574531764254,5.531344327274403,7.993263823340525,5.305116976857385
337,4.4,9.6985835619963,4.520777557031975,4.933446651361265,5.3983658973399935,5.0464707751775615,5.401840632543765,4.913173891906,5.311726534501117,5.167746266789898,5.494272120402706,5.245098028358189,5.15099464433761,5.286882937740016,5.303759826475231,5.136073900437733,5.350857063522286,4.9566254248174015,5.24562170037375,5.251771713487123,6.930595549174624,5.555035713536821,5.294157189296888,4.694726681618281,5.401701809680941,5.1602653067663065,5.23968743360366,5.309315316332658,4.772430440303856,5.200162271602679,5.125167185770754,5.239819619769688,5.070616909305135,5.401574531764254,5.531344327274403,7.993263823340525,5.305116976857385
338,4.69,10.536756099589208,4.817769881918619,5.3687686793293405,5.828310690104907,5.415549207253499,5.816009113517919,5.268908388760721,5.729575770559504,5.55492505150709,5.932231452583677,5.654592404564464,5.539147684760923,5.688258572927678,5.706957088304159,5.519712138155519,5.756377849701407,5.317965922001571,5.654598324998064,5.649419845796926,7.509456607920342,5.982907180833227,5.7287158046341,5.022703006710946,5.812960101346922,5.546562261958826,5.641408842404688,5.720781658017765,5.110382754157523,5.586613667821669,5.507515052850228,5.635377496893646,5.449760209725306,5.812023632529164,5.956449949794928,8.668333411156107,5.706229245341196
339,4.44,9.81419356718153,4.561742015637029,4.993491069012034,5.457668627376533,5.0973781451190705,5.458967319574683,4.962240719058375,5.369360911888481,5.221150237095718,5.554680304151805,5.3015800112831934,5.204532994740826,5.342245094317624,5.359373241899911,5.18898951943329,5.406790965064234,5.006465493394528,5.302032269287449,5.306619731736751,7.010438453829206,5.61405246764667,5.3540963086537445,4.739964795424166,5.4584270912900426,5.21354764541355,5.295097283093456,5.36606929449612,4.819044552559534,5.25346591246047,5.177904822609302,5.2943793269592,5.122912536949297,5.458188200835276,5.589979585553096,8.08637686993578,5.360442806993083
340,4.51,10.01651107625568,4.633429818195873,5.09856879990088,5.561448404940477,5.18646604251671,5.558939021878789,5.0481076665750315,5.470221072316367,5.314607185130902,5.660394625712729,5.400423481401949,5.298225107946453,5.439128868328439,5.456696718893101,5.281591852675514,5.5046752927626414,5.093685613404499,5.400750764886421,5.4026037636736,7.150163536974724,5.717331787338906,5.4589897675282435,4.8191314945844645,5.557696334105968,5.306791738046227,5.392064519700601,5.465388756282181,4.90061924900697,5.346747283961604,5.270195687076761,5.389858814540844,5.214429885326579,5.557262121709565,5.692591287540809,8.249324701477471,5.4572630097305534
341,4.52,10.045413577551985,4.6436709328471375,5.113579904313571,5.576274087449612,5.199192885002087,5.573220693636518,5.060374373363125,5.484629666663207,5.327958177707356,5.675496671650003,5.414543977133199,5.311609695547256,5.452969407472841,5.470600072749269,5.294820757424402,5.5186587681481285,5.106145630548781,5.414853407114844,5.4163157682360055,7.170124263138368,5.732085975866367,5.473974547367456,4.830441023035935,5.571877654508242,5.320112322708038,5.40591698207305,5.479577250823046,4.912272777070889,5.360073194176053,5.283380096286398,5.403498741338222,5.227503792237618,5.57141553897732,5.707250102110481,8.272602963126284,5.471094467264479
342,4.53,10.074316078848296,4.653912047498402,5.128591008726264,5.591099769958748,5.211919727487465,5.587502365394249,5.07264108015122,5.499038261010049,5.341309170283813,5.69059871758728,5.428664472864451,5.324994283148061,5.466809946617245,5.484503426605441,5.308049662173293,5.532642243533616,5.118605647693063,5.42895604934327,5.4300277727984145,7.190084989302016,5.746840164393831,5.488959327206673,4.841750551487407,5.586058974910519,5.33343290736985,5.4197694444455005,5.493765745363913,4.92392630513481,5.373399104390502,5.296564505496036,5.417138668135601,5.240577699148661,5.585568956245076,5.721908916680156,8.2958812247751,5.484925924798404
343,4.54,10.1032185801446,4.664153162149665,5.143602113138956,5.605925452467883,5.224646569972841,5.601784037151978,5.084907786939313,5.513446855356889,5.354660162860267,5.705700763524554,5.442784968595701,5.338378870748865,5.480650485761645,5.49840678046161,5.321278566922181,5.546625718919103,5.131065664837346,5.443058691571695,5.44373977736082,7.210045715465659,5.761594352921294,5.5039441070458865,4.853060079938878,5.600240295312794,5.34675349203166,5.433621906817949,5.507954239904778,4.935579833198729,5.386725014604949,5.309748914705672,5.430778594932978,5.2536516060597,5.599722373512831,5.736567731249829,8.31915948642391,5.498757382332327
344,4.53,10.074316078848296,4.653912047498402,5.128591008726264,5.591099769958748,5.211919727487465,5.587502365394249,5.07264108015122,5.499038261010049,5.341309170283813,5.69059871758728,5.428664472864451,5.324994283148061,5.466809946617245,5.484503426605441,5.308049662173293,5.532642243533616,5.118605647693063,5.42895604934327,5.4300277727984145,7.190084989302016,5.746840164393831,5.488959327206673,4.841750551487407,5.586058974910519,5.33343290736985,5.4197694444455005,5.493765745363913,4.92392630513481,5.373399104390502,5.296564505496036,5.417138668135601,5.240577699148661,5.585568956245076,5.721908916680156,8.2958812247751,5.484925924798404
345,4.53,10.074316078848296,4.653912047498402,5.128591008726264,5.591099769958748,5.211919727487465,5.587502365394249,5.07264108015122,5.499038261010049,5.341309170283813,5.69059871758728,5.428664472864451,5.324994283148061,5.466809946617245,5.484503426605441,5.308049662173293,5.532642243533616,5.118605647693063,5.42895604934327,5.4300277727984145,7.190084989302016,5.746840164393831,5.488959327206673,4.841750551487407,5.586058974910519,5.33343290736985,5.4197694444455005,5.493765745363913,4.92392630513481,5.373399104390502,5.296564505496036,5.417138668135601,5.240577699148661,5.585568956245076,5.721908916680156,8.2958812247751,5.484925924798404
346,4.31,9.438461050329533,4.428607525170602,4.798346711647033,5.264934754757777,4.931929192809165,5.273305586724199,4.802773530813154,5.1820491853795465,5.047587333601803,5.358353706967231,5.118013566776931,5.030533355930373,5.162318085440395,5.178629641769701,5.017013757697729,5.225005785052902,4.844485270518865,5.118697920317928,5.128363672425458,6.750949013701814,5.422248016789659,5.159294170743959,4.592940925555039,5.274069926060461,5.040380044810007,5.115015272251615,5.1816188654648645,4.66754868772858,5.0802290796726455,5.00650750288402,5.117060278593286,4.952951747105771,5.274193776354453,5.3994149961473425,7.7837594685012075,5.1806338590520635
347,3.99,8.513581008847705,4.100891856330167,4.317991370440881,4.7905129144654595,4.524670233277098,4.816292090476858,4.410238913594152,4.720974166280638,4.6203555711552475,4.8750882369744355,4.666157703376904,4.602226552704649,4.7194208328195275,4.733722318372264,4.593688805733276,4.777534572717322,4.44576472190185,4.667413369008339,4.689579526428435,6.112205776465163,4.950113983910867,4.679781215889103,4.231036015107961,4.820267673187654,4.614121335632056,4.671736476333238,4.727587040157159,4.294635789683156,4.653799952810313,4.584606408175635,4.680582621077194,4.5345867259524795,4.8212844237862775,4.930332929917799,7.038855095739191,4.738027217966479
348,3.9266666666666663,8.330531833971094,4.03603146353883,4.222921042493828,4.696616925240937,4.444066897536375,4.725841502677905,4.33254977060289,4.629719735417312,4.535799284837699,4.779441946038361,4.576727897078982,4.5174574978995565,4.6317640849049795,4.645667743949854,4.509905742323644,4.68897256194257,4.366851279988064,4.578096634894982,4.602736830866523,5.985787844095409,4.856670789903607,4.584877610240746,4.159409001581975,4.730452643973244,4.529757632773919,4.584004214641058,4.637726574731676,4.2208301119449985,4.569402521452142,4.501105149847932,4.594196418027135,4.45178531551589,4.7316461144238255,4.8374937709765335,6.891426105296708,4.65042798691829
349,3.863333333333333,8.147482659094482,3.971171070747494,4.127850714546778,4.602720936016416,4.363463561795654,4.635390914878951,4.254860627611629,4.538465304553986,4.451242998520152,4.683795655102287,4.48729809078106,4.432688443094466,4.544107336990433,4.557613169527444,4.4261226789140125,4.600410551167821,4.2879378380742805,4.488779900781626,4.515894135304612,5.859369911725655,4.763227595896345,4.489974004592389,4.0877819880559905,4.640637614758834,4.445393929915783,4.496271952948879,4.5478661093061925,4.147024434206841,4.485005090093972,4.417603891520232,4.5078102149770745,4.368983905079301,4.642007805061374,4.744654612035271,6.743997114854226,4.562828755870102
350,3.8,7.964433484217868,3.906310677956157,4.032780386599727,4.508824946791894,4.282860226054931,4.544940327079998,4.177171484620368,4.44721087369066,4.366686712202604,4.588149364166212,4.397868284483138,4.347919388289374,4.456450589075886,4.469558595105035,4.342339615504381,4.5118485403930695,4.209024396160496,4.39946316666827,4.4290514397427,5.732951979355899,4.669784401889084,4.395070398944032,4.016154974530006,4.550822585544424,4.361030227057647,4.4085396912567,4.458005643880709,4.073218756468684,4.400607658735801,4.334102633192529,4.421424011927015,4.286182494642712,4.552369495698922,4.651815453094005,6.596568124411742,4.475229524821913
351,3.8,7.964433484217868,3.906310677956157,4.032780386599727,4.508824946791894,4.282860226054931,4.544940327079998,4.177171484620368,4.44721087369066,4.366686712202604,4.588149364166212,4.397868284483138,4.347919388289374,4.456450589075886,4.469558595105035,4.342339615504381,4.5118485403930695,4.209024396160496,4.39946316666827,4.4290514397427,5.732951979355899,4.669784401889084,4.395070398944032,4.016154974530006,4.550822585544424,4.361030227057647,4.4085396912567,4.458005643880709,4.073218756468684,4.400607658735801,4.334102633192529,4.421424011927015,4.286182494642712,4.552369495698922,4.651815453094005,6.596568124411742,4.475229524821913
352,3.64,7.501993463476954,3.74245284353594,3.7926027159966496,4.271614026645735,4.079230746288896,4.316433578956327,3.980904176010867,4.216673364141204,4.153070830979326,4.346516629169814,4.171940352783125,4.1337659866765115,4.235001962765452,4.247104933406316,4.130677139522153,4.288112934225279,4.009664121851989,4.1738208910134755,4.209659366744189,5.413580360737572,4.433717385449688,4.155313921516604,3.835202519306467,4.32392145910802,4.147900872468671,4.186900293297512,4.230989731226856,3.8867623074459723,4.187393095304634,4.1231520858383375,4.203185183168969,4.076999984066067,4.325914819414833,4.4172744199792335,6.2241159380307325,4.2539262042791215
353,3.7,7.675408471254797,3.803899531443522,3.882669342472804,4.360568121700545,4.15559180120116,4.402123609502704,4.05450441673943,4.303124930222251,4.2331767864380545,4.437128904793464,4.25666332717063,4.2140735122813355,4.318045197631865,4.330525056543336,4.210050568015489,4.372013786538201,4.084424224717679,4.258436744384024,4.291931394118631,5.533344717719445,4.522242516614462,4.24522260055189,3.903059690015294,4.409009381521672,4.227824380439536,4.270015067532208,4.3161206984720515,3.9566834758294895,4.2673485565913225,4.2022585410961595,4.285024743953237,4.155443425532309,4.410835323021367,4.5052273073972735,6.363785507923612,4.336914949482669
354,3.7,7.675408471254797,3.803899531443522,3.882669342472804,4.360568121700545,4.15559180120116,4.402123609502704,4.05450441673943,4.303124930222251,4.2331767864380545,4.437128904793464,4.25666332717063,4.2140735122813355,4.318045197631865,4.330525056543336,4.210050568015489,4.372013786538201,4.084424224717679,4.258436744384024,4.291931394118631,5.533344717719445,4.522242516614462,4.24522260055189,3.903059690015294,4.409009381521672,4.227824380439536,4.270015067532208,4.3161206984720515,3.9566834758294895,4.2673485565913225,4.2022585410961595,4.285024743953237,4.155443425532309,4.410835323021367,4.5052273073972735,6.363785507923612,4.336914949482669
355,3.644,7.513554463995477,3.746549289396446,3.7986071577617273,4.2775442996493895,4.084321483283048,4.322146247659419,3.9858108587261047,4.222436801879942,4.158411228009907,4.352557447544725,4.177588551075625,4.139119821716833,4.240538178423213,4.252666274948784,4.135968701421709,4.293706324379474,4.014648128709702,4.179461947904846,4.215144168569152,5.421564651203031,4.439619060860673,4.16130783345229,3.8397263306870557,4.329593987268931,4.153229106333395,4.192441278246491,4.236665129043202,3.8914237186715406,4.192723459390414,4.128425849522193,4.20864115388792,4.082229546830483,4.331576186321936,4.423137945807103,6.233427242690259,4.259458787292692
356,3.588,7.351700456736157,3.689199047349369,3.7145449730506495,4.194520477598233,4.013051165364936,4.242168885816135,3.917117300712779,4.1417486735376325,4.08364566958176,4.267985990295985,4.09851377498062,4.064166131152332,4.16303115921456,4.1748074933542325,4.06188683482793,4.215398862220748,3.9448720327017237,4.100487151425668,4.138356943019673,5.309784584686616,4.356995605106884,4.07739306635269,3.7763929713588165,4.250178593016189,4.078633832227253,4.114867488960775,4.157209559614354,3.8261639615135907,4.118098362189505,4.054593157948224,4.132257563822604,4.009015668128656,4.252317049622505,4.341048584216932,6.103068977456904,4.182002625102713
357,3.532,7.189846449476836,3.631848805302293,3.630482788339573,4.111496655547078,3.941780847446823,4.162191523972849,3.8484237426994534,4.061060545195323,4.008880111153612,4.183414533047246,4.019438998885615,3.9892124405878286,4.085524140005909,4.096948711759681,3.9878049682341503,4.13709140006202,3.8750959366937456,4.0215123549464895,4.061569717470194,5.198004518170202,4.274372149353095,3.9934782992530904,3.7130596120305777,4.1707631987634475,4.0040385581211115,4.037293699675059,4.0777539901855056,3.7609042043556413,4.043473264988597,3.980760466374257,4.055873973757288,3.9358017894268302,4.173057912923074,4.258959222626762,5.972710712223551,4.104546462912737
358,3.476,7.027992442217516,3.574498563255217,3.5464206036284964,4.028472833495922,3.8705105295287114,4.082214162129565,3.779730184686128,3.980372416853014,3.9341145527254646,4.0988430757985075,3.940364222790611,3.9142587500233272,4.008017120797256,4.019089930165129,3.913723101640371,4.058783937903293,3.805319840685768,3.9425375584673117,3.984782491920714,5.086224451653788,4.1917486935993065,3.909563532153491,3.6497262527023384,4.091347804510706,3.92944328401497,3.9597199103893432,3.998298420756657,3.695644447197692,3.968848167787688,3.90692777480029,3.979490383691972,3.8625879107250043,4.093798776223643,4.176869861036592,5.842352446990199,4.02709030072276
359,3.42,6.866138434958196,3.5171483212081407,3.4623584189174195,3.945449011444766,3.7992402116105994,4.00223680028628,3.7110366266728025,3.899684288510705,3.8593489942973176,4.014271618549767,3.861289446695606,3.8393050594588254,3.930510101588604,3.9412311485705778,3.8396412350465914,3.9804764757445663,3.7355437446777904,3.863562761988134,3.907995266371235,4.974444385137374,4.109125237845518,3.825648765053891,3.5863928933740996,4.011932410257964,3.854848009908829,3.8821461211036272,3.918842851327809,3.630384690039743,3.8942230705867793,3.833095083226322,3.903106793626656,3.789374032023178,4.014539639524212,4.094780499446421,5.711994181756846,3.9496341385327813
360,3.1,5.941258393476367,3.189432652367705,2.982003077711266,3.471027171152447,3.39198125207853,3.545223304038938,3.318502009453799,3.4386092694117947,3.4321172318507607,3.5310061485569717,3.409433583295579,3.4109982562331,3.4876128489677356,3.4963238251731408,3.4163162830821374,3.5330052634089846,3.3368231960607746,3.412278210678545,3.4692111203742106,4.335701147900721,3.636991204966725,3.3461358101990357,3.22448798292702,3.5581301573851563,3.4285893007308763,3.4388673251852495,3.4648110260201026,3.257471791994318,3.4677939437244456,3.4111939885179368,3.466629136110565,3.3710090108698862,3.561630286956035,3.6256984332168765,4.967089808994827,3.5070274974471976
361,3.25,6.374795912920974,3.3430493721366594,3.20716964390165,3.6934124087894715,3.582883889359188,3.7594483804048795,3.502502611275207,3.6547381846144082,3.632382120497584,3.7575368376160947,3.6212410192643416,3.6117670702451585,3.695220936133768,3.704874133015689,3.614749854315475,3.7427573941912886,3.5237234532250006,3.6238178441049147,3.6748911888103155,4.635112040355402,3.8583040328786593,3.570907507787249,3.394130909699088,3.770849963419285,3.6283980706580414,3.6466542607719887,3.6776384441330894,3.432274712953111,3.667682596941165,3.6089601266624927,3.6712280380712325,3.567117614535492,3.773931545972368,3.845580651761976,5.316263733727023,3.7144993604560654
362,3.25,6.374795912920974,3.3430493721366594,3.20716964390165,3.6934124087894715,3.582883889359188,3.7594483804048795,3.502502611275207,3.6547381846144082,3.632382120497584,3.7575368376160947,3.6212410192643416,3.6117670702451585,3.695220936133768,3.704874133015689,3.614749854315475,3.7427573941912886,3.5237234532250006,3.6238178441049147,3.6748911888103155,4.635112040355402,3.8583040328786593,3.570907507787249,3.394130909699088,3.770849963419285,3.6283980706580414,3.6466542607719887,3.6776384441330894,3.432274712953111,3.667682596941165,3.6089601266624927,3.6712280380712325,3.567117614535492,3.773931545972368,3.845580651761976,5.316263733727023,3.7144993604560654
363,3.25,6.374795912920974,3.3430493721366594,3.20716964390165,3.6934124087894715,3.582883889359188,3.7594483804048795,3.502502611275207,3.6547381846144082,3.632382120497584,3.7575368376160947,3.6212410192643416,3.6117670702451585,3.695220936133768,3.704874133015689,3.614749854315475,3.7427573941912886,3.5237234532250006,3.6238178441049147,3.6748911888103155,4.635112040355402,3.8583040328786593,3.570907507787249,3.394130909699088,3.770849963419285,3.6283980706580414,3.6466542607719887,3.6776384441330894,3.432274712953111,3.667682596941165,3.6089601266624927,3.6712280380712325,3.567117614535492,3.773931545972368,3.845580651761976,5.316263733727023,3.7144993604560654
364,3.25,6.374795912920974,3.3430493721366594,3.20716964390165,3.6934124087894715,3.582883889359188,3.7594483804048795,3.502502611275207,3.6547381846144082,3.632382120497584,3.7575368376160947,3.6212410192643416,3.6117670702451585,3.695220936133768,3.704874133015689,3.614749854315475,3.7427573941912886,3.5237234532250006,3.6238178441049147,3.6748911888103155,4.635112040355402,3.8583040328786593,3.570907507787249,3.394130909699088,3.770849963419285,3.6283980706580414,3.6466542607719887,3.6776384441330894,3.432274712953111,3.667682596941165,3.6089601266624927,3.6712280380712325,3.567117614535492,3.773931545972368,3.845580651761976,5.316263733727023,3.7144993604560654
