,"Southern Company Services, Inc. - Trans",ISO New England,"Midcontinent Independent System Operator, Inc.","PJM Interconnection, LLC","Alcoa Power Generating, Inc. - Yadkin Division","Associated Electric Cooperative, Inc.",City of Homestead,City of Tallahassee,Duke Energy Carolinas,"Duke Energy Florida, Inc.",Duke Energy Progress East,Duke Energy Progress West,"Electric Energy, Inc.",Florida Municipal Power Pool,Florida Power & Light Co.,Gainesville Regional Utilities,"Gridforce Energy Management, LLC",JEA,Louisville Gas and Electric Company and Kentucky Utilities Company,Utilities Commission of New Smyrna Beach,New York Independent System Operator,NorthWestern Corporation,Ohio Valley Electric Corporation,PowerSouth Energy Cooperative,Public Service Company of New Mexico,Seminole Electric Cooperative,"Dominion Energy South Carolina, Inc.",South Carolina Public Service Authority,Southeastern Power Administration,Southwest Power Pool,Southwestern Power Administration,Tampa Electric Company,Tennessee Valley Authority,Western Area Power Administration - Rocky Mountain Region,Western Area Power Administration - Upper Great Plains West,New Brunswick System Operator,"Electric Reliability Council of Texas, Inc."
0,3.793333333333333,7.945165150020331,3.8994832681886487,4.022772983657932,4.498941158452471,4.274375664398013,4.535419212574846,4.168993680094973,4.437605144126099,4.357786050484966,4.5780813335413635,4.388454620662304,4.338996329888838,4.447223562979618,4.460289692534255,4.333520345671787,4.5025262234694114,4.2007177180643085,4.390061405182654,4.419910103367763,5.719644828580136,4.659948276204109,4.385080545717889,4.008615288895692,4.541368371942908,4.352149837283106,4.399304716341734,4.448546647520131,4.065449737759405,4.391723718592836,4.325313027052772,4.41233072739543,4.277466556702018,4.542933884187085,4.642042910047557,6.581049283312534,4.46600855313263
1,3.7666666666666666,7.868091813230177,3.872173629118613,3.982743371890753,4.459406005094778,4.240437417770341,4.497334754554234,4.136282461993389,4.3991822258678575,4.322183403614421,4.537809211041964,4.350799965378969,4.303304096286695,4.410315458594546,4.423214082251135,4.298243266341417,4.46523695577478,4.167491005679557,4.3524543592401885,4.383344757868011,5.6664162254770805,4.62060377346421,4.345121132813318,3.978456546358436,4.50355151753684,4.316628278184943,4.36236481668187,4.410710662077823,4.034373662922286,4.356187958020975,4.2901546024937405,4.375957589269089,4.242602804939245,4.505191438139737,4.602952737861762,6.518973918915698,4.429124666375499
2,3.74,7.791018476440027,3.844863990048576,3.942713760123573,4.419870851737085,4.206499171142669,4.4592502965336225,4.103571243891805,4.360759307609615,4.2865807567438745,4.497537088542564,4.313145310095633,4.267611862684551,4.373407354209474,4.386138471968016,4.262966187011045,4.427947688080148,4.134264293294806,4.314847313297723,4.34677941236826,5.613187622374029,4.581259270724311,4.305161719908747,3.948297803821179,4.465734663130773,4.281106719086781,4.325424917022005,4.372874676635514,4.003297588085168,4.320652197449114,4.254996177934708,4.339584451142748,4.20773905317647,4.46744899209239,4.563862565675967,6.456898554518864,4.3922407796183665
3,3.73,7.762115975143719,3.834622875397312,3.9277026557108807,4.40504516922795,4.193772328657291,4.444968624775893,4.091304537103712,4.3463507132627734,4.273229764167419,4.482435042605289,4.299024814364382,4.254227275083747,4.3595668150650715,4.3722351181118455,4.249737282262156,4.413964212694661,4.121804276150524,4.300744671069298,4.333067407805852,5.593226896210381,4.566505082196848,4.290176940069532,3.936988275369708,4.451553342728497,4.267786134424969,4.311572454649555,4.358686182094647,3.991644060021248,4.307326287234666,4.2418117687250705,4.32594452434537,4.19466514626543,4.453295574824633,4.549203751106293,6.43362029287005,4.378409322084441
4,3.78,7.906628481625254,3.8858284486536303,4.002758177774341,4.479173581773624,4.257406541084176,4.516376983564539,4.15263807104418,4.418393684996978,4.339984727049694,4.557945272291662,4.369627293020637,4.3211502130877655,4.428769510787082,4.441751887392694,4.315881806006602,4.483881589622095,4.184104361871933,4.37125788221142,4.401627430617887,5.693030527028609,4.64027602483416,4.365100839265603,3.9935359176270637,4.5224599447398734,4.3343890577340245,4.380834766511802,4.429628654798977,4.049911700340846,4.373955838306905,4.307733814773256,4.394144158332259,4.260034680820631,4.52406266116341,4.622497823954658,6.550011601114116,4.447566609754064
5,3.94,8.369068502366169,4.049686283073848,4.242935848377419,4.7163845019197845,4.461036020850211,4.74488373168821,4.348905379653683,4.648931194546433,4.553600608272973,4.799578007288061,4.59555522472065,4.535303614700629,4.650218137097516,4.664205549091414,4.527544281988829,4.7076171957898865,4.383464636180441,4.596900157866216,4.621019503616399,6.012402145646934,4.876343041273556,4.604857316693032,4.174488372850604,4.749361071176278,4.547518412323,4.602474164470991,4.65664456745283,4.2363681493635585,4.587170401738073,4.518684362127448,4.612382987090306,4.469217191397277,4.7505173374475,4.8570388570694325,6.922463787495125,4.668869930296857
6,3.83,8.051140988106791,3.9370340219099487,4.077813699837803,4.5533019943193,4.321040753511062,4.587785342353187,4.21397160498465,4.490436656731183,4.406739689931968,4.6334555019780375,4.440229771676891,4.3880731510917865,4.497972206509092,4.511268656673545,4.3820263297510476,4.553798966549531,4.246404447593342,4.441771093353544,4.470187453429922,5.792834157846836,4.714046967471472,4.440024738461675,4.0500835598844205,4.59336654675125,4.400991981043079,4.450097078374048,4.5005711275033065,4.108179340660443,4.440585389379145,4.373655860821441,4.462343792319149,4.325404215375833,4.594829747502188,4.695791896803026,6.666402909358181,4.516723897423687
7,3.94,8.369068502366169,4.049686283073848,4.242935848377419,4.7163845019197845,4.461036020850211,4.74488373168821,4.348905379653683,4.648931194546433,4.553600608272973,4.799578007288061,4.59555522472065,4.535303614700629,4.650218137097516,4.664205549091414,4.527544281988829,4.7076171957898865,4.383464636180441,4.596900157866216,4.621019503616399,6.012402145646934,4.876343041273556,4.604857316693032,4.174488372850604,4.749361071176278,4.547518412323,4.602474164470991,4.65664456745283,4.2363681493635585,4.587170401738073,4.518684362127448,4.612382987090306,4.469217191397277,4.7505173374475,4.8570388570694325,6.922463787495125,4.668869930296857
8,4.05,8.686996016625546,4.162338544237747,4.408057996917034,4.879467009520268,4.601031288189359,4.901982121023234,4.483839154322714,4.807425732361683,4.700461526613976,4.965700512598084,4.750880677764409,4.682534078309471,4.80246406768594,4.817142441509283,4.6730622342266095,4.861435425030242,4.52052482476754,4.752029222378886,4.771851553802876,6.231970133447033,5.0386391150756396,4.769689894924388,4.298893185816787,4.905355595601305,4.694044843602921,4.754851250567933,4.812718007402353,4.3645569580666725,4.733755414097,4.663712863433457,4.762422181861462,4.613030167418721,4.90620492739281,5.018285817335837,7.178524665632066,4.821015963170026
9,4.16,9.004923530884927,4.274990805401647,4.57318014545665,5.0425495171207535,4.741026555528509,5.059080510358259,4.618772928991747,4.965920270176934,4.8473224449549805,5.131823017908109,4.906206130808169,4.8297645419183155,4.954709998274364,4.970079333927153,4.818580186464391,5.015253654270599,4.657585013354639,4.907158286891558,4.922683603989354,6.451538121247134,5.200935188877726,4.934522473155746,4.423297998782971,5.061350120026333,4.8405712748828424,4.9072283366648755,4.968791447351878,4.492745766769787,4.880340426455927,4.808741364739464,4.912461376632619,4.756843143440166,5.06189251733812,5.179532777602244,7.434585543769013,4.9731619960431965
10,4.16,9.004923530884927,4.274990805401647,4.57318014545665,5.0425495171207535,4.741026555528509,5.059080510358259,4.618772928991747,4.965920270176934,4.8473224449549805,5.131823017908109,4.906206130808169,4.8297645419183155,4.954709998274364,4.970079333927153,4.818580186464391,5.015253654270599,4.657585013354639,4.907158286891558,4.922683603989354,6.451538121247134,5.200935188877726,4.934522473155746,4.423297998782971,5.061350120026333,4.8405712748828424,4.9072283366648755,4.968791447351878,4.492745766769787,4.880340426455927,4.808741364739464,4.912461376632619,4.756843143440166,5.06189251733812,5.179532777602244,7.434585543769013,4.9731619960431965
11,4.62,10.334438590515056,4.746082079359773,5.263690948440495,5.724530912540962,5.326461309855858,5.716037411213812,5.183041441244065,5.628715610131616,5.461468103471905,5.826517131022753,5.555748934445708,5.4454555715552955,5.591374798916862,5.609633611310969,5.427109804913295,5.658493522002997,5.230745801991599,5.555879829399092,5.553435813860077,7.3697315247748225,5.879627861140991,5.6238223457596,4.943536307550648,5.713690858530995,5.453318169326148,5.544441605797543,5.621462196231704,5.028808057710085,5.493332296320532,5.415224188382768,5.539898009312,5.358242861348023,5.712949711654875,5.853838247807214,8.505385579614414,5.6094090426037235
12,4.78,10.796878611255972,4.909939913779992,5.503868619043573,5.961741832687122,5.5300907896218945,5.944544159337484,5.379308749853566,5.859253119681073,5.675083984695185,6.068149866019151,5.781676866145721,5.659608973168158,5.812823425227297,5.832087273009688,5.638772280895521,5.882229128170788,5.430106076300107,5.781522105053886,5.772827886858589,7.68910314339315,6.115694877580387,5.863578823187029,5.124488762774188,5.9405919849674,5.666447523915124,5.7660810037567325,5.8484781088855575,5.215264506732798,5.7065468597516995,5.626174735736962,5.7581368380700475,5.567425371924669,5.939404387938963,6.088379280921988,8.877837765995423,5.830712363146516
13,4.37,9.611876058107375,4.490054213078183,4.888413338123188,5.353888849812587,5.00829024772143,5.358995617270576,4.876373771541718,5.268500751460593,5.127693289060533,5.448965982590881,5.202736541164437,5.110840881535198,5.2453613203068095,5.262049764906721,5.096387186191064,5.3089066373658245,4.919245373384555,5.203313773688475,5.2106356997999015,6.870713370683687,5.510773147954433,5.249202849779245,4.660798096263867,5.359157848474114,5.120303552780873,5.198130046486311,5.266749832710059,4.737469856112098,5.160184540959333,5.085613958141842,5.198899839377553,5.031395188572013,5.359114279960987,5.4873678835653825,7.923429038394086,5.263622604255611
14,4.415,9.74193731394076,4.53613922900887,4.955963307980303,5.420604421103695,5.065561038905627,5.423263140180359,4.93157395208814,5.333339426021378,5.18777275565458,5.516925189308618,5.266278771955065,5.171071525738816,5.307643746456619,5.324614857259485,5.155917257561066,5.371832276600516,4.975315450533824,5.266775663716387,5.2723397203307325,6.960536638420092,5.577166996328015,5.316634359055708,4.711690974295488,5.4229737902843524,5.180246183759023,5.260466127162332,5.330598058143956,4.789910732399735,5.22015113692435,5.144943799585209,5.260279509965754,5.090227769671695,5.422804657665887,5.553332549128913,8.028181215813746,5.325864163158272
15,4.46,9.871998569774142,4.582224244939556,5.023513277837418,5.487319992394802,5.122831830089824,5.4875306630901415,4.9867741326345625,5.398178100582162,5.2478522222486275,5.584884396026355,5.329821002745694,5.231302169942433,5.369926172606428,5.38717994961225,5.215447328931067,5.434757915835207,5.03138552768309,5.330237553744297,5.3340437408615635,7.050359906156496,5.643560844701596,5.384065868332173,4.762583852327108,5.486789732094591,5.240188814737173,5.322802207838355,5.394446283577851,4.842351608687373,5.280117732889365,5.204273641028576,5.321659180553954,5.149060350771377,5.486495035370786,5.619297214692442,8.132933393233404,5.388105722060932
16,4.505,10.002059825607525,4.628309260870242,5.091063247694533,5.554035563685909,5.18010262127402,5.551798185999924,5.041974313180985,5.463016775142946,5.3079316888426735,5.652843602744092,5.393363233536323,5.29153281414605,5.432208598756238,5.449745041965015,5.2749774003010685,5.497683555069897,5.087455604832359,5.393699443772208,5.3957477613923945,7.140183173892901,5.709954693075174,5.451497377608636,4.813476730358728,5.55060567390483,5.300131445715321,5.385138288514376,5.458294509011747,4.89479248497501,5.34008432885438,5.263603482471942,5.383038851142155,5.207892931871058,5.5501854130756865,5.685261880255972,8.237685570653063,5.450347280963592
17,4.55,10.132121081440909,4.674394276800928,5.158613217551649,5.6207511349770165,5.2373734124582185,5.616065708909707,5.097174493727407,5.527855449703731,5.368011155436721,5.720802809461829,5.456905464326952,5.3517634583496685,5.494491024906048,5.512310134317779,5.3345074716710705,5.56060919430459,5.143525681981627,5.457161333800119,5.457451781923227,7.230006441629306,5.776348541448755,5.518928886885101,4.864369608390349,5.614421615715069,5.360074076693471,5.447474369190399,5.522142734445644,4.947233361262649,5.400050924819397,5.32293332391531,5.444418521730356,5.266725512970741,5.613875790780586,5.751226545819502,8.342437748072722,5.512588839866252
18,4.89,11.11480612551535,5.022592174943891,5.668990767583185,6.1248243402876055,5.670086056961042,6.1016425486725065,5.514242524522597,6.017747657496321,5.821944903036187,6.2342723713291734,5.93700231918948,5.806839436777002,5.96506935581572,5.985024165427557,5.7842902331333015,6.036047357411144,5.567166264887206,5.936651169566556,5.923659937045064,7.908671131193248,6.277990951382472,6.028411401418383,5.248893575740371,6.096586509392427,5.812973955195044,5.918458089853674,6.00455154883508,5.343453315435912,5.853131872110627,5.771203237042968,5.908176032841203,5.711238347946112,6.095091977884273,6.249626241188393,9.133898644132366,5.982858396019685
19,4.45,9.843096068477834,4.5719831302882925,5.008502173424725,5.472494309885668,5.110104987604447,5.473248991332412,4.974507425846468,5.38376950623532,5.234501229672173,5.5697823500890795,5.3157005070144425,5.217917582341629,5.356085633462026,5.37327659575608,5.202218424182178,5.42077444044972,5.018925510538809,5.3161349115158725,5.320331736299157,7.030399179992851,5.628806656174132,5.369081088492957,4.751274323875637,5.472608411692317,5.226868230075361,5.308949745465905,5.380257789036985,4.830698080623454,5.266791822674917,5.191089231818939,5.3080192537565765,5.135986443860336,5.472341618103032,5.604638400122769,8.10965513158459,5.374274264527007
20,4.11,8.86041102440339,4.22378523214533,4.498124623393188,4.9684211045750795,4.677392343101624,4.987672151569611,4.557439395051278,4.89387729844273,4.780567482072706,5.056312788221734,4.835603652151915,4.762841603914296,4.8855073025523525,4.900562564646303,4.752435662719946,4.945336277343165,4.59528492763323,4.836645075749435,4.854123581177319,6.351734490428908,5.127164246240415,4.859598573959674,4.366750356525615,4.990443518014957,4.773968351573787,4.837966024802629,4.897848974647549,4.43447812645019,4.813710875383688,4.742819318691279,4.844261742645729,4.691473608884964,4.991125430999344,5.106238704753878,7.318194235524947,4.904004708373574
21,4.140000000000001,8.947118528292314,4.254508576099121,4.543157936631266,5.012898152102484,4.7155728705577555,5.030517166842801,4.594239515415561,4.937103081483253,4.820620459802071,5.101618926033559,4.877965139345667,4.802995366716708,4.92702891998556,4.942272626214813,4.7921223769666135,4.987286703499626,4.632664979066076,4.878953002434709,4.895259594864541,6.411616668919844,5.171426811822802,4.904552913477318,4.400678941880029,5.0329874792217835,4.813930105559221,4.879523411919978,4.940414458270147,4.469438710641949,4.853688606027033,4.7823725463201905,4.885181523037863,4.730695329618086,5.03358568280261,5.150215148462898,7.388029020471388,4.945499080975348
22,4.17,9.033826032181237,4.285231920052911,4.588191249869341,5.057375199629888,4.753753398013886,5.0733621821159876,4.631039635779841,4.980328864523774,4.860673437531435,5.146925063845384,4.92032662653942,4.843149129519119,4.968550537418766,4.983982687783322,4.831809091213281,5.029237129656086,4.670045030498921,4.921260929119982,4.936395608551761,6.47149884741078,5.215689377405189,4.94950725299496,4.4346075272344425,5.075531440428609,4.853891859544653,4.921080799037324,4.982979941892744,4.504399294833707,4.893666336670375,4.8219257739491015,4.926101303429997,4.769917050351206,5.076045934605876,5.194191592171918,7.457863805417827,4.986993453577121
23,4.2,9.120533536070155,4.315955264006703,4.633224563107419,5.101852247157294,4.791933925470019,5.116207197389176,4.667839756144122,5.023554647564298,4.9007264152608006,5.192231201657208,4.962688113733172,4.883302892321533,5.010072154851972,5.025692749351832,4.871495805459949,5.071187555812548,4.707425081931766,4.963568855805257,4.977531622238982,6.531381025901716,5.259951942987575,4.994461592512602,4.468536112588856,5.118075401635434,4.893853613530086,4.962638186154673,5.025545425515341,4.539359879025466,4.933644067313721,4.861479001578013,4.9670210838221305,4.809138771084328,5.118506186409143,5.238168035880937,7.527698590364266,5.028487826178894
24,4.24,9.236143541255384,4.356919722611757,4.693268980758187,5.161154977193833,4.842841295411526,5.173333884420094,4.716906583296498,5.081189024951661,4.95413038556662,5.252639385406306,5.019170096658176,4.936841242724746,5.065434311429581,5.081306164776512,4.924411424455505,5.1271214573544945,4.757265150508893,5.019979424718955,5.03237964048861,6.6112239305562985,5.318968697097424,5.054400711869459,4.513774226394741,5.174800683244537,4.94713595217733,5.01804803564447,5.082299403678803,4.5859739912811435,4.986947708171511,4.91421663841656,5.021580791011641,4.8614343987284885,5.175119855480165,5.29680329415963,7.620811636959516,5.083813656314592
25,4.43,9.785291065885218,4.551500900985765,4.978479964599341,5.442842944867397,5.084651302633692,5.444685647816952,4.94997401227028,5.354952317541639,5.207799244519262,5.539578258214529,5.287459515551941,5.1911484071400205,5.328404555173222,5.3454698880437395,5.1757606146844,5.392807489678745,4.994005476250245,5.287929627059023,5.2929077271743425,6.990477727665558,5.599298279119207,5.339111528814529,4.728655266972694,5.444245770887765,5.200227060751738,5.281244820721006,5.351880799955254,4.8073910244956135,5.240140002246021,5.164720413399664,5.280739400161821,5.109838630038255,5.44403478356752,5.575320770983422,8.063098608286964,5.346611349459158
26,4.43,9.785291065885218,4.551500900985765,4.978479964599341,5.442842944867397,5.084651302633692,5.444685647816952,4.94997401227028,5.354952317541639,5.207799244519262,5.539578258214529,5.287459515551941,5.1911484071400205,5.328404555173222,5.3454698880437395,5.1757606146844,5.392807489678745,4.994005476250245,5.287929627059023,5.2929077271743425,6.990477727665558,5.599298279119207,5.339111528814529,4.728655266972694,5.444245770887765,5.200227060751738,5.281244820721006,5.351880799955254,4.8073910244956135,5.240140002246021,5.164720413399664,5.280739400161821,5.109838630038255,5.44403478356752,5.575320770983422,8.063098608286964,5.346611349459158
27,5.69,13.427006229219923,5.84188134704498,6.86987912059857,7.3108789410184025,6.688233455791216,7.244176289290863,6.495579067570105,7.170435205243598,6.89002430915258,7.4424360463111645,7.066641977689549,6.877606444841316,7.072312487367894,7.0972924739211525,6.842602613044438,7.154725388250099,6.563967636429744,7.064862547840528,7.020620302037627,9.505529224284881,7.458326033579454,7.227193788555523,6.15365585185807,7.2310921415744485,6.878620728139925,7.026655079649618,7.139631112104345,6.2757355605494745,6.919204689266462,6.825955973813933,6.999370176631433,6.757150900829343,7.2273653593047165,7.422331406762256,10.99615957603741,7.089374998733647
28,5.6466666666666665,13.301762056935925,5.79750318355617,6.804831001476902,7.24663431681215,6.633083805021247,7.1822890450073675,6.442423338155032,7.107997963073951,6.8321700079879415,7.376993847249639,7.005453162854127,6.81960656523783,7.012336817742149,7.03704460721108,6.785277359132584,7.0941303282463215,6.5099742288045235,7.00375109818402,6.961201615600528,9.419032744242417,7.394391216627117,7.162259742585594,6.104647895235027,7.169639753164588,6.82089819460541,6.966627742702338,7.078147635760592,6.225236938939156,6.861459078337187,6.768823533905504,6.940263827176128,6.700497304214833,7.166033884477775,7.358809876960336,10.895287108892553,7.029438682753307
29,5.6033333333333335,13.176517884651927,5.753125020067362,6.739782882355236,7.1823896926058985,6.577934154251279,7.120401800723874,6.389267608739958,7.045560720904309,6.774315706823304,7.311551648188114,6.944264348018708,6.761606685634348,6.952361148116408,6.976796740501012,6.727952105220732,7.033535268242546,6.455980821179303,6.942639648527514,6.901782929163432,9.332536264199954,7.330456399674781,7.097325696615667,6.055639938611986,7.108187364754729,6.763175661070896,6.906600405755057,7.016664159416841,6.174738317328838,6.8037134674079125,6.711691093997079,6.881157477720825,6.643843707600325,7.104702409650834,7.295288347158419,10.794414641747696,6.969502366772967
30,5.56,13.05127371236793,5.708746856578553,6.67473476323357,7.118145068399648,6.5227845034813114,7.058514556440379,6.336111879324886,6.983123478734664,6.7164614056586665,7.246109449126589,6.883075533183286,6.703606806030863,6.892385478490665,6.9165488737909415,6.670626851308878,6.972940208238769,6.401987413554082,6.881528198871008,6.842364242726334,9.24603978415749,7.266521582722444,7.032391650645739,6.006631981988943,7.04673497634487,6.705453127536382,6.846573068807777,6.955180683073089,6.12423969571852,6.745967856478639,6.654558654088651,6.822051128265519,6.587190110985817,7.043370934823894,7.231766817356501,10.69354217460284,6.909566050792627
31,5.45,12.733346198108553,5.5960945954146535,6.509612614693955,6.955062560799164,6.3827892361421625,6.901416167105356,6.201178104655853,6.824628940919415,6.569600487317663,7.079986943816567,6.727750080139527,6.556376342422022,6.740139547902242,6.763611981373073,6.525108899071098,6.819121978998413,6.264927224966983,6.7263991343583385,6.691532192539858,9.026471796357391,7.104225508920359,6.867559072414381,5.8822271690227605,6.890740451919843,6.558926696256462,6.694195982710836,6.799107243123566,5.9960508870154055,6.599382844119711,6.509530152782644,6.672011933494364,6.443377134964374,6.887683344878584,7.070519857090097,10.437481296465899,6.757420017919459
32,6.7,16.34615886014695,6.8762339268226045,8.386000666280491,8.808272874441036,7.973644546814309,8.686625136821537,7.7345164531675845,8.625703234274532,8.238474559374525,8.967742685975926,8.492812046545884,8.22944979252251,8.47020694095251,8.501531213394314,8.178721992682245,8.56705640218428,7.8224293680022,8.489229412911419,8.405532762840735,11.521562566813067,8.948499074853144,8.740656552316162,7.295918225456664,8.663405502204249,8.223999778982837,8.425753779266998,8.57266906073179,7.452741895005346,8.265121620925704,8.157581303987275,8.377002783166597,8.07761549884442,8.656860503348025,8.902871678299256,13.347264002567535,8.486352209660023
33,5.84,13.86054374866453,5.9954980668139335,7.0950456867889535,7.533264178655426,6.879136093071871,7.458401365656803,6.679579669391513,7.38656412044621,7.090289197799403,7.668966735370287,7.2784494136583096,7.078375258853373,7.279920574533925,7.305842781763699,7.041036184277775,7.364477519032402,6.75086789359397,7.2764021812668975,7.22630037047373,9.80494011673956,7.679638861491387,7.451965486143736,6.323298778630138,7.443811947608575,7.07842949806709,7.2344420152363575,7.352458530217332,6.450538481508266,7.119093342483181,7.023722111958488,7.203969078592099,6.953259504494946,7.439666618321047,7.642213625307353,11.345333500769605,7.296846861742514
34,5.34,12.415418683849172,5.4834423342507534,6.344490466154339,6.791980053198679,6.242793968803014,6.744317777770332,6.066244329986821,6.666134403104163,6.422739568976658,6.913864438506543,6.572424627095769,6.409145878813177,6.587893617313817,6.610675088955203,6.379590946833316,6.665303749758055,6.127867036379883,6.571270069845665,6.54070014235338,8.80690380855729,6.941929435118274,6.702726494183024,5.757822356056576,6.734745927494814,6.412400264976539,6.541818896613892,6.643033803174042,5.867862078312291,6.452797831760785,6.364501651476637,6.521972738723207,6.299564158942929,6.731995754933273,6.90927289682369,10.181420418328951,6.6052739850462885
35,5.04,11.548343644959957,5.176208894712845,5.89415733377357,6.34720957792463,5.860988694241699,6.3158676250384485,5.698243126344005,6.233876572698936,6.022209791683011,6.460803060388296,6.1488097551582435,6.00760825078906,6.172677442981753,6.193574473270106,5.98272380436664,6.245799488193448,5.754066522051431,6.148190802992927,6.12934000548117,8.208082023647929,6.499303779294406,6.2531830990065975,5.418536502512439,6.309306315426556,6.01278272512221,6.126245025440413,6.217378966948068,5.518256236394706,6.053020525327346,5.968969375187525,6.112774934801871,5.907346951611718,6.307393236900607,6.4695084597334915,9.48307256886456,6.190330259028553
36,4.74,10.681268606070743,4.868975455174937,5.443824201392802,5.902439102650582,5.479183419680385,5.8874174723065655,5.330241922701191,5.801618742293709,5.621680014389365,6.007741682270051,5.725194883220718,5.606070622764943,5.757461268649688,5.7764738575850085,5.585856661899965,5.826295226628841,5.380266007722979,5.725111536140187,5.7179798686089605,7.609260238738568,6.0566781234705385,5.803639703830171,5.079250648968303,5.883866703358299,5.6131651852678806,5.710671154266935,5.791724130722094,5.16865039447712,5.653243218893907,5.573437098898413,5.703577130880535,5.515129744280507,5.882790718867941,6.0297440226432935,8.78472471940017,5.775386533010818
37,4.44,9.81419356718153,4.561742015637029,4.993491069012034,5.457668627376533,5.0973781451190705,5.458967319574683,4.962240719058375,5.369360911888481,5.221150237095718,5.554680304151805,5.3015800112831934,5.204532994740826,5.342245094317624,5.359373241899911,5.18898951943329,5.406790965064234,5.006465493394528,5.302032269287449,5.306619731736751,7.010438453829206,5.61405246764667,5.3540963086537445,4.739964795424166,5.4584270912900426,5.21354764541355,5.295097283093456,5.36606929449612,4.819044552559534,5.25346591246047,5.177904822609302,5.2943793269592,5.122912536949297,5.458188200835276,5.589979585553096,8.08637686993578,5.360442806993083
38,4.3,9.409558549033228,4.418366410519338,4.78333560723434,5.250109072248643,4.919202350323789,5.259023914966471,4.790506824025061,5.167640591032706,5.034236341025348,5.3432516610299565,5.10389307104568,5.0171487683295695,5.148477546295994,5.164726287913531,5.00378485294884,5.211022309667415,4.832025253374583,5.104595278089502,5.114651667863052,6.73098828753817,5.407493828262198,5.144309390904744,4.5816313971035685,5.259888605658187,5.027059460148196,5.101162809879165,5.167430370923999,4.65589515966466,5.0669031694581985,4.993323093674383,5.103420351795908,4.939877840194731,5.260040359086698,5.38475618157767,7.760481206852396,5.166802401518139
39,4.13,8.918216026996006,4.244267461447857,4.528146832218573,4.998072469593349,4.702846028072377,5.016235495085071,4.581972808627466,4.922694487136411,4.807269467225616,5.086516880096283,4.863844643614416,4.789610779115904,4.913188380841158,4.928369272358642,4.7788934722177245,4.973303228114139,4.620204961921794,4.864850360206284,4.881547590302133,6.3916559427561985,5.15667262329534,4.889568133638102,4.3893694134285575,5.018806158819508,4.800609520897409,4.865670949547527,4.92622596372928,4.457785182578029,4.840362695812584,4.769188137110554,4.871541596240485,4.717621422707045,5.019432265534855,5.135556333893224,7.364750758822574,4.931667623441422
40,4.03,8.629191014032934,4.141856314935221,4.378035788091649,4.849815644501999,4.575577603218607,4.8734187775077755,4.459305740746528,4.7786085436680015,4.673759541461067,4.935496420723535,4.722639686301908,4.6557649031078645,4.774782989397136,4.7893357337969436,4.646604424728832,4.833468474259269,4.495604790478977,4.723823937922037,4.744427544678063,6.1920486811197435,5.009130738020716,4.739720335245959,4.276274128913846,4.876992954796755,4.667403674279299,4.727146325823035,4.784341018320623,4.341249901938834,4.707103593668104,4.637344045014182,4.735142328266706,4.586882353596641,4.8778980928573,4.988968188196491,7.1319681423344425,4.793353048102177
41,4.04,8.658093515329242,4.152097429586484,4.393046892504342,4.864641327011134,4.588304445703983,4.887700449265505,4.471572447534621,4.793017138014843,4.687110534037521,4.95059846666081,4.736760182033159,4.669149490708668,4.788623528541539,4.803239087653114,4.6598333294777206,4.847451949644756,4.508064807623258,4.737926580150463,4.75813954924047,6.212009407283389,5.023884926548179,4.754705115085174,4.2875836573653165,4.89117427519903,4.68072425894111,4.740998788195484,4.798529512861489,4.352903430002753,4.720429503882552,4.65052845422382,4.748782255064084,4.599956260507681,4.892051510125055,5.003627002766165,7.155246403983257,4.807184505636102
42,4.043333333333333,8.667727682428009,4.155511134470238,4.398050593975238,4.869583221180845,4.592546726532442,4.892461006518081,4.475661349797319,4.797820002797122,4.691560864896339,4.955632481973234,4.741467013943574,4.673611019908936,4.793237041589672,4.807873538938503,4.664242964394017,4.852113108106584,4.512218146671351,4.74262746089327,4.762710217427938,6.218662982671271,5.028802989390665,4.759700041698245,4.291353500182472,4.8959013819997885,4.68516445382838,4.745616275652966,4.803259011041775,4.3567879393573925,4.724871473954034,4.654923257293698,4.753328897329876,4.604314229478027,4.896769315880973,5.008513274289388,7.163005824532859,4.811794991480744
43,4.046666666666667,8.677361849526779,4.158924839353993,4.403054295446136,4.874525115350557,4.5967890073609015,4.897221563770659,4.4797502520600165,4.8026228675794025,4.696011195755158,4.96066649728566,4.746173845853992,4.678072549109205,4.797850554637806,4.812507990223893,4.668652599310314,4.856774266568414,4.5163714857194455,4.747328341636079,4.767280885615408,6.225316558059153,5.033721052233154,4.764694968311316,4.295123342999631,4.900628488800548,4.689604648715651,4.75023376311045,4.807988509222065,4.360672448712033,4.729313444025516,4.659318060363578,4.75787553959567,4.6086721984483745,4.901487121636891,5.013399545812614,7.170765245082464,4.816405477325385
44,4.05,8.686996016625546,4.162338544237747,4.408057996917034,4.879467009520268,4.601031288189359,4.901982121023234,4.483839154322714,4.807425732361683,4.700461526613976,4.965700512598084,4.750880677764409,4.682534078309471,4.80246406768594,4.817142441509283,4.6730622342266095,4.861435425030242,4.52052482476754,4.752029222378886,4.771851553802876,6.231970133447033,5.0386391150756396,4.769689894924388,4.298893185816787,4.905355595601305,4.694044843602921,4.754851250567933,4.812718007402353,4.3645569580666725,4.733755414097,4.663712863433457,4.762422181861462,4.613030167418721,4.90620492739281,5.018285817335837,7.178524665632066,4.821015963170026
45,4.31,9.438461050329533,4.428607525170602,4.798346711647033,5.264934754757777,4.931929192809165,5.273305586724199,4.802773530813154,5.1820491853795465,5.047587333601803,5.358353706967231,5.118013566776931,5.030533355930373,5.162318085440395,5.178629641769701,5.017013757697729,5.225005785052902,4.844485270518865,5.118697920317928,5.128363672425458,6.750949013701814,5.422248016789659,5.159294170743959,4.592940925555039,5.274069926060461,5.040380044810007,5.115015272251615,5.1816188654648645,4.66754868772858,5.0802290796726455,5.00650750288402,5.117060278593286,4.952951747105771,5.274193776354453,5.3994149961473425,7.7837594685012075,5.1806338590520635
46,4.39,9.66968106069999,4.51053644238071,4.918435546948572,5.383540214830857,5.033743932692183,5.387558960786034,4.900907185117905,5.297317940154276,5.154395274213442,5.47917007446543,5.230977532626937,5.137610056736805,5.273042398595613,5.28985647261906,5.122844995688842,5.336873588136798,4.944165407673118,5.231519058145324,5.238059708924714,6.910634823010978,5.540281525009358,5.279172409457672,4.683417153166809,5.387520489278664,5.146944722104495,5.225834971231209,5.295126821791791,4.760776912239936,5.18683636138823,5.111982776561116,5.226179692972309,5.057543002394094,5.387421114496497,5.516685512704728,7.969985561691711,5.291285519323459
47,4.57,10.189926084033525,4.694876506103456,5.188635426377033,5.6504024999952875,5.262827097428973,5.644629052425166,5.121707907303595,5.556672638397412,5.394713140589632,5.751006901336379,5.4851464557894545,5.378532633551276,5.522172103194853,5.540116842030121,5.360965281168848,5.588576145075564,5.16844571627019,5.485366618256968,5.484875791048042,7.269927893956597,5.805856918503681,5.548898446563529,4.886988665293292,5.6427842565196205,5.3867152460170935,5.475179293935297,5.550519723527376,4.970540417390488,5.426702745248294,5.349302142334584,5.471698375325111,5.2928733267928205,5.642182625316098,5.780544174958848,8.38899427137035,5.5402517549341015
48,4.61,10.305536089218752,4.73584096470851,5.248679844027803,5.709705230031828,5.313734467370481,5.701755739456084,5.1707747344559705,5.614307015784776,5.448117110895451,5.811415085085478,5.541628438714457,5.4320709839544925,5.577534259772461,5.5957302574548,5.413880900164406,5.644510046617512,5.218285784847318,5.541777187170668,5.539723809297669,7.3497707986111775,5.8648736726135295,5.608837565920386,4.932226779099177,5.699509538128721,5.439997584664338,5.530589143425095,5.607273701690839,5.017154529646167,5.480006386106084,5.402039779173132,5.526258082514623,5.345168954436982,5.69879629438712,5.8391794332375415,8.482107317965601,5.595577585069799
49,4.577500000000001,10.211602960005752,4.702557342091904,5.199893754686553,5.661521761877139,5.272372229293007,5.655340306243462,5.1309079373946656,5.567479084157544,5.404726385021974,5.762333435789335,5.495736827587892,5.388571074251879,5.532552507553154,5.550544357422247,5.370886959730516,5.599063751614679,5.177790729128402,5.495943599928287,5.495159794469847,7.284898438579331,5.816922559899277,5.56013703144294,4.8954708116318955,5.653420246821327,5.396705684513452,5.485568640714634,5.561161094433025,4.979280563438428,5.436697177909129,5.359190449241812,5.481928320423146,5.302678756976102,5.652797688266915,5.791538285886103,8.406452967606958,5.550625348084545
50,4.545,10.117669830792751,4.669273719475297,5.151107665345302,5.613338293722449,5.23100999121553,5.608924873030841,5.09104114033336,5.520651152530309,5.361335659148494,5.713251786493191,5.449845216461325,5.345071164549266,5.487570755333846,5.505358457389694,5.327893019296625,5.553617456611846,5.137295673409485,5.450110012685906,5.450595779642024,7.220026078547481,5.768971447185024,5.511436496965493,4.858714844164613,5.60733095551393,5.353413784362566,5.440548138004173,5.515048487175211,4.941406597230689,5.3933879697121725,5.31634111931049,5.437598558331667,5.260188559515219,5.606799082146709,5.743897138534664,8.330798617248314,5.50567311109929
51,4.5125,10.023736701579754,4.63599009685869,5.102321576004053,5.565154825567761,5.189647753138054,5.562509439818221,5.051174343272056,5.473823220903077,5.317944933275015,5.664170137197049,5.403953605334761,5.301571254846654,5.44258900311454,5.460172557357142,5.284899078862736,5.508171161609013,5.096800617690571,5.404276425443526,5.406031764814202,7.155153718515634,5.721020334470771,5.462735962488047,4.821958876697332,5.561241664206536,5.31012188421168,5.395527635293714,5.468935879917397,4.903532631022951,5.350078761515217,5.273491789379171,5.393268796240188,5.217698362054339,5.560800476026503,5.696255991183227,8.255144266889673,5.460720874114035
52,4.48,9.929803572366758,4.602706474242083,5.053535486662803,5.516971357413073,5.148285515060579,5.5160940066056,5.01130754621075,5.426995289275844,5.274554207401538,5.615088487900905,5.358061994208196,5.2580713451440415,5.397607250895232,5.414986657324591,5.241905138428846,5.462724866606182,5.056305561971655,5.358442838201146,5.361467749986379,7.0902813584837885,5.673069221756519,5.4140354280106004,4.785202909230051,5.515152372899142,5.266829984060795,5.350507132583253,5.422823272659584,4.8656586648152125,5.3067695533182615,5.23064245944785,5.348939034148711,5.1752081645934584,5.514801869906298,5.64861484383179,8.179489916531033,5.415768637128782
53,4.59,10.247731086626136,4.715358735405983,5.218657635202417,5.680053865013556,5.288280782399727,5.673192395940624,5.146241320879782,5.585489827091093,5.4214151257425405,5.7812109932109275,5.513387447251954,5.405301808752885,5.549853181483656,5.567923549742459,5.387423090666626,5.616543095846538,5.193365750558753,5.513571902713818,5.512299800172855,7.309849346283887,5.835365295558604,5.578868006241957,4.909607722196234,5.671146897324169,5.413356415340715,5.502884218680196,5.578896712609107,4.993847473518327,5.453354565677189,5.375670960753857,5.498978228919867,5.319021140614901,5.670489459851608,5.809861804098194,8.435550794667975,5.56791467000195
54,4.78,10.796878611255972,4.909939913779992,5.503868619043573,5.961741832687122,5.5300907896218945,5.944544159337484,5.379308749853566,5.859253119681073,5.675083984695185,6.068149866019151,5.781676866145721,5.659608973168158,5.812823425227297,5.832087273009688,5.638772280895521,5.882229128170788,5.430106076300107,5.781522105053886,5.772827886858589,7.68910314339315,6.115694877580387,5.863578823187029,5.124488762774188,5.9405919849674,5.666447523915124,5.7660810037567325,5.8484781088855575,5.215264506732798,5.7065468597516995,5.626174735736962,5.7581368380700475,5.567425371924669,5.939404387938963,6.088379280921988,8.877837765995423,5.830712363146516
55,4.63,10.363341091811364,4.7563231940110375,5.278702052853188,5.739356595050097,5.339188152341236,5.730319082971542,5.195308148032158,5.643124204478458,5.4748190960483605,5.841619176960028,5.569869430176959,5.4588401591561,5.6052153380612655,5.623536965167139,5.440338709662184,5.672476997388485,5.243205819135881,5.569982471627516,5.567147818422483,7.389692250938468,5.894382049668453,5.638807125598815,4.95484583600212,5.7278721789332705,5.46663875398796,5.558294068169992,5.635650690772571,5.040461585774005,5.506658206534981,5.428408597592406,5.553537936109379,5.371316768259064,5.72710312892263,5.868497062376888,8.528663841263228,5.623240500137648
56,4.573333333333333,10.19956025113229,4.69829021098721,5.193639127847931,5.655344394164998,5.267069378257431,5.649389609677742,5.1257968095662925,5.561475503179691,5.39916347144845,5.756040916648804,5.489853287699869,5.382994162751544,5.526785616242986,5.5447512933155085,5.365374916085145,5.593237303537391,5.172599055318283,5.490067498999776,5.48944645923551,7.276581469344478,5.810774981346166,5.553893373176599,4.890758508110448,5.647511363320377,5.391155440904363,5.47979678139278,5.555249221707664,4.974424926745128,5.431144715319775,5.3536969454044625,5.476245017590903,5.297231295763167,5.646900431072016,5.7854304464820725,8.396753691919951,5.544862240778742
57,4.516666666666667,10.035779410453216,4.640257227963383,5.1085762028426736,5.5713321932799,5.194950604173629,5.568460136383941,5.056285471100427,5.479826801880927,5.323507846848538,5.670462656337579,5.409837145222782,5.3071481663469875,5.448355894424706,5.46596562146388,5.290411122508106,5.5139976096862995,5.101992291500688,5.410152526372037,5.411745100048536,7.163470687750486,5.72716791302388,5.468979620754386,4.826671180218778,5.5671505477074845,5.3156721278207675,5.401299494615567,5.4748477526427575,4.9083882677162505,5.35563122410457,5.278985293216518,5.39895209907243,5.223145823267272,5.566697733221401,5.702363830587258,8.264843542576678,5.466483981419837
58,4.46,9.871998569774142,4.582224244939556,5.023513277837418,5.487319992394802,5.122831830089824,5.4875306630901415,4.9867741326345625,5.398178100582162,5.2478522222486275,5.584884396026355,5.329821002745694,5.231302169942433,5.369926172606428,5.38717994961225,5.215447328931067,5.434757915835207,5.03138552768309,5.330237553744297,5.3340437408615635,7.050359906156496,5.643560844701596,5.384065868332173,4.762583852327108,5.486789732094591,5.240188814737173,5.322802207838355,5.394446283577851,4.842351608687373,5.280117732889365,5.204273641028576,5.321659180553954,5.149060350771377,5.486495035370786,5.619297214692442,8.132933393233404,5.388105722060932
59,4.36,9.582973556811073,4.47981309842692,4.873402233710495,5.339063167303453,4.9955634052360525,5.344713945512847,4.864107064753624,5.254092157113753,5.114342296484079,5.433863936653606,5.188616045433186,5.097456293934394,5.231520781162407,5.248146411050552,5.083158281442175,5.294923161980338,4.906785356240274,5.189211131460051,5.196923695237494,6.8507526445200435,5.496018959426973,5.234218069940029,4.649488567812396,5.344976528071839,5.106982968119063,5.184277584113862,5.252561338169194,4.725816328048178,5.1468586307448865,5.072429548932205,5.185259912580175,5.018321281660973,5.344960862693231,5.47270906899571,7.900150776745276,5.249791146721687
60,4.65,10.42114609440398,4.776805423313565,5.308724261678572,5.769007960068367,5.364641837311991,5.758882426487002,5.219841561608346,5.6719413931721405,5.501521081201271,5.871823268834578,5.598110421639461,5.485609334357708,5.63289641635007,5.651343672879479,5.466796519159962,5.700443948159459,5.268125853424444,5.598187756084366,5.594571827547298,7.429613703265761,5.9238904267233785,5.668776685277243,4.977464892905061,5.756234819737822,5.493279923311581,5.585998992914892,5.6640276798543026,5.063768641901844,5.533310026963877,5.45477741601168,5.580817789704135,5.3974645820811435,5.755409963458142,5.897814691516236,8.575220364560854,5.650903415205499
61,4.63,10.363341091811364,4.7563231940110375,5.278702052853188,5.739356595050097,5.339188152341236,5.730319082971542,5.195308148032158,5.643124204478458,5.4748190960483605,5.841619176960028,5.569869430176959,5.4588401591561,5.6052153380612655,5.623536965167139,5.440338709662184,5.672476997388485,5.243205819135881,5.569982471627516,5.567147818422483,7.389692250938468,5.894382049668453,5.638807125598815,4.95484583600212,5.7278721789332705,5.46663875398796,5.558294068169992,5.635650690772571,5.040461585774005,5.506658206534981,5.428408597592406,5.553537936109379,5.371316768259064,5.72710312892263,5.868497062376888,8.528663841263228,5.623240500137648
62,4.74,10.681268606070743,4.868975455174937,5.443824201392802,5.902439102650582,5.479183419680385,5.8874174723065655,5.330241922701191,5.801618742293709,5.621680014389365,6.007741682270051,5.725194883220718,5.606070622764943,5.757461268649688,5.7764738575850085,5.585856661899965,5.826295226628841,5.380266007722979,5.725111536140187,5.7179798686089605,7.609260238738568,6.0566781234705385,5.803639703830171,5.079250648968303,5.883866703358299,5.6131651852678806,5.710671154266935,5.791724130722094,5.16865039447712,5.653243218893907,5.573437098898413,5.703577130880535,5.515129744280507,5.882790718867941,6.0297440226432935,8.78472471940017,5.775386533010818
63,4.803333333333334,10.864317780947356,4.933835847966273,5.538894529339855,5.996335091875103,5.559786755421108,5.97786806010552,5.407931065692452,5.892873173157034,5.706236300706912,6.103387973206127,5.81462468951864,5.690839677570034,5.845118016564236,5.864528432007418,5.6696397253095965,5.914857237403592,5.459179449636764,5.8144282702535435,5.804822564170872,7.735678171108323,6.150121317477799,5.898543309478528,5.150877662494287,5.973681732572709,5.697528888126017,5.798403415959115,5.881584596147578,5.242456072215277,5.737640650252079,5.656938357226114,5.789963333930595,5.597931154717097,5.972429028230393,6.122583181584558,8.932153709842655,5.862985764059007
64,4.866666666666666,11.047366955823964,4.998696240757609,5.633964857286903,6.090231081099623,5.640390091161828,6.068318647904471,5.485620208683711,5.984127604020358,5.790792587024459,6.199034264142198,5.90405449581656,5.775608732375126,5.932774764478782,5.952583006429826,5.753422788719227,6.003419248178341,5.538092891550548,5.903745004366898,5.891665259732782,7.862096103478075,6.243564511485059,5.993446915126883,5.222504676020271,6.063496761787118,5.781892590984151,5.886135677651292,5.97144506157306,5.3162617499534335,5.8220380816102475,5.740439615553815,5.876349536980654,5.680732565153685,6.062067337592844,6.21542234052582,9.079582700285133,5.950584995107194
65,4.93,11.23041613070058,5.063556633548945,5.729035185233956,6.184127070324146,5.720993426902551,6.158769235703424,5.563309351674973,6.0753820348836856,5.875348873342007,6.294680555078273,5.993484302114483,5.860377787180218,6.02043151239333,6.040637580852236,5.837205852128859,6.091981258953092,5.617006333464332,5.993061738480256,5.978507955294694,7.98851403584783,6.33700770549232,6.088350520775242,5.294131689546256,6.153311791001529,5.866256293842289,5.973867939343472,6.061305526998543,5.39006742769159,5.906435512968419,5.823940873881517,5.962735740030714,5.763533975590274,6.151705646955295,6.308261499467085,9.227011690727618,6.0381842261553835
66,4.61,10.305536089218752,4.73584096470851,5.248679844027803,5.709705230031828,5.313734467370481,5.701755739456084,5.1707747344559705,5.614307015784776,5.448117110895451,5.811415085085478,5.541628438714457,5.4320709839544925,5.577534259772461,5.5957302574548,5.413880900164406,5.644510046617512,5.218285784847318,5.541777187170668,5.539723809297669,7.3497707986111775,5.8648736726135295,5.608837565920386,4.932226779099177,5.699509538128721,5.439997584664338,5.530589143425095,5.607273701690839,5.017154529646167,5.480006386106084,5.402039779173132,5.526258082514623,5.345168954436982,5.69879629438712,5.8391794332375415,8.482107317965601,5.595577585069799
67,4.55,10.132121081440909,4.674394276800928,5.158613217551649,5.6207511349770165,5.2373734124582185,5.616065708909707,5.097174493727407,5.527855449703731,5.368011155436721,5.720802809461829,5.456905464326952,5.3517634583496685,5.494491024906048,5.512310134317779,5.3345074716710705,5.56060919430459,5.143525681981627,5.457161333800119,5.457451781923227,7.230006441629306,5.776348541448755,5.518928886885101,4.864369608390349,5.614421615715069,5.360074076693471,5.447474369190399,5.522142734445644,4.947233361262649,5.400050924819397,5.32293332391531,5.444418521730356,5.266725512970741,5.613875790780586,5.751226545819502,8.342437748072722,5.512588839866252
68,4.65,10.42114609440398,4.776805423313565,5.308724261678572,5.769007960068367,5.364641837311991,5.758882426487002,5.219841561608346,5.6719413931721405,5.501521081201271,5.871823268834578,5.598110421639461,5.485609334357708,5.63289641635007,5.651343672879479,5.466796519159962,5.700443948159459,5.268125853424444,5.598187756084366,5.594571827547298,7.429613703265761,5.9238904267233785,5.668776685277243,4.977464892905061,5.756234819737822,5.493279923311581,5.585998992914892,5.6640276798543026,5.063768641901844,5.533310026963877,5.45477741601168,5.580817789704135,5.3974645820811435,5.755409963458142,5.897814691516236,8.575220364560854,5.650903415205499
69,4.79,10.825781112552278,4.920181028431255,5.518879723456264,5.976567515196256,5.542817632107271,5.958825831095212,5.391575456641659,5.873661714027913,5.688434977271639,6.083251911956426,5.795797361876971,5.672993560768962,5.826663964371699,5.8459906268658575,5.65200118564441,5.896212603556275,5.442566093444388,5.795624747282311,5.786539891420995,7.709063869556794,6.130449066107849,5.878563603026242,5.135798291225659,5.954773305369675,5.679768108576935,5.779933466129181,5.8626666034264225,5.226918034796717,5.719872769966147,5.639359144946598,5.771776764867424,5.580499278835709,5.953557805206719,6.1030380954916605,8.901116027644235,5.844543820680441
70,4.723333333333334,10.6330977705769,4.851906930756164,5.418805694038316,5.877729631802024,5.45797201553809,5.863614686043684,5.3097974113877004,5.777604418382308,5.599428360095274,5.982571605707927,5.701660723668633,5.5837629767636034,5.734393703409019,5.753301601158059,5.563808487318483,5.802989434319697,5.3594993124825105,5.701607132426147,5.695126527671616,7.575992361799159,6.032087809258101,5.778665070764815,5.060401434882517,5.860231169354506,5.59096421083153,5.687583716979519,5.768076639820651,5.149227847703921,5.631033368536495,5.551463083549018,5.680843919551572,5.493339899428774,5.859201690088349,6.005312665027171,8.74592761665215,5.752334103787611
71,4.656666666666666,10.440414428601514,4.783632833081073,5.3187316646203655,5.778891748407789,5.373126398968907,5.7684035409921535,5.228019366133741,5.681547122736699,5.510421742918906,5.881891299459426,5.607524085460293,5.494532392758242,5.642123442446337,5.6606125754502585,5.475615788992554,5.7097662650831165,5.276432531520632,5.607589517569981,5.603713163922235,7.442920854041521,5.933726552408351,5.678766538503385,4.985004578539375,5.765689033339338,5.5021603130861205,5.5952339678298575,5.673486676214878,5.071537660611122,5.542193967106841,5.463567022151437,5.589911074235719,5.406180520021836,5.7648455749699785,5.907587234562682,8.590739205660059,5.660124386894779
72,4.59,10.247731086626136,4.715358735405983,5.218657635202417,5.680053865013556,5.288280782399727,5.673192395940624,5.146241320879782,5.585489827091093,5.4214151257425405,5.7812109932109275,5.513387447251954,5.405301808752885,5.549853181483656,5.567923549742459,5.387423090666626,5.616543095846538,5.193365750558753,5.513571902713818,5.512299800172855,7.309849346283887,5.835365295558604,5.578868006241957,4.909607722196234,5.671146897324169,5.413356415340715,5.502884218680196,5.578896712609107,4.993847473518327,5.453354565677189,5.375670960753857,5.498978228919867,5.319021140614901,5.670489459851608,5.809861804098194,8.435550794667975,5.56791467000195
73,4.46,9.871998569774142,4.582224244939556,5.023513277837418,5.487319992394802,5.122831830089824,5.4875306630901415,4.9867741326345625,5.398178100582162,5.2478522222486275,5.584884396026355,5.329821002745694,5.231302169942433,5.369926172606428,5.38717994961225,5.215447328931067,5.434757915835207,5.03138552768309,5.330237553744297,5.3340437408615635,7.050359906156496,5.643560844701596,5.384065868332173,4.762583852327108,5.486789732094591,5.240188814737173,5.322802207838355,5.394446283577851,4.842351608687373,5.280117732889365,5.204273641028576,5.321659180553954,5.149060350771377,5.486495035370786,5.619297214692442,8.132933393233404,5.388105722060932
74,4.68,10.5078535982929,4.807528767267355,5.353757574916648,5.813485007595772,5.402822364768121,5.801727441760189,5.256641681972627,5.715167176212662,5.541574058930635,5.917129406646402,5.640471908833213,5.525763097160119,5.674418033783276,5.693053734447989,5.506483233406629,5.74239437431592,5.305505904857289,5.6404956827696395,5.6357078412345185,7.489495881756696,5.968152992305765,5.713731024794885,5.011393478259475,5.798778780944646,5.533241677297014,5.627556380032239,5.706593163476899,5.098729226093602,5.57328775760722,5.494330643640591,5.621737570096267,5.436686302814264,5.797870215261408,5.941791135225254,8.645055149507293,5.692397787807271
75,4.8,10.854683613848586,4.930422143082518,5.533890827868955,5.99139319770539,5.555544474592647,5.973107502852942,5.403842163429753,5.888070308374754,5.701785969848094,6.0983539578937,5.809917857608222,5.686378148369766,5.840504503516101,5.859893980722028,5.665230090393299,5.910196078941762,5.45502611058867,5.809727389510734,5.800251895983402,7.72902459572044,6.1452032546353115,5.893548382865456,5.14710781967713,5.968954625771949,5.693088693238746,5.793785928501631,5.876855097967288,5.238571562860637,5.733198680180594,5.652543554156235,5.7854166916648015,5.593573185746749,5.967711222474474,6.1176969100613325,8.924394289293048,5.858375278214364
76,4.87,11.057001122922738,5.002109945641364,5.638968558757803,6.095172975269337,5.644632371990289,6.073079205157049,5.489709110946411,5.988930468802641,5.795242917883279,6.204068279454625,5.908761327726979,5.7800702615753945,5.937388277526917,5.957217457715219,5.757832423635525,6.008080406640172,5.542246230598643,5.908445885109709,5.896235927920252,7.868749678865958,6.248482574327548,5.9984418417399565,5.226274518837429,6.068223868587877,5.786332785871424,5.890753165108777,5.976174559753351,5.320146259308073,5.826480051681731,5.744834418623695,5.880896179246448,5.685090534124033,6.066785143348763,6.220308612049047,9.087342120834743,5.955195480951838
77,4.836666666666667,10.960659451935047,4.967972896803818,5.588931544048828,6.045754033572219,5.6022095637056974,6.025473632631284,5.448820088319431,5.940901820979838,5.7507396092950955,6.153728126330375,5.861693008622809,5.7354549695727135,5.8912531470455765,5.9108729448613175,5.7137360744725605,5.961468822021882,5.5007128401177035,5.861437077681625,5.8505292460455625,7.802213924987141,6.199301945902674,5.948492575609242,5.188576090665858,6.020952800580293,5.74193083699872,5.844578290533945,5.928879577950464,5.2813011657616755,5.782060350966905,5.700886387924905,5.835429756588521,5.641510844420564,6.019607085789578,6.171445896816802,9.009747915338698,5.909090622505422
78,4.803333333333333,10.864317780947353,4.9338358479662725,5.538894529339853,5.9963350918751015,5.559786755421106,5.977868060105518,5.40793106569245,5.892873173157033,5.7062363007069115,6.103387973206124,5.814624689518639,5.690839677570033,5.845118016564234,5.8645284320074165,5.669639725309596,5.9148572374035915,5.459179449636763,5.8144282702535435,5.804822564170871,7.7356781711083205,6.150121317477798,5.8985433094785265,5.1508776624942865,5.973681732572707,5.6975288881260155,5.798403415959113,5.881584596147577,5.242456072215276,5.737640650252078,5.656938357226114,5.789963333930594,5.597931154717095,5.972429028230393,6.122583181584557,8.93215370984265,5.862985764059006
79,4.77,10.767976109959662,4.899698799128728,5.488857514630878,5.9469161501779855,5.5173639471365155,5.930262487579753,5.367042043065471,5.84484452533423,5.661732992118729,6.053047820081875,5.76755637041447,5.646224385567354,5.798982886082895,5.818183919153517,5.625543376146632,5.868245652785301,5.417646059155825,5.76741946282546,5.7591158822961805,7.6691424172295015,6.1009406890529245,5.848594043347814,5.1131792343227165,5.9264106645651236,5.653126939253312,5.752228541384282,5.834289614344691,5.203610978668878,5.693220949537251,5.612990326527324,5.744496911272668,5.554351465013627,5.9252509706712075,6.073720466352313,8.854559504346609,5.8168809056125905
80,5.0,11.432733639774728,5.135244436107791,5.834112916122802,6.287906847888091,5.8100813243001905,6.258740938007531,5.64917629919163,6.176242195311572,5.968805821377192,6.400394876639198,6.09232777223324,5.954069900385845,6.1173152864041445,6.137961057845426,5.929808185371083,6.189865586651501,5.704226453474305,6.091780234079228,6.074491987231543,8.128239118993347,6.440287025184556,6.193243979649742,5.373298388706555,6.252581033817456,5.959500386474966,6.0708351759506165,6.160624988784605,5.471642124139027,5.999716884469554,5.916231738348976,6.058215227612359,5.855051323967556,6.250779567829585,6.410873201454799,9.38995952226931,6.135004428892855
81,5.26,12.184198673478717,5.401513417040644,6.224401630852801,6.673374593125599,6.1409792289199965,6.630064403708497,5.96811067568207,6.550865648329437,6.3159316283650195,6.793048071008345,6.459460661245762,6.302069178006747,6.4771693041586005,6.4994482581058435,6.273759708842203,6.553435946674161,6.02818689922563,6.4584489320182685,6.431004105854125,8.647217999248129,6.823895926898577,6.582848255469311,5.667346128444807,6.621295364276611,6.305835587682052,6.430999197634298,6.529525846847116,5.7746338538009345,6.346190550045201,6.25902637779954,6.412853324344184,6.194972903654606,6.618768416791228,6.792002380266304,9.99519432513845,6.494622324774893
82,5.19,11.981881164404566,5.329825614481799,6.119323899963955,6.569594815561655,6.0518913315223575,6.53009270140439,5.882243728165413,6.45000548790155,6.222474680329835,6.68733374944742,6.360617191127006,6.20837706480112,6.380285530147786,6.402124781112656,6.1811573755999785,6.455551618975752,5.940966779215658,6.359730436419297,6.335020073917276,8.507492916102612,6.72061660720634,6.477954796594812,5.588179429284509,6.522026121460686,6.2125914950493755,6.334031961027154,6.430206385061055,5.693059157353499,6.252909178544065,6.166735513332081,6.317373836762538,6.103455555277323,6.51969449591694,6.689390678278591,9.83224649359676,6.397802122037421
83,5.51,12.906761205886394,5.657541283322234,6.599679241170108,7.044016655853973,6.459150291054426,6.987106197651731,6.274778345384416,6.9110805070004595,6.649706442776392,7.1705992194402155,6.8124730545270324,6.636683868026844,6.823182782768653,6.847032104510093,6.6044823275644315,6.903022831311334,6.339687327832673,6.811014987728885,6.7738042199143,9.146236153339265,7.192750640085132,6.957467751449666,5.950084339731587,6.975828374333492,6.638850204227326,6.77731075694553,6.884238210368759,6.065972055398922,6.679338305406398,6.588636608040466,6.7538514942786305,6.521820576430615,6.972603848485115,7.158472744508134,10.577150866358776,6.840408763123005
84,5.513333333333333,12.916395372985164,5.660954988205988,6.604682942641006,7.048958550023686,6.463392571882884,6.991866754904308,6.2788672476471135,6.91588337178274,6.65415677363521,7.175633234752642,6.817179886437449,6.641145397227112,6.827796295816788,6.851666555795482,6.608891962480728,6.9076839897731634,6.343840666880767,6.815715868471692,6.778374888101769,9.152889728727146,7.19766870292762,6.962462678062738,5.953854182548744,6.980555481134251,6.643290399114597,6.781928244403014,6.888967708549048,6.069856564753561,6.683780275477881,6.593031411110345,6.7583981365444235,6.5261785454009615,6.977321654241035,7.16335901603136,10.58491028690838,6.845019248967647
85,5.516666666666667,12.926029540083936,5.664368693089744,6.609686644111903,7.053900444193397,6.467634852711345,6.996627312156885,6.282956149909813,6.920686236565022,6.658607104494029,7.180667250065067,6.8218867183478675,6.64560692642738,6.832409808864922,6.856301007080873,6.613301597397026,6.9123451482349925,6.347994005928861,6.820416749214502,6.782945556289239,9.159543304115031,7.202586765770108,6.96745760467581,5.957624025365901,6.985282587935011,6.647730594001868,6.786545731860498,6.893697206729339,6.073741074108202,6.688222245549365,6.597426214180224,6.762944778810217,6.53053651437131,6.982039459996955,7.168245287554586,10.592669707457988,6.849629734812289
86,5.52,12.935663707182702,5.667782397973498,6.614690345582799,7.058842338363108,6.471877133539802,7.001387869409461,6.28704505217251,6.9254891013473,6.663057435352846,7.1857012653774905,6.826593550258282,6.650068455627648,6.837023321913055,6.860935458366262,6.6177112323133205,6.917006306696821,6.352147344976954,6.825117629957308,6.787516224476706,9.166196879502909,7.207504828612594,6.97245253128888,5.961393868183059,6.990009694735768,6.652170788889138,6.79116321931798,6.898426704909625,6.077625583462841,6.692664215620846,6.601821017250103,6.7674914210760075,6.534894483341654,6.986757265752871,7.173131559077809,10.600429128007587,6.854240220656929
87,5.32,12.35761368125656,5.462960104948227,6.314468257328956,6.7623286881804106,6.217340283832261,6.715754434254873,6.041710916410635,6.6373172144104835,6.39603758382375,6.883660346631993,6.544183635633267,6.38237670361157,6.560212539025014,6.582868381242864,6.353133137335538,6.637336798987083,6.102947002091321,6.543064785388817,6.513276133228567,8.76698235623,6.912421058063351,6.672756934504598,5.735203299153634,6.706383286690263,6.385759095652919,6.514113971868995,6.61465681409231,5.844555022184452,6.4261460113318885,6.338132833057363,6.494692885128452,6.2734163451208484,6.703688920397762,6.879955267684345,10.13486389503133,6.577611069978441
88,5.32,12.35761368125656,5.462960104948227,6.314468257328956,6.7623286881804106,6.217340283832261,6.715754434254873,6.041710916410635,6.6373172144104835,6.39603758382375,6.883660346631993,6.544183635633267,6.38237670361157,6.560212539025014,6.582868381242864,6.353133137335538,6.637336798987083,6.102947002091321,6.543064785388817,6.513276133228567,8.76698235623,6.912421058063351,6.672756934504598,5.735203299153634,6.706383286690263,6.385759095652919,6.514113971868995,6.61465681409231,5.844555022184452,6.4261460113318885,6.338132833057363,6.494692885128452,6.2734163451208484,6.703688920397762,6.879955267684345,10.13486389503133,6.577611069978441
89,5.46,12.76224869940486,5.606335710065917,6.524623719106646,6.969888243308298,6.395516078627541,6.915697838863085,6.213444811443948,6.839037535266256,6.582951479894117,7.095088989753841,6.741870575870778,6.569760930022825,6.753980087046643,6.777515335229243,6.538337803819987,6.833105454383899,6.277387242111264,6.740501776586761,6.705244197102266,9.046432522521037,7.118979697447822,6.882543852253596,5.893536697474231,6.904921772322117,6.572247280918272,6.708048445083284,6.813295737664431,6.007704415079325,6.61270875433416,6.522714561992281,6.685651860291742,6.456451041875415,6.901836762146338,7.08517867165977,10.460759558114713,6.771251475453383
90,5.43,12.675541195515937,5.575612366112126,6.479590405868569,6.925411195780893,6.357335551171408,6.872852823589897,6.176644691079665,6.795811752225733,6.542898502164752,7.049782851942017,6.699509088677026,6.529607167220412,6.712458469613436,6.735805273660732,6.498651089573318,6.791155028227438,6.240007190678419,6.698193849901488,6.664108183415044,8.9865503440301,7.074717131865434,6.837589512735952,5.859608112119817,6.862377811115291,6.532285526932839,6.666491057965936,6.770730254041833,5.972743830887566,6.572731023690816,6.483161334363369,6.644732079899608,6.417229321142292,6.859376510343072,7.041202227950748,10.39092477316827,6.729757102851609
91,5.526666666666666,12.95493204138024,5.674609807741007,6.624697748524595,7.068726126702531,6.48036169519672,7.010908983914614,6.295222856697906,6.935094830911861,6.671958097070483,7.195769296002341,6.836007214079116,6.658991514028183,6.846250348009323,6.870204360937041,6.626530502145913,6.926328623620479,6.360454023073142,6.834519391442925,6.796657560851644,9.179504030278672,7.217340954297569,6.982442384515023,5.968933553817372,6.999463908337285,6.661051178663678,6.800398194232946,6.907885701270203,6.085394602172121,6.7015481557638115,6.610610623389861,6.776584705607593,6.543610421282349,6.996192877264708,7.182904102124256,10.615947969106797,6.863461192346213
92,5.623333333333333,13.234322887244542,5.7736072493698885,6.76980509118062,7.212041057624169,6.603387839222034,7.148965144239332,6.413801022316147,7.07437790959799,6.801017691976214,7.3417557400626645,6.972505339481209,6.788375860835955,6.980042226405211,7.004603448213351,6.754409914718509,7.061502219013519,6.4809008554678655,6.970844932984363,6.929206938288246,9.372457716527244,7.359964776729704,7.1272952562940945,6.078258995514927,7.136550005559277,6.789816830394518,6.934305330499956,7.045041148498573,6.198045373456676,6.830365287836807,6.738059912416352,6.908437331315579,6.669991521422405,7.133009244186345,7.324605976297766,10.840971165045323,6.997165281840816
93,5.72,13.513713733108844,5.87260469099877,6.914912433836646,7.355355988545808,6.726413983247346,7.28702130456405,6.532379187934387,7.2136609882841185,6.930077286881945,7.487742184122988,7.109003464883299,6.917760207643726,7.113834104801098,7.139002535489661,6.8822893272911045,7.196675814406559,6.601347687862589,7.107170474525802,7.061756315724846,9.565411402775817,7.50258859916184,7.272148128073166,6.187584437212483,7.273636102781272,6.918582482125357,7.068212466766966,7.182196595726941,6.310696144741232,6.959182419909805,6.865509201442843,7.040289957023566,6.796372621562464,7.269825611107983,7.466307850471274,11.065994360983849,7.13086937133542
94,5.95,14.17847126292391,6.1081503279778335,7.26016783532857,7.696346686255913,7.019131360411022,7.615499754991827,6.814513444060546,7.545058658261461,7.237150116140408,7.835089240680311,7.43377486670207,7.225605722462218,7.432166505122349,7.458779674181569,7.186554136515557,7.5182957482727595,6.8879280821810696,7.43153124577957,7.3771324206602085,10.024508104539661,7.841934935293474,7.616798064375094,6.447703591596322,7.599806472033604,7.224955929347011,7.3868191013333,7.508531970166855,6.578727290211382,7.265678354842108,7.168750613264496,7.354008273363258,7.097072480516392,7.59535420826636,7.8034605855737595,11.60139437890655,7.448992894615684
95,6.29,15.161156306998354,6.456348226120796,7.770545385360107,8.2004198915665,7.451844004913844,8.101076594754627,7.231581474855736,8.034950866054052,7.691083863739874,8.348558802547656,7.913871721564599,7.68068170088955,7.902744836032022,7.931493705291347,7.636336897977788,7.993733911379315,7.311568665086648,7.911021081546007,7.843340575782047,10.703172794103605,8.34357734522719,8.126280578908379,6.832227558946345,8.081971365710963,7.677855807848585,7.857802821996577,7.990940784556292,6.974947244384645,7.718759302133337,7.617020526392157,7.817765784474105,7.541585315491764,8.076570395370046,8.30186028094265,12.392855274966195,7.919262450769118
96,6.05,14.46749627588698,6.210561474490469,7.4102788794554915,7.84460351134726,7.1463997852647925,7.758316472569121,6.937180511941484,7.68914460172987,7.370660041904956,7.986109700053058,7.574979824014578,7.3594515984702555,7.570571896566369,7.597813212743267,7.318843184004448,7.658130502127628,7.012528253623886,7.572557668063815,7.514252466284278,10.224115366176115,7.989476820568095,7.766645862767235,6.5607988761110345,7.741619676056356,7.35816177596512,7.525343725057793,7.650416915575512,6.695262570850577,7.398937456986587,7.300594705360867,7.490407541337035,7.227811549626795,7.736888380943915,7.950048731270492,11.834176995394682,7.587307469954929
97,6.38,15.42127881866512,6.548518257982169,7.905645325074337,8.333851034148715,7.566385587282239,8.229611640574193,7.341981835948581,8.164628215175622,7.811242796927969,8.48447721598313,8.040956183145855,7.801142989296785,8.027309688331641,8.056623889996876,7.755397040717792,8.119585189848697,7.423708819385185,8.03794486160183,7.96674861684371,10.882819329576416,8.47636504197435,8.261143597461306,6.934013315009585,8.20960324933144,7.797741069804884,7.98247498334862,8.118637235424085,7.079828996959921,7.838692494063369,7.73568020927889,7.940525125650505,7.659250477691128,8.203951150779847,8.433789612069711,12.602359629805516,8.043745568574439
98,6.37,15.39237631736881,6.538277143330905,7.890634220661646,8.31902535163958,7.553658744796863,8.215329968816464,7.329715129160487,8.15021962082878,7.797891804351513,8.469375170045854,8.026835687414605,7.7877584016959815,8.01346914918724,8.042720536140706,7.742168135968903,8.10560171446321,7.411248802240903,8.023842219373405,7.953036612281303,10.862858603412768,8.461610853446889,8.246158817622092,6.922703786558113,8.195421928929164,7.784420485143073,7.9686225209761705,8.10444874088322,7.068175468896001,7.825366583848922,7.722495800069252,7.926885198853128,7.646176570780088,8.189797733512092,8.419130797500037,12.5790813681567,8.029914111040513
99,6.359999999999999,15.363473816072505,6.528036028679641,7.875623116248953,8.304199669130446,7.540931902311483,8.201048297058733,7.317448422372394,8.135811026481939,7.7845408117750585,8.45427312410858,8.012715191683354,7.774373814095177,7.999628610042835,8.028817182284536,7.728939231220013,8.091618239077723,7.39878878509662,8.009739577144979,7.939324607718896,10.842897877249126,8.446856664919427,8.231174037782877,6.911394258106641,8.18124060852689,7.7710999004812615,7.954770058603721,8.090260246342353,7.056521940832081,7.812040673634474,7.709311390859615,7.913245272055749,7.633102663869047,8.175644316244336,8.404471982930364,12.555803106507884,8.016082653506588
100,6.35,15.334571314776197,6.517794914028378,7.86061201183626,8.28937398662131,7.528205059826107,8.186766625301004,7.305181715584299,8.121402432135097,7.771189819198603,8.439171078171306,7.998594695952103,7.760989226494374,7.985788070898434,8.014913828428366,7.715710326471124,8.077634763692236,7.386328767952338,7.995636934916554,7.925612603156489,10.822937151085478,8.432102476391963,8.216189257943663,6.9000847296551715,8.167059288124614,7.75777931581945,7.940917596231271,8.076071751801488,7.044868412768162,7.798714763420025,7.696126981649978,7.8996053452583705,7.620028756958006,8.16149089897658,8.389813168360691,12.532524844859074,8.002251195972665
101,6.59,16.02823134588757,6.763581665658704,8.220878517740875,8.645190366840549,7.833649279475159,8.52952674748651,7.599582678498551,8.46720869645928,8.09161364103352,8.801620180665902,8.337486593502124,8.082219328913666,8.317961010364087,8.348594320976444,8.033204040444465,8.413238172943922,7.6853691794151,8.334100348398746,8.254700712654255,11.301994579012968,8.786203001051058,8.575823974084804,7.171513412490481,8.507410977779221,8.077473347702915,8.273376693170054,8.416595620782264,7.324553086302231,8.118536608566776,8.012552802681267,8.22696358839544,7.933802522822975,8.501172913402712,8.741624718032849,13.091203124430585,8.334206176786854
102,6.68,16.288353857554334,6.855751697520076,8.355978457455107,8.778621509422763,7.948190861843553,8.658061793306075,7.709983039591396,8.596886045580849,8.211772574221616,8.937538594101376,8.46457105508338,8.202680617320903,8.442525862663704,8.473724505681973,8.152264183184467,8.539089451413304,7.797509333713636,8.461024128454568,8.37810875371592,11.481641114485777,8.918990697798218,8.710686992637733,7.273299168553722,8.635042861399699,8.197358609659213,8.398048854522099,8.544292071650059,7.429434838877506,8.238469800496807,8.131212485568,8.349722929571842,8.051467685022338,8.628553668812513,8.873554049159909,13.300707479269903,8.458689294592174
103,6.94,17.03981889125832,7.122020678452931,8.746267172185107,9.164089254660274,8.27908876646336,9.029385259007043,8.028917416081837,8.971509498598714,8.558898381209442,9.330191788470525,8.831703944095905,8.550679894941805,8.802379880418162,8.835211705942392,8.496215706655587,8.902659811435965,8.121469779464961,8.82769282639361,8.734620872338503,12.000619994740557,9.30259959951224,9.100291268457303,7.567346908291975,9.003757191858856,8.5436938108663,8.75821287620578,8.91319292971257,7.732426568539415,8.584943466072454,8.474007125018565,8.704361026303665,8.391389264709389,8.996542517774156,9.254683227971414,13.905942282139044,8.818307190474211
104,7.075,17.430002658758468,7.260275726244989,8.948917081756452,9.364235968533595,8.45090114001595,9.222187827736388,8.194517957721104,9.166025522281066,8.739136780991585,9.534069408623733,9.02233063646779,8.731371827552659,8.989227158867589,9.022906983000686,8.674805920765591,9.091436729140039,8.289680010912765,9.018078496477342,8.919732933930996,12.27008979794977,9.501781144632979,9.302585796286696,7.7200255423868365,9.19520501728957,8.723521703800749,8.945221118233846,9.104737606014258,7.8897491974023275,8.764843253967502,8.651996649348664,8.888500038068267,8.567887008008434,9.187613650888856,9.452577224662003,14.220198814398021,9.005031867182192
105,7.210000000000001,17.820186426258616,7.398530774037049,9.1515669913278,9.564382682406919,8.622713513568543,9.414990396465736,8.360118499360372,9.36054154596342,8.919375180773727,9.737947028776947,9.212957328839678,8.91206376016351,9.17607443731702,9.21060226005898,8.853396134875595,9.280213646844112,8.45789024236057,9.208464166561075,9.104844995523493,12.539559601158984,9.70096268975372,9.504880324116089,7.872704176481699,9.386652842720288,8.903349596735197,9.132229360261913,9.296282282315948,8.047071826265242,8.94474304186255,8.829986173678765,9.072639049832869,8.74438475130748,9.378684784003557,9.650471221352593,14.534455346656998,9.191756543890174
106,7.345000000000001,18.210370193758763,7.536785821829107,9.354216900899145,9.76452939628024,8.794525887121136,9.607792965195085,8.525719040999638,9.555057569645772,9.099613580555866,9.941824648930156,9.403584021211564,9.092755692774364,9.362921715766449,9.398297537117276,9.031986348985601,9.468990564548186,8.626100473808373,9.398849836644807,9.289957057115988,12.809029404368196,9.900144234874462,9.70717485194548,8.02538281057656,9.578100668151004,9.083177489669646,9.319237602289977,9.487826958617635,8.204394455128156,9.124642829757596,9.007975698008867,9.25677806159747,8.920882494606523,9.569755917118256,9.848365218043181,14.848711878915976,9.378481220598156
107,7.48,18.60055396125891,7.675040869621165,9.55686681047049,9.964676110153562,8.966338260673727,9.800595533924431,8.691319582638904,9.749573593328124,9.279851980338009,10.145702269083367,9.594210713583449,9.273447625385216,9.549768994215878,9.585992814175569,9.210576563095604,9.65776748225226,8.794310705256176,9.58923550672854,9.475069118708483,13.07849920757741,10.099325779995201,9.909469379774873,8.178061444671421,9.76954849358172,9.263005382604094,9.506245844318043,9.679371634919322,8.361717083991069,9.304542617652643,9.185965222338966,9.440917073362073,9.097380237905568,9.760827050232956,10.046259214733771,15.162968411174951,9.565205897306136
108,7.44,18.48494395607368,7.634076411016111,9.496822392819722,9.905373380117023,8.915430890732218,9.743468846893514,8.64225275548653,9.69193921594076,9.226448010032188,10.085294085334265,9.537728730658447,9.219909274982001,9.49440683763827,9.530379398750888,9.157660944100046,9.601833580710311,8.744470636679049,9.53282493781484,9.420221100458853,12.998656302922829,10.040309025885353,9.849530260418016,8.132823330865536,9.712823211972617,9.20972304395685,9.450835994828246,9.62261765675586,8.31510297173539,9.251238976794852,9.133227585500416,9.38635736617256,9.045084610261407,9.704213381161932,9.987623956455076,15.069855364579697,9.509880067170437
109,7.12,17.56006391459185,7.306360742175675,9.016467051613567,9.430951539824703,8.508171931200149,9.286455350646172,8.249718138267527,9.23086419684185,8.799216247585631,9.602028615341471,9.085872867258418,8.791602471756276,9.0515095850174,9.08547207535345,8.734335992135591,9.154362368374729,8.345750088062033,9.081540386505253,8.981436954461827,12.359913065686174,9.568174993006561,9.37001730556316,7.770918420418457,9.259020959099809,8.783464334778898,9.007557198909868,9.168585831448155,7.942190073689965,8.824809849932517,8.71132649079203,8.949879708656468,8.626719589108115,9.251304028593756,9.518541890225531,14.324950991817682,9.067273426084853
110,6.88,16.866403883480476,7.060573990545349,8.656200545708952,9.075135159605463,8.202727711551095,8.943695228460664,7.955317175353273,8.885057932517668,8.478792425750713,9.239579512846873,8.746980969708398,8.470372369336982,8.71933664555175,8.751791582805373,8.416842278162251,8.818758959123043,8.04670967659927,8.743076973023062,8.65234884496406,11.880855637758684,9.214074468347464,9.010382589422017,7.499489737583147,8.918669269445203,8.463770302895433,8.675098101971084,8.828061962467375,7.662505400155897,8.504988004785766,8.394900669760743,8.622521465519398,8.312945823243146,8.911622014167623,9.166730340553373,13.766272712246165,8.735318445270664
111,6.59,16.02823134588757,6.763581665658704,8.220878517740875,8.645190366840549,7.833649279475159,8.52952674748651,7.599582678498551,8.46720869645928,8.09161364103352,8.801620180665902,8.337486593502124,8.082219328913666,8.317961010364087,8.348594320976444,8.033204040444465,8.413238172943922,7.6853691794151,8.334100348398746,8.254700712654255,11.301994579012968,8.786203001051058,8.575823974084804,7.171513412490481,8.507410977779221,8.077473347702915,8.273376693170054,8.416595620782264,7.324553086302231,8.118536608566776,8.012552802681267,8.22696358839544,7.933802522822975,8.501172913402712,8.741624718032849,13.091203124430585,8.334206176786854
112,6.533333333333333,15.864450505208495,6.705548682634877,8.13581559273562,8.561178165955452,7.761530505391356,8.44859727419271,7.530071340032687,8.385559995160515,8.015958016433611,8.716041920354678,8.257470451025036,8.006373332509112,8.239531288545807,8.269808649124816,7.958240246867426,8.333998479092829,7.614762415597504,8.254185375771007,8.176999353467284,11.188883797418978,8.702595932728771,8.49091022166259,7.107426084598811,8.427050162166328,8.001990034619318,8.194879406392843,8.336194151717361,7.258516427273353,8.043023117351572,7.937841150493325,8.149670669876965,7.85971705032708,8.420970215552098,8.658558102138034,12.959292975087312,8.255827917427947
113,6.476666666666667,15.70066966452942,6.64751569961105,8.050752667730363,8.477165965070354,7.689411731307552,8.36766780089891,7.460560001566821,8.30391129386175,7.940302391833699,8.630463660043453,8.177454308547947,7.930527336104556,8.161101566727528,8.191022977273185,7.883276453290387,8.254758785241735,7.544155651779907,8.174270403143266,8.09929799428031,11.075773015824986,8.618988864406486,8.405996469240376,7.04333875670714,8.346689346553434,7.926506721535723,8.11638211961563,8.255792682652453,7.192479768244476,7.9675096261363665,7.86312949830538,8.072377751358491,7.785631577831184,8.340767517701483,8.57549148624322,12.827382825744037,8.177449658069042
114,6.42,15.536888823850347,6.589482716587223,7.965689742725107,8.393153764185255,7.617292957223748,8.28673832760511,7.391048663100957,8.222262592562984,7.864646767233788,8.544885399732228,8.097438166070859,7.854681339700001,8.08267184490925,8.112237305421555,7.808312659713349,8.175519091390644,7.473548887962311,8.094355430515527,8.021596635093339,10.962662234230997,8.5353817960842,8.321082716818163,6.97925142881547,8.266328530940541,7.851023408452128,8.037884832838419,8.175391213587549,7.126443109215599,7.891996134921161,7.788417846117437,7.995084832840017,7.711546105335289,8.26056481985087,8.492424870348403,12.695472676400765,8.099071398710137
115,6.89,16.895306384776784,7.070815105196612,8.671211650121645,9.0899608421146,8.215454554036473,8.957976900218394,7.967583882141367,8.899466526864508,8.492143418327167,9.254681558784148,8.76110146543965,8.483756956937786,8.733177184696151,8.765694936661543,8.43007118291114,8.832742434508528,8.059169693743552,8.757179615251486,8.666060849526467,11.900816363922331,9.228828656874926,9.025367369261232,7.510799266034617,8.93285058984748,8.477090887557244,8.688950564343534,8.842250457008241,7.674158928219816,8.518313915000213,8.40808507897038,8.636161392316776,8.326019730154187,8.92577543143538,9.181389155123046,13.789550973894979,8.749149902804588
116,6.91,16.9531113873694,7.09129733449914,8.70123385894703,9.11961220713287,8.24090823900723,8.986540243733854,7.992117295717556,8.928283715558191,8.518845403480078,9.2848856506587,8.789342456902151,8.510526132139393,8.760858262984955,8.793501644373883,8.45652899240892,8.860709385279504,8.084089728032117,8.785384899708337,8.693484858651281,11.940737816249621,9.258337033929852,9.05533692893966,7.53341832293756,8.96121323065203,8.503732056880867,8.716655489088433,8.870627446089973,7.697465984347656,8.54496573542911,8.434453897389655,8.663441245911532,8.352167543976268,8.954082265970891,9.210706784262394,13.836107497192605,8.776812817872438
117,6.97,17.12652639514724,7.152744022406721,8.791300485423182,9.208566302187679,8.317269293919491,9.07223027428023,8.065717536446117,9.014735281639236,8.598951358938807,9.375497926282346,8.874065431289655,8.590833657744216,8.843901497851368,8.8769217675109,8.535902420902254,8.944610237592425,8.158849830897806,8.870000753078884,8.775756886025723,12.060502173231493,9.346862165094624,9.145245607974944,7.601275493646387,9.04630115306568,8.583655564851732,8.79977026332313,8.955758413335165,7.767387152731173,8.624921196715798,8.513560352647474,8.7452808066958,8.43061098544251,9.039002769577422,9.298659671680433,13.975777067085483,8.859801563075983
118,6.84,16.750793878295248,7.019609531940295,8.596156128058183,9.015832429568924,8.15182034160959,8.886568541429746,7.906250348200898,8.827423555130304,8.425388455444894,9.179171329097773,8.690498986783394,8.416834018933766,8.66397448897414,8.696178167380694,8.363926659166694,8.762825057581097,7.996869608022144,8.686666404109362,8.597500826714432,11.801012733104104,9.155057714237614,8.95044347006516,7.454251623777262,8.861943987836103,8.41048796424819,8.619688252481287,8.771307984303911,7.615891287900219,8.451684363927974,8.342163032922194,8.567961758329888,8.260650195598984,8.855008345096602,9.108095082274682,13.673159665650912,8.679992615134966
119,6.993333333333333,17.193965564838624,7.176639956593003,8.826326395719464,9.24315956137566,8.346965259718704,9.105554175048265,8.094339852285003,9.048355335115199,8.630103674950536,9.410736033469322,8.907013254662575,8.62206436214609,8.876196089188305,8.909362926508631,8.566769865316328,8.977238346825228,8.187923204234464,8.90290691827854,8.807751563338005,12.107077200946664,9.381288604992037,9.180210094266444,7.627664393366487,9.079390900670989,8.614736929062625,8.83209267552551,8.988864900597187,7.794578718213651,8.656014987216176,8.54432397413663,8.777107302556347,8.461116768234938,9.072027409868852,9.332863572343003,14.030093010932712,8.892074963988474
120,7.1466666666666665,17.637137251382,7.333670381245712,9.056496663380749,9.470486693182396,8.542110177827821,9.324539808666783,8.28242935636911,9.269287115100092,8.834818894456177,9.642300737840872,9.123527522541755,8.827294705358419,9.088417689402473,9.12254768563657,8.769613071465963,9.191651636069363,8.378976800446784,9.119147432447718,9.01800229996158,12.41314166878923,9.607519495746459,9.409976718467734,7.801077162955713,9.296837813505876,8.818985893877061,9.044497098569732,9.206421816890462,7.973266148527084,8.860345610504378,8.746484915351065,8.98625284678281,8.66158334087089,9.289046474641104,9.55763206241133,14.387026356214513,9.104157312841984
121,7.3,18.080308937925377,7.49070080589842,9.286666931042028,9.697813824989133,8.737255095936938,9.5435254422853,8.470518860453215,9.490218895084986,9.039534113961817,9.873865442212416,9.340041790420933,9.032525048570745,9.300639289616639,9.335732444764508,8.972456277615597,9.406064925313494,8.570030396659103,9.335387946616896,9.228253036585155,12.719206136631792,9.83375038650088,9.639743342669014,7.974489932544938,9.514284726340762,9.023234858691495,9.256901521613955,9.423978733183738,8.151953578840516,9.06467623379258,8.948645856565498,9.195398391009268,8.86204991350684,9.506065539413354,9.78240055247965,14.743959701496314,9.316239661695493
122,7.84,19.641044007925966,8.043720997066654,10.097266569327411,10.498400680482419,9.424504590147302,10.31473571720269,9.132921027010282,10.268282989814397,9.760487713090384,10.689375922825262,10.10254855990848,9.755292779014157,10.048028403414353,10.086513552997683,9.686817134055612,10.161172596129788,9.242871322450316,10.096930626951826,9.968701282955132,13.797085349468643,10.630476566983843,10.448921453986586,8.585204468924385,10.280076028063627,9.74254643042929,10.004934489726217,10.19015743839049,8.78124409429217,9.784275385372768,9.6606039538859,9.931954438067674,9.56804088670302,10.270350071872153,10.573976539242008,16.000985830532223,10.063138368527415
123,8.3,20.9705590675561,8.51481227102478,10.78777737231126,11.18038207590263,10.009939344474654,10.971692618058245,9.697189539262599,10.931078329769083,10.37463337160731,11.384070035939908,10.75209136354602,10.370983808651138,10.684693204056856,10.726067830381503,10.295346752504518,10.804412463862187,9.816032111087278,10.745652169459362,10.599453492825857,14.715278752996333,11.309169239247108,11.138221326590442,9.105442777692064,10.932416766568291,10.355293324872596,10.642147758858886,10.84282818727032,9.31730638523247,10.397267255237375,10.267086777529205,10.559391070747058,10.16944060461088,10.92140726618891,11.248282009446982,17.07178586637762,10.699385415087946
124,8.42,21.31738908311178,8.637705646839944,10.967910625263563,11.358290266012247,10.162661454299178,11.143072679150997,9.844390020719725,11.10398146193117,10.534845282524767,11.565294587187203,10.921537312321028,10.531598859860784,10.850779673789678,10.89290807665554,10.454093609491187,10.972214168488028,9.965552316818659,10.914883876200456,10.76399754757474,14.954807466960077,11.486219501576654,11.318038684661008,9.241157119109717,11.102592611395592,10.515140340814327,10.808377307328277,11.013090121760706,9.457148721999502,10.557178177810748,10.425299688044849,10.723070192315589,10.326327487543363,11.091248273401972,11.424187784283058,17.351125006163375,10.865362905495038
125,8.35,21.115071574037632,8.566017844281099,10.86283289437472,11.254510488448304,10.07357355690154,11.04310097684689,9.758523073203069,11.003121301503285,10.441388334489584,11.459580265626279,10.822693842202273,10.437906746655157,10.753895899778865,10.795584599662352,10.361491276248962,10.87432984078962,9.878332196808685,10.816165380601484,10.668013515637892,14.81508238381456,11.382940181884416,11.213145225786512,9.161990419949419,11.003323368579666,10.42189624818165,10.711410070721133,10.913770659974647,9.375574025552066,10.463896806309615,10.333008823577389,10.627590704733947,10.23481013916608,10.992174352527686,11.321576082295344,17.188177174621686,10.768542702757568
126,8.253333333333334,20.83568072817333,8.467020402652217,10.717725551718695,11.111195557526665,9.950547412876226,10.905044816522175,9.63994490758483,10.863838222817158,10.312328739583855,11.313593821565957,10.686195716800182,10.308522399847387,10.620104021382978,10.661185512386043,10.23361186367637,10.73915624539658,9.757885364413964,10.679839839060048,10.53546413820129,14.622128697565989,11.240316359452283,11.068292354007442,9.052664978251864,10.866237271357672,10.29313059645081,10.577502934454124,10.776615212746279,9.262923254267513,10.335079674236617,10.205559534550897,10.49573807902596,10.108429039026024,10.85535798560605,11.179874208121836,16.96315397868316,10.634838613262964
127,8.156666666666666,20.556289882309024,8.368022961023335,10.572618209062668,10.967880626605027,9.827521268850914,10.766988656197455,9.521366741966588,10.724555144131026,10.183269144678121,11.167607377505632,10.54969759139809,10.179138053039614,10.486312142987089,10.526786425109732,10.10573245110377,10.603982650003541,9.637438532019239,10.543514297518607,10.402914760764688,14.429175011317414,11.097692537020146,10.923439482228368,8.943339536554308,10.729151174135678,10.16436494471997,10.443595798187111,10.639459765517907,9.150272482982956,10.206262542163621,10.078110245524405,10.363885453317973,9.982047938885966,10.71854161868441,11.038172333948328,16.73813078274463,10.50113452376836
128,8.06,20.276899036444725,8.269025519394454,10.427510866406644,10.82456569568339,9.704495124825602,10.62893249587274,9.402788576348348,10.585272065444899,10.054209549772391,11.021620933445309,10.413199465996,10.049753706231844,10.352520264591202,10.392387337833423,9.977853038531176,10.468809054610501,9.516991699624516,10.40718875597717,10.27036538332809,14.236221325068843,10.955068714588014,10.778586610449299,8.834014094856753,10.592065076913684,10.035599292989131,10.309688661920102,10.50230431828954,9.037621711698401,10.077445410090625,9.950660956497915,10.232032827609988,9.855666838745911,10.581725251762775,10.89647045977482,16.513107586806107,10.367430434273757
129,6.78,16.577378870517407,6.958162844032713,8.50608950158203,8.926878334514114,8.075459286697324,8.80087851088337,7.832650107472334,8.740971989049259,8.345282499986165,9.088559053474125,8.605776012395891,8.336526493328941,8.580931254107727,8.612758044243673,8.28455323067336,8.678924205268174,7.922109505156454,8.602050550738817,8.51522879933999,11.681248376122232,9.066532583072842,8.860534791029876,7.3863944530684345,8.77685606542245,8.330564456277324,8.536573478246593,8.686177017058718,7.545970119516702,8.371728902641287,8.263056577664372,8.48612219754562,8.182206754132743,8.770087841490067,9.020142194856641,13.533490095758037,8.59700386993142
130,7.53,18.745066467740443,7.726246442877484,9.631922332533952,10.038804522699238,9.029972473100614,9.872003892713078,8.752653116579374,9.821616565062328,9.346606943220284,10.221212498769741,9.664813192239704,9.340370563389236,9.618971689937888,9.655509583456418,9.276721086840048,9.727684859179693,8.856610790977584,9.659748717870663,9.543629141520517,13.178302838395634,10.173096722632511,9.984393278970943,8.234609086928778,9.840455095593097,9.329608305913148,9.57550815618029,9.750314107623652,8.419984724310666,9.371172168724883,9.25188726838715,9.509116707348962,9.16274977246077,9.831594136571733,10.119553287582136,15.279359719419014,9.634363184975758
131,7.25,17.935796431443844,7.439495232642102,9.211611408978568,9.623685412443459,8.673620883510052,9.472117083496654,8.409185326512745,9.418175923350784,8.972779151079544,9.798355212526044,9.26943931176468,8.965602110566728,9.231436593894628,9.26621567548366,8.906311753871151,9.336147548386059,8.507730310937696,9.264874735474773,9.15969301377312,12.619402505813564,9.75997944386357,9.564819443472945,7.9179422902875825,9.443378124329389,8.95663193538244,9.18763920975171,9.35303626047941,8.09368593852092,8.998046682720341,8.882723810517312,9.12719875702238,8.79668037895164,9.435298453074578,9.709106479631286,14.627568393252252,9.24708237402587
132,7.75,19.3809214962592,7.951550965205283,9.962166629613185,10.364969537900206,9.309963007778912,10.186200671383126,9.022520665917439,10.13860564069283,9.64032877990229,10.55345750938979,9.975464098327222,9.634831490606924,9.923463551114736,9.961383368292157,9.567756991315612,10.035321317660406,9.130731168151783,9.970006846896007,9.84529324189347,13.617438813995838,10.497688870236683,10.314058435433658,8.483418712861145,10.152444144443152,9.622661168472991,9.880262328374176,10.0624609875227,8.676362341716896,9.664342193442739,9.541944270999167,9.809195096891274,9.450375724503658,10.142969316462354,10.44204720811495,15.791481475692903,9.938655250722098
133,7.856666666666666,19.68921484341981,8.060789521485429,10.1222850766819,10.523110151330977,9.4457159942896,10.338538503465571,9.153365538323772,10.292297313725799,9.782739367384476,10.714545999387386,10.126082719460564,9.777600425015496,10.071095968655024,10.109685809424635,9.708865308637096,10.184478388438933,9.263638017690788,10.120435030665869,9.991554623892478,13.830353226408052,10.65506688119628,10.47389608705194,8.604053683010171,10.30371156206742,9.764747404865641,10.028021927013633,10.213804929291934,8.80066664106537,9.806485235730182,9.682577969235295,9.954687649396636,9.589830731554756,10.293939100651745,10.59840789685813,16.03978293328024,10.086190797750625
134,7.963333333333334,19.997508190580422,8.170028077765572,10.282403523750618,10.681250764761751,9.581468980800288,10.490876335548021,9.284210410730108,10.44598898675877,9.925149954866662,10.875634489384986,10.276701340593908,9.920369359424074,10.218728386195316,10.257988250557116,9.849973625958581,10.333635459217462,9.396544867229792,10.270863214435732,10.137816005891487,14.04326763882027,10.812444892155877,10.633733738670227,8.724688653159198,10.454978979691688,9.906833641258292,10.175781525653093,10.36514887106117,8.924970940413846,9.948628278017626,9.823211667471424,10.100180201902003,9.729285738605853,10.444908884841137,10.754768585601312,16.28808439086758,10.233726344779154
135,8.07,20.305801537741036,8.279266634045719,10.442521970819335,10.839391378192524,9.71722196731098,10.643214167630468,9.415055283136441,10.59968065979174,10.067560542348847,11.036722979382585,10.42731996172725,10.06313829383265,10.366360803735605,10.406290691689595,9.991081943280065,10.482792529995988,9.529451716768797,10.421291398205595,10.284077387890497,14.25618205123249,10.969822903115476,10.793571390288513,8.845323623308225,10.60624639731596,10.048919877650942,10.323541124292552,10.516492812830405,9.04927523976232,10.090771320305073,9.963845365707552,10.245672754407366,9.86874074565695,10.595878669030533,10.911129274344496,16.536385848454923,10.381261891807682
136,8.26,20.854949062370867,8.473847812419727,10.727732954660487,11.121079345866086,9.959031974533145,10.914565931027326,9.648122712110224,10.873443952381717,10.32122940130149,11.323661852190806,10.695609380621015,10.31744545824792,10.629331047479244,10.670454414956822,10.242431133508958,10.74847856232024,9.766192042510152,10.689241600545662,10.544605474576228,14.63543584834175,11.250152485137258,11.078282207233581,9.060204663886177,10.875691484959189,10.302010986225351,10.586737909369088,10.786074209106854,9.270692272976792,10.343963614379582,10.214349140690656,10.504831363557544,10.117144976966717,10.864793597117885,11.189646751168286,16.97867281978237,10.644059584952245
137,8.53,21.63531659737116,8.750357908003842,11.13303277380318,11.521372773612732,10.302656721638327,11.300171068486021,9.979323795388758,11.262475999746421,10.681706200865772,11.731417092497226,11.076862765364787,10.678829323469625,11.003025604378102,11.04584496907341,10.599611561728967,11.126032397728384,10.102612505405757,11.070012940713127,10.914829597761216,15.174375454760172,11.64851557537874,11.482871262892367,9.365561932075899,11.258587135820619,10.661666772094247,10.96075439342522,11.16916356171023,9.585337530702617,10.703763190169674,10.570328189350855,10.873109387086746,10.470140463564807,11.246935863347282,11.585434744549463,17.607185884300318,11.017508938368207
138,8.21,20.71043655588933,8.422642239163409,10.652677432597027,11.046950933320415,9.895397762106258,10.843157572238681,9.586789178169756,10.801400980647513,10.254474438419216,11.248151622504432,10.625006901964761,10.250522520243901,10.560128351757234,10.600937645675973,10.176286609764514,10.678561185392805,9.703891956788743,10.61872838940354,10.476045451764193,14.535632217523524,11.176381542499946,11.00335830803751,9.003657021628822,10.804784882947812,10.235408062916296,10.517475597506841,10.715131736402526,9.212424632657195,10.277334063307343,10.14842709464247,10.436631729570657,10.051775442411515,10.794026510779108,11.11635267831992,16.862281511538303,10.574902297282625
139,7.97,20.01677652477796,8.176855487533082,10.292410926692412,10.691134553101174,9.589953542457206,10.500397450053175,9.292388215255503,10.45559471632333,9.934050616584297,10.885702520009836,10.28611500441474,9.929292417824609,10.227955412291582,10.267257153127893,9.858792895791174,10.34295777614112,9.40485154532598,10.280264975921348,10.146957342266425,14.056574789596034,10.822281017840853,10.64372359189637,8.732228338793512,10.464433193293207,9.915714031032833,10.185016500568059,10.374607867421748,8.932739959123126,9.957512218160593,9.832001273611182,10.109273486433587,9.738001676546547,10.454344496352975,10.76454112864776,16.303603231966793,10.242947316468435
140,8.033333333333333,20.19982569965457,8.241715880324417,10.387481254639464,10.785030542325696,9.670556878197928,10.590848037852126,9.370077358246764,10.546849147186656,10.018606902901844,10.98134881094591,10.375544810712663,10.014061472629699,10.315612160206129,10.355311727550303,9.942575959200806,10.43151978691587,9.483764987239764,10.369581710034705,10.233800037828336,14.182992721965787,10.915724211848113,10.738627197544726,8.803855352319497,10.554248222507617,10.000077733890969,10.272748762260237,10.46446833284723,9.006545636861283,10.041909649518761,9.915502531938882,10.195659689483646,9.820803086983135,10.543982805715427,10.857380287589024,16.451032222409275,10.330546547516624
141,8.096666666666668,20.382874874531183,8.306576273115756,10.482551582586517,10.878926531550219,9.751160213938652,10.681298625651081,9.447766501238025,10.638103578049982,10.103163189219394,11.076995101881984,10.464974617010586,10.098830527434792,10.403268908120678,10.443366301972715,10.026359022610437,10.520081797690622,9.56267842915355,10.458898444148062,10.320642733390248,14.309410654335544,11.009167405855376,10.833530803193085,8.875482365845482,10.644063251722027,10.084441436749106,10.360481023952417,10.554328798272715,9.08035131459944,10.126307080876934,9.999003790266585,10.282045892533707,9.903604497419725,10.63362111507788,10.95021944653029,16.598461212851756,10.418145778564813
142,8.16,20.565924049407798,8.37143666590709,10.577621910533566,10.97282252077474,9.831763549679373,10.771749213450033,9.525455644229286,10.729358008913309,10.187719475536941,11.172641392818058,10.554404423308506,10.183599582239882,10.490925656035223,10.531420876395124,10.110142086020069,10.60864380846537,9.641591871067334,10.548215178261417,10.407485428952157,14.435828586705297,11.102610599862636,10.92843440884144,8.947109379371465,10.733878280936437,10.16880513960724,10.448213285644595,10.644189263698198,9.154156992337596,10.210704512235104,10.082505048594285,10.368432095583767,9.986405907856314,10.72325942444033,11.043058605471554,16.74589020329424,10.505745009613003
143,8.87,22.6180016414456,9.098555806146804,11.643410323834718,12.02544597892332,10.735369366141148,11.78574790824882,10.396391826183947,11.75236820753901,11.135639948465236,12.24488665436457,11.556959620227316,11.133905301896961,11.473603935287773,11.518559000183187,11.049394323191198,11.601470560834938,10.526253088311336,11.549502776479564,11.381037752883055,15.853040144324117,12.150157985312454,11.992353777425649,9.750085899425923,11.740752029497978,11.11456665059582,11.431738114088494,11.651572376099669,9.98155748487588,11.156844137460903,11.018598102478514,11.336866898197593,10.914653298540177,11.72815205045097,12.083834439918352,18.39864678035996,11.487778494521642
144,9.44,24.265444215335112,9.68229934126883,12.49904327535818,12.870509881944015,11.460799387807647,12.5998031984394,11.095594113105296,12.573658085308946,11.896646525323167,13.105703272789242,12.361827876908613,11.896826795142783,12.262514666518697,12.311050169984874,11.803441893877885,12.398528657807695,11.236474065535395,12.35335338349977,12.162622012940254,16.990801535651908,12.991146731377805,12.846486228260861,10.394729021159783,12.549087292427668,11.873839976319047,12.221328469318106,12.46031656492902,10.645808584519294,11.916421019684439,11.770109427427828,12.114342725648132,11.65986599246948,12.534896834713038,12.91938687038973,19.72550769434231,12.27617157395534
145,9.19,23.542881682927437,9.426271474987242,12.123765665040873,12.499867819215641,11.14262832567322,12.242761404496164,10.788926443402953,12.213443226637922,11.562871710911796,12.728152124357369,12.008815483627345,11.562212105122686,11.916501187908645,11.963466323580626,11.472719275155654,12.048941773170522,10.924973636928353,12.000787327789155,11.819821898880079,16.491783381560776,12.62229201819125,12.471866732280509,10.111990809873003,12.194554282370788,11.540825359773773,11.875016910006874,12.105604201407376,10.354470382921306,11.583273264323243,11.440499197186902,11.773344555713686,11.333018319693473,12.181061403019148,12.552916506147902,19.143551153121983,11.930385135607228
146,8.3,20.9705590675561,8.51481227102478,10.78777737231126,11.18038207590263,10.009939344474654,10.971692618058245,9.697189539262599,10.931078329769083,10.37463337160731,11.384070035939908,10.75209136354602,10.370983808651138,10.684693204056856,10.726067830381503,10.295346752504518,10.804412463862187,9.816032111087278,10.745652169459362,10.599453492825857,14.715278752996333,11.309169239247108,11.138221326590442,9.105442777692064,10.932416766568291,10.355293324872596,10.642147758858886,10.84282818727032,9.31730638523247,10.397267255237375,10.267086777529205,10.559391070747058,10.16944060461088,10.92140726618891,11.248282009446982,17.07178586637762,10.699385415087946
147,8.34,21.086169072741324,8.555776729629834,10.847821789962028,11.239684805939168,10.060846714416162,11.028819305089161,9.746256366414976,10.988712707156445,10.428037341913129,11.444478219689007,10.808573346471022,10.424522159054353,10.74005536063446,10.781681245806181,10.348262371500073,10.860346365404135,9.865872179664404,10.802062738373062,10.654301511075484,14.795121657650913,11.368185993356956,11.198160445947297,9.150680891497947,10.989142048177388,10.40857566351984,10.697557608348683,10.899582165433781,9.363920497488147,10.450570896095165,10.319824414367751,10.613950777936568,10.22173623225504,10.978020935259929,11.306917267725671,17.164898912972877,10.754711245223643
148,8.38,21.20177907792656,8.59674118823489,10.907866207612798,11.29898753597571,10.111754084357672,11.085945992120083,9.795323193567352,11.04634708454381,10.481441312218951,11.504886403438107,10.865055329396027,10.478060509457572,10.795417517212073,10.837294661230864,10.401177990495633,10.916280266946085,9.915712248241533,10.858473307286761,10.709149529325114,14.874964562305498,11.427202747466808,11.258099565304155,9.195919005303832,11.045867329786494,10.461858002167084,10.752967457838482,10.956336143597248,9.410534609743827,10.50387453695296,10.372562051206302,10.668510485126081,10.274031859899203,11.034634604330954,11.365552526004368,17.25801195956813,10.810037075359343
149,8.420000000000002,21.317389083111788,8.637705646839947,10.967910625263569,11.358290266012252,10.162661454299183,11.143072679151,9.844390020719729,11.103981461931173,10.53484528252477,11.565294587187207,10.921537312321032,10.531598859860788,10.850779673789683,10.892908076655544,10.454093609491188,10.972214168488033,9.96555231681866,10.91488387620046,10.763997547574743,14.95480746696008,11.486219501576656,11.318038684661015,9.241157119109719,11.102592611395597,10.51514034081433,10.808377307328282,11.01309012176071,9.457148721999506,10.557178177810751,10.425299688044852,10.723070192315593,10.326327487543367,11.091248273401977,11.424187784283061,17.351125006163386,10.865362905495044
150,8.46,21.432999088297013,8.678670105445,11.027955042914336,11.41759299604879,10.213568824240689,11.200199366181918,9.893456847872102,11.161615839318536,10.58824925283059,11.625702770936305,10.978019295246034,10.585137210264001,10.90614183036729,10.948521492080223,10.507009228486744,11.02814807002998,10.015392385395787,10.971294445114157,10.818845565824368,15.03465037161466,11.545236255686504,11.377977804017869,9.286395232915602,11.159317893004694,10.568422679461573,10.863787156818077,11.069844099924172,9.503762834255182,10.610481818668543,10.478037324883399,10.777629899505104,10.378623115187526,11.147861942472998,11.482823042561751,17.44423805275863,10.920688735630737
151,8.47,21.46190158959332,8.688911220096262,11.042966147327029,11.432418678557923,10.226295666726067,11.214481037939645,9.905723554660197,11.176024433665377,10.601600245407045,11.64080481687358,10.992139790977284,10.598521797864805,10.919982369511692,10.962424845936392,10.520238133235633,11.042131545415465,10.027852402540066,10.985397087342582,10.832557570386776,15.054611097778306,11.559990444213966,11.392962583857082,9.297704761367074,11.17349921340697,10.581743264123384,10.877639619190525,11.084032594465038,9.515416362319101,10.62380772888299,10.491221734093035,10.791269826302482,10.391697022098565,11.162015359740753,11.497481857131426,17.467516314407444,10.934520193164662
152,8.9,22.70470914533453,9.129279150100595,11.688443637072796,12.069923026450727,10.773549893597282,11.828592923522011,10.43319194654823,11.795593990579537,11.175692926194603,12.290192792176398,11.599321107421071,11.174059064699373,11.515125552720981,11.560269061751697,11.089081037437868,11.643420986991401,10.563633139744182,11.591810703164839,11.422173766570276,15.912922322815058,12.194420550894844,12.037308116943295,9.784014484780336,11.783295990704804,11.154528404581255,11.473295501205845,11.694137859722264,10.01651806906764,11.19682186810425,11.058151330107426,11.377786678589729,10.953875019273301,11.77061230225424,12.127810883627376,18.46848156530641,11.529272867123415
153,8.34,21.086169072741324,8.555776729629834,10.847821789962028,11.239684805939168,10.060846714416162,11.028819305089161,9.746256366414976,10.988712707156445,10.428037341913129,11.444478219689007,10.808573346471022,10.424522159054353,10.74005536063446,10.781681245806181,10.348262371500073,10.860346365404135,9.865872179664404,10.802062738373062,10.654301511075484,14.795121657650913,11.368185993356956,11.198160445947297,9.150680891497947,10.989142048177388,10.40857566351984,10.697557608348683,10.899582165433781,9.363920497488147,10.450570896095165,10.319824414367751,10.613950777936568,10.22173623225504,10.978020935259929,11.306917267725671,17.164898912972877,10.754711245223643
154,8.586666666666666,21.799097438050232,8.80839089102767,11.218095698808437,11.60538497449783,10.374775495722131,11.381100541779821,10.048835133854622,11.344124701045185,10.757361825465683,11.816995352808451,11.156878907841875,10.754675319874183,11.08145532619638,11.124630640925039,10.674575355306004,11.205272091579477,10.173219269223353,11.149927913340868,10.99253095694819,15.287486236354164,11.732122643701024,11.56778501531458,9.42964925996757,11.338947951433513,10.737150085177845,11.039251680202431,11.249565030775138,9.651374189731495,10.77927668138488,10.645039841538798,10.950402305605222,10.544225936060702,11.327138561197899,11.668501360444278,17.739096033643595,11.095887197727114
155,8.833333333333334,22.512025803359148,9.061005052425507,11.588369607654847,11.971085143056495,10.688704277028101,11.733381778470484,10.351413901294272,11.699536694933933,11.086686309018237,12.1895124859279,11.50518446921273,11.084828480694014,11.422855291758303,11.467580036043898,11.000888339111942,11.550197817754825,10.480566358782305,11.497793088308677,11.330760402820896,15.779850815057422,12.096059294045098,11.937409584681866,9.708617628437196,11.688753854689638,11.06572450683585,11.380945752056183,11.599547896116494,9.938827881974845,11.1079824666746,10.970255268709847,11.286853833273877,10.866715639866367,11.67625618713587,12.030085453162888,18.31329315431432,11.437063150230586
156,9.08,23.224954168668056,9.313619213823344,11.958643516501256,12.336785311615156,11.002633058334073,12.085663015161142,10.65399266873392,12.054948688822673,11.416010792570791,12.562029619047344,11.853490030583586,11.414981641513844,11.764255257320222,11.810529431162756,11.327201322917874,11.895123543930168,10.787913448341254,11.845658263276484,11.668989848693602,16.272215393760675,12.459995944389165,12.307034154049152,9.98758599690682,12.03855975794576,11.394298928493853,11.722639823909931,11.94953076145785,10.226281574218191,11.436688251964313,11.295470695880894,11.623305360942531,11.189205343672029,12.02537381307384,12.391669545881493,18.88749027498504,11.778239102734057
157,9.28,23.8030041945942,9.518441506848614,12.2588656047551,12.633298961797854,11.257169908041615,12.371296450315729,10.899326804495796,12.34312057575949,11.68303064409989,12.864070537792841,12.135899945208601,11.682673393529921,12.041066040208264,12.088596508286155,11.591779417895657,12.174793051639904,11.037113791226886,12.127711107844975,11.943229939941741,16.67142991703358,12.75507971493841,12.606729750833432,10.213776565936243,12.322186165991264,11.660710621730072,11.999689071358915,12.233300652275165,10.459352135496582,11.703206456253271,11.559158880073634,11.896103896890086,11.450683481892835,12.30844215842895,12.684845837274958,19.3530555079613,12.054868253412547
158,9.43,24.236541714038804,9.672058226617567,12.484032170945486,12.85568419943488,11.44807254532227,12.58552152668167,11.083327406317204,12.559249490962106,11.883295532746713,13.090601226851966,12.347707381177361,11.883442207541979,12.248674127374297,12.297146816128704,11.790212989128994,12.384545182422208,11.224014048391112,12.339250741271345,12.148910008377847,16.970840809488262,12.976392542850343,12.831501448421648,10.38341949270831,12.534905972025392,11.860519391657236,12.207476006945654,12.446128070388152,10.634155056455374,11.903095109469989,11.756925018218189,12.100702798850755,11.64679208555844,12.520743417445281,12.904728055820058,19.702229432693493,12.262340116421413
159,8.16,20.565924049407798,8.37143666590709,10.577621910533566,10.97282252077474,9.831763549679373,10.771749213450033,9.525455644229286,10.729358008913309,10.187719475536941,11.172641392818058,10.554404423308506,10.183599582239882,10.490925656035223,10.531420876395124,10.110142086020069,10.60864380846537,9.641591871067334,10.548215178261417,10.407485428952157,14.435828586705297,11.102610599862636,10.92843440884144,8.947109379371465,10.733878280936437,10.16880513960724,10.448213285644595,10.644189263698198,9.154156992337596,10.210704512235104,10.082505048594285,10.368432095583767,9.986405907856314,10.72325942444033,11.043058605471554,16.74589020329424,10.505745009613003
160,8.78,22.35787912977884,9.006385774285434,11.508310384120488,11.892014836341108,10.620827783772757,11.657212862429258,10.285991465091104,11.622690858417446,11.015481015277144,12.1089682409291,11.429875158646059,11.013444013489726,11.349039082988156,11.393428815477659,10.930334180451197,11.475619282365559,10.414112934012802,11.422578996423745,11.257629711821393,15.673393608851313,12.017370288565296,11.857490758872723,9.64830014336268,11.613120145877502,10.994681388639524,11.307065952736451,11.523875925231875,9.876675732300605,11.036910945530876,10.899938419591782,11.214107557021194,10.796988136340818,11.600771295041172,11.951905108791294,18.18914242552065,11.363295376716323
161,8.853333333333333,22.56983080595176,9.081487281728034,11.618391816480232,12.000736508074764,10.714157961998858,11.761945121985942,10.375947314870459,11.728353883627612,11.113388294171148,12.21971657780245,11.53342546067523,11.111597655895622,11.450536370047105,11.495386743756239,11.027346148609718,11.578164768525797,10.505486393070868,11.525998372765525,11.358184411945711,15.819772267384712,12.12556767110002,11.967379144360295,9.731236685340138,11.717116495494187,11.09236567615947,11.40865067680108,11.627924885198226,9.962134938102682,11.134634287103493,10.99662408712912,11.314133686868631,10.892863453688445,11.70456302167138,12.059403082302232,18.359849677611944,11.464726065298434
162,8.926666666666666,22.78178248212468,9.156588789170634,11.728473248839974,12.10945817980842,10.807488140224956,11.866677381542623,10.465903164649813,11.834016908837778,11.211295573065149,12.330464914675797,11.636975762704404,11.209751298301516,11.552033657106055,11.597344672034819,11.124358116768239,11.680710254686034,10.596859852128933,11.629417749107304,11.458739112070027,15.966150925918111,12.233765053634741,12.077267529847866,9.814173227317593,11.821112845110871,11.190049963679417,11.510235400865707,11.731973845164573,10.047594143904757,11.23235762867611,11.093309754666457,11.414159816716069,10.988738771036076,11.808354748301587,12.16690105581317,18.530556929703238,11.566156753880549
163,9.0,22.9937341582976,9.231690296613234,11.83855468119972,12.218179851542077,10.900818318451055,11.971409641099306,10.55585901442917,11.939679934047946,11.309202851959153,12.441213251549147,11.74052606473358,11.307904940707413,11.653530944165004,11.699302600313398,11.221370084926761,11.783255740846272,10.688233311187,11.732837125449088,11.559293812194348,16.11252958445151,12.341962436169467,12.187155915335437,9.89710976929505,11.925109194727558,11.287734251199366,11.611820124930336,11.836022805130925,10.133053349706836,11.33008097024873,11.189995422203797,11.514185946563508,11.084614088383706,11.912146474931795,12.274399029324108,18.70126418179454,11.667587442462661
164,7.68,19.17860398718505,7.879863162646437,9.857088898724337,10.26118976033626,9.220875110381268,10.086228969079018,8.93665371840078,10.037745480264942,9.546871831867104,10.447743187828864,9.876620628208466,9.541139377401294,9.82657977710392,9.864059891298966,9.475154658073386,9.937436989961997,9.04351104814181,9.871288351297032,9.749309209956621,13.477713730850317,10.394409550544445,10.209164976559157,8.404252013700845,10.053174901627223,9.529417075840314,9.783295091767028,9.963141525736638,8.594787645269458,9.571060821941602,9.449653406531706,9.713715609309627,9.358858376126374,10.043895395588065,10.339435506127234,15.62853364415121,9.841835047984626
165,7.72,19.29421399237028,7.920827621251492,9.917133316375104,10.3204924903728,9.271782480322777,10.143355656109938,8.985720545553157,10.095379857652306,9.600275802172925,10.508151371577963,9.93310261113347,9.59467772780451,9.881941933681528,9.919673306723645,9.528070277068943,9.993370891503943,9.093351116718937,9.927698920210732,9.804157228206249,13.5575566355049,10.453426304654297,10.269104095916013,8.449490127506731,10.109900183236325,9.582699414487557,9.838704941256827,10.0198955039001,8.641401757525136,9.624364462799395,9.502391043370256,9.768275316499139,9.411154003770536,10.100509064659088,10.398070764405928,15.721646690746464,9.897160878120323
166,7.88,19.756654013111195,8.08468545567171,10.157310986978182,10.55770341051896,9.475411960088813,10.371862404233609,9.181987854162658,10.325917367201761,9.813891683396204,10.74978410657436,10.159030542833484,9.808831129417374,10.103390559991963,10.142126968422364,9.739732753051172,10.217106497671736,9.292711391027446,10.153341195865526,10.023549301204762,13.876928254123225,10.68949332109369,10.50886057334344,8.630442582730272,10.33680130967273,9.795828769076532,10.060344339216016,10.246911416553955,8.827858206547848,9.83757902623056,9.713341590724447,9.986514145257186,9.620336514347184,10.326963740943174,10.632611797520703,16.094098877127472,10.118464198663116
167,7.37,18.28262644699953,7.562388608457265,9.391744661930876,9.801593602553076,8.826342993334578,9.643497144589407,8.556385807969873,9.591079055512873,9.132991061997004,9.979579763773343,9.43888526053969,9.126217161776374,9.397523063627453,9.433055921757699,9.065058610857822,9.503949253011903,8.657250516669077,9.43410644221587,9.324237068522004,12.85893121977731,9.937029706193115,9.744636801543516,8.053656631705238,9.61355396915669,9.116478951324172,9.353868758221102,9.523298194969799,8.233528275287954,9.157957605293715,9.040936721032958,9.290877878590916,8.953567261884125,9.605139460287644,9.885012254467366,14.906907533038007,9.413059864432965
168,7.1775,17.726253297045616,7.365247151420442,9.102780901986549,9.516199214252229,8.581351275491066,9.368574963253117,8.320251702299066,9.313713614336185,8.875984454900248,9.688865379480802,9.167065717713111,8.868563850460898,9.131092685097713,9.165416360026429,8.810402194441705,9.23476735184128,8.417395186641652,9.162630579318694,9.06028098069567,12.474687241127137,9.653011577039468,9.456179789638641,7.835948209014417,9.340563551412892,8.860057696584311,9.087208857551452,9.250169675058133,8.009197860057503,8.901433833665592,8.787136843747444,9.02830928774139,8.701894553846596,9.33268617788335,9.602830074001155,14.458800996298356,9.146804306904919
169,6.984999999999999,17.1698801470917,7.168105694383616,8.81381714204222,9.230804825951381,8.336359557647556,9.093652781916823,8.084117596628257,9.036348173159496,8.618977847803489,9.39815099518826,8.895246174886532,8.610910539145422,8.86466230656797,8.897776798295155,8.555745778025585,8.965585450670654,8.177539856614228,8.89115471642152,8.796324892869333,12.090443262476958,9.368993447885817,9.167722777733767,7.618239786323594,9.067573133669093,8.603636441844447,8.820548956881801,8.977041155146464,7.784867444827052,8.64491006203747,8.53333696646193,8.765740696891866,8.45022184580907,9.060232895479055,9.320647893534941,14.0106944595587,8.88054874937687
170,6.7925,16.613506997137787,6.970964237346792,8.524853382097895,8.945410437650533,8.091367839804047,8.818730600580531,7.847983490957452,8.75898273198281,8.361971240706733,9.107436610895718,8.623426632059953,8.353257227829946,8.59823192803823,8.630137236563884,8.30108936160947,8.696403549500033,7.937684526586805,8.619678853524345,8.532368805043,11.706199283826786,9.084975318732168,8.879265765828894,7.400531363632774,8.794582715925294,8.347215187104588,8.553889056212153,8.703912635234799,7.560537029596602,8.388386290409347,8.279537089176419,8.503172106042342,8.198549137771543,8.787779613074761,9.038465713068732,13.56258792281905,8.614293191848825
171,6.6,16.057133847183874,6.773822780309968,8.235889622153568,8.660016049349684,7.846376121960536,8.54380841924424,7.611849385286645,8.48161729080612,8.104964633609976,8.816722226603176,8.351607089233374,8.095603916514472,8.331801549508487,8.362497674832614,8.046432945193354,8.42722164832941,7.697829196559382,8.348202990627172,8.268412717216663,11.321955305176612,8.80095718957852,8.59080875392402,7.182822940941952,8.521592298181496,8.090793932364726,8.287229155542505,8.430784115323132,7.33620661436615,8.131862518781224,8.025737211890903,8.240603515192818,7.946876429734016,8.515326330670467,8.756283532602522,13.1144813860794,8.348037634320777
172,6.76,16.51957386792479,6.937680614730185,8.476067292756644,8.897226969495843,8.05000560172657,8.77231516736791,7.808116693896147,8.712154800355576,8.318580514833254,9.058354961599575,8.57753502093339,8.309757318127334,8.553250175818922,8.584951336531333,8.25809542117558,8.6509572544972,7.89718947086789,8.573845266281966,8.487804790215176,11.641326923794939,9.037024206017916,8.830565231351446,7.363775396165492,8.7484934246179,8.303923286953701,8.508868553501692,8.657800027976984,7.522663063388862,8.345077082212391,8.236687759245097,8.458842343950863,8.156058940310661,8.741781006954557,8.990824565717293,13.486933572460408,8.56934095486357
173,6.54,15.883718839406033,6.712376092402386,8.145822995677415,8.571061954294874,7.7700150670482735,8.458118388697864,7.538249144558082,8.395165724725075,8.024858678151247,8.726109950979527,8.266884114845869,8.015296390909649,8.248758314642075,8.279077551695595,7.967059516700019,8.343320796016487,7.623069093693692,8.263587137256625,8.186140689842222,11.202190948194739,8.712432058413746,8.500900074888733,7.114965770233125,8.436504375767845,8.01087042439386,8.204114381307809,8.345653148077938,7.266285445982633,8.051907057494537,7.946630756633082,8.15876395440855,7.868432988267774,8.430405827063936,8.668330645184483,12.974811816186522,8.26504888911723
174,5.8,13.7449337434793,5.954533608208879,7.035001269138185,7.473961448618887,6.828228723130363,7.401274678625885,6.6305128422391375,7.328929743058847,7.036885227493584,7.608558551621187,7.221967430733308,7.024836908450157,7.224558417956316,7.25022936633902,6.988120565282218,7.308543617490455,6.701027825016843,7.219991612353199,7.171452352224103,9.72509721208498,7.6206221073815374,7.3920263667868795,6.2780606648242525,7.387086665999475,7.025147159419845,7.179032165746561,7.295704552053868,6.4039243692525885,7.0657897016253886,6.970984475119941,7.149409371402589,6.900963876850786,7.383052949250025,7.583578367028661,11.252220454174354,7.2415210316068155
175,5.8966666666666665,14.024324589343603,6.053531049837761,7.180108611794211,7.617276379540526,6.951254867155676,7.539330838950603,6.749091007857379,7.4682128217449755,7.1659448223993145,7.754544995681511,7.358465556135398,7.154221255257929,7.358350296352203,7.3846284536153295,7.1159999778548135,7.443717212883496,6.821474657411567,7.356317153894637,7.304001729660705,9.918050898333552,7.7632459298136745,7.536879238565951,6.3873861065218085,7.52417276322147,7.153912811150685,7.31293930201357,7.432859999282238,6.516575140537144,7.194606833698386,7.098433764146432,7.281261997110574,7.027344976990843,7.519869316171663,7.725280241202169,11.477243650112879,7.37522512110142
176,5.993333333333333,14.303715435207906,6.152528491466642,7.325215954450236,7.760591310462162,7.074281011180988,7.6773869992753205,6.867669173475619,7.607495900431104,7.295004417305044,7.900531439741835,7.49496368153749,7.2836056020657,7.492142174748089,7.5190275408916385,7.24387939042741,7.578890808276535,6.94192148980629,7.492642695436076,7.436551107097305,10.111004584582123,7.90586975224581,7.681732110345022,6.496711548219364,7.661258860443464,7.282678462881525,7.44684643828058,7.570015446510607,6.629225911821699,7.323423965771383,7.225883053172923,7.4131146228185605,7.1537260771309,7.656685683093299,7.866982115375677,11.702266846051407,7.508929210596024
177,6.09,14.583106281072212,6.251525933095524,7.470323297106262,7.903906241383801,7.1973071552063015,7.81544315960004,6.986247339093859,7.746778979117234,7.424064012210776,8.04651788380216,7.631461806939582,7.412989948873472,7.625934053143979,7.653426628167948,7.371758803000006,7.7140644036695765,7.062368322201014,7.628968236977515,7.569100484533907,10.303958270830698,8.048493574677947,7.826584982124094,6.60603698991692,7.798344957665458,7.411444114612365,7.580753574547591,7.707170893738977,6.741876683106254,7.45224109784438,7.3533323421994155,7.544967248526547,7.280107177270958,7.793502050014937,8.008683989549187,11.927290041989934,7.642633300090628
178,6.66,16.230548854961718,6.835269468217549,8.325956248629723,8.748970144404494,7.9227371768728,8.629498449790617,7.685449626015209,8.568068856887166,8.185070589068705,8.907334502226828,8.436330063620881,8.175911442119295,8.414844784374901,8.445917797969633,8.12580637368669,8.51112250064233,7.772589299425073,8.432818843997719,8.350684744591106,11.441719662158485,8.889482320743294,8.680717432959304,7.25068011165078,8.606680220595148,8.170717440335592,8.3703439297772,8.515915082568327,7.406127782749667,8.211817980067913,8.104843667148728,8.322443075977086,8.025319871200258,8.600246834277002,8.844236420020561,13.254150955972277,8.431026379524326
179,6.69,16.317256358850642,6.865992812171341,8.3709895618678,8.7934471919319,7.960917704328931,8.672343465063808,7.722249746379491,8.611294639927692,8.225123566798072,8.952640640038652,8.478691550814634,8.216065204921708,8.456366401808108,8.487627859538145,8.165493087933358,8.55307292679879,7.8099693508579175,8.475126770682994,8.391820758278328,11.501601840649423,8.933744886325682,8.725671772476948,7.2846086970051935,8.649224181801975,8.210679194321026,8.411901316894548,8.558480566190925,7.441088366941426,8.251795710711258,8.144396894777639,8.36336285636922,8.06454159193338,8.642707086080268,8.888212863729583,13.323985740918719,8.472520752126098
180,6.54,15.883718839406033,6.712376092402386,8.145822995677415,8.571061954294874,7.7700150670482735,8.458118388697864,7.538249144558082,8.395165724725075,8.024858678151247,8.726109950979527,8.266884114845869,8.015296390909649,8.248758314642075,8.279077551695595,7.967059516700019,8.343320796016487,7.623069093693692,8.263587137256625,8.186140689842222,11.202190948194739,8.712432058413746,8.500900074888733,7.114965770233125,8.436504375767845,8.01087042439386,8.204114381307809,8.345653148077938,7.266285445982633,8.051907057494537,7.946630756633082,8.15876395440855,7.868432988267774,8.430405827063936,8.668330645184483,12.974811816186522,8.26504888911723
181,5.75,13.600421236997768,5.903328034952561,6.959945747074723,7.399833036073213,6.7645945107034775,7.3298663198372385,6.5691793082986685,7.256886771324641,6.97013026461131,7.533048321934813,7.151364952077053,6.957913970446138,7.1553557222343045,7.18071259705817,6.921976041537773,7.23862624056302,6.638727739295435,7.149478401211076,7.102892329412068,9.625293581266755,7.546851164744227,7.317102467590808,6.2215130225668975,7.316180063988099,6.958544236110791,7.109769853884314,7.2247620793495395,6.345656728932991,6.999160150553148,6.905062429071755,7.0812097374156995,6.835594342295583,7.312285862911249,7.510284294180294,11.135829145930291,7.1723637439371934
182,5.7425,13.578744361025535,5.895647198964113,6.948687418765204,7.388713774191361,6.755049378839445,7.319155066018942,6.559979278207598,7.246080325564511,6.960117020178968,7.521721787481857,7.140774580278615,6.947875529745535,7.144975317876004,7.170285081666043,6.9120543629761055,7.228138634023904,6.629382726437223,7.138901419539758,7.092608325990263,9.610323036644019,7.53578552334863,7.305863882711398,6.213030876228293,7.305544073686392,6.948553797614432,7.099380507104977,7.2141207084438905,6.336916582885051,6.989165717892314,6.895174122164528,7.070979792317666,6.825788912112303,7.301670799960433,7.499290183253039,11.11837044969368,7.16199015078675
183,5.734999999999999,13.557067485053302,5.887966362975665,6.937429090455684,7.37759451230951,6.74550424697541,7.308443812200643,6.550779248116527,7.23527387980438,6.950103775746626,7.510395253028899,7.130184208480176,6.9378370890449315,7.1345949135177005,7.159857566273915,6.902132684414438,7.217651027484789,6.620037713579011,7.1283244378684385,7.082324322568457,9.595352492021284,7.524719881953032,7.2946252978319865,6.20454872988969,7.294908083384685,6.938563359118073,7.088991160325639,7.20347933753824,6.3281764368371105,6.979171285231477,6.885285815257298,7.060749847219632,6.815983481929022,7.291055737009613,7.488296072325783,11.100911753457066,7.151616557636306
184,5.7275,13.535390609081077,5.880285526987218,6.926170762146166,7.3664752504276585,6.735959115111379,7.297732558382347,6.541579218025458,7.22446743404425,6.940090531314286,7.499068718575945,7.119593836681739,6.92779864834433,7.1242145091594,7.149430050881788,6.892211005852772,7.207163420945674,6.610692700720801,7.1177474561971215,7.072040319146653,9.58038194739855,7.513654240557438,7.283386712952577,6.1960665835510875,7.28427209308298,6.928572920621717,7.078601813546303,7.192837966632592,6.319436290789172,6.969176852570643,6.875397508350073,7.050519902121599,6.806178051745744,7.2804406740587995,7.47730196139853,11.08345305722046,7.141242964485864
185,5.72,13.513713733108844,5.87260469099877,6.914912433836646,7.355355988545808,6.726413983247346,7.28702130456405,6.532379187934387,7.2136609882841185,6.930077286881945,7.487742184122988,7.109003464883299,6.917760207643726,7.113834104801098,7.139002535489661,6.8822893272911045,7.196675814406559,6.601347687862589,7.107170474525802,7.061756315724846,9.565411402775817,7.50258859916184,7.272148128073166,6.187584437212483,7.273636102781272,6.918582482125357,7.068212466766966,7.182196595726941,6.310696144741232,6.959182419909805,6.865509201442843,7.040289957023566,6.796372621562464,7.269825611107983,7.466307850471274,11.065994360983849,7.13086937133542
186,5.65,13.311396224034697,5.800916888439925,6.809834702947802,7.251576210981864,6.637326085849706,7.187049602259945,6.44651224041773,7.112800827856233,6.836620338846761,7.382027862562065,7.010159994764544,6.8240680944381005,7.0169503307902845,7.041679058496472,6.789686994048881,7.098791486708151,6.5141275678526185,7.00845197892683,6.965772283787999,9.425686319630302,7.399309279469605,7.167254669198668,6.108417738052185,7.174366859965347,6.825338389492682,6.971245230159822,7.082877133940882,6.229121448293796,6.86590104840867,6.773218336975385,6.944810469441922,6.704855273185181,7.170751690233693,7.363696148483562,10.903046529442161,7.034049168597949
187,5.83,13.831641247368225,5.98525695216267,7.080034582376262,7.518438496146293,6.866409250586495,7.444119693899074,6.66731296260342,7.3721555260993705,7.076938205222948,7.6538646894330125,7.2643289179270605,7.06499067125257,7.266080035389523,7.291939427907531,7.027807279528886,7.350494043646917,6.738407876449688,7.262299539038474,7.212588365911325,9.784979390575918,7.664884672963926,7.436980706304523,6.311989250178668,7.429630627206301,7.065108913405279,7.22058955286391,7.338270035676466,6.438884953444347,7.105767432268734,7.010537702748852,7.190329151794723,6.940185597583907,7.425513201053294,7.627554810737681,11.322055239120795,7.28301540420859
188,6.4,15.479083821257737,6.569000487284696,7.935667533899723,8.363502399166986,7.591839272252994,8.258174984089653,7.366515249524769,8.193445403869303,7.8379447820808785,8.514681307857682,8.069197174608359,7.827912164498394,8.054990766620445,8.084430597709217,7.781854850215572,8.147552140619672,7.448628853673748,8.06615014605868,7.994172625968525,10.922740781903707,8.505873419029276,8.291113157139735,6.956632371912528,8.237965890135992,7.824382239128505,8.01017990809352,8.147014224505817,7.103136053087761,7.865344314492266,7.762049027698164,7.967804979245262,7.685398291513209,8.232257985315359,8.463107241209057,12.648916153103142,8.071408483642289
189,6.54,15.883718839406033,6.712376092402386,8.145822995677415,8.571061954294874,7.7700150670482735,8.458118388697864,7.538249144558082,8.395165724725075,8.024858678151247,8.726109950979527,8.266884114845869,8.015296390909649,8.248758314642075,8.279077551695595,7.967059516700019,8.343320796016487,7.623069093693692,8.263587137256625,8.186140689842222,11.202190948194739,8.712432058413746,8.500900074888733,7.114965770233125,8.436504375767845,8.01087042439386,8.204114381307809,8.345653148077938,7.266285445982633,8.051907057494537,7.946630756633082,8.15876395440855,7.868432988267774,8.430405827063936,8.668330645184483,12.974811816186522,8.26504888911723
190,6.680000000000001,16.288353857554334,6.855751697520077,8.355978457455107,8.778621509422765,7.948190861843554,8.658061793306075,7.709983039591397,8.596886045580849,8.211772574221616,8.937538594101376,8.46457105508338,8.202680617320903,8.442525862663706,8.473724505681975,8.152264183184469,8.539089451413306,7.797509333713637,8.461024128454568,8.378108753715921,11.481641114485777,8.91899069779822,8.710686992637733,7.273299168553722,8.635042861399699,8.197358609659215,8.398048854522099,8.544292071650059,7.429434838877507,8.238469800496809,8.131212485568001,8.349722929571842,8.051467685022338,8.628553668812513,8.873554049159909,13.300707479269903,8.458689294592174
191,6.82,16.692988875702635,6.999127302637768,8.566133919232799,8.986181064550655,8.126366656638833,8.858005197914288,7.881716934624711,8.798606366436623,8.398686470291985,9.148967237223225,8.662257995320894,8.390064843732159,8.636293410685337,8.668371459668354,8.337468849668918,8.734858106810123,7.971949573733581,8.658461119652515,8.57007681758962,11.761091280776814,9.12554933718269,8.920473910386733,7.43163256687432,8.833581347031553,8.383846794924567,8.59198332773639,8.74293099522218,7.5925842317723795,8.42503254349908,8.31579421450292,8.540681904735132,8.234502381776904,8.82670151056109,9.078777453135336,13.626603142353288,8.652329700067117
192,6.81,16.664086374406324,6.988886187986504,8.551122814820106,8.97135538204152,8.113639814153457,8.843723526156557,7.869450227836616,8.784197772089781,8.385335477715529,9.133865191285949,8.648137499589641,8.376680256131353,8.622452871540933,8.654468105812182,8.324239944920027,8.720874631424634,7.959489556589298,8.644358477424088,8.55636481302721,11.741130554613168,9.110795148655228,8.905489130547517,7.420323038422848,8.819400026629275,8.370526210262756,8.578130865363939,8.728742500681314,7.580930703708459,8.41170663328463,8.302609805293283,8.527041977937754,8.221428474865863,8.812548093293335,9.06411863856566,13.60332488070447,8.638498242533192
193,6.68,16.288353857554334,6.855751697520076,8.355978457455107,8.778621509422763,7.948190861843553,8.658061793306075,7.709983039591396,8.596886045580849,8.211772574221616,8.937538594101376,8.46457105508338,8.202680617320903,8.442525862663704,8.473724505681973,8.152264183184467,8.539089451413304,7.797509333713636,8.461024128454568,8.37810875371592,11.481641114485777,8.918990697798218,8.710686992637733,7.273299168553722,8.635042861399699,8.197358609659213,8.398048854522099,8.544292071650059,7.429434838877506,8.238469800496807,8.131212485568,8.349722929571842,8.051467685022338,8.628553668812513,8.873554049159909,13.300707479269903,8.458689294592174
194,6.9,16.924208886073092,7.081056219847876,8.686222754534338,9.104786524623734,8.228181396521851,8.972258571976123,7.979850588929462,8.913875121211351,8.505494410903625,9.269783604721423,8.7752219611709,8.49714154453859,8.747017723840553,8.779598290517713,8.443300087660031,8.846725909894017,8.071629710887834,8.77128225747991,8.679772854088874,11.920777090085977,9.24358284540239,9.040352149100446,7.5221087944860905,8.947031910249754,8.490411472219055,8.702803026715983,8.856438951549107,7.685812456283736,8.531639825214665,8.421269488180016,8.649801319114156,8.339093637065227,8.939928848703135,9.19604796969272,13.812829235543793,8.762981360338513
195,6.6,16.057133847183874,6.773822780309968,8.235889622153568,8.660016049349684,7.846376121960536,8.54380841924424,7.611849385286645,8.48161729080612,8.104964633609976,8.816722226603176,8.351607089233374,8.095603916514472,8.331801549508487,8.362497674832614,8.046432945193354,8.42722164832941,7.697829196559382,8.348202990627172,8.268412717216663,11.321955305176612,8.80095718957852,8.59080875392402,7.182822940941952,8.521592298181496,8.090793932364726,8.287229155542505,8.430784115323132,7.33620661436615,8.131862518781224,8.025737211890903,8.240603515192818,7.946876429734016,8.515326330670467,8.756283532602522,13.1144813860794,8.348037634320777
196,6.95,17.06872139255463,7.1322617931041945,8.7612782765978,9.17891493716941,8.291815608948736,9.043666930764772,8.041184122869932,8.985918092945555,8.572249373785898,9.3452938344078,8.845824439827155,8.564064482542609,8.816220419562564,8.849115059798564,8.509444611404476,8.916643286821452,8.133929796609245,8.841795468622035,8.74833287690091,12.020580720904203,9.317353788039702,9.115276048296518,7.5786564367434455,9.01793851226113,8.55701439552811,8.77206533857823,8.927381424253436,7.744080096603334,8.598269376286902,8.487191534228202,8.718000953101045,8.40446317162043,9.010695935041912,9.269342042541089,13.92922054378786,8.832138648008137
197,7.3,18.080308937925377,7.49070080589842,9.286666931042028,9.697813824989133,8.737255095936938,9.5435254422853,8.470518860453215,9.490218895084986,9.039534113961817,9.873865442212416,9.340041790420933,9.032525048570745,9.300639289616639,9.335732444764508,8.972456277615597,9.406064925313494,8.570030396659103,9.335387946616896,9.228253036585155,12.719206136631792,9.83375038650088,9.639743342669014,7.974489932544938,9.514284726340762,9.023234858691495,9.256901521613955,9.423978733183738,8.151953578840516,9.06467623379258,8.948645856565498,9.195398391009268,8.86204991350684,9.506065539413354,9.78240055247965,14.743959701496314,9.316239661695493
198,7.65,19.09189648329613,7.849139818692647,9.81205558548626,10.216712712808857,9.182694582925139,10.043383953805833,8.8998535980365,9.994519697224419,9.506818854137741,10.40243705001704,9.834259141014714,9.500985614598882,9.785058159670713,9.822349829730458,9.435467943826719,9.895486563805536,9.006130996708965,9.828980424611759,9.7081731962694,13.417831552359381,10.350146984962059,10.164210637041514,8.370323428346431,10.010630940420397,9.48945532185488,9.741737704649683,9.920576042114043,8.5598270610777,9.531083091298258,9.410100178902795,9.672795828917495,9.319636655393255,10.0014351437848,10.295459062418216,15.55869885920477,9.800340675382852
199,7.35,18.224821444406917,7.541906379154738,9.36172245310549,9.771942237534807,8.800889308363823,9.61493380107395,8.531852394393685,9.562261866819192,9.106289076844094,9.949375671898792,9.410644269077189,9.099447986574766,9.36984198533865,9.405249214045359,9.038600801360044,9.47598230224093,8.632330482380514,9.405901157759018,9.29681305939719,12.819009767450021,9.907521329138191,9.714667241865087,8.031037574802294,9.58519132835214,9.08983778200055,9.326163833476201,9.494921205888067,8.210221219160115,9.13130578486482,9.014567902613685,9.263598024996158,8.927419448062043,9.576832625752132,9.855694625328018,14.86035100974038,9.385396949365116
200,7.58,18.88957897422198,7.777452016133801,9.706977854597412,10.11293293524491,9.093606685527497,9.943412251501726,8.813986650519842,9.893659536796532,9.413361906102557,10.296722728456114,9.735415670895957,9.407293501393255,9.688174385659899,9.725026352737267,9.342865610584495,9.797602236107126,8.918910876698993,9.730261929012787,9.612189164332552,13.278106469213864,10.246867665269823,10.059317178167014,8.291156729186135,9.911361697604471,9.396211229222203,9.644770468042536,9.82125658032798,8.478252364630263,9.437801719797124,9.317809314435337,9.57731634133585,9.228119307015973,9.90236122291051,10.192847360430502,15.39575102766308,9.70352047264538
201,7.99,20.07458152737057,8.197337716835609,10.322433135517798,10.720785918119446,9.61540722742796,10.528960793568633,9.31692162883169,10.484411905017012,9.960752601737207,10.915906611884386,10.314355995877243,9.956061593026215,10.255636490580386,10.295063860840234,9.885250705288952,10.37092472691209,9.429771579614544,10.308470260378197,10.174381351391238,14.09649624192332,10.851789394895777,10.673693151574799,8.754847395696453,10.492795834097755,9.942355200356454,10.212721425312957,10.40298485650348,8.956047015250963,9.984164038589489,9.858370092030453,10.136553340028343,9.764149490368627,10.482651330888485,10.793858757787108,16.35015975526441,10.270610231536285
202,8.25,20.82604656107456,8.463606697768462,10.712721850247796,11.106253663356954,9.946305132047767,10.900284259269597,9.63585600532213,10.859035358034875,10.307878408725035,11.30855980625353,10.681488884889763,10.304060870647117,10.615490508334842,10.656551061100652,10.22920222876007,10.73449508693475,9.753732025365869,10.675138958317238,10.53089347001382,14.615475122178104,11.235398296609794,11.063297427394367,9.048895135434705,10.861510164556911,10.288690401563539,10.572885446996638,10.771885714565988,9.259038744912871,10.330637704165134,10.201164731481018,10.491191436760166,10.104071070055676,10.85064017985013,11.174987936598612,16.955394558133552,10.630228127418322
203,8.34,21.086169072741324,8.555776729629834,10.847821789962028,11.239684805939168,10.060846714416162,11.028819305089161,9.746256366414976,10.988712707156445,10.428037341913129,11.444478219689007,10.808573346471022,10.424522159054353,10.74005536063446,10.781681245806181,10.348262371500073,10.860346365404135,9.865872179664404,10.802062738373062,10.654301511075484,14.795121657650913,11.368185993356956,11.198160445947297,9.150680891497947,10.989142048177388,10.40857566351984,10.697557608348683,10.899582165433781,9.363920497488147,10.450570896095165,10.319824414367751,10.613950777936568,10.22173623225504,10.978020935259929,11.306917267725671,17.164898912972877,10.754711245223643
204,8.43,21.34629158440809,8.647946761491209,10.982921729676258,11.373115948521384,10.175388296784558,11.157354350908726,9.856656727507819,11.118390056278013,10.548196275101224,11.58039663312448,10.93565780805228,10.54498344746159,10.864620212934081,10.906811430511711,10.467322514240076,10.986197643873517,9.97801233396294,10.928986518428882,10.777709552137146,14.974768193123724,11.500973690104116,11.333023464500226,9.252466647561189,11.11677393179787,10.52846092547614,10.822229769700726,11.027278616301572,9.468802250063423,10.5705040880252,10.438484097254486,10.736710119112969,10.339401394454404,11.10540169066973,11.43884659885273,17.37440326781219,10.879194363028963
205,8.52,21.60641409607485,8.74011679335258,11.118021669390489,11.506547091103597,10.28992987915295,11.285889396728292,9.967057088600663,11.248067405399581,10.668355208289318,11.716315046559952,11.062742269633535,10.665444735868823,10.9891850652337,11.031941615217239,10.586382656980078,11.112048922342899,10.090152488261475,11.055910298484703,10.901117593198808,15.154414728596532,11.633761386851276,11.467886483053153,9.354252403624429,11.244405815418345,10.648346187432438,10.94690193105277,11.154975067169365,9.573684002638696,10.690437279955228,10.55714378014122,10.859469460289368,10.457066556653768,11.23278244607953,11.57077592997979,17.583907622651505,11.003677480834284
206,9.46,24.32324921792773,9.70278157057136,12.529065484183564,12.900161246962284,11.486253072778405,12.62836654195486,11.120127526681486,12.60247527400263,11.923348510476078,13.135907364663792,12.390068868371117,11.923595970344394,12.290195744807505,12.338856877697214,11.829899703375663,12.426495608578673,11.26139409982396,12.381558667956622,12.19004602206507,17.030722987979203,13.020655108432733,12.876455787939292,10.417348078062727,12.57744993323222,11.900481145642672,12.249033394063005,12.488693554010752,10.669115640647135,11.943072840113336,11.796478245847103,12.14162257924289,11.686013806291562,12.56320366924855,12.948704499529079,19.77206421763994,12.303834489023192
207,8.65,21.982146612926847,8.873251283819009,11.31316602675549,11.699280963722353,10.455378831462856,11.471551129578776,10.126524276845885,11.435379131908515,10.841918111783233,11.912641643744527,11.246308714139799,10.839444374679276,11.16911207411093,11.21268521534745,10.75835841871564,11.293834102354229,10.25213271113714,11.239244647454225,11.079373652510103,15.413904168723922,11.82556583770829,11.662688620962939,9.501276273493556,11.428762980647923,10.821513788035979,11.126983941894613,11.339425496200622,9.725179867469652,10.863674112743054,10.728541099866503,11.036788508655283,10.627027346497293,11.416776870560353,11.761340519385545,17.88652502408608,11.183486428775304
208,8.75,22.27117162588992,8.975662430331642,11.46327707088241,11.847537788813701,10.582647256316625,11.61436784715607,10.249191344726823,11.579465075376923,10.975428037547779,12.063662103117275,11.387513671452307,10.973290250687315,11.30751746555495,11.35171875390915,10.89064746620453,11.433668856209097,10.376732882579955,11.38027106973847,11.21649369813417,15.613511430360377,11.97310772298291,11.81253641935508,9.614371558008267,11.570576184670676,10.95471963465409,11.265508565619104,11.481310441609278,9.841715148108847,10.996933214887532,10.86038519196287,11.17318777662906,10.757766415607696,11.558311043237905,11.907928665082276,18.11930764057421,11.321801004114548
209,8.33,21.057266571445016,8.545535614978572,10.832810685549337,11.224859123430033,10.048119871930783,11.014537633331434,9.733989659626882,10.974304112809603,10.414686349336675,11.42937617375173,10.794452850739772,10.411137571453551,10.72621482149006,10.767777891950013,10.335033466751185,10.846362890018648,9.853412162520122,10.787960096144634,10.640589506513077,14.775160931487266,11.353431804829496,11.183175666108085,9.139371363046475,10.974960727775116,10.395255078858028,10.683705145976234,10.885393670892917,9.352266969424228,10.437244985880719,10.306640005158116,10.60031085113919,10.208662325344,10.963867517992176,11.292258453155998,17.141620651324057,10.74087978768972
210,8.286666666666667,20.93202239916102,8.501157451489764,10.767762566427669,11.160614499223783,9.992970221160817,10.952650389047939,9.680833930211808,10.91186687063996,10.356832048172038,11.363933974690207,10.733264035904352,10.353137691850067,10.666239151864318,10.707530025239944,10.277708212839332,10.785767830014873,9.799418754894903,10.72684864648813,10.58117082007598,14.688664451444806,11.289496987877158,11.118241620138154,9.090363406423435,10.913508339365258,10.337532545323512,10.623677809028955,10.823910194549164,9.30176834781391,10.379499374951445,10.249507565249688,10.541204501683886,10.152008728729491,10.902536043165235,11.228736923354083,17.040748184179204,10.68094347170938
211,8.243333333333332,20.806778226877015,8.456779288000952,10.702714447306,11.096369875017528,9.937820570390848,10.890763144764442,9.627678200796733,10.849429628470313,10.298977747007397,11.29849177562868,10.672075221068928,10.295137812246582,10.606263482238571,10.647282158529869,10.220382958927477,10.725172770011094,9.74542534726968,10.66573719683162,10.52175213363888,14.602167971402338,11.22556217092482,11.053307574168224,9.04135544980039,10.852055950955394,10.279810011788998,10.563650472081672,10.76242671820541,9.25126972620359,10.321753764022166,10.192375125341258,10.48209815222858,10.095355132114982,10.841204568338291,11.165215393552161,16.93987571703434,10.621007155729037
212,8.2,20.681534054593023,8.412401124512144,10.637666328184334,11.032125250811278,9.882670919620882,10.82887590048095,9.574522471381659,10.786992386300671,10.24112344584276,11.233049576567154,10.610886406233508,10.237137932643098,10.546287812612832,10.587034291819801,10.163057705015625,10.664577710007315,9.69143193964446,10.604625747175113,10.462333447201784,14.515671491359877,11.161627353972483,10.988373528198297,8.992347493177348,10.790603562545535,10.222087478254485,10.503623135134392,10.70094324186166,9.200771104593272,10.264008153092893,10.135242685432832,10.422991802773277,10.038701535500474,10.779873093511352,11.101693863750246,16.839003249889487,10.5610708397487
213,8.01,20.13238652996319,8.217819946138135,10.35245534434318,10.750437283137714,9.640860912398715,10.55752413708409,9.341455042407876,10.513229093710692,9.987454586890117,10.946110703758935,10.342596987339743,9.982830768227823,10.283317568869192,10.322870568552574,9.91170851478673,10.398891677683066,9.454691613903108,10.336675544835046,10.201805360516053,14.136417694250616,10.8812977719507,10.703662711253227,8.777466452599397,10.521158474902306,9.968996369680076,10.240426350057856,10.43136184558521,8.979354071378802,10.010815859018383,9.884738910449729,10.163833193623097,9.790297304190707,10.510958165423997,10.823176386926452,16.396716278562042,10.298273146604133
214,7.81,19.55433650403704,8.012997653112864,10.052233256089336,10.453923632955016,9.386324062691171,10.271890701929502,9.096120906646,10.225057206773874,9.720434735361017,10.644069785013436,10.060187072714726,9.715139016211745,10.006506785981147,10.044803491429175,9.647130419808946,10.119222169973325,9.205491271017472,10.054622700266552,9.927565269267912,13.737203170977706,10.586214001401455,10.403967114468943,8.551275883569971,10.2375320668568,9.702584676443855,9.96337710260887,10.147591954767893,8.746283510100412,9.744297654729424,9.621050726256987,9.89103465767554,9.5288191659699,10.227889820068887,10.530000095532987,15.931151045585779,10.021643995925642
215,8.4,21.25958408051917,8.617223417537417,10.93788841643818,11.328638900993976,10.137207769328425,11.11450933563554,9.819856607143539,11.07516427323749,10.50814329737186,11.535090495312655,10.893296320858529,10.504829684659178,10.823098595500875,10.865101368943202,10.427635799993409,10.944247217717056,9.940632282530096,10.886678591743609,10.736573538449926,14.914886014632788,11.456711124521732,11.288069124982584,9.218538062206775,11.074229970591041,10.488499171490705,10.78067238258338,10.984713132678976,9.433841665871665,10.530526357381854,10.398930869625575,10.695790338720837,10.300179673721283,11.062941438866462,11.394870155143712,17.30456848286575,10.837699990427192
216,8.3,20.9705590675561,8.51481227102478,10.78777737231126,11.18038207590263,10.009939344474654,10.971692618058245,9.697189539262599,10.931078329769083,10.37463337160731,11.384070035939908,10.75209136354602,10.370983808651138,10.684693204056856,10.726067830381503,10.295346752504518,10.804412463862187,9.816032111087278,10.745652169459362,10.599453492825857,14.715278752996333,11.309169239247108,11.138221326590442,9.105442777692064,10.932416766568291,10.355293324872596,10.642147758858886,10.84282818727032,9.31730638523247,10.397267255237375,10.267086777529205,10.559391070747058,10.16944060461088,10.92140726618891,11.248282009446982,17.07178586637762,10.699385415087946
217,8.120000000000001,20.45031404422257,8.330472207302037,10.5175774928828,10.9135197907382,9.780856179737865,10.714622526419117,9.476388817076913,10.671723631525946,10.134315505231124,11.112233209068961,10.497922440383505,10.130061231836669,10.435563499457617,10.475807460970447,10.057226467024513,10.552709906923424,9.591751802490208,10.491804609347719,10.352637410702531,14.355985682050719,11.043593845752788,10.868495289484587,8.901871265565582,10.677152999327337,10.11552280096,10.3928034361548,10.587435285534736,9.107542880081919,10.157400871377313,10.029767411755738,10.313872388394255,9.934110280212154,10.66664575536931,10.98442334719286,16.65277715669899,10.450419179477306
218,7.94,19.93006902088904,8.14613214357929,10.247377613454336,10.64665750557377,9.551773015001077,10.457552434779986,9.255588094891221,10.412368933282806,9.893997638854934,10.84039638219801,10.243753517220988,9.889138655022197,10.186433794858377,10.225547091559385,9.819106181544507,10.301007349984658,9.367471493893134,10.237957049236075,10.105821328579204,13.996692611105098,10.778018452258467,10.598769252378727,8.698299753439098,10.42188923208638,9.875752277047399,10.14345911345071,10.33204238379915,8.897779374931368,9.917534487517248,9.792448045982269,10.068353706041453,9.698779955813425,10.411884244549709,10.720564684938742,16.233768447020353,10.201452943866663
219,7.76,19.409823997555502,7.961792079856546,9.977177734025874,10.379795220409338,9.322689850264286,10.200482343140854,9.034787372705532,10.15301423503967,9.653679772478743,10.568559555327063,9.989584594058472,9.648216078207726,9.937304090259136,9.975286722148326,9.5809858960645,10.049304793045891,9.143191185296065,9.984109489124428,9.859005246455876,13.637399540159478,10.512443058764145,10.32904321527287,8.494728241312615,10.166625464845424,9.6359817531348,9.894114790746624,10.076649482063566,8.688015869780815,9.677668103657185,9.555128680208803,9.82283502368865,9.463449631414697,10.157122733730109,10.456706022684621,15.814759737341712,9.95248670825602
220,7.87,19.727751511814887,8.074444341020445,10.14229988256549,10.542877728009827,9.462685117603435,10.35758073247588,9.169721147374563,10.31150877285492,9.800540690819748,10.734682060637088,10.144910047102233,9.79544654181657,10.089550020847561,10.128223614566195,9.726503848302281,10.203123022286249,9.280251373883164,10.139238553637101,10.009837296642354,13.856967527959581,10.674739132566229,10.493875793504229,8.619133054278798,10.322619989270455,9.782508184414722,10.046491876843566,10.232722922013089,8.81620467848393,9.824253116016113,9.700157181514811,9.972874218459808,9.607262607436143,10.312810323675421,10.617952982951028,16.07082061547866,10.104632741129192
221,7.86,19.698849010518583,8.064203226369184,10.127288778152796,10.52805204550069,9.449958275118059,10.34329906071815,9.15745444058647,10.29710017850808,9.787189698243294,10.719580014699812,10.130789551370981,9.782061954215767,10.075709481703159,10.114320260710027,9.713274943553392,10.189139546900764,9.267791356738883,10.125135911408677,9.996125292079949,13.837006801795935,10.659984944038769,10.478891013665013,8.607823525827328,10.30843866886818,9.769187599752911,10.032639414471117,10.218534427472223,8.80455115042001,9.810927205801667,9.686972772305174,9.95923429166243,9.594188700525102,10.298656906407665,10.603294168381355,16.04754235382985,10.090801283595267
222,8.53,21.63531659737116,8.750357908003842,11.13303277380318,11.521372773612732,10.302656721638327,11.300171068486021,9.979323795388758,11.262475999746421,10.681706200865772,11.731417092497226,11.076862765364787,10.678829323469625,11.003025604378102,11.04584496907341,10.599611561728967,11.126032397728384,10.102612505405757,11.070012940713127,10.914829597761216,15.174375454760172,11.64851557537874,11.482871262892367,9.365561932075899,11.258587135820619,10.661666772094247,10.96075439342522,11.16916356171023,9.585337530702617,10.703763190169674,10.570328189350855,10.873109387086746,10.470140463564807,11.246935863347282,11.585434744549463,17.607185884300318,11.017508938368207
223,8.73,22.213366623297304,8.955180201029115,11.433254862057028,11.817886423795432,10.557193571345872,11.585804503640611,10.224657931150634,11.550647886683242,10.948726052394871,12.033458011242727,11.359272679989806,10.946521075485707,11.279836387266146,11.32391204619681,10.864189656706753,11.405701905438125,10.351812848291393,11.352065785281622,11.189069689009358,15.573589978033086,11.943599345927986,11.782566859676653,9.591752501105326,11.542213543866126,10.928078465330469,11.237803640874207,11.452933452527548,9.81840809198101,10.970281394458636,10.834016373543598,11.145907923034304,10.731618601785616,11.530004208702394,11.87861103594293,18.07275111727658,11.2941380890467
224,8.693333333333333,22.107390785210843,8.917629447307817,11.378214145877156,11.763525587928605,10.510528482232823,11.53343837386227,10.17968000626096,11.497816374078157,10.899772412947868,11.978083842806052,11.307497528975219,10.89744425428276,11.22908774373667,11.272933082057518,10.81568367262749,11.354429162358006,10.30612611876236,11.300356097110729,11.138792338947198,15.500400648766385,11.889500654660623,11.727622666932866,9.550284230116597,11.490215369057784,10.879236321570495,11.187011278841892,11.400908972544373,9.77567848907997,10.921419723672326,10.785673539774928,11.095894858110587,10.6836809431118,11.478108345387291,11.82486204918746,17.987397491230933,11.243422744755643
225,8.656666666666666,22.001414947124385,8.880078693586515,11.323173429697285,11.709164752061776,10.463863393119771,11.48107224408393,10.13470208137128,11.444984861473074,10.850818773500869,11.922709674369377,11.255722377960632,10.848367433079812,11.178339100207197,11.22195411791823,10.76717768854823,11.303156419277887,10.260439389233326,11.248646408939841,11.08851498888504,15.427211319499685,11.835401963393261,11.672678474189082,9.508815959127869,11.438217194249441,10.830394177810522,11.136218916809577,11.348884492561197,9.732948886178932,10.872558052886015,10.737330706006258,11.045881793186867,10.635743284437986,11.426212482072186,11.771113062431994,17.902043865185288,11.192707400464585
226,8.62,21.895439109037923,8.842527939865217,11.26813271351741,11.654803916194945,10.417198304006723,11.428706114305587,10.089724156481601,11.39215334886799,10.801865134053866,11.8673355059327,11.203947226946045,10.799290611876861,11.127590456677721,11.17097515377894,10.718671704468969,11.251883676197767,10.214752659704292,11.19693672076895,11.038237638822878,15.354021990232983,11.781303272125898,11.617734281445294,9.467347688139142,11.386219019441096,10.781552034050547,11.085426554777262,11.296860012578023,9.690219283277893,10.823696382099708,10.688987872237588,10.995868728263147,10.58780562576417,11.374316618757083,11.717364075676523,17.81669023913964,11.14199205617353
227,9.28,23.8030041945942,9.518441506848614,12.2588656047551,12.633298961797854,11.257169908041615,12.371296450315729,10.899326804495796,12.34312057575949,11.68303064409989,12.864070537792841,12.135899945208601,11.682673393529921,12.041066040208264,12.088596508286155,11.591779417895657,12.174793051639904,11.037113791226886,12.127711107844975,11.943229939941741,16.67142991703358,12.75507971493841,12.606729750833432,10.213776565936243,12.322186165991264,11.660710621730072,11.999689071358915,12.233300652275165,10.459352135496582,11.703206456253271,11.559158880073634,11.896103896890086,11.450683481892835,12.30844215842895,12.684845837274958,19.3530555079613,12.054868253412547
228,9.51,24.467761724409264,9.75398714382768,12.604121006247023,12.974289659507958,11.54988728520529,12.699774900743508,11.181461060621956,12.674518245736834,11.990103473358353,13.211417594350165,12.46067134702737,11.990518908348411,12.359398440529514,12.408373646978063,11.896044227120111,12.496412985506106,11.323694185545367,12.452071879098742,12.258606044877105,17.130526618797425,13.094426051070041,12.951379687135365,10.473895720320082,12.648356535243597,11.967084068951728,12.318295705925252,12.55963602671508,10.72738328096673,12.009702391185575,11.862400291895288,12.209822213229778,11.751383340846765,12.633970755587328,13.021998572377445,19.888455525884005,12.37299177669281
229,9.42,24.2076392127425,9.661817111966304,12.469021066532797,12.840858516925744,11.435345702836894,12.571239854923942,11.071060699529111,12.544840896615266,11.869944540170259,13.075499180914694,12.333586885446115,11.870057619941175,12.234833588229893,12.283243462272534,11.776984084380107,12.370561707036723,11.211554031246832,12.325148099042922,12.135198003815443,16.95088008332462,12.961638354322881,12.816516668582436,10.37210996425684,12.52072465162312,11.847198806995427,12.193623544573208,12.431939575847288,10.622501528391457,11.889769199255543,11.743740609008555,12.087062872053377,11.633718178647399,12.506590000177527,12.890069241250385,19.678951171044684,12.24850865888749
230,9.14,23.3983691764459,9.375065901730924,12.048710142977413,12.425739406669967,11.078994113246335,12.17135304570752,10.727592909462484,12.14140025490372,11.496116748029522,12.652641894670998,11.938213004971093,11.495289167118669,11.847298492186635,11.893949554299777,11.40657475141121,11.979024396243089,10.862673551206944,11.930274116647034,11.751261876068046,16.391979750742546,12.54852107555394,12.396942833084436,10.055443167615646,12.123647680359412,11.47422243646472,11.805754598144627,12.034661728703046,10.296202742601709,11.516643713251003,11.374577151138716,11.705144921726799,11.26764878513827,12.110294316680374,12.479622433299534,19.02715984487792,11.861227847937604
231,9.376666666666669,24.0823950404585,9.617438948477496,12.403972947411129,12.776613892719496,11.380196052066928,12.509352610640448,11.017904970114039,12.482403654445621,11.81209023900562,13.010056981853168,12.272398070610695,11.812057740337693,12.174857918604154,12.222995595562466,11.719658830468255,12.309966647032946,11.157560623621613,12.264036649386414,12.075779317378345,16.864383603282157,12.897703537370544,12.751582622612506,10.3231020076338,12.459272263213261,11.789476273460913,12.133596207625928,12.370456099503537,10.572002906781139,11.832023588326269,11.686608169100127,12.027956522598075,11.577064582032893,12.445258525350585,12.826547711448468,19.578078703899827,12.188572342907152
232,9.613333333333332,24.766420904471104,9.859811995224067,12.759235751844846,13.12748837876902,11.68139799088752,12.847352175573377,11.30821703076559,12.823407053987522,12.128063729981719,13.367472069035339,12.606583136250297,12.128826313556718,12.50241734502167,12.552041636825152,12.032742909525297,12.640908897822802,11.452447696036279,12.597799182125797,12.400296758688643,17.336787455821764,13.246885999187151,13.106222412140578,10.59076084765195,12.794896846067106,12.104730110457105,12.461437817107225,12.706250470304028,10.847803070960566,12.147403463401535,11.998639187061535,12.350768123469349,11.886480378927512,12.7802227340208,13.173472989597402,20.128997562921736,12.515916837876699
233,9.85,25.450446768483705,10.10218504197064,13.114498556278564,13.478362864818548,11.982599929708114,13.185351740506308,11.598529091417145,13.164410453529426,12.44403722095782,13.724887156217513,12.940768201889899,12.445594886775744,12.829976771439187,12.88108767808784,12.345826988582342,12.97185114861266,11.747334768450946,12.93156171486518,12.724814199998942,17.809191308361367,13.59606846100376,13.460862201668647,10.858419687670104,13.130521428920954,12.4199839474533,12.789279426588529,13.042044841104516,11.123603235139996,12.462783338476806,12.310670205022948,12.673579724340627,12.195896175822135,13.115186942691015,13.520398267746335,20.679916421943645,12.843261332846245
234,9.75,25.161421755520635,9.999773895458006,12.96438751215164,13.330106039727198,11.855331504854341,13.042535022929012,11.475862023536209,13.020324510061016,12.310527295193271,13.573866696844762,12.799563244577392,12.311749010767706,12.691571379995166,12.742054139526143,12.213537941093449,12.832016394757792,11.62273459700813,12.790535292580936,12.587694154374873,17.60958404672492,13.44852657572914,13.311014403276504,10.745324403155392,12.988708224898202,12.286778100835189,12.650754802864034,12.90015989569586,11.0070679545008,12.329524236332325,12.178826112926577,12.537180456366848,12.065157106711734,12.973652770013459,13.373810122049605,20.447133805455515,12.704946757507
235,9.27,23.77410169329789,9.508200392197352,12.24385450034241,12.618473279288722,11.244443065556238,12.357014778558,10.887060097707703,12.328711981412651,11.669679651523435,12.848968491855569,12.121779449477351,11.669288805929117,12.027225501063862,12.074693154429983,11.578550513146768,12.160809576254419,11.024653774082607,12.11360846561655,11.929517935379335,16.651469190869935,12.740325526410949,12.59174497099422,10.202467037484771,12.30800484558899,11.647390037068263,11.985836608986467,12.2191121577343,10.447698607432661,11.689880546038825,11.545974470864,11.88246397009271,11.437609574981796,12.294288741161193,12.670187022705285,19.329777246312485,12.041036795878622
236,9.47,24.35215171922404,9.713022685222622,12.544076588596257,12.914986929471421,11.498979915263781,12.64264821371259,11.13239423346958,12.616883868349472,11.936699503052534,13.151009410601066,12.404189364102368,11.936980557945198,12.304036283951906,12.352760231553384,11.843128608124553,12.440479083964156,11.273854116968241,12.395661310185044,12.203758026627476,17.05068371414285,13.035409296960195,12.891440567778504,10.428657606514196,12.591631253634496,11.913801730304483,12.262885856435457,12.502882048551616,10.680769168711054,11.956398750327784,11.809662655056739,12.155262506040268,11.699087713202601,12.577357086516304,12.963363314098753,19.795342479288756,12.317665946557113
237,9.48,24.381054220520344,9.723263799873887,12.55908769300895,12.929812611980555,11.51170675774916,12.65692988547032,11.144660940257674,12.631292462696312,11.95005049562899,13.166111456538342,12.41830985983362,11.950365145546,12.31787682309631,12.366663585409555,11.856357512873442,12.454462559349645,11.286314134112523,12.40976395241347,12.217470031189883,17.07064444030649,13.050163485487655,12.90642534761772,10.43996713496567,12.605812574036772,11.927122314966294,12.276738318807904,12.517070543092483,10.692422696774972,11.969724660542234,11.822847064266377,12.168902432837644,11.712161620113644,12.591510503784061,12.978022128668425,19.81862074093756,12.331497404091037
238,9.4,24.149834210149887,9.641334882663775,12.43899885770741,12.811207151907475,11.40989201786614,12.542676511408484,11.046527285952923,12.516023707921583,11.84324255501735,13.045295089040144,12.305345893983613,11.843288444739567,12.20715250994109,12.255436754560193,11.75052627488233,12.342594756265749,11.18663399695827,12.296942814586071,12.107773994690628,16.910958630997328,12.932129977267957,12.786547108904006,10.349490907353898,12.49236201081857,11.820557637671804,12.16591861982831,12.403562586765556,10.599194472263616,11.863117378826647,11.71737179058928,12.059783018458623,11.607570364825321,12.478283165642015,12.860751612111038,19.632394647747056,12.220845743819641
239,9.32,23.918614199779427,9.55940596545367,12.318910022405872,12.692601691834394,11.308077277983125,12.428423137346648,10.948393631648173,12.400754953146855,11.73643461440571,12.924478721541945,12.192381928133607,11.736211743933136,12.096428196785874,12.144209923710836,11.644695036891214,12.230726953181854,11.086953859804016,12.184121676758675,11.99807795819137,16.751272821688165,12.814096469048259,12.666668870190291,10.259014679742128,12.378911447600366,11.713992960377318,12.055098920848714,12.290054630438629,10.50596624775226,11.756510097111066,11.611896516912184,11.9506636040796,11.502979109536996,12.365055827499972,12.743481095553653,19.446168554556554,12.110194083548246
240,9.24,23.68739418940897,9.47747704824356,12.198821187104334,12.573996231761315,11.206262538100106,12.314169763284813,10.850259977343422,12.285486198372128,11.629626673794071,12.803662354043745,12.079417962283598,11.629135043126706,11.985703883630656,12.032983092861475,11.5388637989001,12.118859150097958,10.98727372264976,12.071300538931277,11.888381921692115,16.591587012379,12.696062960828563,12.54679063147658,10.16853845213036,12.265460884382165,11.607428283082829,11.94427922186912,12.176546674111705,10.412738023240905,11.649902815395482,11.506421243235089,11.841544189700576,11.398387854248675,12.251828489357928,12.626210578996268,19.259942461366048,11.99954242327685
241,9.1,23.28275917126067,9.33410144312587,11.98866572532664,12.366436676633425,11.028086743304826,12.1142263586766,10.678526082310107,12.083765877516354,11.4427127777237,12.592233710921894,11.881731022046086,11.44175081671545,11.791936335609027,11.838336138875096,11.35365913241565,11.92309049470114,10.812833482629816,11.873863547733333,11.696413857818417,16.312136846087963,12.489504321444088,12.337003713727578,10.01020505380976,12.066922398750311,11.420940097817475,11.750344748654829,11.977907750539583,10.24958863034603,11.463340072393208,11.321839514300168,11.650585214537285,11.215353157494109,12.053680647609347,12.42098717502084,18.934046798282665,11.805902017801907
242,8.93,22.791416649223446,9.160002494054387,11.733476950310871,12.11440007397813,10.811730421053413,11.871437938795198,10.46999206691251,11.838819773620058,11.215745903923967,12.335498929988223,11.64168259461482,11.214212827501784,11.55664717015419,11.601979123320206,11.128767751684535,11.685371413147863,10.601013191177026,11.634118629850112,11.463309780257497,15.972804501305992,12.23868311647723,12.082262456460937,9.81794307013475,11.82583995191163,11.194490158566687,11.51485288832319,11.736703343344862,10.051478653259398,11.236799598747593,11.097704557736337,11.41870645898186,10.993096740006422,11.813072554057506,12.171787327336395,18.538316350252845,11.570767239725189
243,9.38,24.09202920755727,9.62085265336125,12.408976648882026,12.781555786889204,11.384438332895387,12.514113167893024,11.021993872376736,12.487206519227904,11.81654056986444,13.015090997165593,12.277104902521112,11.816519269537961,12.179471431652287,12.227630046847855,11.724068465384551,12.314627805494776,11.161713962669706,12.268737530129226,12.080349985565814,16.87103717867004,12.902621600213035,12.756577549225579,10.326871850450956,12.463999370014019,11.793916468348183,12.138213695083412,12.375185597683824,10.575887416135778,11.836465558397752,11.691002972170006,12.032503164863867,11.58142255100324,12.449976331106503,12.831433982971694,19.58583812444943,12.193182828751793
244,9.18,23.513979181631125,9.416030360335975,12.10875456062818,12.485042136706506,11.12990148318784,12.228479732738435,10.776659736614857,12.199034632291083,11.54952071833534,12.713050078420093,11.994694987896093,11.548827517521882,11.902660648764243,11.949562969724456,11.459490370406765,12.034958297785035,10.91251361978407,11.986684685560729,11.806109894317672,16.471822655397126,12.607537829663785,12.456881952441291,10.10068128142153,12.18037296196851,11.52750477511196,11.861164447634422,12.091415706866506,10.342816854857386,11.569947354108791,11.427314787977263,11.759704628916309,11.31994441278243,12.16690798575139,12.538257691578224,19.120272891473167,11.916553678073301
245,9.015,23.03708791024206,9.247051968590128,11.86107133781876,12.24041837530578,10.919908582179122,11.992832148735902,10.57425907461131,11.96129282556821,11.329229340823836,12.463866320455061,11.761706808330455,11.327981822108619,11.674291752881608,11.720157631097653,11.241213442050096,11.804230953924503,10.706923336903422,11.753991088791725,11.579861819037959,16.14247067369698,12.364093718960662,12.20963308509426,9.914074061972256,11.94638117533097,11.307715128192083,11.632598818489011,11.857305546942223,10.150533641802715,11.350069835570402,11.209772036018252,11.534645836759575,11.104224948750268,11.933376600833428,12.296387251178619,18.736181574267757,11.688334628763549
246,8.85,22.56019663885299,9.07807357684428,11.613388115009334,11.995794613905051,10.709915681170397,11.757184564733365,10.37185841260776,11.723551018845333,11.108937963312329,12.214682562490026,11.528718628764816,11.107136126695353,11.445922856998973,11.490752292470848,11.022936513693422,11.57350361006397,10.501333054022773,11.521297492022716,11.353613743758242,15.813118691996829,12.120649608257533,11.962384217747223,9.727466842522979,11.712389388693428,11.087925481272201,11.404033189343597,11.623195387017937,9.958250428748043,11.130192317032012,10.99222928405924,11.30958704460284,10.888505484718099,11.699845215915463,12.05451681077901,18.35209025706234,11.460115579453793
247,8.684999999999999,22.08330536746392,8.90909518509843,11.36570489219991,11.751170852504323,10.499922780161675,11.521536980730827,10.169457750604213,11.485809212122454,10.88864658580082,11.965498804524987,11.295730449199175,10.886290431282088,11.217553961116336,11.261346953844043,10.80465958533675,11.342776266203433,10.295742771142123,11.288603895253708,11.127365668478525,15.48376671029668,11.877205497554405,11.715135350400187,9.540859623073704,11.478397602055885,10.868135834352316,11.175467560198182,11.38908522709365,9.765967215693369,10.91031479849362,10.77468653210023,11.084528252446102,10.672786020685933,11.466313830997496,11.812646370379397,17.967998939856923,11.231896530144038
248,8.52,21.60641409607485,8.74011679335258,11.118021669390489,11.506547091103597,10.28992987915295,11.285889396728292,9.967057088600663,11.248067405399581,10.668355208289318,11.716315046559952,11.062742269633535,10.665444735868823,10.9891850652337,11.031941615217239,10.586382656980078,11.112048922342899,10.090152488261475,11.055910298484703,10.901117593198808,15.154414728596532,11.633761386851276,11.467886483053153,9.354252403624429,11.244405815418345,10.648346187432438,10.94690193105277,11.154975067169365,9.573684002638696,10.690437279955228,10.55714378014122,10.859469460289368,10.457066556653768,11.23278244607953,11.57077592997979,17.583907622651505,11.003677480834284
249,8.12,20.45031404422257,8.330472207302037,10.517577492882795,10.9135197907382,9.780856179737865,10.714622526419115,9.47638881707691,10.671723631525943,10.134315505231122,11.112233209068958,10.497922440383503,10.130061231836667,10.435563499457615,10.475807460970444,10.05722646702451,10.552709906923422,9.591751802490206,10.491804609347717,10.35263741070253,14.355985682050717,11.043593845752788,10.868495289484583,8.90187126556558,10.677152999327337,10.115522800959997,10.392803436154798,10.587435285534733,9.107542880081917,10.157400871377313,10.029767411755738,10.313872388394255,9.934110280212153,10.666645755369307,10.98442334719286,16.65277715669899,10.450419179477304
250,8.27,20.88385156366717,8.484088927070989,10.74274405907318,11.135905028375221,9.971758817018522,10.928847602785055,9.660389418898317,10.887852546728556,10.334580393877943,11.33876389812808,10.709729876352265,10.330830045848725,10.643171586623646,10.68435776881299,10.255660038257847,10.762462037705724,9.778652059654432,10.703344242774087,10.558317479138633,14.655396574505396,11.264906673664719,11.093266987072795,9.071514192337649,10.889872805361463,10.31533157088716,10.600590371741538,10.80026270364772,9.282345801040709,10.357289524594028,10.227533549900292,10.51847129035492,10.130218883877758,10.87894701438564,11.204305565737956,17.001951081431177,10.65789104248617
251,8.31,20.999461568852404,8.525053385676046,10.80278847672395,11.195207758411764,10.02266618696003,10.985974289815974,9.709456246050694,10.945486924115922,10.387984364183765,11.39917208187718,10.76621185927727,10.384368396251942,10.698533743201256,10.739971184237673,10.308575657253407,10.818395939247674,9.82849212823156,10.759754811687788,10.613165497388264,14.73523947915998,11.32392342777457,11.153206106429653,9.116752306143534,10.946598086970566,10.368613909534407,10.656000221231336,10.857016681811185,9.328959913296389,10.410593165451823,10.280271186738842,10.573030997544434,10.18251451152192,10.935560683456663,11.262940824016653,17.095064128026433,10.71321687262187
252,8.273333333333333,20.893485730765946,8.487502631954744,10.74774776054408,11.140846922544934,9.97600109784698,10.933608160037632,9.664478321161017,10.892655411510837,10.339030724736764,11.343797913440508,10.714436708262685,10.335291575048993,10.647785099671783,10.688992220098383,10.260069673174147,10.767123196167555,9.782805398702527,10.708045123516895,10.562888147326104,14.66205014989328,11.269824736507209,11.09826191368587,9.075284035154805,10.894599912162223,10.319771765774433,10.605207859199021,10.80499220182801,9.28623031039535,10.361731494665513,10.23192835297017,10.523017932620716,10.134576852848104,10.88366482014156,11.209191837261184,17.009710501980788,10.662501528330813
253,8.236666666666666,20.787509892679484,8.449951878233446,10.692707044364209,11.086486086678109,9.929336008733932,10.881242030259292,9.61950039627134,10.839823898905754,10.290077085289761,11.288423745003833,10.662661557248096,10.286214753846046,10.597036456142307,10.638013255959093,10.211563689094886,10.715850453087437,9.737118669173494,10.656335435346007,10.512610797263946,14.588860820626582,11.215726045239848,11.043317720942085,9.033815764166079,10.84260173735388,10.27092962201446,10.554415497166708,10.752967721844835,9.243500707494313,10.312869823879204,10.183585519201502,10.473004867696996,10.08663919417429,10.831768956826457,11.155442850505716,16.92435687593514,10.611786184039756
254,8.2,20.681534054593023,8.412401124512144,10.637666328184334,11.032125250811278,9.882670919620882,10.82887590048095,9.574522471381659,10.786992386300671,10.24112344584276,11.233049576567154,10.610886406233508,10.237137932643098,10.546287812612832,10.587034291819801,10.163057705015625,10.664577710007315,9.69143193964446,10.604625747175113,10.462333447201784,14.515671491359877,11.161627353972483,10.988373528198297,8.992347493177348,10.790603562545535,10.222087478254485,10.503623135134392,10.70094324186166,9.200771104593272,10.264008153092893,10.135242685432832,10.422991802773277,10.038701535500474,10.779873093511352,11.101693863750246,16.839003249889487,10.5610708397487
255,8.49,21.519706592185933,8.709393449398789,11.072988356152411,11.462070043576194,10.251749351696818,11.243044381455103,9.930256968236382,11.204841622359059,10.628302230559953,11.671008908748128,11.020380782439785,10.625290973066411,10.947663447800494,10.990231553648732,10.546695942733411,11.07009849618644,10.05277243682863,11.01360237179943,10.85998157951159,15.094532550105594,11.58949882126889,11.42293214353551,9.320323818270015,11.201861854211518,10.608384433447004,10.905344543935422,11.112409583546768,9.538723418446938,10.650459549311885,10.517590552512308,10.818549679897234,10.417844835920645,11.190322194276263,11.52679948627077,17.514072837705072,10.962183108232512
256,8.7,22.12665911940838,8.924456857075324,11.388221548818947,11.773409376268024,10.519013043889737,11.542959488367421,10.187857810786351,11.507422103642716,10.908673074665504,11.9881518734309,11.316911192796052,10.906367312683294,11.23831476983294,11.282201984628298,10.824502942460084,11.363751479281662,10.314432796858547,11.309757858596345,11.147933675322134,15.513707799542145,11.899336780345596,11.737612520159006,9.55782391575091,11.4996695826593,10.888116711345033,11.196246253756858,11.410367968904948,9.783447507789248,10.93030366381529,10.794463145914685,11.104988142642169,10.692396881052492,11.487543956899128,11.834634592233908,18.00291633233014,11.252643716444924
257,8.6,21.83763410644531,8.82204571056269,11.238110504692026,11.625152551176678,10.391744619035968,11.400142770790127,10.065190742905415,11.363336160174308,10.775163148900957,11.837131414058153,11.175706235483544,10.772521436675255,11.099909378388919,11.1431684460666,10.692213894971193,11.223916725426793,10.189832625415729,11.1687314363121,11.010813629698067,15.314100537905695,11.751794895070976,11.587764721766867,9.444728631236199,11.357856378636546,10.754910864726924,11.057721630032365,11.268483023496291,9.666912227150053,10.797044561670813,10.662619053818315,10.968588874668391,10.56165781194209,11.346009784221572,11.688046446537177,17.770133715842015,11.11432914110568
258,8.11,20.421411542926258,8.320231092650772,10.502566388470104,10.898694108229064,9.768129337252487,10.700340854661386,9.464122110288816,10.657315037179103,10.120964512654666,11.097131163131683,10.483801944652251,10.116676644235863,10.421722960313213,10.461904107114272,10.04399756227562,10.538726431537935,9.579291785345923,10.477701967119291,10.33892540614012,14.33602495588707,11.028839657225324,10.853510509645368,8.890561737114108,10.662971678925057,10.102202216298185,10.378950973782349,10.573246790993867,9.095889352017997,10.144074961162863,10.0165830025461,10.300232461596877,9.921036373301112,10.65249233810155,10.969764532623186,16.629498895050173,10.43658772194338
259,8.059999999999999,20.27689903644472,8.269025519394454,10.42751086640664,10.824565695683388,9.7044951248256,10.628932495872737,9.402788576348346,10.585272065444896,10.054209549772391,11.021620933445307,10.413199465995996,10.049753706231842,10.3525202645912,10.392387337833423,9.977853038531174,10.4688090546105,9.516991699624514,10.407188755977169,10.270365383328086,14.236221325068842,10.955068714588013,10.778586610449295,8.834014094856752,10.59206507691368,10.03559929298913,10.309688661920102,10.502304318289537,9.0376217116984,10.077445410090622,9.950660956497913,10.232032827609986,9.855666838745908,10.581725251762775,10.896470459774818,16.513107586806107,10.367430434273754
260,8.01,20.13238652996319,8.217819946138135,10.35245534434318,10.750437283137714,9.640860912398715,10.55752413708409,9.341455042407876,10.513229093710692,9.987454586890117,10.946110703758935,10.342596987339743,9.982830768227823,10.283317568869192,10.322870568552574,9.91170851478673,10.398891677683066,9.454691613903108,10.336675544835046,10.201805360516053,14.136417694250616,10.8812977719507,10.703662711253227,8.777466452599397,10.521158474902306,9.968996369680076,10.240426350057856,10.43136184558521,8.979354071378802,10.010815859018383,9.884738910449729,10.163833193623097,9.790297304190707,10.510958165423997,10.823176386926452,16.396716278562042,10.298273146604133
261,7.96,19.98787402348165,8.166614372881817,10.27739982227972,10.676308870592038,9.57722669997183,10.486115778295442,9.28012150846741,10.44118612197649,9.920699624007842,10.87060047407256,10.27199450868349,9.915907830223803,10.21411487314718,10.253353799271725,9.845563991042283,10.32897430075563,9.392391528181697,10.266162333692922,10.133245337704016,14.036614063432385,10.807526829313389,10.628738812057156,8.72091881034204,10.450251872890929,9.902393446371022,10.17116403819561,10.36041937288088,8.921086431059205,9.944186307946143,9.818816864401542,10.095633559636209,9.724927769635505,10.440191079085217,10.749882314078086,16.280324970317974,10.229115858934511
262,8.01,20.13238652996319,8.217819946138135,10.35245534434318,10.750437283137714,9.640860912398715,10.55752413708409,9.341455042407876,10.513229093710692,9.987454586890117,10.946110703758935,10.342596987339743,9.982830768227823,10.283317568869192,10.322870568552574,9.91170851478673,10.398891677683066,9.454691613903108,10.336675544835046,10.201805360516053,14.136417694250616,10.8812977719507,10.703662711253227,8.777466452599397,10.521158474902306,9.968996369680076,10.240426350057856,10.43136184558521,8.979354071378802,10.010815859018383,9.884738910449729,10.163833193623097,9.790297304190707,10.510958165423997,10.823176386926452,16.396716278562042,10.298273146604133
263,7.99,20.07458152737057,8.197337716835609,10.322433135517798,10.720785918119446,9.61540722742796,10.528960793568633,9.31692162883169,10.484411905017012,9.960752601737207,10.915906611884386,10.314355995877243,9.956061593026215,10.255636490580386,10.295063860840234,9.885250705288952,10.37092472691209,9.429771579614544,10.308470260378197,10.174381351391238,14.09649624192332,10.851789394895777,10.673693151574799,8.754847395696453,10.492795834097755,9.942355200356454,10.212721425312957,10.40298485650348,8.956047015250963,9.984164038589489,9.858370092030453,10.136553340028343,9.764149490368627,10.482651330888485,10.793858757787108,16.35015975526441,10.270610231536285
264,7.76,19.409823997555502,7.961792079856546,9.977177734025874,10.379795220409338,9.322689850264286,10.200482343140854,9.034787372705532,10.15301423503967,9.653679772478743,10.568559555327063,9.989584594058472,9.648216078207726,9.937304090259136,9.975286722148326,9.5809858960645,10.049304793045891,9.143191185296065,9.984109489124428,9.859005246455876,13.637399540159478,10.512443058764145,10.32904321527287,8.494728241312615,10.166625464845424,9.6359817531348,9.894114790746624,10.076649482063566,8.688015869780815,9.677668103657185,9.555128680208803,9.82283502368865,9.463449631414697,10.157122733730109,10.456706022684621,15.814759737341712,9.95248670825602
265,6.75,16.490671366628483,6.927439500078922,8.461056188343953,8.88240128698671,8.037278759241193,8.758033495610183,7.795849987108053,8.697746206008736,8.305229522256798,9.0432529156623,8.563414525202138,8.29637273052653,8.53940963667452,8.571047982675164,8.244866516426692,8.636973779111711,7.884729453723608,8.559742624053541,8.474092785652768,11.621366197631293,9.022270017490454,8.815580451512233,7.352465867714021,8.734312104215626,8.29060270229189,8.495016091129244,8.64361153343612,7.511009535324943,8.331751171997944,8.223503350035461,8.445202417153487,8.14298503339962,8.7276275896868,8.976165751147622,13.463655310811596,8.555509497329645
266,6.75,16.490671366628483,6.927439500078922,8.461056188343953,8.88240128698671,8.037278759241193,8.758033495610183,7.795849987108053,8.697746206008736,8.305229522256798,9.0432529156623,8.563414525202138,8.29637273052653,8.53940963667452,8.571047982675164,8.244866516426692,8.636973779111711,7.884729453723608,8.559742624053541,8.474092785652768,11.621366197631293,9.022270017490454,8.815580451512233,7.352465867714021,8.734312104215626,8.29060270229189,8.495016091129244,8.64361153343612,7.511009535324943,8.331751171997944,8.223503350035461,8.445202417153487,8.14298503339962,8.7276275896868,8.976165751147622,13.463655310811596,8.555509497329645
267,6.75,16.490671366628483,6.927439500078922,8.461056188343953,8.88240128698671,8.037278759241193,8.758033495610183,7.795849987108053,8.697746206008736,8.305229522256798,9.0432529156623,8.563414525202138,8.29637273052653,8.53940963667452,8.571047982675164,8.244866516426692,8.636973779111711,7.884729453723608,8.559742624053541,8.474092785652768,11.621366197631293,9.022270017490454,8.815580451512233,7.352465867714021,8.734312104215626,8.29060270229189,8.495016091129244,8.64361153343612,7.511009535324943,8.331751171997944,8.223503350035461,8.445202417153487,8.14298503339962,8.7276275896868,8.976165751147622,13.463655310811596,8.555509497329645
268,6.75,16.490671366628483,6.927439500078922,8.461056188343953,8.88240128698671,8.037278759241193,8.758033495610183,7.795849987108053,8.697746206008736,8.305229522256798,9.0432529156623,8.563414525202138,8.29637273052653,8.53940963667452,8.571047982675164,8.244866516426692,8.636973779111711,7.884729453723608,8.559742624053541,8.474092785652768,11.621366197631293,9.022270017490454,8.815580451512233,7.352465867714021,8.734312104215626,8.29060270229189,8.495016091129244,8.64361153343612,7.511009535324943,8.331751171997944,8.223503350035461,8.445202417153487,8.14298503339962,8.7276275896868,8.976165751147622,13.463655310811596,8.555509497329645
269,6.83,16.72189137699894,7.009368417289031,8.58114502364549,9.001006747059789,8.139093499124211,8.872286869672017,7.893983641412804,8.813014960783462,8.412037462868438,9.164069283160499,8.676378491052144,8.40344943133296,8.650133949829737,8.682274813524522,8.350697754417805,8.748841582195608,7.984409590877862,8.672563761880937,8.583788822152025,11.781052006940458,9.140303525710152,8.935458690225946,7.44294209532579,8.847762667433827,8.397167379586378,8.605835790108838,8.757119489763046,7.6042377598363,8.438358453713526,8.328978623712556,8.554321831532508,8.247576288687943,8.840854927828845,9.093436267705007,13.6498814040021,8.666161157601042
270,6.59,16.02823134588757,6.763581665658704,8.220878517740875,8.645190366840549,7.833649279475159,8.52952674748651,7.599582678498551,8.46720869645928,8.09161364103352,8.801620180665902,8.337486593502124,8.082219328913666,8.317961010364087,8.348594320976444,8.033204040444465,8.413238172943922,7.6853691794151,8.334100348398746,8.254700712654255,11.301994579012968,8.786203001051058,8.575823974084804,7.171513412490481,8.507410977779221,8.077473347702915,8.273376693170054,8.416595620782264,7.324553086302231,8.118536608566776,8.012552802681267,8.22696358839544,7.933802522822975,8.501172913402712,8.741624718032849,13.091203124430585,8.334206176786854
271,6.57,15.970426343294957,6.743099436356177,8.190856308915492,8.615539001822281,7.808195594504404,8.500963403971053,7.575049264922365,8.4383915077656,8.064911655880612,8.771416088791353,8.309245602039622,8.055450153712059,8.290279932075283,8.320787613264105,8.006746230946687,8.38527122217295,7.660449145126538,8.305895063941898,8.227276703529444,11.262073126685678,8.756694623996134,8.545854414406378,7.148894355587539,8.479048336974671,8.050832178379293,8.245671768425158,8.388218631700536,7.301246030174392,8.09188478813788,7.986183984261993,8.199683734800685,7.907654709000894,8.472866078867202,8.712307088893503,13.044646601132962,8.306543261719005
272,6.4,15.479083821257737,6.569000487284696,7.935667533899723,8.363502399166986,7.591839272252994,8.258174984089653,7.366515249524769,8.193445403869303,7.8379447820808785,8.514681307857682,8.069197174608359,7.827912164498394,8.054990766620445,8.084430597709217,7.781854850215572,8.147552140619672,7.448628853673748,8.06615014605868,7.994172625968525,10.922740781903707,8.505873419029276,8.291113157139735,6.956632371912528,8.237965890135992,7.824382239128505,8.01017990809352,8.147014224505817,7.103136053087761,7.865344314492266,7.762049027698164,7.967804979245262,7.685398291513209,8.232257985315359,8.463107241209057,12.648916153103142,8.071408483642289
273,6.1466666666666665,14.746887121751286,6.309558916119351,7.555386222111517,7.987918442268899,7.2694259292901044,7.89637263289384,7.055758677559725,7.828427680415999,7.4997196368106875,8.132096144113383,7.71147794941667,7.488835945278028,7.704363774962257,7.732212300019578,7.446722596577044,7.793304097520668,7.13297508601861,7.708883209605254,7.64680184372088,10.417069052424688,8.132100643000232,7.911498734546307,6.67012431780859,7.878705773278351,7.48692742769596,7.659250861324803,7.787572362803882,6.807913342135132,7.527754589059585,7.428043994387359,7.622260167045021,7.354192649766852,7.873704747865551,8.091750605444002,12.059200191333208,7.721011559449533
274,5.8933333333333335,14.014690422244836,6.050117344954007,7.175104910323313,7.6123344853708135,6.947012586327217,7.534570281698027,6.745002105594681,7.463409956962696,7.1614944915404966,7.749510980369085,7.353758724224982,7.1497597260576615,7.353736783304069,7.379994002329941,7.111590342938518,7.439056054421666,6.817321318363474,7.35161627315183,7.2994310614732365,9.911397322945673,7.758327866971186,7.531884311952879,6.383616263704653,7.519445656420713,7.149472616263415,7.308321814556088,7.428130501101949,6.512690631182505,7.190164863626904,7.094038961076554,7.276715354844783,7.022987008020497,7.515151510415745,7.720393969678946,11.469484229563276,7.3706146352567785
275,5.64,13.282493722738389,5.790675773788661,6.794823598535107,7.236750528472727,6.624599243364328,7.172767930502214,6.434245533629636,7.098392233509391,6.823269346270305,7.366925816624788,6.996039499033293,6.810683506837295,7.0031097916458815,7.0277757046403,6.776458089299991,7.084808011322664,6.501667550708335,6.994349336698405,6.9520602792255906,9.405725593466654,7.384555090942142,7.152269889359451,6.097108209600713,7.160185539563072,6.8120178048308695,6.957392767787372,7.068688639400015,6.217467920229876,6.852575138194222,6.760033927765747,6.9311705426445425,6.69178136627414,7.1565982729659385,7.349037333913888,10.879768267793347,7.020217711064023
276,5.4,12.588833691627016,5.544889022158335,6.434557092630493,6.880934148253489,6.319155023715277,6.830007808316709,6.139844570715384,6.75258596918521,6.502845524435388,7.004476714130192,6.657147601483274,6.4894534044180014,6.670936852180231,6.694095212092224,6.4589643753266515,6.749204602070979,6.202627139245575,6.655885923216213,6.622972169727824,8.926668165539164,7.030454566283048,6.792635173218311,5.825679526765405,6.819833849908466,6.492323772947406,6.624933670848589,6.728164770419237,5.937783246695808,6.532753293047473,6.443608106734459,6.603812299507474,6.3780076004091715,6.816916258539806,6.99722578424173,10.321089988221832,6.6882627302498365
277,5.84,13.86054374866453,5.9954980668139335,7.0950456867889535,7.533264178655426,6.879136093071871,7.458401365656803,6.679579669391513,7.38656412044621,7.090289197799403,7.668966735370287,7.2784494136583096,7.078375258853373,7.279920574533925,7.305842781763699,7.041036184277775,7.364477519032402,6.75086789359397,7.2764021812668975,7.22630037047373,9.80494011673956,7.679638861491387,7.451965486143736,6.323298778630138,7.443811947608575,7.07842949806709,7.2344420152363575,7.352458530217332,6.450538481508266,7.119093342483181,7.023722111958488,7.203969078592099,6.953259504494946,7.439666618321047,7.642213625307353,11.345333500769605,7.296846861742514
278,6.91,16.9531113873694,7.09129733449914,8.70123385894703,9.11961220713287,8.24090823900723,8.986540243733854,7.992117295717556,8.928283715558191,8.518845403480078,9.2848856506587,8.789342456902151,8.510526132139393,8.760858262984955,8.793501644373883,8.45652899240892,8.860709385279504,8.084089728032117,8.785384899708337,8.693484858651281,11.940737816249621,9.258337033929852,9.05533692893966,7.53341832293756,8.96121323065203,8.503732056880867,8.716655489088433,8.870627446089973,7.697465984347656,8.54496573542911,8.434453897389655,8.663441245911532,8.352167543976268,8.954082265970891,9.210706784262394,13.836107497192605,8.776812817872438
279,6.25,15.045546301813124,6.415383767515742,7.710500967709338,8.141117161529962,7.400936634972336,8.043949907723709,7.1825146477033615,7.977316488666689,7.637679893434054,8.288150618798557,7.857389738639595,7.6271433504863335,7.847382679454412,7.875880289866666,7.583421278982232,7.937800009837367,7.2617285965095215,7.854610512632309,7.788492557532418,10.623329889449023,8.28456059111734,8.06634145955152,6.786989445140459,8.025246084101862,7.624573469201341,7.802392972506778,7.93418680639283,6.928333132128967,7.665455661275546,7.564282889553608,7.763206077284593,7.489289687847603,8.019956726299025,8.243225022663957,12.299742228370942,7.863936620633419
280,6.2375,15.009418175192742,6.402582374201662,7.691737087193472,8.122585058393542,7.385028081865615,8.02609781802655,7.167181264218244,7.959305745733138,7.620991152713486,8.269273061376962,7.839739118975531,7.61041261598533,7.830082005523909,7.858501097546454,7.56688514804612,7.920320665605509,7.246153575079169,7.836982209846778,7.77135255182941,10.598378981744466,8.266117855458015,8.047610484752502,6.77285253457612,8.007519433599018,7.607922738374077,7.785077394541218,7.916451188216747,6.913766222049067,7.648798273507486,7.5478023780415615,7.74615616878787,7.472947304208802,8.002264954714331,8.224901504451866,12.270644401309927,7.846647298716014
281,6.225,14.973290048572355,6.389780980887582,7.672973206677607,8.104052955257123,7.369119528758891,8.008245728329387,7.151847880733126,7.9412950027995866,7.604302411992917,8.25039550395537,7.822088499311468,7.593681881484324,7.812781331593406,7.841121905226242,7.550349017110008,7.902841321373649,7.230578553648817,7.819353907061246,7.754212546126402,10.573428074039908,8.247675119798684,8.028879509953486,6.7587156240117805,7.989792783096174,7.591272007546813,7.767761816575655,7.898715570040665,6.899199311969167,7.632140885739426,7.531321866529515,7.7291062602911484,7.456604920570001,7.984573183129636,8.206577986239775,12.24154657424891,7.829357976798608
282,6.2125,14.937161921951976,6.376979587573503,7.654209326161743,8.085520852120705,7.353210975652171,7.990393638632225,7.13651449724801,7.923284259866036,7.587613671272351,8.231517946533778,7.804437879647406,7.576951146983321,7.795480657662906,7.82374271290603,7.533812886173899,7.885361977141791,7.215003532218466,7.801725604275717,7.737072540423393,10.548477166335354,8.22923238413936,8.01014853515447,6.744578713447442,7.972066132593331,7.574621276719549,7.750446238610095,7.8809799518645836,6.884632401889269,7.615483497971367,7.514841355017469,7.712056351794428,7.440262536931201,7.966881411544943,8.188254468027683,12.212448747187896,7.8120686548812035
283,6.2,14.901033795331587,6.364178194259424,7.635445445645876,8.066988748984286,7.33730242254545,7.972541548935062,7.1211811137628915,7.905273516932484,7.57092493055178,8.212640389112181,7.78678725998334,7.560220412482314,7.778179983732402,7.806363520585817,7.517276755237786,7.867882632909932,7.199428510788112,7.784097301490186,7.7199325347203835,10.523526258630795,8.21078964848003,7.9914175603554485,6.730441802883103,7.954339482090486,7.557970545892285,7.733130660644532,7.863244333688499,6.870065491809369,7.598826110203307,7.498360843505423,7.695006443297704,7.423920153292401,7.949189639960247,8.16993094981559,12.183350920126875,7.794779332963798
284,6.6,16.057133847183874,6.773822780309968,8.235889622153568,8.660016049349684,7.846376121960536,8.54380841924424,7.611849385286645,8.48161729080612,8.104964633609976,8.816722226603176,8.351607089233374,8.095603916514472,8.331801549508487,8.362497674832614,8.046432945193354,8.42722164832941,7.697829196559382,8.348202990627172,8.268412717216663,11.321955305176612,8.80095718957852,8.59080875392402,7.182822940941952,8.521592298181496,8.090793932364726,8.287229155542505,8.430784115323132,7.33620661436615,8.131862518781224,8.025737211890903,8.240603515192818,7.946876429734016,8.515326330670467,8.756283532602522,13.1144813860794,8.348037634320777
285,6.25,15.045546301813124,6.415383767515742,7.710500967709338,8.141117161529962,7.400936634972336,8.043949907723709,7.1825146477033615,7.977316488666689,7.637679893434054,8.288150618798557,7.857389738639595,7.6271433504863335,7.847382679454412,7.875880289866666,7.583421278982232,7.937800009837367,7.2617285965095215,7.854610512632309,7.788492557532418,10.623329889449023,8.28456059111734,8.06634145955152,6.786989445140459,8.025246084101862,7.624573469201341,7.802392972506778,7.93418680639283,6.928333132128967,7.665455661275546,7.564282889553608,7.763206077284593,7.489289687847603,8.019956726299025,8.243225022663957,12.299742228370942,7.863936620633419
286,6.1,14.612008782368516,6.261767047746787,7.485334401518953,7.918731923892937,7.210033997691678,7.829724831357768,6.998514045881953,7.761187573464074,7.437415004787231,8.061619929739432,7.645582302670832,7.426374536474275,7.63977459228838,7.667329982024117,7.384987707748894,7.728047879055062,7.074828339345295,7.643070879205938,7.582812489096313,10.323918996994342,8.063247763205407,7.8415697619633065,6.6173465183683895,7.8125262780677325,7.424764699274174,7.594606036920039,7.721359388279841,6.753530211170174,7.465567008058827,7.366516751409052,7.558607175323925,7.293181084181996,7.807655467282692,8.023342804118858,11.950568303638747,7.656464757624551
287,6.093333333333333,14.59274044817098,6.254939637979278,7.475326998577158,7.908848135553512,7.201549436034759,7.820203716852615,6.990336241356557,7.751581843899514,7.428514343069594,8.051551899114584,7.636168638849998,7.417451478073739,7.630547566192112,7.658061079453338,7.376168437916301,7.718725562131404,7.066521661249107,7.633669117720322,7.573671152721374,10.31061184621858,8.053411637520432,7.831579908737164,6.609806832734076,7.803072064466216,7.415884309499634,7.5853710620050725,7.711900391919264,6.745761192460894,7.456683067915861,7.357727145269293,7.549513890792339,7.2844651462413035,7.7982198557708555,8.01357026107241,11.935049462539538,7.647243785935268
288,6.086666666666667,14.57347211397344,6.248112228211769,7.465319595635364,7.89896434721409,7.193064874377842,7.8106826023474625,6.9821584368311616,7.741976114334953,7.419613681351958,8.041483868489733,7.626754975029165,7.408528419673203,7.621320540095844,7.648792176882558,7.3673491680837095,7.7094032452077474,7.05821498315292,7.624267356234705,7.564529816346438,10.297304695442815,8.043575511835456,7.821590055511021,6.602267147099762,7.793617850864699,7.407003919725094,7.5761360870901076,7.702441395558688,6.737992173751615,7.447799127772896,7.348937539129536,7.540420606260754,7.27574920830061,7.788784244259018,8.003797718025961,11.919530621440327,7.638022814245985
289,6.08,14.554203779775904,6.24128481844426,7.455312192693569,7.889080558874666,7.184580312720923,7.80116148784231,6.973980632305766,7.732370384770393,7.41071301963432,8.031415837864884,7.617341311208331,7.399605361272668,7.612093513999577,7.639523274311779,7.358529898251117,7.700080928284089,7.049908305056732,7.61486559474909,7.5553884799715,10.28399754466705,8.033739386150483,7.811600202284878,6.594727461465448,7.784163637263182,7.398123529950554,7.566901112175142,7.69298239919811,6.730223155042335,7.438915187629931,7.340147932989778,7.531327321729169,7.267033270359917,7.7793486327471815,7.9940251749795115,11.90401178034112,7.628801842556703
290,6.16,14.78542379014636,6.323213735654369,7.575401027995108,8.007686018947746,7.286395052603941,7.915414861904146,7.072114286610516,7.847639139545121,7.517520960245961,8.152232205363083,7.730305277058338,7.506682062079099,7.722817827154794,7.7507501051611385,7.464361136242229,7.811948731367985,7.149588442210986,7.727686732576487,7.665084516470756,10.443683353976215,8.15177289437018,7.931478440998593,6.685203689077218,7.897614200481384,7.504688207245042,7.677720811154736,7.806490355525037,6.823451379553692,7.545522469345515,7.445623206666875,7.640446736108192,7.37162452564824,7.892575970889226,8.111295691536897,12.090237873531624,7.739453502828099
291,5.63,13.25359122144208,5.780434659137398,6.779812494122416,7.221924845963593,6.6118724008789505,7.158486258744485,6.421978826841542,7.08398363916255,6.809918353693851,7.351823770687514,6.981919003302043,6.797298919236491,6.9892692525014795,7.013872350784132,6.763229184551102,7.070824535937177,6.489207533564054,6.98024669446998,6.938348274663184,9.385764867303008,7.36980090241468,7.1372851095202385,6.085798681149242,7.146004219160796,6.798697220169059,6.943540305414922,7.05450014485915,6.205814392165957,6.839249227979774,6.746849518556111,6.9175306158471646,6.6787074593631,7.142444855698182,7.334378519344215,10.856490006144533,7.006386253530099
292,5.1,11.7217586527378,5.237655582620427,5.984223960249723,6.43616367297944,5.937349749153962,6.401557655584825,5.771843367072568,6.320328138779981,6.1023157471417395,6.551415336011945,6.233532729545748,6.087915776393883,6.255720677848165,6.276994596407125,6.0620972328599745,6.32970034050637,5.828826624917122,6.232806656363473,6.211612032855612,8.3278463806298,6.587828910459178,6.343091778041882,5.486393673221267,6.394394237840206,6.092706233093075,6.209359799675109,6.302509934193262,5.588177404778222,6.132975986614033,6.048075830445346,6.194614495586137,5.985790393077959,6.392313740507139,6.557461347151531,9.62274213875744,6.2733190042321
293,4.45,9.843096068477834,4.5719831302882925,5.008502173424725,5.472494309885668,5.110104987604447,5.473248991332412,4.974507425846468,5.38376950623532,5.234501229672173,5.5697823500890795,5.3157005070144425,5.217917582341629,5.356085633462026,5.37327659575608,5.202218424182178,5.42077444044972,5.018925510538809,5.3161349115158725,5.320331736299157,7.030399179992851,5.628806656174132,5.369081088492957,4.751274323875637,5.472608411692317,5.226868230075361,5.308949745465905,5.380257789036985,4.830698080623454,5.266791822674917,5.191089231818939,5.3080192537565765,5.135986443860336,5.472341618103032,5.604638400122769,8.10965513158459,5.374274264527007
294,4.57,10.189926084033525,4.694876506103456,5.188635426377033,5.6504024999952875,5.262827097428973,5.644629052425166,5.121707907303595,5.556672638397412,5.394713140589632,5.751006901336379,5.4851464557894545,5.378532633551276,5.522172103194853,5.540116842030121,5.360965281168848,5.588576145075564,5.16844571627019,5.485366618256968,5.484875791048042,7.269927893956597,5.805856918503681,5.548898446563529,4.886988665293292,5.6427842565196205,5.3867152460170935,5.475179293935297,5.550519723527376,4.970540417390488,5.426702745248294,5.349302142334584,5.471698375325111,5.2928733267928205,5.642182625316098,5.780544174958848,8.38899427137035,5.5402517549341015
295,4.69,10.536756099589203,4.817769881918618,5.3687686793293405,5.828310690104907,5.415549207253498,5.816009113517918,5.268908388760721,5.729575770559503,5.554925051507089,5.932231452583675,5.654592404564463,5.5391476847609225,5.688258572927677,5.706957088304158,5.519712138155518,5.756377849701406,5.317965922001571,5.654598324998064,5.649419845796925,7.509456607920339,5.982907180833227,5.728715804634099,5.022703006710946,5.812960101346921,5.546562261958824,5.6414088424046875,5.720781658017764,5.110382754157522,5.586613667821668,5.507515052850227,5.6353774968936445,5.449760209725305,5.812023632529163,5.956449949794926,8.668333411156103,5.706229245341194
296,4.81,10.88358611514489,4.940663257733782,5.548901932281648,6.006218880214526,5.568271317078024,5.987389174610671,5.416108870217847,5.902478902721594,5.715136962424548,6.113456003830975,5.824038353339473,5.69976273597057,5.854345042660503,5.873797334578198,5.678458995142188,5.924179554327249,5.467486127732951,5.823830031739159,5.813963900545809,7.748985321884084,6.159957443162773,5.90853316270467,5.158417348128601,5.983135946174224,5.706409277900557,5.807638390874079,5.8910435925081535,5.250225090924555,5.746524590395042,5.665727963365872,5.7990566184621795,5.60664709265779,5.98186463974223,6.132355724631006,8.94767255094186,5.872206735748289
297,5.17,11.92407616181195,5.309343385179272,6.089301691138571,6.539943450543385,6.026437646551602,6.501529357888931,5.857710314589225,6.421188299207868,6.195772695176926,6.657129657572871,6.3323761996645045,6.181607889599511,6.352604451858981,6.374318073400314,6.1546995661022,6.427584668204778,5.916046744927094,6.331525151962447,6.307596064792461,8.46757146377532,6.691108230151415,6.447985236916383,5.565560372381566,6.493663480656135,6.185950325725752,6.306327036282253,6.401829395979323,5.669752101225659,6.226257358115168,6.140366694912806,6.290093983167783,6.077307741455243,6.491387661381429,6.6600730491392435,9.785689970299131,6.370139206969572
298,5.28,12.24200367607133,5.421995646343172,6.254423839678186,6.703025958143869,6.166432913890751,6.658627747223956,5.992644089258258,6.579682837023118,6.342633613517929,6.823252162882894,6.487701652708263,6.328838353208354,6.504850382447405,6.527254965818184,6.300217518339981,6.581402897445136,6.053106933514194,6.486654216475118,6.45842811497894,8.687139451575419,6.8534043039535,6.612817815147739,5.68996518534775,6.649658005081163,6.332476757005674,6.458704122379197,6.5579028359288465,5.797940909928775,6.372842370474096,6.285395196218815,6.44013317793894,6.221120717476687,6.64707525132674,6.8213200094056505,10.041750848436077,6.522285239842742
299,5.3,12.299808678663943,5.442477875645698,6.28444604850357,6.7326773231621395,6.191886598861505,6.6871910907394145,6.017177502834445,6.6085000257168,6.369335598670839,6.853456254757443,6.515942644170765,6.355607528409962,6.532531460736209,6.555061673530524,6.326675327837759,6.609369848216108,6.0780269678027565,6.514859500931967,6.485852124103753,8.727060903902709,6.882912681008425,6.642787374826168,5.712584242250692,6.678020645885712,6.359117926329296,6.486409047124095,6.586279825010578,5.821247966056612,6.399494190902992,6.311764014638088,6.467413031533695,6.247268531298767,6.675382085862251,6.850637638544996,10.088307371733702,6.54994815491059
300,5.02,11.490538642367344,5.1557266654103175,5.864135124948186,6.317558212906361,5.835535009270945,6.28730428152299,5.673709712767818,6.205059384005253,5.995507806530101,6.430598968513747,6.120568763695742,5.980839075587452,6.144996364692949,6.165767765557765,5.956265994868861,6.217832537422475,5.729146487762868,6.119985518536077,6.1019159963563565,8.168160571320639,6.469795402239482,6.223213539328169,5.395917445609497,6.280943674622005,5.9861415557985875,6.098540100695515,6.1890019778663365,5.4949491802668655,6.0263687048984504,5.94260055676825,6.085495081207115,5.881199137789637,6.279086402365095,6.440190830594146,9.436516045566934,6.162667343960704
301,5.02,11.490538642367344,5.1557266654103175,5.864135124948186,6.317558212906361,5.835535009270945,6.28730428152299,5.673709712767818,6.205059384005253,5.995507806530101,6.430598968513747,6.120568763695742,5.980839075587452,6.144996364692949,6.165767765557765,5.956265994868861,6.217832537422475,5.729146487762868,6.119985518536077,6.1019159963563565,8.168160571320639,6.469795402239482,6.223213539328169,5.395917445609497,6.280943674622005,5.9861415557985875,6.098540100695515,6.1890019778663365,5.4949491802668655,6.0263687048984504,5.94260055676825,6.085495081207115,5.881199137789637,6.279086402365095,6.440190830594146,9.436516045566934,6.162667343960704
302,5.02,11.490538642367344,5.1557266654103175,5.864135124948186,6.317558212906361,5.835535009270945,6.28730428152299,5.673709712767818,6.205059384005253,5.995507806530101,6.430598968513747,6.120568763695742,5.980839075587452,6.144996364692949,6.165767765557765,5.956265994868861,6.217832537422475,5.729146487762868,6.119985518536077,6.1019159963563565,8.168160571320639,6.469795402239482,6.223213539328169,5.395917445609497,6.280943674622005,5.9861415557985875,6.098540100695515,6.1890019778663365,5.4949491802668655,6.0263687048984504,5.94260055676825,6.085495081207115,5.881199137789637,6.279086402365095,6.440190830594146,9.436516045566934,6.162667343960704
303,5.02,11.490538642367344,5.1557266654103175,5.864135124948186,6.317558212906361,5.835535009270945,6.28730428152299,5.673709712767818,6.205059384005253,5.995507806530101,6.430598968513747,6.120568763695742,5.980839075587452,6.144996364692949,6.165767765557765,5.956265994868861,6.217832537422475,5.729146487762868,6.119985518536077,6.1019159963563565,8.168160571320639,6.469795402239482,6.223213539328169,5.395917445609497,6.280943674622005,5.9861415557985875,6.098540100695515,6.1890019778663365,5.4949491802668655,6.0263687048984504,5.94260055676825,6.085495081207115,5.881199137789637,6.279086402365095,6.440190830594146,9.436516045566934,6.162667343960704
304,4.57,10.189926084033525,4.694876506103456,5.188635426377033,5.6504024999952875,5.262827097428973,5.644629052425166,5.121707907303595,5.556672638397412,5.394713140589632,5.751006901336379,5.4851464557894545,5.378532633551276,5.522172103194853,5.540116842030121,5.360965281168848,5.588576145075564,5.16844571627019,5.485366618256968,5.484875791048042,7.269927893956597,5.805856918503681,5.548898446563529,4.886988665293292,5.6427842565196205,5.3867152460170935,5.475179293935297,5.550519723527376,4.970540417390488,5.426702745248294,5.349302142334584,5.471698375325111,5.2928733267928205,5.642182625316098,5.780544174958848,8.38899427137035,5.5402517549341015
305,4.58,10.218828585329828,4.705117620754719,5.203646530789726,5.665228182504422,5.27555393991435,5.658910724182895,5.133974614091689,5.571081232744253,5.408064133166086,5.766108947273652,5.499266951520704,5.391917221152081,5.536012642339254,5.554020195886289,5.374194185917737,5.60255962046105,5.1809057334144715,5.499469260485393,5.498587795610449,7.289888620120241,5.820611107031142,5.563883226402743,4.898298193744763,5.656965576921894,5.400035830678904,5.489031756307746,5.564708218068241,4.982193945454407,5.44002865546274,5.362486551544221,5.485338302122488,5.305947233703861,5.656336042583853,5.795202989528521,8.412272533019161,5.554083212468026
306,4.65,10.42114609440398,4.776805423313565,5.308724261678572,5.769007960068367,5.364641837311991,5.758882426487002,5.219841561608346,5.6719413931721405,5.501521081201271,5.871823268834578,5.598110421639461,5.485609334357708,5.63289641635007,5.651343672879479,5.466796519159962,5.700443948159459,5.268125853424444,5.598187756084366,5.594571827547298,7.429613703265761,5.9238904267233785,5.668776685277243,4.977464892905061,5.756234819737822,5.493279923311581,5.585998992914892,5.6640276798543026,5.063768641901844,5.533310026963877,5.45477741601168,5.580817789704135,5.3974645820811435,5.755409963458142,5.897814691516236,8.575220364560854,5.650903415205499
307,4.0,8.542483510144013,4.11113297098143,4.333002474853572,4.805338596974593,4.537397075762474,4.830573762234588,4.422505620382246,4.735382760627479,4.633706563731701,4.8901902829117105,4.680278199108155,4.615611140305453,4.73326137196393,4.747625672228434,4.606917710482165,4.791518048102809,4.4582247390461305,4.681516011236763,4.703291530990842,6.132166502628808,4.9648681724383295,4.694765995728317,4.242345543559431,4.8344489935899295,4.627441920293866,4.685588938705687,4.741775534698025,4.3062893177470745,4.6671258630247605,4.597790817385271,4.694222547874572,4.547660632863519,4.835437841054032,4.944991744487472,7.062133357388004,4.7518586755004035
308,4.206666666666667,9.139801870267696,4.322782673774212,4.643231966049214,5.111736035496717,4.800418487126937,5.1257283118943295,4.676017560669519,5.033160377128859,4.9096270769784365,5.2022992322820585,4.972101777554007,4.892225950722068,5.0192991809482415,5.034961651922613,4.8803150752925415,5.080509872736206,4.715731760027954,4.972970617290874,4.986672958613921,6.5446881766774805,5.269788068672551,5.004451445738745,4.476075798223171,5.127529615236952,4.902734003304628,4.97187316106964,5.035004421875918,4.547128897734746,4.942528007456685,4.8702686077177715,4.976114368353716,4.817854709025021,5.127941797920981,5.247940578927387,7.543217431463476,5.037708797868178
309,4.413333333333333,9.737120230391376,4.5344323765669925,4.953461457244854,5.418133474018839,5.0634398984913975,5.4208828615540705,4.929529500956791,5.330937993630238,5.1855475902251715,5.5144081816524055,5.263925355999857,5.168840761138681,5.305336989932551,5.322297631616791,5.153712440102918,5.369501697369602,4.973238781009776,5.264425223344983,5.270054386236998,6.957209850726151,5.574707964906771,5.314136895749172,4.709806052886909,5.420610236883974,5.178026086315388,5.258157383433591,5.328233309053812,4.787968477722415,5.217930151888608,5.14274639805027,5.258006188832858,5.088048785186521,5.420445754787927,5.550889413367301,8.024301505538944,5.323558920235951
310,4.62,10.334438590515056,4.746082079359773,5.263690948440495,5.724530912540962,5.326461309855858,5.716037411213812,5.183041441244065,5.628715610131616,5.461468103471905,5.826517131022753,5.555748934445708,5.4454555715552955,5.591374798916862,5.609633611310969,5.427109804913295,5.658493522002997,5.230745801991599,5.555879829399092,5.553435813860077,7.3697315247748225,5.879627861140991,5.6238223457596,4.943536307550648,5.713690858530995,5.453318169326148,5.544441605797543,5.621462196231704,5.028808057710085,5.493332296320532,5.415224188382768,5.539898009312,5.358242861348023,5.712949711654875,5.853838247807214,8.505385579614414,5.6094090426037235
311,4.0,8.542483510144013,4.11113297098143,4.333002474853572,4.805338596974593,4.537397075762474,4.830573762234588,4.422505620382246,4.735382760627479,4.633706563731701,4.8901902829117105,4.680278199108155,4.615611140305453,4.73326137196393,4.747625672228434,4.606917710482165,4.791518048102809,4.4582247390461305,4.681516011236763,4.703291530990842,6.132166502628808,4.9648681724383295,4.694765995728317,4.242345543559431,4.8344489935899295,4.627441920293866,4.685588938705687,4.741775534698025,4.3062893177470745,4.6671258630247605,4.597790817385271,4.694222547874572,4.547660632863519,4.835437841054032,4.944991744487472,7.062133357388004,4.7518586755004035
312,3.46,6.981748440143424,3.5581127798131957,3.522402836568189,4.004751741481306,3.850147581552108,4.0593634873171975,3.7601034538251783,3.9573186658980686,3.9127529646031367,4.074679802298867,3.917771429620609,3.8928434098620412,3.9858722581662134,3.9968445639952574,3.892556854042148,4.036410377286514,3.785383813254917,3.9199733309018328,3.962843284620863,5.054287289791955,4.168141991955367,3.8855878844107483,3.6316310071799847,4.068657691867066,3.9081303485560728,3.937555970593425,3.9755968294912716,3.676998802295421,3.9475267114445716,3.8858327200648706,3.9576665008161678,3.84166965966734,4.0711533085952345,4.153415757725115,5.805107228352099,4.00495996866848
313,4.8,10.854683613848586,4.930422143082518,5.533890827868955,5.99139319770539,5.555544474592647,5.973107502852942,5.403842163429753,5.888070308374754,5.701785969848094,6.0983539578937,5.809917857608222,5.686378148369766,5.840504503516101,5.859893980722028,5.665230090393299,5.910196078941762,5.45502611058867,5.809727389510734,5.800251895983402,7.72902459572044,6.1452032546353115,5.893548382865456,5.14710781967713,5.968954625771949,5.693088693238746,5.793785928501631,5.876855097967288,5.238571562860637,5.733198680180594,5.652543554156235,5.7854166916648015,5.593573185746749,5.967711222474474,6.1176969100613325,8.924394289293048,5.858375278214364
314,4.8,10.854683613848586,4.930422143082518,5.533890827868955,5.99139319770539,5.555544474592647,5.973107502852942,5.403842163429753,5.888070308374754,5.701785969848094,6.0983539578937,5.809917857608222,5.686378148369766,5.840504503516101,5.859893980722028,5.665230090393299,5.910196078941762,5.45502611058867,5.809727389510734,5.800251895983402,7.72902459572044,6.1452032546353115,5.893548382865456,5.14710781967713,5.968954625771949,5.693088693238746,5.793785928501631,5.876855097967288,5.238571562860637,5.733198680180594,5.652543554156235,5.7854166916648015,5.593573185746749,5.967711222474474,6.1176969100613325,8.924394289293048,5.858375278214364
315,5.28,12.24200367607133,5.421995646343172,6.254423839678186,6.703025958143869,6.166432913890751,6.658627747223956,5.992644089258258,6.579682837023118,6.342633613517929,6.823252162882894,6.487701652708263,6.328838353208354,6.504850382447405,6.527254965818184,6.300217518339981,6.581402897445136,6.053106933514194,6.486654216475118,6.45842811497894,8.687139451575419,6.8534043039535,6.612817815147739,5.68996518534775,6.649658005081163,6.332476757005674,6.458704122379197,6.5579028359288465,5.797940909928775,6.372842370474096,6.285395196218815,6.44013317793894,6.221120717476687,6.64707525132674,6.8213200094056505,10.041750848436077,6.522285239842742
316,5.76,13.629323738294072,5.913569149603824,6.974956851487415,7.414658718582348,6.777321353188854,7.3441479915949675,6.581446015086762,7.271295365671483,6.983481257187764,7.548150367872088,7.165485447808304,6.971298558046943,7.169196261378707,7.19461595091434,6.935204946286662,7.252609715948507,6.651187756439716,7.163581043439501,7.116604333974474,9.645254307430399,7.561605353271689,7.332087247430022,6.232822551018369,7.330361384390375,6.971864820772601,7.123622316256762,7.2389505738904045,6.35731025699691,7.012486060767597,6.918246838281393,7.094849664213077,6.848668249206624,7.326439280179004,7.524943108749966,11.1591074075791,7.186195201471118
317,6.24,15.016643800516816,6.405142652864479,7.695489863296647,8.126291479020825,7.3882097924869585,8.029668235965982,7.170247940915267,7.962907894319848,7.624328900857599,8.273048572861281,7.843269242908344,7.613758762885531,7.83354214031001,7.861976936010497,7.5701923742333435,7.9238165344518805,7.24926857936524,7.840507870403884,7.774780552970012,10.603369163285377,8.26980640258988,8.051356679712308,6.775679916688988,8.011064763699588,7.61125288453953,7.788540510134331,7.9199983118519635,6.916679604065048,7.652129751061099,7.5510984803439705,7.749566150487215,7.476215780936562,8.00580330903127,8.228566208094284,12.276463966722128,7.850105163099496
318,5.9,14.033958756442374,6.056944754721516,7.185112313265108,7.622218273710238,6.955497147984136,7.54409139620318,6.7531799101200765,7.473015686527256,7.170395153258133,7.759579010993936,7.363172388045816,7.158682784458197,7.362963809400338,7.38926290490072,7.120409612771111,7.448378371345326,6.8256279964596605,7.361018034637446,7.308572397848174,9.924704473721436,7.768163992656161,7.541874165179023,6.391155949338966,7.528899870022229,7.158353006037956,7.317556789471054,7.437589497462526,6.520459649891784,7.199048803769869,7.102828567216312,7.285808639376368,7.03170294596119,7.524587121927583,7.730166512725393,11.485003070662486,7.379835606946061
319,5.88,13.976153753849758,6.036462525418988,7.155090104439722,7.592566908691966,6.93004346301338,7.515528052687721,6.728646496543888,7.444198497833573,7.143693168105222,7.729374919119385,7.334931396583313,7.131913609256589,7.3352827311115325,7.361456197188379,7.093951803273332,7.42041142057435,6.8007079621710975,7.3328127501805955,7.281148388723359,9.884783021394144,7.738655615601235,7.511904605500592,6.368536892436023,7.500537229217677,7.131711836714333,7.289851864726154,7.4092125083807945,6.4971525937639445,7.172396983340972,7.076459748797037,7.258528785781612,7.005555132139109,7.49628028739207,7.700848883586046,11.438446547364858,7.352172691878212
320,6.2,14.901033795331587,6.364178194259424,7.635445445645876,8.066988748984286,7.33730242254545,7.972541548935062,7.1211811137628915,7.905273516932484,7.57092493055178,8.212640389112181,7.78678725998334,7.560220412482314,7.778179983732402,7.806363520585817,7.517276755237786,7.867882632909932,7.199428510788112,7.784097301490186,7.7199325347203835,10.523526258630795,8.21078964848003,7.9914175603554485,6.730441802883103,7.954339482090486,7.557970545892285,7.733130660644532,7.863244333688499,6.870065491809369,7.598826110203307,7.498360843505423,7.695006443297704,7.423920153292401,7.949189639960247,8.16993094981559,12.183350920126875,7.794779332963798
321,6.1,14.612008782368516,6.261767047746787,7.485334401518953,7.918731923892937,7.210033997691678,7.829724831357768,6.998514045881953,7.761187573464074,7.437415004787231,8.061619929739432,7.645582302670832,7.426374536474275,7.63977459228838,7.667329982024117,7.384987707748894,7.728047879055062,7.074828339345295,7.643070879205938,7.582812489096313,10.323918996994342,8.063247763205407,7.8415697619633065,6.6173465183683895,7.8125262780677325,7.424764699274174,7.594606036920039,7.721359388279841,6.753530211170174,7.465567008058827,7.366516751409052,7.558607175323925,7.293181084181996,7.807655467282692,8.023342804118858,11.950568303638747,7.656464757624551
322,6.1433333333333335,14.737252954652517,6.306145211235597,7.550382520640621,7.982976548099188,7.265183648461646,7.891612075641264,7.051669775297027,7.823624815633719,7.4952693059518705,8.12706212880096,7.706771117506253,7.48437441607776,7.699750261914124,7.727577848734188,7.442312961660749,7.78864293905884,7.128821746970518,7.704182328862446,7.642231175533412,10.410415477036807,8.127182580157744,7.9065038079332375,6.666354474991433,7.873978666477593,7.48248723280869,7.654633373867322,7.7828428646235945,6.804028832780493,7.523312618988102,7.42364919131748,7.61771352477923,7.349834680796507,7.868986942109633,8.086864333920778,12.051440770783605,7.716401073604892
323,6.1866666666666665,14.862497126936514,6.350523374724405,7.615430639762287,8.047221172305438,7.3203332992316135,7.953499319924758,7.1048255047121,7.886062057803363,7.553123607116507,8.192504327862483,7.7679599323416735,7.542374295681243,7.759725931539866,7.787825715444257,7.499638215572601,7.849237999062616,7.182815154595737,7.765293778518952,7.701649861970508,10.49691195707927,8.19111739711008,7.971437853903163,6.715362431614475,7.935431054887452,7.540209766343205,7.7146607108146,7.844326340967346,6.85452745439081,7.581058229917376,7.480781631225907,7.676819874234534,7.406488277411014,7.930318416936574,8.150385863722693,12.152313237928462,7.776337389585231
324,6.23,14.987741299220511,6.394901538213215,7.680478758883954,8.111465796511691,7.375482950001582,8.015386564208253,7.157981234127174,7.948499299973007,7.610977908281146,8.257946526924007,7.8291487471770935,7.600374175284727,7.819701601165609,7.848073582154328,7.5569634694844545,7.9098330590663934,7.2368085622209595,7.82640522817546,7.7610685484076045,10.583408437121735,8.255052214062417,8.036371899873092,6.764370388237517,7.996883443297312,7.597932299877719,7.774688047761881,7.905809817311098,6.905026076001128,7.638803840846651,7.537914071134335,7.735926223689837,7.463141874025522,7.991649891763515,8.213907393524613,12.253185705073319,7.836273705565571
325,6.27,15.103351304405738,6.4358659968182685,7.740523176534722,8.170768526548231,7.42639031994309,8.072513251239169,7.207048061279549,8.00613367736037,7.664381878586964,8.318354710673106,7.885630730102097,7.653912525687941,7.8750637577432165,7.9036869975790065,7.60987908848001,7.965766960608341,7.2866486307980844,7.882815797089157,7.815916566657233,10.663251341776315,8.314068968172265,8.09631101922995,6.809608502043401,8.053608724906413,7.651214638524962,7.830097897251677,7.96256379547456,6.951640188256805,7.692107481704442,7.5906517079728815,7.790485930879348,7.515437501669684,8.048263560834535,8.272542651803304,12.346298751668566,7.891599535701268
326,6.57,15.970426343294957,6.743099436356177,8.190856308915492,8.615539001822281,7.808195594504404,8.500963403971053,7.575049264922365,8.4383915077656,8.064911655880612,8.771416088791353,8.309245602039622,8.055450153712059,8.290279932075283,8.320787613264105,8.006746230946687,8.38527122217295,7.660449145126538,8.305895063941898,8.227276703529444,11.262073126685678,8.756694623996134,8.545854414406378,7.148894355587539,8.479048336974671,8.050832178379293,8.245671768425158,8.388218631700536,7.301246030174392,8.09188478813788,7.986183984261993,8.199683734800685,7.907654709000894,8.472866078867202,8.712307088893503,13.044646601132962,8.306543261719005
327,6.57,15.970426343294957,6.743099436356177,8.190856308915492,8.615539001822281,7.808195594504404,8.500963403971053,7.575049264922365,8.4383915077656,8.064911655880612,8.771416088791353,8.309245602039622,8.055450153712059,8.290279932075283,8.320787613264105,8.006746230946687,8.38527122217295,7.660449145126538,8.305895063941898,8.227276703529444,11.262073126685678,8.756694623996134,8.545854414406378,7.148894355587539,8.479048336974671,8.050832178379293,8.245671768425158,8.388218631700536,7.301246030174392,8.09188478813788,7.986183984261993,8.199683734800685,7.907654709000894,8.472866078867202,8.712307088893503,13.044646601132962,8.306543261719005
328,6.57,15.970426343294957,6.743099436356177,8.190856308915492,8.615539001822281,7.808195594504404,8.500963403971053,7.575049264922365,8.4383915077656,8.064911655880612,8.771416088791353,8.309245602039622,8.055450153712059,8.290279932075283,8.320787613264105,8.006746230946687,8.38527122217295,7.660449145126538,8.305895063941898,8.227276703529444,11.262073126685678,8.756694623996134,8.545854414406378,7.148894355587539,8.479048336974671,8.050832178379293,8.245671768425158,8.388218631700536,7.301246030174392,8.09188478813788,7.986183984261993,8.199683734800685,7.907654709000894,8.472866078867202,8.712307088893503,13.044646601132962,8.306543261719005
329,6.38,15.42127881866512,6.548518257982169,7.905645325074337,8.333851034148715,7.566385587282239,8.229611640574193,7.341981835948581,8.164628215175622,7.811242796927969,8.48447721598313,8.040956183145855,7.801142989296785,8.027309688331641,8.056623889996876,7.755397040717792,8.119585189848697,7.423708819385185,8.03794486160183,7.96674861684371,10.882819329576416,8.47636504197435,8.261143597461306,6.934013315009585,8.20960324933144,7.797741069804884,7.98247498334862,8.118637235424085,7.079828996959921,7.838692494063369,7.73568020927889,7.940525125650505,7.659250477691128,8.203951150779847,8.433789612069711,12.602359629805516,8.043745568574439
330,6.19,14.872131294035285,6.35393707960816,7.620434341233185,8.052163066475153,7.324575580060073,7.958259877177335,7.108914406974798,7.890864922585644,7.5575739379753255,8.197538343174909,7.772666764252092,7.546835824881512,7.764339444588002,7.792460166729647,7.504047850488899,7.853899157524445,7.186968493643832,7.769994659261761,7.706220530157977,10.503565532467153,8.196035459952569,7.9764327805162365,6.719132274431632,7.9401581616882115,7.544649961230475,7.719278198272084,7.849055839147635,6.85841196374545,7.58550019998886,7.485176434295787,7.681366516500326,7.410846246381361,7.935036222692492,8.15527213524592,12.160072658478066,7.780947875429873
331,6.0,14.322983769405448,6.159355901234151,7.33522335739203,7.770475098801587,7.082765572837907,7.686908113780475,6.875846978001015,7.617101629995665,7.303905079022682,7.910599470366684,7.504377345358324,7.292528660466237,7.50136920084436,7.528296443462419,7.252698660260003,7.588213125200193,6.950228167902479,7.502044456921693,7.445692443472243,10.124311735357889,7.915705877930784,7.691721963571164,6.504251233853678,7.670713074044981,7.291558852656065,7.456081413195546,7.579474442871184,6.636994930530979,7.332307905914348,7.234672659312682,7.422207907350146,7.162442015071593,7.666121294605137,7.876754658422126,11.717785687150618,7.518150182285307
332,6.03,14.409691273294367,6.190079245187943,7.380256670630107,7.8149521463289915,7.120946100294038,7.7297531290536625,6.912647098365296,7.660327413036189,7.343958056752046,7.95590560817851,7.546738832552077,7.332682423268648,7.542890818277565,7.570006505030928,7.2923853745066705,7.630163551356654,6.987608219335324,7.544352383606967,7.486828457159465,10.184193913848823,7.959968443513171,7.7366763030888075,6.538179819208093,7.713257035251806,7.331520606641499,7.497638800312895,7.622039926493782,6.671955514722738,7.372285636557692,7.274225886941592,7.463127687742281,7.201663735804715,7.7085815464084035,7.920731102131147,11.787620472097055,7.559644554887081
333,7.0,17.21323389903616,7.183467366360512,8.83633379866126,9.253043349715082,8.355449821375622,9.115075289553417,8.102517656810399,9.057961064679759,8.639004336668172,9.42080406409417,8.916426918483408,8.630987420546628,8.885423115284574,8.91863182907941,8.57558913514892,8.986560663748886,8.196229882330652,8.912308679764156,8.816892899712943,12.120384351722429,9.391124730677012,9.190199947492587,7.635204079000801,9.088845114272505,8.623617318837166,8.841327650440476,8.998323896957764,7.802347736922931,8.664898927359141,8.553113580276387,8.786200587087933,8.46983270617563,9.081463021380689,9.342636115389453,14.045611852031922,8.901295935677759
334,6.33,15.276766312183582,6.49731268472585,7.830589803010877,8.259722621603041,7.502751374855353,8.158203281785546,7.280648302008112,8.092585243441416,7.744487834045694,8.408966986296756,7.970353704489602,7.734220051292765,7.958106992609631,7.9871071207160265,7.689252516973346,8.049667812921262,7.361408733663776,7.967431650459706,7.898188594031675,10.783015698758186,8.402594099337039,8.186219698265235,6.87746567275223,8.138696647320064,7.731138146495828,7.913212671486374,8.047694762719756,7.021561356640323,7.7720629429911305,7.669758163230705,7.8723254916636165,7.593880943135925,8.13318406444107,8.360495539221343,12.485968321561446,7.974588280904816
335,4.92,11.201513629404271,5.053315518897682,5.714024080821263,6.16930138781501,5.708266584417173,6.144487563945695,5.551042644886879,6.060973440536844,5.861997880765552,6.279578509140999,5.9793638063832315,5.846993199579413,6.006590973248927,6.026734226996066,5.82397694737997,6.077997783567605,5.60454631632005,5.978959096251831,5.964795950732286,7.968553309684184,6.322253516964858,6.073365740936027,5.282822161094785,6.139130470599253,5.852935709180478,5.960015476971021,6.0471170324576775,5.37841389962767,5.893109602753971,5.81075646467188,5.9490958132333365,5.750460068679233,6.13755222968754,6.293602684897412,9.203733429078804,6.024352768621458
336,4.663333333333333,10.459682762799057,4.790460242848583,5.328739067562161,5.788775536747213,5.381610960625827,5.777924655497308,5.236197170659137,5.6911528523012604,5.519322404636544,5.891959330084276,5.616937749281128,5.50345545115878,5.651350468542606,5.66988147802104,5.484435058825147,5.719088582006775,5.28473920961682,5.616991279055599,5.612854500297173,7.456228004817287,5.943562678093327,5.6887563917295285,4.99254426417369,5.775143246940855,5.511040702860663,5.604468942744823,5.682945672575457,5.079306679320403,5.551077907249807,5.472356628291196,5.599004358767305,5.414896457962531,5.774281186481817,5.917359777609133,8.606258046759272,5.669345358584064
337,4.406666666666667,9.71785189619384,4.527604966799484,4.943454054303059,5.408249685679416,5.05495533683448,5.411361747048918,4.921351696431396,5.321332264065678,5.176646928507536,5.504340151027556,5.254511692179023,5.159917702738146,5.296109963836284,5.313028729046012,5.1448931702703256,5.360179380445944,4.964932102913589,5.255023461859366,5.260913049862061,6.94390269995039,5.564871839221796,5.30414704252303,4.702266367252595,5.411156023282458,5.169145696540848,5.2489224085186255,5.318774312693234,4.7801994590131365,5.209046211745644,5.133956791910512,5.248912904301274,5.079332847245829,5.411010143276091,5.541116870320852,8.008782664439737,5.314337948546668
338,4.15,8.976021029588622,4.264749690750384,4.558169041043957,5.027723834611619,4.728299713043133,5.04479883860053,4.606506222203654,4.951511675830093,4.833971452378526,5.116720971970834,4.892085635076918,4.816379954317512,4.940869459129962,4.956175980070983,4.805351281715502,5.001270178885113,4.645124996210358,4.893055644663134,4.908971599426948,6.43157739508349,5.186181000350265,4.9195376933165305,4.411988470331501,5.047168799624059,4.827250690221032,4.893375874292427,4.954602952811013,4.481092238705868,4.86701451624148,4.795556955529828,4.898821449835241,4.7437692365291255,5.047739100070366,5.164873963032571,7.411307282120202,4.959330538509272
339,4.58,10.218828585329828,4.705117620754719,5.203646530789726,5.665228182504422,5.27555393991435,5.658910724182895,5.133974614091689,5.571081232744253,5.408064133166086,5.766108947273652,5.499266951520704,5.391917221152081,5.536012642339254,5.554020195886289,5.374194185917737,5.60255962046105,5.1809057334144715,5.499469260485393,5.498587795610449,7.289888620120241,5.820611107031142,5.563883226402743,4.898298193744763,5.656965576921894,5.400035830678904,5.489031756307746,5.564708218068241,4.982193945454407,5.44002865546274,5.362486551544221,5.485338302122488,5.305947233703861,5.656336042583853,5.795202989528521,8.412272533019161,5.554083212468026
340,4.49,9.958706073663064,4.612947588893347,5.068546591075496,5.531797039922207,5.161012357545955,5.53037567836333,5.023574252998845,5.4414038836226855,5.287905199977992,5.63019053383818,5.372182489939447,5.271455932744845,5.411447790039635,5.42889001118076,5.255134043177735,5.476708341991669,5.0687655791159365,5.372545480429571,5.375179754548785,7.1102420846474335,5.687823410283982,5.429020207849815,4.796512437681522,5.529333693301417,5.280150568722606,5.364359594955703,5.43701176720045,4.877312192879131,5.320095463532709,5.243826868657488,5.362578960946089,5.188282071504498,5.528955287174053,5.663273658401462,8.202768178179845,5.429600094662705
341,4.79,10.825781112552278,4.920181028431255,5.518879723456264,5.976567515196256,5.542817632107271,5.958825831095212,5.391575456641659,5.873661714027913,5.688434977271639,6.083251911956426,5.795797361876971,5.672993560768962,5.826663964371699,5.8459906268658575,5.65200118564441,5.896212603556275,5.442566093444388,5.795624747282311,5.786539891420995,7.709063869556794,6.130449066107849,5.878563603026242,5.135798291225659,5.954773305369675,5.679768108576935,5.779933466129181,5.8626666034264225,5.226918034796717,5.719872769966147,5.639359144946598,5.771776764867424,5.580499278835709,5.953557805206719,6.1030380954916605,8.901116027644235,5.844543820680441
342,4.98,11.374928637182116,5.114762206805264,5.8040907072974175,6.258255482869822,5.784627639329437,6.230177594492073,5.624642885615444,6.14742500661789,5.942103836224282,6.370190784764649,6.064086780770738,5.927300725184237,6.08963420811534,6.110154350133087,5.9033503758733055,6.161898635880528,5.679306419185742,6.06357494962238,6.047067978106729,8.08831766666606,6.410778648129633,6.163274419971313,5.3506793318036125,6.224218393012905,5.932859217151345,6.043130251205719,6.132247999702873,5.448335068011188,5.973065064040658,5.889862919929703,6.030935374017604,5.8289035101454765,6.222472733294074,6.3815555723154525,9.343402998971683,6.1073415138250065
343,5.5633333333333335,13.0609078794667,5.712160561462308,6.679738464704467,7.12308696256936,6.52702678430977,7.063275113692956,6.340200781587583,6.9879263435169445,6.720911736517484,7.251143464439016,6.887782365093704,6.7080683352311326,6.896998991538799,6.921183325076333,6.675036486225174,6.977601366700598,6.406140752602176,6.886229079613816,6.846934910913804,9.252693359545374,7.271439645564933,7.037386577258809,6.010401824806101,7.051462083145629,6.709893322423652,6.85119055626526,6.9599101812533775,6.12812420507316,6.750409826550122,6.658953457158531,6.826597770531313,6.591548079956165,7.0480887405798125,7.236653088879727,10.701301595152446,6.91417653663727
344,6.146666666666667,14.746887121751286,6.309558916119352,7.555386222111519,7.9879184422689,7.269425929290106,7.896372632893841,7.055758677559726,7.8284276804160005,7.499719636810688,8.132096144113385,7.71147794941667,7.488835945278028,7.704363774962259,7.732212300019578,7.446722596577045,7.79330409752067,7.132975086018611,7.708883209605254,7.646801843720881,10.41706905242469,8.132100643000232,7.911498734546308,6.6701243178085905,7.8787057732783525,7.486927427695962,7.659250861324804,7.787572362803884,6.807913342135133,7.527754589059586,7.42804399438736,7.622260167045022,7.354192649766853,7.873704747865553,8.091750605444002,12.059200191333208,7.721011559449534
345,6.73,16.43286636403587,6.906957270776395,8.431033979518569,8.852749921968439,8.011825074270439,8.729470152094724,7.771316573531866,8.668929017315055,8.27852753710389,9.01304882378775,8.535173533739636,8.269603555324924,8.511728558385716,8.543241274962824,8.218408706928914,8.60900682834074,7.859809419435045,8.531537339596692,8.446668776527957,11.581444745304005,8.99276164043553,8.785610891833805,7.329846810811079,8.705949463411075,8.263961532968269,8.467311166384345,8.615234544354388,7.487702479197105,8.305099351569048,8.197134531616186,8.417922563558731,8.11683721957754,8.699320755151291,8.946848122008277,13.41709878751397,8.527846582261796
346,7.2,17.791283924962308,7.388289659385784,9.136555886915106,9.549556999897781,8.609986671083167,9.400708724708007,8.347851792572277,9.346132951616578,8.90602418819727,9.72284498283967,9.198836833108425,8.898679172562707,9.162233898172616,9.19669890620281,8.840167230126706,9.266230171458625,8.445430225216287,9.19436152433265,9.091132990961086,12.519598874995337,9.686208501226258,9.489895544276873,7.861394648030226,9.372471522318012,8.890029012073386,9.118376897889462,9.28209378777508,8.035418298201321,8.9314171316481,8.816801764469128,9.058999123035491,8.731310844396438,9.3645313667358,9.635812406782918,14.511177085008185,9.177925086356248
347,6.54,15.883718839406033,6.712376092402386,8.145822995677415,8.571061954294874,7.7700150670482735,8.458118388697864,7.538249144558082,8.395165724725075,8.024858678151247,8.726109950979527,8.266884114845869,8.015296390909649,8.248758314642075,8.279077551695595,7.967059516700019,8.343320796016487,7.623069093693692,8.263587137256625,8.186140689842222,11.202190948194739,8.712432058413746,8.500900074888733,7.114965770233125,8.436504375767845,8.01087042439386,8.204114381307809,8.345653148077938,7.266285445982633,8.051907057494537,7.946630756633082,8.15876395440855,7.868432988267774,8.430405827063936,8.668330645184483,12.974811816186522,8.26504888911723
348,6.8,16.63518387311002,6.978645073335239,8.536111710407415,8.956529699532384,8.10091297166808,8.82944185439883,7.857183521048523,8.76978917774294,8.371984485139073,9.118763145348675,8.634017003858391,8.36329566853055,8.60861233239653,8.640564751956013,8.311011040171138,8.706891156039148,7.947029539445017,8.630255835195664,8.542652808464805,11.72116982844952,9.096040960127766,8.890504350708305,7.409013509971377,8.805218706227002,8.357205625600944,8.56427840299149,8.714554006140448,7.56927717564454,8.398380723070183,8.289425396083645,8.513402051140375,8.208354567954823,8.798394676025579,9.049459823995987,13.580046619055661,8.624666784999267
349,6.63,16.143841351072798,6.804546124263759,8.280922935391645,8.704493096877089,7.884556649416668,8.586653434517428,7.648649505650927,8.524843073846643,8.145017611339341,8.862028364415002,8.393968576427127,8.135757679316884,8.373323166941695,8.404207736401125,8.086119659440023,8.46917207448587,7.735209247992228,8.390510917312445,8.309548730903884,11.38183748366755,8.845219755160908,8.635763093441662,7.216751526296365,8.564136259388322,8.13075568635016,8.328786542659852,8.47334959894573,7.371167198557909,8.171840249424568,8.065290439519817,8.281523295584952,7.986098150467136,8.557786582473733,8.800259976311542,13.184316171025838,8.38953200692255
350,6.446666666666666,15.613962160640495,6.6167923556572585,8.005719354492285,8.432688917542947,7.6512312038514185,8.324822785625722,7.42375988120254,8.260685510821226,7.900249414104334,8.585157522231627,8.135092821354194,7.890373573302144,8.11957994929432,8.149312915704673,7.843589739043718,8.212808359085276,7.506775600347062,8.131962476457993,8.058161980593088,11.015890837334046,8.574726298824098,8.361042129722733,7.009410171352727,8.304145385346608,7.886544967550289,8.074824732498282,8.213227199029856,7.157519184052717,7.927531895493022,7.823576270676469,8.031457970966358,7.746409857098063,8.298307265898215,8.531515042534197,12.757548040797596,8.135955285467269
351,6.263333333333334,15.084082970208204,6.42903858705076,7.730515773592929,8.160884738208809,7.417905758286173,8.062992136734017,7.198870256754153,7.996527947795812,7.655481216869328,8.308286680048258,7.876217066281264,7.644989467287406,7.865836731646949,7.894418095008228,7.601059818647419,7.956444643684684,7.278341952701898,7.873414035603542,7.806775230282296,10.649944191000554,8.304232842487291,8.086321166003808,6.802068816409088,8.044154511304896,7.642334248750423,7.820862922336712,7.953104799113985,6.943871169547527,7.683223541561478,7.581862101833124,7.781392646347764,7.506721563728991,8.0388279493227,8.262770108756857,12.330779910569362,7.8823785640119866
352,6.08,14.554203779775904,6.24128481844426,7.455312192693569,7.889080558874666,7.184580312720923,7.80116148784231,6.973980632305766,7.732370384770393,7.41071301963432,8.031415837864884,7.617341311208331,7.399605361272668,7.612093513999577,7.639523274311779,7.358529898251117,7.700080928284089,7.049908305056732,7.61486559474909,7.5553884799715,10.28399754466705,8.033739386150483,7.811600202284878,6.594727461465448,7.784163637263182,7.398123529950554,7.566901112175142,7.69298239919811,6.730223155042335,7.438915187629931,7.340147932989778,7.531327321729169,7.267033270359917,7.7793486327471815,7.9940251749795115,11.90401178034112,7.628801842556703
353,5.28,12.24200367607133,5.421995646343172,6.254423839678186,6.703025958143869,6.166432913890751,6.658627747223956,5.992644089258258,6.579682837023118,6.342633613517929,6.823252162882894,6.487701652708263,6.328838353208354,6.504850382447405,6.527254965818184,6.300217518339981,6.581402897445136,6.053106933514194,6.486654216475118,6.45842811497894,8.687139451575419,6.8534043039535,6.612817815147739,5.68996518534775,6.649658005081163,6.332476757005674,6.458704122379197,6.5579028359288465,5.797940909928775,6.372842370474096,6.285395196218815,6.44013317793894,6.221120717476687,6.64707525132674,6.8213200094056505,10.041750848436077,6.522285239842742
354,6.13,14.69871628625744,6.2924903917005786,7.5303677147570305,7.963208971420341,7.2482145251478105,7.872569846630957,7.035314166246234,7.8044133565045986,7.477467982516597,8.106926067551258,7.687943789864585,7.466528299276687,7.681296209721587,7.709040043592628,7.424674421995562,7.769998305211525,7.112208390778141,7.685378805891213,7.623948502783535,10.38380117548528,8.107510328787795,7.8865241014809495,6.651275103722804,7.85507023927456,7.464726453259608,7.636163424037388,7.76392487190244,6.788490795361932,7.505544738702171,7.406069979037964,7.599526955716058,7.332402804915119,7.8501157190859585,8.067319247827879,12.020403088585187,7.697959130226325
355,7.1,17.502258911999235,7.285878512873148,8.986444842788183,9.401300174806433,8.482718246229393,9.257892007130714,8.225184724691339,9.202047008148169,8.77251426243272,9.57182452346692,9.057631875795916,8.764833296554666,9.023828506728595,9.05766536764111,8.707878182637813,9.126395417603755,8.320830053773468,9.053335102048404,8.954012945337013,12.319991613358884,9.538666615951636,9.34004774588473,7.748299363515514,9.230658318295259,8.756823165455275,8.97985227416497,9.140208842366421,7.918883017562126,8.798158029503622,8.684957672372757,8.922599855061712,8.600571775286033,9.222997194058244,9.489224261086186,14.278394468520053,9.039610511017003
356,7.15,17.64677141848077,7.337084086129467,9.061500364851645,9.47542858735211,8.54635245865628,9.32930036591936,8.286518258631808,9.274089979882373,8.839269225314997,9.647334753153295,9.128234354452172,8.831756234558686,9.093031202450607,9.12718213692196,8.77402270638226,9.19631279453119,8.383130139494877,9.123848313190527,9.02257296814905,12.419795244177113,9.612437558588946,9.4149716450808,7.804847005772871,9.301564920306635,8.823426088764332,9.049114586027216,9.211151315070751,7.977150657881724,8.864787580575861,8.750879718420943,8.990799489048602,8.665941309841235,9.293764280397022,9.562518333934552,14.39478577676412,9.108767798686626
357,6.5825000000000005,16.00655446991534,6.755900829670257,8.209620189431357,8.6340711049587,7.824104147611126,8.518815493668216,7.590382648407482,8.45640225069915,8.08160039660118,8.790293646212946,8.326896221703688,8.072180888213065,8.307580606005786,8.338166805584319,8.0232823618828,8.402750566404807,7.67602416655689,8.323523366727429,8.244416709232453,11.287024034390233,8.775137359655462,8.564585389205394,7.1630312661518785,8.496774987477515,8.067482909206557,8.26298734639072,8.405954249876618,7.3158129402542915,8.108542175905942,8.002664495774042,8.216733643297408,7.923997092639696,8.490557850451896,8.730630607105594,13.07374442819398,8.32383258363641
358,6.015000000000001,14.366337521349909,6.174717573211048,7.357740014011069,7.79271362256529,7.101855836565974,7.708330621417069,6.894247038183156,7.638714521515928,7.3239315678873655,7.933252539272598,7.525558088955202,7.312605541867443,7.522130009560963,7.549151474246675,7.272542017383337,7.609188338278425,6.968918193618901,7.52319842026433,7.466260450315855,10.154252824603358,7.937837160721979,7.714199133329987,6.521215526530885,7.691985054648395,7.311539729648784,7.476860106754221,7.600757184682484,6.654475222626859,7.352296771236022,7.254449273127139,7.442667797546214,7.1820528754381545,7.687351420506772,7.898742880276637,11.752703079623835,7.538897368586195
359,5.4475,12.726120572784474,5.593534316751837,6.505859838590782,6.951356140171879,6.379607525520818,6.897845749165922,6.19811142795883,6.821026792332704,6.566262739173549,7.076211432332248,6.724219956206715,6.55303019552182,6.736679413116139,6.76013614290903,6.521801672883875,6.81562611015204,6.261812220680913,6.72287347380123,6.6881041913992565,9.02148161481648,7.100536961788494,6.863812877454579,5.879399786909892,6.887195121819271,6.555596550091007,6.690732867117723,6.795560119488348,5.993137504999425,6.596051366566099,6.506234050480234,6.668601951795019,6.440108658236613,6.884144990561644,7.066855153447677,10.431661731053696,6.753962153535977
360,4.88,11.085903624219045,5.012351060292628,5.653979663170494,6.109998657778471,5.657359214475665,6.087360876914778,5.501975817734504,6.003339063149481,5.808593910459733,6.219170325391898,5.92288182345823,5.7934548491761975,5.9512288166713185,5.971120811571387,5.771061328384413,6.022063882025658,5.554706247742924,5.922548527338133,5.909947932482659,7.888710405029604,6.26323676285501,6.013426621579169,5.2375840472889,6.082405188990152,5.7996533705332345,5.904605627481225,5.990363054294215,5.331799787371993,5.839805961896179,5.7580188278333315,5.894536106043825,5.698164441035072,6.080938560616518,6.23496742661872,9.110620382483553,5.969026938485761
361,4.06,8.715898517921854,4.172579658889012,4.423069101329725,4.894292692029403,4.6137581306747375,4.916263792780963,4.4961058611108085,4.821834326708524,4.71381251919043,4.980802558535359,4.765001173495659,4.695918665910275,4.816304606830341,4.831045795365452,4.686291138975499,4.875418900415729,4.532984841911821,4.766131864607311,4.785563558365283,6.251930859610678,5.0533933036031025,4.784674674763602,4.310202714268258,4.9195369160035805,4.7073654282647315,4.768703712940382,4.826906501943219,4.376210486130592,4.747081324311448,4.676897272643093,4.776062108658839,4.626104074329762,4.920358344660565,5.032944631905511,7.201802927280881,4.83484742070395
362,3.78,7.906628481625254,3.8858284486536303,4.002758177774341,4.479173581773624,4.257406541084176,4.516376983564539,4.15263807104418,4.418393684996978,4.339984727049694,4.557945272291662,4.369627293020637,4.3211502130877655,4.428769510787082,4.441751887392694,4.315881806006602,4.483881589622095,4.184104361871933,4.37125788221142,4.401627430617887,5.693030527028609,4.64027602483416,4.365100839265603,3.9935359176270637,4.5224599447398734,4.3343890577340245,4.380834766511802,4.429628654798977,4.049911700340846,4.373955838306905,4.307733814773256,4.394144158332259,4.260034680820631,4.52406266116341,4.622497823954658,6.550011601114116,4.447566609754064
363,3.52,7.155163447921267,3.619559467720777,3.612469463044343,4.093705836536116,3.926508636464371,4.145053517863574,3.8337036945537406,4.043770231979114,3.9928589200618667,4.165292077922516,4.0024944040081145,3.973150935466865,4.068915493032626,4.080264687132277,3.9719302825354834,4.1203112295994355,3.8601439161206077,4.004589184272381,4.045115311995305,5.174051646773827,4.256667123120141,3.9754965634460335,3.699488177888812,4.153745614280717,3.9880538565269386,4.02067074482812,4.060727796736467,3.746919970678938,4.0274821727312595,3.9649391753226926,4.039506061600434,3.9201131011335817,4.156073812201767,4.2413686451431545,5.944776798244976,4.087948713872027
364,3.52,7.155163447921267,3.619559467720777,3.612469463044343,4.093705836536116,3.926508636464371,4.145053517863574,3.8337036945537406,4.043770231979114,3.9928589200618667,4.165292077922516,4.0024944040081145,3.973150935466865,4.068915493032626,4.080264687132277,3.9719302825354834,4.1203112295994355,3.8601439161206077,4.004589184272381,4.045115311995305,5.174051646773827,4.256667123120141,3.9754965634460335,3.699488177888812,4.153745614280717,3.9880538565269386,4.02067074482812,4.060727796736467,3.746919970678938,4.0274821727312595,3.9649391753226926,4.039506061600434,3.9201131011335817,4.156073812201767,4.2413686451431545,5.944776798244976,4.087948713872027
