,"Southern Company Services, Inc. - Trans",ISO New England,"Midcontinent Independent System Operator, Inc.","PJM Interconnection, LLC","Alcoa Power Generating, Inc. - Yadkin Division","Associated Electric Cooperative, Inc.",City of Homestead,City of Tallahassee,Duke Energy Carolinas,"Duke Energy Florida, Inc.",Duke Energy Progress East,Duke Energy Progress West,"Electric Energy, Inc.",Florida Municipal Power Pool,Florida Power & Light Co.,Gainesville Regional Utilities,"Gridforce Energy Management, LLC",JEA,Louisville Gas and Electric Company and Kentucky Utilities Company,Utilities Commission of New Smyrna Beach,New York Independent System Operator,NorthWestern Corporation,Ohio Valley Electric Corporation,PowerSouth Energy Cooperative,Public Service Company of New Mexico,Seminole Electric Cooperative,"Dominion Energy South Carolina, Inc.",South Carolina Public Service Authority,Southeastern Power Administration,Southwest Power Pool,Southwestern Power Administration,Tampa Electric Company,Tennessee Valley Authority,Western Area Power Administration - Rocky Mountain Region,Western Area Power Administration - Upper Great Plains West,New Brunswick System Operator,"Electric Reliability Council of Texas, Inc."
0,2.28,3.571253287179178,2.3496612509640893,1.7510925158704975,2.25532120540338,2.348380168277603,2.374126219905124,2.3126320528301036,2.2571045329708377,2.337335840581458,2.2926383817004314,2.2515529333330093,2.3134620729671784,2.352688639126759,2.356248808967206,2.3315460936732233,2.3863602817990563,2.315101790229672,2.255861547947724,2.3448267462568353,2.698921602481797,2.4271477457148185,2.117383863383467,2.2971066499063784,2.395261884398585,2.3363013584623746,2.3029654106444064,2.301354473669107,2.3018824907529174,2.3750693061397143,2.330072433327698,2.348155138725579,2.2989486441645752,2.401050071000082,2.423675638503668,3.0582723537921557,2.3728479796653867
1,2.3166666666666664,3.6772291252656375,2.3872120046853893,1.8061332320503696,2.309682041270208,2.3950452573906524,2.426492349683465,2.3576099777197808,2.3099360455759212,2.3862894800284593,2.348012550137106,2.3033280843475956,2.362538894170126,2.403437282656234,2.4072277731064955,2.3800520777524836,2.437633024879175,2.360788519758705,2.3075712361186143,2.3951040963189945,2.7721109317484967,2.4812464369821803,2.1723280561272533,2.3385749208951063,2.4472600592069274,2.385143502222348,2.3537577726767207,2.353378953652282,2.3446120936539554,2.4239309769260236,2.3784152670963676,2.3981682036492975,2.3468863028383904,2.452945934315186,2.477424625259137,3.143625979837804,2.4235633239564436
2,2.353333333333333,3.783204963352098,2.4247627584066893,1.8611739482302416,2.3640428771370363,2.4417103465037027,2.4788584794618065,2.4025879026094588,2.362767558181005,2.435243119475461,2.403386718573781,2.355103235362183,2.411615715373074,2.4541859261857084,2.4582067372457854,2.428558061831744,2.4889057679592943,2.4064752492877384,2.359280924289505,2.4453814463811536,2.845300261015197,2.535345128249542,2.227272248871039,2.3800431918838343,2.4992582340152705,2.4339856459823217,2.4045501347090346,2.4054034336354566,2.387341696554994,2.472792647712333,2.4267581008650367,2.448181268573016,2.394823961512205,2.5048417976302897,2.531173612014606,3.2289796058834526,2.4742786682475004
3,2.39,3.889180801438558,2.4623135121279893,1.9162146644101137,2.418403713003865,2.4883754356167525,2.531224609240148,2.4475658274991363,2.415599070786089,2.4841967589224625,2.4587608870104556,2.406878386376769,2.4606925365760217,2.504934569715183,2.5091857013850754,2.4770640459110047,2.5401785110394135,2.4521619788167714,2.4109906124603957,2.495658796443313,2.9184895902818973,2.5894438195169043,2.2822164416148247,2.4215114628725622,2.551256408823613,2.482827789742296,2.4553424967413493,2.4574279136186314,2.4300712994560323,2.521654318498642,2.4751009346337063,2.498194333496736,2.4427616201860203,2.556737660945393,2.5849225987700746,3.3143332319291003,2.5249940125385573
4,2.33,3.715765793660714,2.400866824220408,1.8261480379339596,2.329449617949055,2.4120143807044894,2.4455345786937714,2.373965586770573,2.329147504705043,2.404090803463733,2.368148611386806,2.3221554119892636,2.3803850109711986,2.42189133484877,2.425765578248056,2.3976906174176698,2.456277658726491,2.3774018759510813,2.326374759089848,2.413386769068871,2.798725233300024,2.5009186883521304,2.192307762579539,2.3536542921637347,2.466168486409962,2.4029042817714297,2.3722277225066533,2.372296946373436,2.3601501310725155,2.4416988572119545,2.395994479375884,2.4163547727124683,2.3643181787197776,2.4718171573388603,2.4969697113520346,3.174663662036221,2.44200526733501
5,2.37,3.831375798845944,2.441831282825462,1.886192455584729,2.388752347985595,2.4629217506459975,2.502661265724689,2.4230324139229484,2.3867818820924067,2.457494773769553,2.428556795135906,2.3786373949142674,2.433923361374414,2.477253491426379,2.4813789936727355,2.4506062364132264,2.5122115602684394,2.427241944528208,2.3827853280035463,2.468234787318499,2.8785681379546064,2.5599354424619793,2.2522468819363963,2.39889240596962,2.522893768019063,2.456186620418674,2.427637571996451,2.4290509245369,2.4067642433281935,2.495002498069746,2.448732116214432,2.47091447990198,2.4166138063639395,2.528430826409882,2.555604969630728,3.2677767086314744,2.497331097470708
6,2.35,3.77357079625333,2.4213490535229347,1.856170246759344,2.359100982967325,2.4374680656752434,2.4740979222092303,2.398499000346761,2.357964693398725,2.430792788616643,2.398352703261356,2.3503964034517657,2.4071541861728063,2.4495724131375747,2.4535722859603957,2.4241484269154476,2.4842446094974653,2.4023219102396443,2.354580043546697,2.440810778193685,2.838646685627316,2.530427065407055,2.2222773222579675,2.376273349066677,2.494531127214512,2.429545451095052,2.399932647251552,2.4006739354551683,2.3834571872003543,2.4683506776408506,2.422363297795158,2.443634626307224,2.3904659925418583,2.5001239918743714,2.5262873404913817,3.221220185333849,2.469668182402859
7,2.47,4.120400811809016,2.544242429338098,2.036303499711652,2.537009173076945,2.590190175499769,2.6454779833019835,2.5456994818038874,2.530867825560816,2.5910046995341016,2.5795772545086546,2.519842352226776,2.5677692373824534,2.6156588828704006,2.620412532234435,2.5828952839021184,2.6520463141233086,2.5518421159710254,2.5238117502877926,2.6053548329425693,3.07817539959106,2.707477327736602,2.402094680328539,2.5119876904843323,2.6647069720418153,2.5893924670367836,2.5661621957209437,2.570935869945558,2.5232995239673883,2.628261600214225,2.5805762083108026,2.6073137478757586,2.547352875474343,2.6699649990874375,2.7021931153274608,3.5005593251196054,2.6356456728099533
8,2.4933333333333336,4.187839981500399,2.56813836352438,2.0713294100079342,2.5716024322649265,2.619886141298983,2.678801884070019,2.5743217976427726,2.564487879036778,2.62215701554583,2.6148153616956296,2.5527901755996947,2.5989999417843292,2.647953474207339,2.652853691232165,2.6137627283161935,2.6846744233561113,2.5809154893076833,2.55671791548745,2.6373495102548525,3.124750427306233,2.7419037676340143,2.4370591666200387,2.538376590204432,2.6977967196471244,2.6204738312476765,2.598484607923326,2.604042357207578,2.5504910894498676,2.6593553907146044,2.611339829799956,2.639140243736307,2.577858658266771,2.702989639378867,2.736397015990032,3.5548752689668355,2.667919073722444
9,2.5166666666666666,4.255279151191782,2.5920342977106614,2.106355320304216,2.606195691452908,2.6495821070981957,2.7121257848380544,2.602944113481658,2.59810793251274,2.6533093315575575,2.6500534688826036,2.585737998972613,2.630230646186205,2.6802480655442773,2.6852948502298943,2.6446301727302677,2.7173025325889144,2.6099888626443404,2.5896240806871074,2.669344187567135,3.1713254550214054,2.7763302075314256,2.472023652911538,2.5647654899245316,2.730886467252433,2.6515551954585685,2.6308070201257068,2.637148844469598,2.577682654932346,2.6904491812149827,2.6421034512891084,2.670966739596855,2.608364441059198,2.736014279670296,2.770600916652602,3.6091912128140655,2.7001924746349344
10,2.54,4.322718320883165,2.615930231896943,2.141381230600498,2.6407889506408893,2.679278072897409,2.7454496856060895,2.631566429320544,2.6317279859887024,2.684461647569286,2.6852915760695786,2.6186858223455314,2.6614613505880804,2.712542656881215,2.7177360092276244,2.6754976171443428,2.7499306418217166,2.6390622359809974,2.622530245886765,2.701338864879418,3.217900482736578,2.8107566474288377,2.5069881392030386,2.5911543896446307,2.763976214857742,2.6826365596694606,2.6631294323280885,2.670255331731618,2.604874220414825,2.721542971715361,2.6728670727782617,2.7027932354574036,2.6388702238516255,2.7690389199617256,2.8048048173151736,3.6635071566612964,2.732465875547425
11,2.4,3.918083302734864,2.4725546267792526,1.9312257688228052,2.433229395512999,2.501102278102129,2.545506280997877,2.4598325342872296,2.430007665132929,2.4975477514989173,2.4738629329477297,2.4209988821080195,2.4740771241768256,2.518775108859585,2.523089055241245,2.4902929506598936,2.5541619864248997,2.4646219959610534,2.4250932546888198,2.5093708010057196,2.938450316445542,2.6041980080443654,2.2972012214540385,2.432820991324033,2.5654377292258883,2.4961483744041066,2.469194959113798,2.471616408159497,2.4417248275199515,2.5349802287130894,2.4882853438433425,2.511834260294113,2.4558355270970598,2.570891078213148,2.5995814133397475,3.3376114935779126,2.5388254700724815
12,2.28,3.571253287179178,2.3496612509640893,1.7510925158704975,2.25532120540338,2.348380168277603,2.374126219905124,2.3126320528301036,2.2571045329708377,2.337335840581458,2.2926383817004314,2.2515529333330093,2.3134620729671784,2.352688639126759,2.356248808967206,2.3315460936732233,2.3863602817990563,2.315101790229672,2.255861547947724,2.3448267462568353,2.698921602481797,2.4271477457148185,2.117383863383467,2.2971066499063784,2.395261884398585,2.3363013584623746,2.3029654106444064,2.301354473669107,2.3018824907529174,2.3750693061397143,2.330072433327698,2.348155138725579,2.2989486441645752,2.401050071000082,2.423675638503668,3.0582723537921557,2.3728479796653867
13,2.21,3.368935778105028,2.2779734484052443,1.6460147849816518,2.151541427839435,2.259292270879963,2.274154517601018,2.2267651053134467,2.156244372542951,2.243878892546274,2.1869240601395075,2.1527094632142534,2.2197699597615514,2.255804865115944,2.2589253319740163,2.238943760430999,2.2884759541006483,2.2278816702197,2.1571430523487516,2.2488427143199865,2.5591965193362793,2.3238684260225826,2.012490404508968,2.21793995074608,2.295992641582658,2.2430572658296977,2.2059981740372616,2.2020350118830465,2.220307794305481,2.281787934638579,2.237781568860239,2.252675651143934,2.207431295787293,2.3019761501257934,2.321063936515955,2.8953245222504647,2.2760277769279154
14,2.18,3.2822282742161075,2.247250104451453,1.6009814717435753,2.1070643803120306,2.2211117434238314,2.23130950232783,2.1899649849491656,2.113018589502429,2.2038259148169095,2.141617922327683,2.1103479760205013,2.1796161969591394,2.214283247682738,2.2172152704055073,2.1992570461843313,2.2465255279441876,2.190501618786855,2.1148351256634776,2.207706700632766,2.4993143408453435,2.2796058604401965,1.9675360649913258,2.1840113653916666,2.2534486803758327,2.203095511844265,2.164440786919914,2.1594695282604497,2.185347210113722,2.241810203995235,2.198228341231328,2.2117558707518006,2.1682095750541723,2.259515898322527,2.2770874928069356,2.825489737304026,2.2345334043261422
15,2.18,3.2822282742161075,2.247250104451453,1.6009814717435753,2.1070643803120306,2.2211117434238314,2.23130950232783,2.1899649849491656,2.113018589502429,2.2038259148169095,2.141617922327683,2.1103479760205013,2.1796161969591394,2.214283247682738,2.2172152704055073,2.1992570461843313,2.2465255279441876,2.190501618786855,2.1148351256634776,2.207706700632766,2.4993143408453435,2.2796058604401965,1.9675360649913258,2.1840113653916666,2.2534486803758327,2.203095511844265,2.164440786919914,2.1594695282604497,2.185347210113722,2.241810203995235,2.198228341231328,2.2117558707518006,2.1682095750541723,2.259515898322527,2.2770874928069356,2.825489737304026,2.2345334043261422
16,2.18,3.2822282742161075,2.247250104451453,1.6009814717435753,2.1070643803120306,2.2211117434238314,2.23130950232783,2.1899649849491656,2.113018589502429,2.2038259148169095,2.141617922327683,2.1103479760205013,2.1796161969591394,2.214283247682738,2.2172152704055073,2.1992570461843313,2.2465255279441876,2.190501618786855,2.1148351256634776,2.207706700632766,2.4993143408453435,2.2796058604401965,1.9675360649913258,2.1840113653916666,2.2534486803758327,2.203095511844265,2.164440786919914,2.1594695282604497,2.185347210113722,2.241810203995235,2.198228341231328,2.2117558707518006,2.1682095750541723,2.259515898322527,2.2770874928069356,2.825489737304026,2.2345334043261422
17,2.18,3.2822282742161075,2.247250104451453,1.6009814717435753,2.1070643803120306,2.2211117434238314,2.23130950232783,2.1899649849491656,2.113018589502429,2.2038259148169095,2.141617922327683,2.1103479760205013,2.1796161969591394,2.214283247682738,2.2172152704055073,2.1992570461843313,2.2465255279441876,2.190501618786855,2.1148351256634776,2.207706700632766,2.4993143408453435,2.2796058604401965,1.9675360649913258,2.1840113653916666,2.2534486803758327,2.203095511844265,2.164440786919914,2.1594695282604497,2.185347210113722,2.241810203995235,2.198228341231328,2.2117558707518006,2.1682095750541723,2.259515898322527,2.2770874928069356,2.825489737304026,2.2345334043261422
18,2.23,3.426740780697642,2.298455677707772,1.6760369938070363,2.181192792857705,2.2847459558507173,2.302717861116477,2.2512985188896346,2.1850615612366333,2.2705808776991843,2.217128152014057,2.180950454676755,2.246539134963159,2.2834859434047488,2.286732039686356,2.2654015699287777,2.3164429048716224,2.2528017045082636,2.1853483368056006,2.2762667234448006,2.59911797166357,2.3533768030775075,2.0424599641873966,2.2405590076490225,2.324355282387209,2.2696984351533196,2.2337030987821604,2.2304120009647783,2.2436148504333198,2.3084397550674747,2.2641503872795132,2.2799555047386892,2.233579109609374,2.330282984661305,2.350381565655302,2.941881045548091,2.3036906919957647
19,2.18,3.2822282742161075,2.247250104451453,1.6009814717435753,2.1070643803120306,2.2211117434238314,2.23130950232783,2.1899649849491656,2.113018589502429,2.2038259148169095,2.141617922327683,2.1103479760205013,2.1796161969591394,2.214283247682738,2.2172152704055073,2.1992570461843313,2.2465255279441876,2.190501618786855,2.1148351256634776,2.207706700632766,2.4993143408453435,2.2796058604401965,1.9675360649913258,2.1840113653916666,2.2534486803758327,2.203095511844265,2.164440786919914,2.1594695282604497,2.185347210113722,2.241810203995235,2.198228341231328,2.2117558707518006,2.1682095750541723,2.259515898322527,2.2770874928069356,2.825489737304026,2.2345334043261422
20,2.22,3.397838279401336,2.288214563056508,1.6610258893943444,2.1663671103485704,2.2720191133653405,2.2884361893587477,2.239031812101541,2.1706529668897927,2.2572298851227295,2.202026106076783,2.1668299589455047,2.2331545473623553,2.2696454042603467,2.272828685830187,2.2521726651798883,2.3024594294861354,2.240341687363982,2.1712456945771765,2.262554718882394,2.579157245499925,2.3386226145500455,2.027475184348183,2.2292494791975512,2.310173961984934,2.256377850491509,2.2198506364097113,2.216223506423913,2.2319613223694006,2.2951138448530273,2.250965978069876,2.2663155779413118,2.220505202698334,2.316129567393549,2.335722751085629,2.9186027838992783,2.2898592344618405
21,2.21,3.368935778105028,2.2779734484052443,1.6460147849816518,2.151541427839435,2.259292270879963,2.274154517601018,2.2267651053134467,2.156244372542951,2.243878892546274,2.1869240601395075,2.1527094632142534,2.2197699597615514,2.255804865115944,2.2589253319740163,2.238943760430999,2.2884759541006483,2.2278816702197,2.1571430523487516,2.2488427143199865,2.5591965193362793,2.3238684260225826,2.012490404508968,2.21793995074608,2.295992641582658,2.2430572658296977,2.2059981740372616,2.2020350118830465,2.220307794305481,2.281787934638579,2.237781568860239,2.252675651143934,2.207431295787293,2.3019761501257934,2.321063936515955,2.8953245222504647,2.2760277769279154
22,2.1933333333333334,3.3207649426111834,2.260904923986472,1.6209962776271647,2.126831956990877,2.238080866737668,2.2503517313381356,2.2063205939999575,2.1322300486315497,2.2216272382521827,2.161753983577383,2.1291753036621692,2.1974623137602114,2.232737299875274,2.2357530755470667,2.2168955858495174,2.2651701617915037,2.2071149749792305,2.1336386486347108,2.2259893733826415,2.5259286423968708,2.2992781118101457,1.9875157714436111,2.1990907366602945,2.272357107578866,2.2208562913933463,2.182910736749846,2.178387520981604,2.2008852475322818,2.259578084281166,2.215807553510844,2.2299424398149705,2.1856414509355595,2.278387121346201,2.2966325788998336,2.8565274195024433,2.2529753477047083
23,2.1766666666666667,3.272594107117338,2.243836399567699,1.5959777702726776,2.102122486142319,2.2168694625953727,2.2265489450752534,2.1858760826864674,2.1082157247201483,2.199375583958091,2.136583907015258,2.105641144110084,2.1751546677588713,2.2096697346346037,2.2125808191201166,2.194847411268035,2.2418643694823586,2.1863482797387612,2.1101342449206695,2.203136032445297,2.4926607654574613,2.2746877975977084,1.962541138378254,2.1802415225745095,2.2487215735750743,2.1986553169569945,2.1598232994624307,2.154740030080161,2.1814627007590826,2.2373682339237524,2.1938335381614484,2.2072092284860076,2.163851606083825,2.2547980925666087,2.2722012212837113,2.8177303167544214,2.229922918481501
24,2.16,3.2244232716234933,2.2267678751489264,1.5709592629181903,2.077413015293761,2.1956580584530774,2.202746158812371,2.1654315713729777,2.084201400808747,2.177123929664,2.1114138304531336,2.0821069845579996,2.1528470217575317,2.1866021693939337,2.189408562693167,2.1727992366865534,2.218558577173214,2.1655815844982915,2.0866298412066286,2.1802826915079514,2.4593928885180527,2.2500974833852716,1.9375665053128972,2.161392308488724,2.2250860395712824,2.1764543425206426,2.136735862175015,2.131092539178718,2.1620401539858833,2.2151583835663393,2.1718595228120536,2.1844760171570448,2.1420617612320916,2.2312090637870163,2.24776986366759,2.7789332140064,2.2068704892582933
25,2.26,3.513448284586564,2.329179021661562,1.721070307045113,2.22566984038511,2.3229264833068486,2.345562876389665,2.2880986392539158,2.228287344277156,2.310633855428548,2.262434289825882,2.2233119418705076,2.2866928977655707,2.325007560837955,2.3284421012548657,2.3050882841754445,2.3583933310280827,2.2901817559411084,2.227656263490875,2.3174027371320216,2.659000150154506,2.397639368659894,2.0874143037050388,2.2744875930034363,2.3668992435940344,2.3096601891387527,2.275260485899508,2.2729774845873756,2.278575434625078,2.348417485710818,2.3037036149084242,2.320875285130823,2.272800830342495,2.372743236464571,2.3943580093643213,3.01171583049453,2.3451850645975383
26,2.26,3.513448284586564,2.329179021661562,1.721070307045113,2.22566984038511,2.3229264833068486,2.345562876389665,2.2880986392539158,2.228287344277156,2.310633855428548,2.262434289825882,2.2233119418705076,2.2866928977655707,2.325007560837955,2.3284421012548657,2.3050882841754445,2.3583933310280827,2.2901817559411084,2.227656263490875,2.3174027371320216,2.659000150154506,2.397639368659894,2.0874143037050388,2.2744875930034363,2.3668992435940344,2.3096601891387527,2.275260485899508,2.2729774845873756,2.278575434625078,2.348417485710818,2.3037036149084242,2.320875285130823,2.272800830342495,2.372743236464571,2.3943580093643213,3.01171583049453,2.3451850645975383
27,2.15,3.1955207703271853,2.2165267604976626,1.555948158505498,2.0625873327846254,2.1829312159677,2.1884644870546412,2.153164864584884,2.0697928064619058,2.1637729370875443,2.0963117845158585,2.0679864888267483,2.1394624341567274,2.1727616302495316,2.175505208836997,2.159570331937664,2.204575101787727,2.1531215673540096,2.0725271989782037,2.1665706869455446,2.439432162354407,2.235343294857809,1.9225817254736826,2.150082780037253,2.2109047191690068,2.163133757858832,2.122883399802566,2.116904044637852,2.1503866259219637,2.2018324733518915,2.1586751136024165,2.1708360903596664,2.1289878543210508,2.2170556465192606,2.233111049097916,2.7556549523575864,2.1930390317243686
28,2.28,3.571253287179178,2.3496612509640893,1.7510925158704975,2.25532120540338,2.348380168277603,2.374126219905124,2.3126320528301036,2.2571045329708377,2.337335840581458,2.2926383817004314,2.2515529333330093,2.3134620729671784,2.352688639126759,2.356248808967206,2.3315460936732233,2.3863602817990563,2.315101790229672,2.255861547947724,2.3448267462568353,2.698921602481797,2.4271477457148185,2.117383863383467,2.2971066499063784,2.395261884398585,2.3363013584623746,2.3029654106444064,2.301354473669107,2.3018824907529174,2.3750693061397143,2.330072433327698,2.348155138725579,2.2989486441645752,2.401050071000082,2.423675638503668,3.0582723537921557,2.3728479796653867
29,2.28,3.571253287179178,2.3496612509640893,1.7510925158704975,2.25532120540338,2.348380168277603,2.374126219905124,2.3126320528301036,2.2571045329708377,2.337335840581458,2.2926383817004314,2.2515529333330093,2.3134620729671784,2.352688639126759,2.356248808967206,2.3315460936732233,2.3863602817990563,2.315101790229672,2.255861547947724,2.3448267462568353,2.698921602481797,2.4271477457148185,2.117383863383467,2.2971066499063784,2.395261884398585,2.3363013584623746,2.3029654106444064,2.301354473669107,2.3018824907529174,2.3750693061397143,2.330072433327698,2.348155138725579,2.2989486441645752,2.401050071000082,2.423675638503668,3.0582723537921557,2.3728479796653867
30,2.28,3.571253287179178,2.3496612509640893,1.7510925158704975,2.25532120540338,2.348380168277603,2.374126219905124,2.3126320528301036,2.2571045329708377,2.337335840581458,2.2926383817004314,2.2515529333330093,2.3134620729671784,2.352688639126759,2.356248808967206,2.3315460936732233,2.3863602817990563,2.315101790229672,2.255861547947724,2.3448267462568353,2.698921602481797,2.4271477457148185,2.117383863383467,2.2971066499063784,2.395261884398585,2.3363013584623746,2.3029654106444064,2.301354473669107,2.3018824907529174,2.3750693061397143,2.330072433327698,2.348155138725579,2.2989486441645752,2.401050071000082,2.423675638503668,3.0582723537921557,2.3728479796653867
31,2.28,3.571253287179178,2.3496612509640893,1.7510925158704975,2.25532120540338,2.348380168277603,2.374126219905124,2.3126320528301036,2.2571045329708377,2.337335840581458,2.2926383817004314,2.2515529333330093,2.3134620729671784,2.352688639126759,2.356248808967206,2.3315460936732233,2.3863602817990563,2.315101790229672,2.255861547947724,2.3448267462568353,2.698921602481797,2.4271477457148185,2.117383863383467,2.2971066499063784,2.395261884398585,2.3363013584623746,2.3029654106444064,2.301354473669107,2.3018824907529174,2.3750693061397143,2.330072433327698,2.348155138725579,2.2989486441645752,2.401050071000082,2.423675638503668,3.0582723537921557,2.3728479796653867
32,2.07,2.9643007599567275,2.1345978432875534,1.4358593232039598,1.9439818727115459,2.0811164760846825,2.074211112992806,2.0550312102801325,1.9545240516871782,2.056964996475905,1.9754954170176595,1.9550225229767415,2.032385733350296,2.062037317094314,2.0642783779876375,2.0537390939465503,2.0927072987038313,2.0534414301997557,1.9597060611508064,2.0568746504462885,2.2797463530452435,2.1173097866381108,1.8027034867599687,2.0596065524254827,2.0974541559508046,2.0565690805643437,2.012063700822971,2.0033960883109256,2.0571584014106072,2.0952251916363074,2.05319983992532,2.0617166759806436,2.0243965990327277,2.1038283083772162,2.1158405325405294,2.5694288591670813,2.082387371452972
33,2.06,2.9353982586604213,2.12435672863629,1.4208482187912677,1.929156190202411,2.0683896335993053,2.059929441235077,2.042764503492039,1.9401154573403376,2.043614003899451,1.9603933710803845,1.940902027245491,2.0190011457494927,2.0481967779499124,2.0503750241314678,2.0405101891976614,2.0787238233183447,2.0409814130554738,1.945603418922382,2.0431626458838816,2.259785626881599,2.1025555981106487,1.787718706920755,2.0482970239740115,2.08327283554853,2.043248495902533,1.9982112384505222,1.98920759377006,2.045504873346688,2.08189928142186,2.040015430715683,2.0480767491832657,2.011322692121688,2.089674891109461,2.1011817179708565,2.546150597518269,2.068555913919048
34,2.07,2.9643007599567275,2.1345978432875534,1.4358593232039598,1.9439818727115459,2.0811164760846825,2.074211112992806,2.0550312102801325,1.9545240516871782,2.056964996475905,1.9754954170176595,1.9550225229767415,2.032385733350296,2.062037317094314,2.0642783779876375,2.0537390939465503,2.0927072987038313,2.0534414301997557,1.9597060611508064,2.0568746504462885,2.2797463530452435,2.1173097866381108,1.8027034867599687,2.0596065524254827,2.0974541559508046,2.0565690805643437,2.012063700822971,2.0033960883109256,2.0571584014106072,2.0952251916363074,2.05319983992532,2.0617166759806436,2.0243965990327277,2.1038283083772162,2.1158405325405294,2.5694288591670813,2.082387371452972
35,2.08,2.9932032612530355,2.144838957938817,1.4508704276166524,1.9588075552206807,2.09384331857006,2.0884927847505357,2.0672979170682266,1.9689326460340193,2.0703159890523604,1.9905974629549341,1.9691430187079928,2.0457703209511005,2.0758778562387166,2.0781817318438076,2.0669679986954397,2.1066907740893184,2.0659014473440376,1.9738087033792313,2.0705866550086958,2.29970707920889,2.132063975165573,1.8176882665991834,2.0709160808769544,2.1116354763530802,2.069889665226155,2.025916163195421,2.0175845828517915,2.0688119294745273,2.1085511018507557,2.0663842491349573,2.0753566027780215,2.0374705059437686,2.117981725644972,2.1304993471102027,2.5927071208158954,2.096218828986897
36,2.13,3.13771576773457,2.196044531195135,1.5259259496801136,2.032935967766355,2.1574775309969456,2.1599011435391824,2.128631451008696,2.0409756177682237,2.1370709519346347,2.0661076926413084,2.0397454973642466,2.1126932589551197,2.145080551960727,2.147698501124657,2.1331125224398857,2.1766081510167528,2.1282015330654462,2.0443219145213543,2.1391466778207304,2.399510710027116,2.205834917802884,1.8926121657952542,2.12746372313431,2.1825420783644565,2.1364925885352095,2.0951784750576667,2.08852705555612,2.1270795697941245,2.1751806529229953,2.132306295183142,2.143556236764911,2.10284004049897,2.188748811983749,2.203793419958569,2.7090984290599596,2.1653761166565193
37,2.18,3.2822282742161075,2.247250104451453,1.6009814717435753,2.1070643803120306,2.2211117434238314,2.23130950232783,2.1899649849491656,2.113018589502429,2.2038259148169095,2.141617922327683,2.1103479760205013,2.1796161969591394,2.214283247682738,2.2172152704055073,2.1992570461843313,2.2465255279441876,2.190501618786855,2.1148351256634776,2.207706700632766,2.4993143408453435,2.2796058604401965,1.9675360649913258,2.1840113653916666,2.2534486803758327,2.203095511844265,2.164440786919914,2.1594695282604497,2.185347210113722,2.241810203995235,2.198228341231328,2.2117558707518006,2.1682095750541723,2.259515898322527,2.2770874928069356,2.825489737304026,2.2345334043261422
38,2.23,3.426740780697642,2.298455677707772,1.6760369938070363,2.181192792857705,2.2847459558507173,2.302717861116477,2.2512985188896346,2.1850615612366333,2.2705808776991843,2.217128152014057,2.180950454676755,2.246539134963159,2.2834859434047488,2.286732039686356,2.2654015699287777,2.3164429048716224,2.2528017045082636,2.1853483368056006,2.2762667234448006,2.59911797166357,2.3533768030775075,2.0424599641873966,2.2405590076490225,2.324355282387209,2.2696984351533196,2.2337030987821604,2.2304120009647783,2.2436148504333198,2.3084397550674747,2.2641503872795132,2.2799555047386892,2.233579109609374,2.330282984661305,2.350381565655302,2.941881045548091,2.3036906919957647
39,2.17,3.2533257729197995,2.2370089898001897,1.5859703673308827,2.092238697802895,2.208384900938454,2.2170278305701,2.1776982781610714,2.098609995155588,2.1904749222404543,2.1265158763904077,2.09622748028925,2.1662316093583356,2.200442708538336,2.2033119165493367,2.1860281414354423,2.2325420525587005,2.1780416016425734,2.1007324834350527,2.1939946960703587,2.4793536146816977,2.2648516719127336,1.952551285152111,2.172701836940195,2.2392673599735575,2.1897749271824534,2.1505883245474644,2.1452810337195833,2.1736936820498025,2.228484293780787,2.1850439320216903,2.1981159439544222,2.1551356681431315,2.245362481054771,2.2624286782372622,2.802211475655213,2.2207019467922176
40,2.16,3.2244232716234933,2.2267678751489264,1.5709592629181903,2.077413015293761,2.1956580584530774,2.202746158812371,2.1654315713729777,2.084201400808747,2.177123929664,2.1114138304531336,2.0821069845579996,2.1528470217575317,2.1866021693939337,2.189408562693167,2.1727992366865534,2.218558577173214,2.1655815844982915,2.0866298412066286,2.1802826915079514,2.4593928885180527,2.2500974833852716,1.9375665053128972,2.161392308488724,2.2250860395712824,2.1764543425206426,2.136735862175015,2.131092539178718,2.1620401539858833,2.2151583835663393,2.1718595228120536,2.1844760171570448,2.1420617612320916,2.2312090637870163,2.24776986366759,2.7789332140064,2.2068704892582933
41,2.15,3.1955207703271853,2.2165267604976626,1.555948158505498,2.0625873327846254,2.1829312159677,2.1884644870546412,2.153164864584884,2.0697928064619058,2.1637729370875443,2.0963117845158585,2.0679864888267483,2.1394624341567274,2.1727616302495316,2.175505208836997,2.159570331937664,2.204575101787727,2.1531215673540096,2.0725271989782037,2.1665706869455446,2.439432162354407,2.235343294857809,1.9225817254736826,2.150082780037253,2.2109047191690068,2.163133757858832,2.122883399802566,2.116904044637852,2.1503866259219637,2.2018324733518915,2.1586751136024165,2.1708360903596664,2.1289878543210508,2.2170556465192606,2.233111049097916,2.7556549523575864,2.1930390317243686
42,2.08,2.9932032612530355,2.144838957938817,1.4508704276166524,1.9588075552206807,2.09384331857006,2.0884927847505357,2.0672979170682266,1.9689326460340193,2.0703159890523604,1.9905974629549341,1.9691430187079928,2.0457703209511005,2.0758778562387166,2.0781817318438076,2.0669679986954397,2.1066907740893184,2.0659014473440376,1.9738087033792313,2.0705866550086958,2.29970707920889,2.132063975165573,1.8176882665991834,2.0709160808769544,2.1116354763530802,2.069889665226155,2.025916163195421,2.0175845828517915,2.0688119294745273,2.1085511018507557,2.0663842491349573,2.0753566027780215,2.0374705059437686,2.117981725644972,2.1304993471102027,2.5927071208158954,2.096218828986897
43,2.08,2.9932032612530355,2.144838957938817,1.4508704276166524,1.9588075552206807,2.09384331857006,2.0884927847505357,2.0672979170682266,1.9689326460340193,2.0703159890523604,1.9905974629549341,1.9691430187079928,2.0457703209511005,2.0758778562387166,2.0781817318438076,2.0669679986954397,2.1066907740893184,2.0659014473440376,1.9738087033792313,2.0705866550086958,2.29970707920889,2.132063975165573,1.8176882665991834,2.0709160808769544,2.1116354763530802,2.069889665226155,2.025916163195421,2.0175845828517915,2.0688119294745273,2.1085511018507557,2.0663842491349573,2.0753566027780215,2.0374705059437686,2.117981725644972,2.1304993471102027,2.5927071208158954,2.096218828986897
44,2.08,2.9932032612530355,2.144838957938817,1.4508704276166524,1.9588075552206807,2.09384331857006,2.0884927847505357,2.0672979170682266,1.9689326460340193,2.0703159890523604,1.9905974629549341,1.9691430187079928,2.0457703209511005,2.0758778562387166,2.0781817318438076,2.0669679986954397,2.1066907740893184,2.0659014473440376,1.9738087033792313,2.0705866550086958,2.29970707920889,2.132063975165573,1.8176882665991834,2.0709160808769544,2.1116354763530802,2.069889665226155,2.025916163195421,2.0175845828517915,2.0688119294745273,2.1085511018507557,2.0663842491349573,2.0753566027780215,2.0374705059437686,2.117981725644972,2.1304993471102027,2.5927071208158954,2.096218828986897
45,2.08,2.9932032612530355,2.144838957938817,1.4508704276166524,1.9588075552206807,2.09384331857006,2.0884927847505357,2.0672979170682266,1.9689326460340193,2.0703159890523604,1.9905974629549341,1.9691430187079928,2.0457703209511005,2.0758778562387166,2.0781817318438076,2.0669679986954397,2.1066907740893184,2.0659014473440376,1.9738087033792313,2.0705866550086958,2.29970707920889,2.132063975165573,1.8176882665991834,2.0709160808769544,2.1116354763530802,2.069889665226155,2.025916163195421,2.0175845828517915,2.0688119294745273,2.1085511018507557,2.0663842491349573,2.0753566027780215,2.0374705059437686,2.117981725644972,2.1304993471102027,2.5927071208158954,2.096218828986897
46,1.95,2.617470744401042,2.0117044674723905,1.2557260702516522,1.766073682601926,1.9283943662601568,1.9028310519000526,1.9078307288230067,1.7816209195250874,1.8967530855584467,1.7942708657703608,1.7855765742017315,1.8717706821406495,1.8959508473614886,1.8974381317135984,1.89499223695988,1.9249055940779884,1.903921224468375,1.790474354409711,1.8923305956974044,2.040217639081499,1.9402595243085636,1.6228861286893979,1.923892211007828,1.927278311123502,1.8967220646226117,1.8458341523535797,1.8331341538205361,1.9173160646435732,1.9353142690629326,1.8949869294096755,1.898037554412109,1.8675097161002436,1.93398730116415,1.9399347577044503,2.2900897193813257,1.9164098810458783
47,1.93,2.559665741808427,1.9912222381698632,1.225703861426268,1.7364223175836562,1.9029406812894023,1.8742677083845938,1.883297315246819,1.7528037308314053,1.8700511004055367,1.7640667738958111,1.7573355827392299,1.8450015069390413,1.8682697690726842,1.8696314240012586,1.8685344274621019,1.8969386433070143,1.8790011901798116,1.7622690699528616,1.8649065865725905,2.000296186754208,1.9107511472536394,1.5929165690109697,1.9012731541048853,1.8989156703189511,1.8700808952989898,1.8181292276086811,1.8047571647388043,1.8940090085157344,1.9086624486340367,1.8686181109904014,1.8707577008173533,1.8413619022781629,1.905680466628639,1.9106171285651037,2.243533196083699,1.8887469659780294
48,1.89,2.4440557366231985,1.9502577795648088,1.1656594437754983,1.677119587547116,1.852033311347894,1.817141021353676,1.8342304880944436,1.6951693534440415,1.816647130099717,1.7036585901467114,1.7008535998142265,1.7914631565358257,1.8129076124950756,1.814018008576579,1.815618808466545,1.8410047417650666,1.8291611216026844,1.705858501039163,1.8100585683229622,1.9204532820996263,1.8517343931437902,1.5329774496541124,1.8560350402990005,1.84219038870985,1.8167985566517457,1.762719378118884,1.7480031865753412,1.8473948962600562,1.8553588077762448,1.815880474151853,1.8161979936278418,1.7890662746340014,1.849066797557617,1.8519818702864108,2.1504201494884465,1.8334211358423311
49,1.83,2.270640728845356,1.8888110916572272,1.075592817299345,1.5881654924923065,1.775672256435631,1.7314509908072995,1.7606302473658808,1.6087177873629959,1.7365411746409878,1.6130463145230625,1.6161306254267214,1.7111556309310023,1.7298643776286626,1.7305978854395594,1.73624537997321,1.7571038894521451,1.7544010187369943,1.6212426476686153,1.7277865409485202,1.8006889251177542,1.7632092619790163,1.4430687706188272,1.7881778695901733,1.7571024662961987,1.7368750486808797,1.6796046038841883,1.6628722193301466,1.7774737278765391,1.7754033464895573,1.736774018894031,1.734358432843575,1.710622833167759,1.764146293951084,1.764028982868371,2.0107505795955687,1.750432390638784
50,1.84,2.299543230141663,1.8990522063084907,1.0906039217120371,1.6029911750014416,1.7883990989210081,1.745732662565029,1.7728969541539745,1.623126381709837,1.7498921672174428,1.6281483604603373,1.6302511211579724,1.7245402185318062,1.7437049167730647,1.7445012392957293,1.749474284722099,1.7710873648376317,1.7668610358812757,1.6353452898970398,1.7414985455109275,1.8206496512813994,1.7779634505064785,1.4580535504580414,1.7994873980416446,1.771283786698474,1.750195633342691,1.6934570662566375,1.6770607138710123,1.7891272559404585,1.7887292567040052,1.749958428103668,1.7479983596409525,1.7236967400787995,1.778299711218839,1.7786877974380446,2.0340288412443814,1.7642638481727086
51,1.85,2.32844573143797,1.9092933209597545,1.1056150261247295,1.6178168575105767,1.8011259414063852,1.7600143343227583,1.7851636609420682,1.6375349760566782,1.7632431597938978,1.643250406397612,1.6443716168892233,1.7379248061326102,1.7575454559174672,1.7584045931518992,1.7627031894709884,1.785070840223119,1.7793210530255577,1.6494479321254643,1.7552105500733342,1.8406103774450446,1.792717639033941,1.4730383302972556,1.8107969264931154,1.7854651071007492,1.7635162180045019,1.707309528629087,1.691249208411878,1.8007807840043784,1.8020551669184532,1.7631428373133051,1.7616382864383306,1.7367706469898399,1.7924531284865948,1.793346612007718,2.0573071028931946,1.7780953057066333
52,1.86,2.357348232734277,1.919534435611018,1.120626130537422,1.6326425400197118,1.8138527838917624,1.7742960060804878,1.7974303677301624,1.6519435704035188,1.7765941523703526,1.6583524523348872,1.6584921126204741,1.751309393733414,1.7713859950618693,1.7723079470080692,1.7759320942198775,1.799054315608606,1.7917810701698396,1.6635505743538892,1.7689225546357414,1.86057110360869,1.8074718275614035,1.48802311013647,1.822106454944587,1.7996464275030246,1.7768368026663128,1.7211619910015363,1.7054377029527439,1.8124343120682975,1.8153810771329013,1.7763272465229423,1.7752782132357083,1.7498445539008802,1.8066065457543505,1.808005426577391,2.0805853645420074,1.791926763240558
53,1.85,2.32844573143797,1.9092933209597545,1.1056150261247295,1.6178168575105767,1.8011259414063852,1.7600143343227583,1.7851636609420682,1.6375349760566782,1.7632431597938978,1.643250406397612,1.6443716168892233,1.7379248061326102,1.7575454559174672,1.7584045931518992,1.7627031894709884,1.785070840223119,1.7793210530255577,1.6494479321254643,1.7552105500733342,1.8406103774450446,1.792717639033941,1.4730383302972556,1.8107969264931154,1.7854651071007492,1.7635162180045019,1.707309528629087,1.691249208411878,1.8007807840043784,1.8020551669184532,1.7631428373133051,1.7616382864383306,1.7367706469898399,1.7924531284865948,1.793346612007718,2.0573071028931946,1.7780953057066333
54,1.85,2.32844573143797,1.9092933209597545,1.1056150261247295,1.6178168575105767,1.8011259414063852,1.7600143343227583,1.7851636609420682,1.6375349760566782,1.7632431597938978,1.643250406397612,1.6443716168892233,1.7379248061326102,1.7575454559174672,1.7584045931518992,1.7627031894709884,1.785070840223119,1.7793210530255577,1.6494479321254643,1.7552105500733342,1.8406103774450446,1.792717639033941,1.4730383302972556,1.8107969264931154,1.7854651071007492,1.7635162180045019,1.707309528629087,1.691249208411878,1.8007807840043784,1.8020551669184532,1.7631428373133051,1.7616382864383306,1.7367706469898399,1.7924531284865948,1.793346612007718,2.0573071028931946,1.7780953057066333
55,1.78,2.1261282223638203,1.837605518400909,1.0005372952358833,1.5140370799466318,1.712038044008745,1.6600426320186523,1.6992967134254116,1.5366748156287913,1.6697862117587134,1.5375360848366881,1.5455281467704673,1.6442326929269826,1.660661681906652,1.6610811161587096,1.6701008562287638,1.6871865125247103,1.6921009330155856,1.5507294365264919,1.6592265181364851,1.7008852942995272,1.689438319341705,1.3681448714227558,1.731630227332817,1.6861958642848225,1.6702721253718247,1.610342292021942,1.5919297466258175,1.7192060875569415,1.7087737954173174,1.6708519728458455,1.6661587988566855,1.6452532986125572,1.6933792076123062,1.6907349100200046,1.8943592713515036,1.6812751029691617
56,1.78,2.1261282223638203,1.837605518400909,1.0005372952358833,1.5140370799466318,1.712038044008745,1.6600426320186523,1.6992967134254116,1.5366748156287913,1.6697862117587134,1.5375360848366881,1.5455281467704673,1.6442326929269826,1.660661681906652,1.6610811161587096,1.6701008562287638,1.6871865125247103,1.6921009330155856,1.5507294365264919,1.6592265181364851,1.7008852942995272,1.689438319341705,1.3681448714227558,1.731630227332817,1.6861958642848225,1.6702721253718247,1.610342292021942,1.5919297466258175,1.7192060875569415,1.7087737954173174,1.6708519728458455,1.6661587988566855,1.6452532986125572,1.6933792076123062,1.6907349100200046,1.8943592713515036,1.6812751029691617
57,1.71,1.9238107132896696,1.7659177158420638,0.8954595643470373,1.410257302382687,1.6229501466111047,1.5600709297145463,1.6134297659087546,1.4358146552009048,1.576329263723529,1.431821763275764,1.4466846766517112,1.550540579721355,1.563777907895837,1.5637576391655204,1.5774985229865395,1.589302184826302,1.6048808130056134,1.4520109409275193,1.563242486199636,1.561160211154009,1.586158999649469,1.2632514125482563,1.6524635281725182,1.5869266214688955,1.5770280327391477,1.5133750554147964,1.4926102848397567,1.6376313911095046,1.6154924239161819,1.5785611083783864,1.5706793112750403,1.5537359502352746,1.5943052867380174,1.5881232080322918,1.7314114398098115,1.58445490023169
58,1.64,1.7214932042155198,1.6942299132832186,0.7903818334581914,1.3064775248187424,1.5338622492134648,1.46009922741044,1.5275628183920975,1.3349544947730183,1.4828723156883445,1.3261074417148397,1.3478412065329555,1.4568484665157277,1.4668941338850217,1.4664341621723307,1.4848961897443154,1.4914178571278935,1.517660692995641,1.3532924453285469,1.4672584542627871,1.4214351280084914,1.4828796799572332,1.1583579536737565,1.5732968290122196,1.487657378652969,1.483783940106471,1.4164078188076514,1.3932908230536962,1.5560566946620682,1.5222110524150463,1.4862702439109272,1.4751998236933952,1.462218601857992,1.4952313658637286,1.4855115060445792,1.5684636082681205,1.4876346974942185
59,1.57,1.519175695141369,1.6225421107243734,0.6853041025693454,1.2026977472547975,1.4447743518158247,1.3601275251063343,1.4416958708754408,1.2340943343451316,1.3894153676531604,1.2203931201539158,1.2489977364141995,1.3631563533101003,1.3700103598742068,1.3691106851791413,1.392293856502091,1.393533529429485,1.430440572985669,1.2545739497295743,1.3712744223259379,1.2817100448629735,1.3796003602649973,1.053464494799257,1.494130129851921,1.388388135837042,1.3905398474737938,1.3194405822005062,1.2939713612676358,1.4744819982146316,1.4289296809139107,1.3939793794434676,1.3797203361117503,1.3707012534807097,1.39615744498944,1.382899804056866,1.4055157767264286,1.390814494756747
60,1.6,1.6058831990302913,1.6532654546781642,0.7303374158074223,1.2471747947822027,1.4829548792719565,1.4029725403795226,1.4784959912397224,1.2773201173856545,1.4294683453825252,1.2656992579657405,1.291359223607952,1.4033101161125123,1.4115319773074133,1.410820746747651,1.4319805707487587,1.435483955585946,1.4678206244185141,1.2968818764148484,1.412410436013159,1.34159222335391,1.4238629258473843,1.0984188343168997,1.5280587152063347,1.430932097043868,1.430501601459227,1.3609979693178542,1.3365368448902333,1.5094425824063902,1.468907411557255,1.433532607072379,1.420640116503884,1.4099229742138308,1.438617696792707,1.4268762477658863,1.4753505616728684,1.4323088673585205
61,1.59,1.5769806977339842,1.643024340026901,0.7153263113947301,1.2323491122730679,1.4702280367865792,1.3886908686217931,1.4662292844516285,1.262911523038814,1.4161173528060704,1.2505972120284656,1.2772387278767012,1.3899255285117085,1.3976914381630112,1.3969173928914813,1.4187516659998693,1.421500480200459,1.4553606072742329,1.282779234186424,1.3986984314507522,1.3216314971902647,1.409108737319922,1.0834340544776857,1.5167491867548637,1.4167507766415928,1.4171810167974161,1.3471455069454052,1.3223483503493676,1.4977890543424706,1.4555815013428068,1.420348197862742,1.407000189706506,1.3968490673027905,1.4244642795249514,1.412217433196213,1.4520723000240554,1.4184774098245962
62,1.49,1.2879556847709122,1.5406131935142644,0.5652152672678068,1.0840922871817178,1.3429596119328076,1.2458741510444986,1.3435622165706897,1.118825579570404,1.282607427041521,1.0995767526557167,1.1360337705641927,1.2560796525036688,1.2592860467189895,1.2578838543297817,1.2864626185109773,1.2816657263455895,1.3307604358314151,1.141752811902177,1.2615783858266818,1.1220242355538101,1.261566852045299,0.933586256085543,1.4036539022401513,1.2749375726188399,1.2839751701793058,1.2086208832209118,1.1804634049407092,1.3812537737032753,1.3223223991983273,1.288504105766371,1.2706009217327272,1.2661099981923865,1.282930106847396,1.26562928749948,1.2192896835359244,1.2801628344853506
63,1.5133333333333334,1.3553948544622951,1.5645091277005465,0.6002411775640892,1.1186855463696996,1.3726555777320208,1.2791980518125343,1.3721845324095758,1.1524456330463666,1.3137597430532493,1.1348148598426915,1.1689815939371115,1.287310356905545,1.291580638055928,1.2903250133275117,1.3173300629250524,1.3142938355783924,1.3598338091680726,1.1746589771018348,1.293573063138965,1.1685992632689828,1.2959932919427113,0.9685507423770431,1.430042801960251,1.308027320224149,1.3150565343901985,1.240943295423294,1.2135698922027296,1.4084453391857543,1.353416189698706,1.3192677272555244,1.3024274175932757,1.2966157809848142,1.3159547471388255,1.299833188162051,1.2736056273831546,1.3124362353978414
64,1.5366666666666666,1.422834024153679,1.588405061886828,0.6352670878603708,1.153278805557681,1.4023515435312341,1.3125219525805694,1.400806848248461,1.1860656865223285,1.3449120590649772,1.170052967029666,1.20192941731003,1.3185410613074207,1.3238752293928664,1.3227661723252415,1.348197507339127,1.3469219448111953,1.3889071825047299,1.2075651423014921,1.3255677404512478,1.2151742909841554,1.3304197318401232,1.0035152286685427,1.45643170168035,1.341117067829458,1.3461378986010906,1.2732657076256753,1.2466763794647497,1.435636904668233,1.3845099801990846,1.3500313487446773,1.3342539134538238,1.3271215637772416,1.348979387430255,1.3340370888246218,1.3279215712303856,1.344709636310332
65,1.56,1.490273193845062,1.6123009960731098,0.6702929981566532,1.1878720647456626,1.4320475093304477,1.3458458533486046,1.4294291640873469,1.2196857399982908,1.3760643750767054,1.205291074216641,1.2348772406829487,1.3497717657092965,1.3561698207298047,1.3552073313229713,1.3790649517532017,1.3795500540439982,1.4179805558413874,1.2404713075011498,1.357562417763531,1.261749318699328,1.3648461717375349,1.0384797149600427,1.4828206014004497,1.3742068154347669,1.377219262811983,1.305588119828057,1.27978286672677,1.4628284701507122,1.415603770699463,1.3807949702338305,1.3660804093143724,1.3576273465696693,1.3820040277216847,1.3682409894871927,1.3822375150776156,1.3769830372228222
66,1.6,1.6058831990302913,1.6532654546781642,0.7303374158074223,1.2471747947822027,1.4829548792719565,1.4029725403795226,1.4784959912397224,1.2773201173856545,1.4294683453825252,1.2656992579657405,1.291359223607952,1.4033101161125123,1.4115319773074133,1.410820746747651,1.4319805707487587,1.435483955585946,1.4678206244185141,1.2968818764148484,1.412410436013159,1.34159222335391,1.4238629258473843,1.0984188343168997,1.5280587152063347,1.430932097043868,1.430501601459227,1.3609979693178542,1.3365368448902333,1.5094425824063902,1.468907411557255,1.433532607072379,1.420640116503884,1.4099229742138308,1.438617696792707,1.4268762477658863,1.4753505616728684,1.4323088673585205
67,1.61,1.6347857003265984,1.6635065693294278,0.7453485202201144,1.2620004772913376,1.4956817217573333,1.417254212137252,1.4907626980278161,1.2917287117324954,1.44281933795898,1.2808013039030155,1.305479719339203,1.4166947037133162,1.4253725164518154,1.4247241006038212,1.4452094754976477,1.4494674309714328,1.480280641562796,1.310984518643273,1.4261224405755661,1.3615529495175551,1.4386171143748465,1.1134036141561139,1.5393682436578062,1.445113417446143,1.443822186121038,1.3748504316903036,1.350725339431099,1.5210961104703096,1.4822333217717027,1.4467170162820158,1.434280043301262,1.4229968811248712,1.4527711140604624,1.4415350623355594,1.4986288233216811,1.446140324892445
68,1.72,1.952713214585977,1.7761588304933271,0.9104706687597296,1.425082984891822,1.635676989096482,1.5743526014722755,1.6256964726968484,1.4502232495477456,1.5896802562999839,1.4469238092130388,1.4608051723829618,1.563925167322159,1.577618447040239,1.57766099302169,1.5907274277354286,1.6032856602117889,1.617340830149895,1.466113583155944,1.5769544907620432,1.5811209373176545,1.6009131881769312,1.2782361923874705,1.6637730566239894,1.6011079418711707,1.590348617400959,1.5272275177872459,1.5067987793806226,1.6492849191734242,1.6288183341306297,1.5917455175880235,1.584319238072418,1.566809857146315,1.608458704005773,1.602782022601965,1.7546897014586247,1.5982863577656143
69,1.74,2.010518217178591,1.7966410597958546,0.9404928775851142,1.4547343499100918,1.6611306740672365,1.6029159449877346,1.650229886273036,1.4790404382414275,1.6163822414528937,1.4771279010875884,1.489046163845464,1.590694342523767,1.6052995253290434,1.60546770073403,1.6171852372332072,1.6312526109827625,1.6422608644384584,1.4943188676127932,1.6043784998868569,1.621042389644945,1.630421565231856,1.308205752065899,1.686392113526932,1.6294705826757214,1.6169897867245808,1.5549324425321445,1.5351757684623542,1.6725919753012635,1.6554701545595258,1.6181143360072974,1.6115990916671739,1.5929576709683957,1.636765538541284,1.6320996517413118,1.8012462247562508,1.6259492728334637
70,1.72,1.952713214585977,1.7761588304933271,0.9104706687597296,1.425082984891822,1.635676989096482,1.5743526014722755,1.6256964726968484,1.4502232495477456,1.5896802562999839,1.4469238092130388,1.4608051723829618,1.563925167322159,1.577618447040239,1.57766099302169,1.5907274277354286,1.6032856602117889,1.617340830149895,1.466113583155944,1.5769544907620432,1.5811209373176545,1.6009131881769312,1.2782361923874705,1.6637730566239894,1.6011079418711707,1.590348617400959,1.5272275177872459,1.5067987793806226,1.6492849191734242,1.6288183341306297,1.5917455175880235,1.584319238072418,1.566809857146315,1.608458704005773,1.602782022601965,1.7546897014586247,1.5982863577656143
71,1.7,1.8949082119933625,1.7556766011908,0.8804484599343452,1.395431619873552,1.6102233041257277,1.5457892579568169,1.6011630591206605,1.4214060608540637,1.5629782711470739,1.4167197173384891,1.4325641809204606,1.5371559921205513,1.5499373687514346,1.5498542853093502,1.5642696182376503,1.5753187094408152,1.5924207958613317,1.4379082986990948,1.549530481637229,1.5411994849903636,1.5714048111220067,1.2482666327090421,1.641153999721047,1.5727453010666204,1.5637074480773367,1.4995225930423473,1.478421790298891,1.6259778630455854,1.602166513701734,1.5653766991687492,1.5570393844776624,1.5406620433242342,1.5801518694702619,1.5734643934626187,1.7081331781609985,1.5706234426977654
72,1.68,1.837103209400748,1.735194371888273,0.8504262511089604,1.3657802548552822,1.5847696191549736,1.517225914441358,1.5766296455444728,1.3925888721603819,1.5362762859941643,1.3865156254639392,1.4043231894579586,1.5103868169189436,1.5222562904626304,1.5220475775970104,1.537811808739872,1.547351758669841,1.567500761572768,1.4097030142422453,1.522106472512415,1.5012780326630728,1.541896434067082,1.2182970730306135,1.6185349428181044,1.5443826602620698,1.5370662787537148,1.4718176682974486,1.4500448012171594,1.6026708069177462,1.575514693272838,1.5390078807494751,1.5297595308829066,1.5145142295021534,1.5518450349347506,1.544146764323272,1.6615766548633721,1.542960527629916
73,1.81,2.2128357262527416,1.8683288623547,1.0455706084739602,1.5585141274740368,1.7502185714648766,1.7028876472918406,1.7360968337896932,1.5799005986693142,1.7098391894880782,1.5828422226485128,1.5878896339642197,1.6843864557293946,1.7021832993398585,1.7027911777272196,1.7097875704754315,1.7291369386811715,1.729480984448431,1.5930373632117658,1.7003625318237061,1.7607674727904634,1.733700884924092,1.4130992109403986,1.7655588126872308,1.7287398254916482,1.7102338793572578,1.6518996791392897,1.6344952302484148,1.7541666717487001,1.7487515260606616,1.710405200474757,1.707078579248819,1.6844750193456783,1.7358394594155728,1.7347113537290249,1.9641940562979423,1.7227694755709353
74,1.77,2.097225721067513,1.8273644037496453,0.9855261908231912,1.499211397437497,1.699311201523368,1.645760960260923,1.6870300066373176,1.5222662212819502,1.6564352191822584,1.522434038899413,1.5314076510392165,1.6308481053261787,1.6468211427622497,1.6471777623025399,1.6568719514798746,1.6732030371392235,1.6796409158713037,1.5366267942980671,1.6455145135740783,1.680924568135882,1.6746841308142428,1.3531600915835418,1.7203206988813458,1.6720145438825473,1.656951540710014,1.5964898296494923,1.5777412520849516,1.7075525594930219,1.6954478852028698,1.6576675636362084,1.6525188720593076,1.6321793917015168,1.6792257903445504,1.6760760954503313,1.8710810097026904,1.6674436454352373
75,1.84,2.299543230141663,1.8990522063084907,1.0906039217120371,1.6029911750014416,1.7883990989210081,1.745732662565029,1.7728969541539745,1.623126381709837,1.7498921672174428,1.6281483604603373,1.6302511211579724,1.7245402185318062,1.7437049167730647,1.7445012392957293,1.749474284722099,1.7710873648376317,1.7668610358812757,1.6353452898970398,1.7414985455109275,1.8206496512813994,1.7779634505064785,1.4580535504580414,1.7994873980416446,1.771283786698474,1.750195633342691,1.6934570662566375,1.6770607138710123,1.7891272559404585,1.7887292567040052,1.749958428103668,1.7479983596409525,1.7236967400787995,1.778299711218839,1.7786877974380446,2.0340288412443814,1.7642638481727086
76,1.84,2.299543230141663,1.8990522063084907,1.0906039217120371,1.6029911750014416,1.7883990989210081,1.745732662565029,1.7728969541539745,1.623126381709837,1.7498921672174428,1.6281483604603373,1.6302511211579724,1.7245402185318062,1.7437049167730647,1.7445012392957293,1.749474284722099,1.7710873648376317,1.7668610358812757,1.6353452898970398,1.7414985455109275,1.8206496512813994,1.7779634505064785,1.4580535504580414,1.7994873980416446,1.771283786698474,1.750195633342691,1.6934570662566375,1.6770607138710123,1.7891272559404585,1.7887292567040052,1.749958428103668,1.7479983596409525,1.7236967400787995,1.778299711218839,1.7786877974380446,2.0340288412443814,1.7642638481727086
77,1.8233333333333333,2.2513723946478184,1.8819836818897184,1.06558541435755,1.5782817041528836,1.767187694778713,1.7219298763021467,1.7524524428404848,1.5991120577984355,1.7276405129233512,1.6029782838982127,1.6067169616058876,1.7022325725304666,1.7206373515323947,1.7213289828687794,1.727426110140617,1.7477815725284875,1.7460943406408063,1.611840886182999,1.7186452045735825,1.7873817743419909,1.7533731362940417,1.4330789173926846,1.7806381839558592,1.7476482526946822,1.7279946589063393,1.670369628969222,1.6534132229695695,1.7697047091672593,1.7665194063465923,1.7279844127542732,1.7252651483119896,1.7019068952270655,1.754710682439247,1.7542564398219225,1.99523173849636,1.7412114189495014
78,1.8066666666666664,2.203201559153972,1.8649151574709453,1.040566907003063,1.5535722333043251,1.7459762906364173,1.698127090039264,1.732007931526995,1.5750977338870338,1.7053888586292594,1.5778082073360875,1.5831828020538028,1.6799249265291263,1.6975697862917243,1.6981567264418294,1.705377935559135,1.7244757802193422,1.7253276454003363,1.5883364824689576,1.695791863636237,1.7541138974025812,1.7287828220816042,1.4081042843273273,1.7617889698700733,1.7240127186908896,1.7057936844699872,1.6472821916818063,1.629765732068126,1.7502821623940599,1.7443095559891786,1.7060103974048777,1.7025319369830263,1.6801170503753315,1.731121653659654,1.7298250822058001,1.9564346357483378,1.7181589897262937
79,1.79,2.1550307236601274,1.8478466330521728,1.015548399648576,1.528862762455767,1.7247648864941223,1.6743243037763818,1.7115634202135053,1.5510834099756323,1.6831372043351682,1.5526381307739632,1.5596486425017182,1.6576172805277867,1.6745022210510543,1.6749844700148797,1.6833297609776532,1.7011699879101976,1.7045609501598673,1.5648320787549166,1.6729385226988924,1.7208460204631728,1.7041925078691675,1.3831296512619702,1.7429397557842883,1.7003771846870976,1.6835927100336359,1.624194754394391,1.6061182411666834,1.730859615620861,1.7220997056317655,1.6840363820554827,1.6797987256540634,1.6583272055235976,1.7075326248800617,1.7053937245896782,1.9176375330003168,1.6951065605030862
80,1.79,2.1550307236601274,1.8478466330521728,1.015548399648576,1.528862762455767,1.7247648864941223,1.6743243037763818,1.7115634202135053,1.5510834099756323,1.6831372043351682,1.5526381307739632,1.5596486425017182,1.6576172805277867,1.6745022210510543,1.6749844700148797,1.6833297609776532,1.7011699879101976,1.7045609501598673,1.5648320787549166,1.6729385226988924,1.7208460204631728,1.7041925078691675,1.3831296512619702,1.7429397557842883,1.7003771846870976,1.6835927100336359,1.624194754394391,1.6061182411666834,1.730859615620861,1.7220997056317655,1.6840363820554827,1.6797987256540634,1.6583272055235976,1.7075326248800617,1.7053937245896782,1.9176375330003168,1.6951065605030862
81,1.79,2.1550307236601274,1.8478466330521728,1.015548399648576,1.528862762455767,1.7247648864941223,1.6743243037763818,1.7115634202135053,1.5510834099756323,1.6831372043351682,1.5526381307739632,1.5596486425017182,1.6576172805277867,1.6745022210510543,1.6749844700148797,1.6833297609776532,1.7011699879101976,1.7045609501598673,1.5648320787549166,1.6729385226988924,1.7208460204631728,1.7041925078691675,1.3831296512619702,1.7429397557842883,1.7003771846870976,1.6835927100336359,1.624194754394391,1.6061182411666834,1.730859615620861,1.7220997056317655,1.6840363820554827,1.6797987256540634,1.6583272055235976,1.7075326248800617,1.7053937245896782,1.9176375330003168,1.6951065605030862
82,1.78,2.1261282223638203,1.837605518400909,1.0005372952358833,1.5140370799466318,1.712038044008745,1.6600426320186523,1.6992967134254116,1.5366748156287913,1.6697862117587134,1.5375360848366881,1.5455281467704673,1.6442326929269826,1.660661681906652,1.6610811161587096,1.6701008562287638,1.6871865125247103,1.6921009330155856,1.5507294365264919,1.6592265181364851,1.7008852942995272,1.689438319341705,1.3681448714227558,1.731630227332817,1.6861958642848225,1.6702721253718247,1.610342292021942,1.5919297466258175,1.7192060875569415,1.7087737954173174,1.6708519728458455,1.6661587988566855,1.6452532986125572,1.6933792076123062,1.6907349100200046,1.8943592713515036,1.6812751029691617
83,1.78,2.1261282223638203,1.837605518400909,1.0005372952358833,1.5140370799466318,1.712038044008745,1.6600426320186523,1.6992967134254116,1.5366748156287913,1.6697862117587134,1.5375360848366881,1.5455281467704673,1.6442326929269826,1.660661681906652,1.6610811161587096,1.6701008562287638,1.6871865125247103,1.6921009330155856,1.5507294365264919,1.6592265181364851,1.7008852942995272,1.689438319341705,1.3681448714227558,1.731630227332817,1.6861958642848225,1.6702721253718247,1.610342292021942,1.5919297466258175,1.7192060875569415,1.7087737954173174,1.6708519728458455,1.6661587988566855,1.6452532986125572,1.6933792076123062,1.6907349100200046,1.8943592713515036,1.6812751029691617
84,1.78,2.1261282223638203,1.837605518400909,1.0005372952358833,1.5140370799466318,1.712038044008745,1.6600426320186523,1.6992967134254116,1.5366748156287913,1.6697862117587134,1.5375360848366881,1.5455281467704673,1.6442326929269826,1.660661681906652,1.6610811161587096,1.6701008562287638,1.6871865125247103,1.6921009330155856,1.5507294365264919,1.6592265181364851,1.7008852942995272,1.689438319341705,1.3681448714227558,1.731630227332817,1.6861958642848225,1.6702721253718247,1.610342292021942,1.5919297466258175,1.7192060875569415,1.7087737954173174,1.6708519728458455,1.6661587988566855,1.6452532986125572,1.6933792076123062,1.6907349100200046,1.8943592713515036,1.6812751029691617
85,1.78,2.1261282223638203,1.837605518400909,1.0005372952358833,1.5140370799466318,1.712038044008745,1.6600426320186523,1.6992967134254116,1.5366748156287913,1.6697862117587134,1.5375360848366881,1.5455281467704673,1.6442326929269826,1.660661681906652,1.6610811161587096,1.6701008562287638,1.6871865125247103,1.6921009330155856,1.5507294365264919,1.6592265181364851,1.7008852942995272,1.689438319341705,1.3681448714227558,1.731630227332817,1.6861958642848225,1.6702721253718247,1.610342292021942,1.5919297466258175,1.7192060875569415,1.7087737954173174,1.6708519728458455,1.6661587988566855,1.6452532986125572,1.6933792076123062,1.6907349100200046,1.8943592713515036,1.6812751029691617
86,1.78,2.1261282223638203,1.837605518400909,1.0005372952358833,1.5140370799466318,1.712038044008745,1.6600426320186523,1.6992967134254116,1.5366748156287913,1.6697862117587134,1.5375360848366881,1.5455281467704673,1.6442326929269826,1.660661681906652,1.6610811161587096,1.6701008562287638,1.6871865125247103,1.6921009330155856,1.5507294365264919,1.6592265181364851,1.7008852942995272,1.689438319341705,1.3681448714227558,1.731630227332817,1.6861958642848225,1.6702721253718247,1.610342292021942,1.5919297466258175,1.7192060875569415,1.7087737954173174,1.6708519728458455,1.6661587988566855,1.6452532986125572,1.6933792076123062,1.6907349100200046,1.8943592713515036,1.6812751029691617
87,1.77,2.097225721067513,1.8273644037496453,0.9855261908231912,1.499211397437497,1.699311201523368,1.645760960260923,1.6870300066373176,1.5222662212819502,1.6564352191822584,1.522434038899413,1.5314076510392165,1.6308481053261787,1.6468211427622497,1.6471777623025399,1.6568719514798746,1.6732030371392235,1.6796409158713037,1.5366267942980671,1.6455145135740783,1.680924568135882,1.6746841308142428,1.3531600915835418,1.7203206988813458,1.6720145438825473,1.656951540710014,1.5964898296494923,1.5777412520849516,1.7075525594930219,1.6954478852028698,1.6576675636362084,1.6525188720593076,1.6321793917015168,1.6792257903445504,1.6760760954503313,1.8710810097026904,1.6674436454352373
88,1.87,2.386250734030585,1.929775550262281,1.135637234950114,1.6474682225288464,1.8265796263771394,1.7885776778382172,1.809697074518256,1.6663521647503599,1.7899451449468076,1.673454498272162,1.672612608351725,1.7646939813342177,1.7852265342062714,1.786211300864239,1.7891609989687667,1.813037790994093,1.804241087314121,1.6776532165823137,1.7826345591981483,1.8805318297723357,1.8222260160888655,1.503007889975684,1.8334159833960582,1.8138277479052998,1.790157387328124,1.7350144533739853,1.7196261974936098,1.8240878401322171,1.828706987347349,1.7895116557325794,1.7889181400330862,1.7629184608119206,1.8207599630221056,1.8226642411470642,2.103863626190821,1.8057582207744822
89,1.98,2.7041782482899634,2.0424278114261813,1.300759383489729,1.8105507301293309,1.9665748937162881,1.9456760671732412,1.9446308491872883,1.8248467025656097,1.9368060632878112,1.8395770035821855,1.8279380613954843,1.9119244449430612,1.937472464794695,1.9391481932821082,1.9346789512065479,1.966856020234449,1.9413012759012203,1.8327822810949848,1.9334666093846256,2.1000998175724352,1.9845220898909508,1.6678404682070407,1.9578207963622416,1.9698222723303278,1.9366838186080448,1.8873915394709275,1.8756996374431334,1.9522766488353318,1.9752919997062763,1.9345401570385867,1.9389573348042428,1.9067314368333648,1.9764475529674168,1.9839112014134703,2.3599245043277643,1.9579042536476519
90,1.88,2.4151532353268914,1.940016664913545,1.1506483393628062,1.6622939050379812,1.8393064688625165,1.8028593495959466,1.8219637813063496,1.6807607590972005,1.8032961375232623,1.6885565442094366,1.6867331040829754,1.7780785689350216,1.7990670733506735,1.800114654720409,1.8023899037176556,1.8270212663795795,1.8167011044584025,1.6917558588107382,1.7963465637605551,1.9004925559359809,1.8369802046163277,1.5179926698148982,1.8447255118475292,1.828009068307575,1.8034779719899348,1.7488669157464347,1.7338146920344752,1.8357413681961363,1.8420328975617968,1.8026960649422161,1.802558066830464,1.7759923677229608,1.8349133802898614,1.8373230557167375,2.1271418878396338,1.8195896783084067
91,1.9066666666666665,2.492226572117044,1.967326303983581,1.1906779511299854,1.7018290583956746,1.873244715490189,1.8409438076165583,1.8546749994079332,1.719183677355443,1.8388987843938085,1.7288286667088362,1.7243877593663108,1.8137708025371655,1.8359751777357456,1.8371902650035286,1.8376669830480268,1.8643105340742114,1.8499278168431539,1.7293629047532038,1.8329119092603072,1.953721159039035,1.876324707356227,1.5579520827194693,1.8748842543847857,1.865825922713642,1.8389995310880973,1.7858068154062994,1.771650677476784,1.8668174430332551,1.8775686581336577,1.837854489501248,1.838931204956805,1.810856119485735,1.872655826337209,1.8764132279025325,2.1892172522364683,1.8564735650655384
92,1.9333333333333331,2.5692999089071966,1.9946359430536176,1.230707562897165,1.7413642117533679,1.9071829621178615,1.8790282656371704,1.8873862175095169,1.7576065956136853,1.874501431264355,1.769100789208236,1.7620424146496467,1.8494630361393094,1.8728832821208181,1.8742658752866483,1.872944062378398,1.9015998017688434,1.8831545292279053,1.7669699506956698,1.8694772547600593,2.0069497621420895,1.9156692100961263,1.5979114956240408,1.9050429969220424,1.9036427771197095,1.87452109018626,1.8227467150661643,1.8094866629190927,1.897893517870374,1.9131044187055193,1.8730129140602803,1.875304343083146,1.8457198712485094,1.9103982723845574,1.9155034000883282,2.2512926166333034,1.8933574518226708
93,1.96,2.646373245697349,2.021945582123654,1.2707371746643448,1.7808993651110612,1.9411212087455336,1.9171127236577823,1.9200974356111007,1.796029513871928,1.9101040781349017,1.8093729117076358,1.7996970699329826,1.8851552697414533,1.9097913865058906,1.9113414855697684,1.9082211417087693,1.938889069463475,1.9163812416126567,1.8045769966381355,1.9060426002598114,2.0601783652451444,1.9550137128360259,1.6378709085286123,1.9352017394592993,1.941459631525777,1.910042649284423,1.8596866147260291,1.8473226483614018,1.9289695927074928,1.9486401792773806,1.9081713386193127,1.911677481209487,1.880583623011284,1.9481407184319053,1.954593572274124,2.313367981030139,1.930241338579803
94,1.96,2.646373245697349,2.021945582123654,1.2707371746643448,1.7808993651110612,1.9411212087455336,1.9171127236577823,1.9200974356111007,1.796029513871928,1.9101040781349017,1.8093729117076358,1.7996970699329826,1.8851552697414533,1.9097913865058906,1.9113414855697684,1.9082211417087693,1.938889069463475,1.9163812416126567,1.8045769966381355,1.9060426002598114,2.0601783652451444,1.9550137128360259,1.6378709085286123,1.9352017394592993,1.941459631525777,1.910042649284423,1.8596866147260291,1.8473226483614018,1.9289695927074928,1.9486401792773806,1.9081713386193127,1.911677481209487,1.880583623011284,1.9481407184319053,1.954593572274124,2.313367981030139,1.930241338579803
95,1.91,2.5018607392158128,1.970740008867336,1.195681652600883,1.7067709525653862,1.8774869963186482,1.845704364869135,1.8587639016706312,1.7239865421377234,1.843349115252627,1.7338626820212615,1.729094591276728,1.8182323317374336,1.8405886907838798,1.8418247162889188,1.8420766179643233,1.8689716925360402,1.854081155891248,1.734063785496012,1.8374825774477763,1.9603747344269171,1.8812427701987144,1.562947009332541,1.878654097201943,1.8705530295144008,1.8434397259753676,1.7904243028637827,1.7763801756570725,1.8707019523878952,1.8820106282051408,1.8422492925711271,1.8434778472225977,1.8152140884560821,1.877373632093128,1.8812994994257575,2.196976672786073,1.8610840509101803
96,1.96,2.646373245697349,2.021945582123654,1.2707371746643448,1.7808993651110612,1.9411212087455336,1.9171127236577823,1.9200974356111007,1.796029513871928,1.9101040781349017,1.8093729117076358,1.7996970699329826,1.8851552697414533,1.9097913865058906,1.9113414855697684,1.9082211417087693,1.938889069463475,1.9163812416126567,1.8045769966381355,1.9060426002598114,2.0601783652451444,1.9550137128360259,1.6378709085286123,1.9352017394592993,1.941459631525777,1.910042649284423,1.8596866147260291,1.8473226483614018,1.9289695927074928,1.9486401792773806,1.9081713386193127,1.911677481209487,1.880583623011284,1.9481407184319053,1.954593572274124,2.313367981030139,1.930241338579803
97,1.99,2.7330807495862706,2.0526689260774447,1.3157704879024217,1.825376412638466,1.9793017362016654,1.9599577389309706,1.9568975559753823,1.839255296912451,1.9501570558642662,1.8546790495194605,1.842058557126735,1.925309032543865,1.951313003939097,1.9530515471382783,1.9479078559554368,1.9808394956199358,1.953761293045502,1.8468849233234095,1.9471786139470324,2.1200605437360807,1.9992762784184126,1.682825248046255,1.9691303248137129,1.984003592732603,1.9500044032698558,1.9012440018433772,1.8898881319839993,1.9639301768992514,1.9886179099207242,1.9477245662482239,1.9525972616016207,1.9198053437444051,1.9906009702351721,1.9985700159831437,2.3832027659765775,1.9717357111815765
98,1.96,2.646373245697349,2.021945582123654,1.2707371746643448,1.7808993651110612,1.9411212087455336,1.9171127236577823,1.9200974356111007,1.796029513871928,1.9101040781349017,1.8093729117076358,1.7996970699329826,1.8851552697414533,1.9097913865058906,1.9113414855697684,1.9082211417087693,1.938889069463475,1.9163812416126567,1.8045769966381355,1.9060426002598114,2.0601783652451444,1.9550137128360259,1.6378709085286123,1.9352017394592993,1.941459631525777,1.910042649284423,1.8596866147260291,1.8473226483614018,1.9289695927074928,1.9486401792773806,1.9081713386193127,1.911677481209487,1.880583623011284,1.9481407184319053,1.954593572274124,2.313367981030139,1.930241338579803
99,1.93,2.559665741808427,1.9912222381698632,1.225703861426268,1.7364223175836562,1.9029406812894023,1.8742677083845938,1.883297315246819,1.7528037308314053,1.8700511004055367,1.7640667738958111,1.7573355827392299,1.8450015069390413,1.8682697690726842,1.8696314240012586,1.8685344274621019,1.8969386433070143,1.8790011901798116,1.7622690699528616,1.8649065865725905,2.000296186754208,1.9107511472536394,1.5929165690109697,1.9012731541048853,1.8989156703189511,1.8700808952989898,1.8181292276086811,1.8047571647388043,1.8940090085157344,1.9086624486340367,1.8686181109904014,1.8707577008173533,1.8413619022781629,1.905680466628639,1.9106171285651037,2.243533196083699,1.8887469659780294
100,1.9,2.4729582379195056,1.960498894216072,1.180670548188191,1.6919452700562512,1.8647601538332708,1.8314226931114055,1.8464971948825375,1.7095779477908821,1.829998122676172,1.7187606360839864,1.7149740955454775,1.8048477441366295,1.8267481516394777,1.8279213624327486,1.828847713215434,1.8549882171505532,1.841621138746966,1.7199611432675872,1.823770572885369,1.9404140082632715,1.8664885816712522,1.5479622294933266,1.8673445687504717,1.8563717091121255,1.8301191413135567,1.776571840491333,1.762191681116207,1.8590484243239755,1.8686847179906927,1.82906488336149,1.8298379204252195,1.8021401815450417,1.8632202148253723,1.866640684856084,2.1736984111372597,1.8472525933762554
101,1.97,2.6752757469936563,2.0321866967749176,1.285748279077037,1.7957250476201962,1.9538480512309109,1.9313943954155117,1.9323641423991946,1.810438108218769,1.9234550707113565,1.8244749576449106,1.8138175656642332,1.8985398573422572,1.9236319256502927,1.9252448394259383,1.9214500464576587,1.952872544848962,1.9288412587569383,1.81867963886656,1.9197546048222185,2.08013909140879,1.9697679013634886,1.6528556883678265,1.9465112679107706,1.9556409519280524,1.9233632339462337,1.8735390770984783,1.8615111429022677,1.9406231207714124,1.9619660894918285,1.9213557478289496,1.925317408006865,1.8936575299223244,1.962294135699661,1.969252386843797,2.336646242678951,1.9440727961137272
102,2.01,2.790885752178884,2.073151155379972,1.345792696727806,1.8550277776567357,2.0047554211724194,1.9885210824464288,1.9814309695515697,1.8680724856061326,1.976859041017176,1.88488314139401,1.8702995485892364,1.9520782077454726,1.9789940822279013,1.980858254850618,1.974365665453215,2.0088064463909094,1.978681327334065,1.8750902077802585,1.9746026230718463,2.159981996063371,2.0287846554733373,1.7127948077246833,1.9917493817166552,2.0123662335371533,1.9766455725934777,1.9289489265882753,1.9182651210657304,1.9872372330270902,2.01526973034962,1.9740933846674977,1.979877115196376,1.9459531575664857,2.018907804770683,2.02788764512249,2.429759289274203,1.9993986262494252
103,1.93,2.559665741808427,1.9912222381698632,1.225703861426268,1.7364223175836562,1.9029406812894023,1.8742677083845938,1.883297315246819,1.7528037308314053,1.8700511004055367,1.7640667738958111,1.7573355827392299,1.8450015069390413,1.8682697690726842,1.8696314240012586,1.8685344274621019,1.8969386433070143,1.8790011901798116,1.7622690699528616,1.8649065865725905,2.000296186754208,1.9107511472536394,1.5929165690109697,1.9012731541048853,1.8989156703189511,1.8700808952989898,1.8181292276086811,1.8047571647388043,1.8940090085157344,1.9086624486340367,1.8686181109904014,1.8707577008173533,1.8413619022781629,1.905680466628639,1.9106171285651037,2.243533196083699,1.8887469659780294
104,1.71,1.9238107132896696,1.7659177158420638,0.8954595643470373,1.410257302382687,1.6229501466111047,1.5600709297145463,1.6134297659087546,1.4358146552009048,1.576329263723529,1.431821763275764,1.4466846766517112,1.550540579721355,1.563777907895837,1.5637576391655204,1.5774985229865395,1.589302184826302,1.6048808130056134,1.4520109409275193,1.563242486199636,1.561160211154009,1.586158999649469,1.2632514125482563,1.6524635281725182,1.5869266214688955,1.5770280327391477,1.5133750554147964,1.4926102848397567,1.6376313911095046,1.6154924239161819,1.5785611083783864,1.5706793112750403,1.5537359502352746,1.5943052867380174,1.5881232080322918,1.7314114398098115,1.58445490023169
105,1.7266666666666666,1.971981548783515,1.7829862402608363,0.9204780717015244,1.4349667732312452,1.6441615507534002,1.5838737159774285,1.633874277222244,1.4598289791123062,1.5985809180176203,1.4569918398378885,1.470218836203796,1.5728482257226948,1.5868454731365071,1.58692989559247,1.5995466975680215,1.612607977135447,1.6256475082460828,1.4755153446415603,1.5860958271369812,1.594428088093418,1.610749313861906,1.2882260456136132,1.6713127422583036,1.6105621554726877,1.5992290071754995,1.5364624927022121,1.5162577757411997,1.6570539378827038,1.637702274273595,1.6005351237277812,1.5934125226040035,1.5755257950870085,1.6178943155176098,1.6125545656484137,1.7702085425578336,1.6075073294548976
106,1.7433333333333334,2.0201523842773605,1.8000547646796092,0.945496579056012,1.459676244079804,1.6653729548956955,1.6076765022403112,1.654318788535734,1.483843303023708,1.620832572311712,1.4821619164000137,1.493752995755881,1.5951558717240353,1.6099130383771776,1.61010215201942,1.6215948721495037,1.635913769444592,1.6464142034865525,1.4990197483556018,1.6089491680743264,1.6276959650328273,1.6353396280743433,1.3132006786789705,1.6901619563440893,1.6341976894764803,1.6214299816118514,1.5595499299896276,1.5399052666426432,1.6764764846559033,1.6599121246310085,1.6225091390771766,1.6161457339329668,1.5973156399387427,1.6414833442972028,1.636985923264536,1.8090056453058554,1.630559758678105
107,1.76,2.068323219771205,1.817123289098382,0.970515086410499,1.484385714928362,1.6865843590379908,1.6314792885031935,1.6747632998492237,1.5078576269351096,1.6430842266058034,1.5073319929621385,1.5172871553079657,1.6174635177253749,1.6329806036178476,1.6332744084463697,1.6436430467309855,1.6592195617537366,1.667180898727022,1.5225241520696424,1.631802509011671,1.6609638419722361,1.6599299422867806,1.3381753117443274,1.7090111704298745,1.657833223480272,1.6436309560482028,1.582637367277043,1.563552757544086,1.6958990314291023,1.6821219749884215,1.6444831544265717,1.6388789452619297,1.6191054847904764,1.665072373076795,1.661417280880658,1.8478027480538768,1.6536121879013126
108,1.94,2.588568243104734,2.0014633528211268,1.24071496583896,1.751248000092791,1.9156675237747796,1.8885493801423232,1.895564022034913,1.7672123251782461,1.8834020929819915,1.7791688198330862,1.7714560784704805,1.8583860945398452,1.8821103082170862,1.8835347778574283,1.881763332210991,1.9109221186925014,1.8914612073240933,1.776371712181286,1.8786185911349973,2.020256912917853,1.9255053357811014,1.6079013488501837,1.9125826825563566,1.9130969907212263,1.8834014799608008,1.8319816899811303,1.81894565927967,1.9056625365796536,1.9219883588484845,1.8818025202000384,1.8843976276147312,1.854435809189203,1.9198338838963942,1.925275943134777,2.2668114577325116,1.9025784235119536
109,1.94,2.588568243104734,2.0014633528211268,1.24071496583896,1.751248000092791,1.9156675237747796,1.8885493801423232,1.895564022034913,1.7672123251782461,1.8834020929819915,1.7791688198330862,1.7714560784704805,1.8583860945398452,1.8821103082170862,1.8835347778574283,1.881763332210991,1.9109221186925014,1.8914612073240933,1.776371712181286,1.8786185911349973,2.020256912917853,1.9255053357811014,1.6079013488501837,1.9125826825563566,1.9130969907212263,1.8834014799608008,1.8319816899811303,1.81894565927967,1.9056625365796536,1.9219883588484845,1.8818025202000384,1.8843976276147312,1.854435809189203,1.9198338838963942,1.925275943134777,2.2668114577325116,1.9025784235119536
110,1.96,2.646373245697349,2.021945582123654,1.2707371746643448,1.7808993651110612,1.9411212087455336,1.9171127236577823,1.9200974356111007,1.796029513871928,1.9101040781349017,1.8093729117076358,1.7996970699329826,1.8851552697414533,1.9097913865058906,1.9113414855697684,1.9082211417087693,1.938889069463475,1.9163812416126567,1.8045769966381355,1.9060426002598114,2.0601783652451444,1.9550137128360259,1.6378709085286123,1.9352017394592993,1.941459631525777,1.910042649284423,1.8596866147260291,1.8473226483614018,1.9289695927074928,1.9486401792773806,1.9081713386193127,1.911677481209487,1.880583623011284,1.9481407184319053,1.954593572274124,2.313367981030139,1.930241338579803
111,1.92,2.53076324051212,1.9809811235185997,1.2106927570135753,1.7215966350745209,1.8902138388040255,1.8599860366268643,1.8710306084587254,1.7383951364845642,1.8567001078290817,1.748964727958536,1.7432150870079788,1.8316169193382374,1.8544292299282819,1.8557280701450884,1.8553055227132125,1.8829551679215275,1.8665411730355297,1.7481664277244366,1.8511945820101832,1.9803354605905625,1.895996958726177,1.577931789171755,1.889963625653414,1.884734349916676,1.8567603106371788,1.8042767652362317,1.7905686701979384,1.8823554804518146,1.8953365384195888,1.8554337017807643,1.8571177740199754,1.8282879953671223,1.8915270493608833,1.8959583139954304,2.2202549344348856,1.8749155084441047
112,1.9366666666666663,2.5789340760059654,1.998049647937372,1.2357112643680623,1.7463061059230793,1.9114252429463203,1.8837888228897466,1.8914751197722148,1.7624094603959657,1.878951762123173,1.7741348045206609,1.7667492465600634,1.853924565339577,1.8774967951689518,1.8789003265720383,1.8773536972946943,1.906260960230672,1.887307868275999,1.7716708314384775,1.874047922947528,2.0136033375299713,1.9205872729386135,1.602906422237112,1.9088128397391992,1.9083698839204675,1.87896128507353,1.827364202523647,1.8142161610993814,1.9017780272250135,1.9175463887770015,1.8774077171301593,1.8798509853489382,1.850077840218856,1.9151160781404757,1.9203896716115525,2.259052037182908,1.897967937667312
113,1.9533333333333331,2.627104911499811,2.015118172356145,1.26072977172255,1.7710155767716382,1.932636647088616,1.9075916091526293,1.9119196310857047,1.7864237843073676,1.9012034164172649,1.7993048810827859,1.7902834061121486,1.8762322113409173,1.9005643604096227,1.9020725829989886,1.8994018718761767,1.9295667525398172,1.9080745635164686,1.7951752351525192,1.8969012638848732,2.046871214469381,1.945177587151051,1.6278810553024696,1.927662053824985,1.9320054179242603,1.9011622595098823,1.8504516398110629,1.8378636520008245,1.9212005739982132,1.9397562391344152,1.8993817324795548,1.9025841966779018,1.8718676850705904,1.9387051069200685,1.9448210292276749,2.2978491399309298,1.9210203668905197
114,1.97,2.6752757469936563,2.0321866967749176,1.285748279077037,1.7957250476201962,1.9538480512309109,1.9313943954155117,1.9323641423991946,1.810438108218769,1.9234550707113565,1.8244749576449106,1.8138175656642332,1.8985398573422572,1.9236319256502927,1.9252448394259383,1.9214500464576587,1.952872544848962,1.9288412587569383,1.81867963886656,1.9197546048222185,2.08013909140879,1.9697679013634886,1.6528556883678265,1.9465112679107706,1.9556409519280524,1.9233632339462337,1.8735390770984783,1.8615111429022677,1.9406231207714124,1.9619660894918285,1.9213557478289496,1.925317408006865,1.8936575299223244,1.962294135699661,1.969252386843797,2.336646242678951,1.9440727961137272
115,1.97,2.6752757469936563,2.0321866967749176,1.285748279077037,1.7957250476201962,1.9538480512309109,1.9313943954155117,1.9323641423991946,1.810438108218769,1.9234550707113565,1.8244749576449106,1.8138175656642332,1.8985398573422572,1.9236319256502927,1.9252448394259383,1.9214500464576587,1.952872544848962,1.9288412587569383,1.81867963886656,1.9197546048222185,2.08013909140879,1.9697679013634886,1.6528556883678265,1.9465112679107706,1.9556409519280524,1.9233632339462337,1.8735390770984783,1.8615111429022677,1.9406231207714124,1.9619660894918285,1.9213557478289496,1.925317408006865,1.8936575299223244,1.962294135699661,1.969252386843797,2.336646242678951,1.9440727961137272
116,1.88,2.4151532353268914,1.940016664913545,1.1506483393628062,1.6622939050379812,1.8393064688625165,1.8028593495959466,1.8219637813063496,1.6807607590972005,1.8032961375232623,1.6885565442094366,1.6867331040829754,1.7780785689350216,1.7990670733506735,1.800114654720409,1.8023899037176556,1.8270212663795795,1.8167011044584025,1.6917558588107382,1.7963465637605551,1.9004925559359809,1.8369802046163277,1.5179926698148982,1.8447255118475292,1.828009068307575,1.8034779719899348,1.7488669157464347,1.7338146920344752,1.8357413681961363,1.8420328975617968,1.8026960649422161,1.802558066830464,1.7759923677229608,1.8349133802898614,1.8373230557167375,2.1271418878396338,1.8195896783084067
117,1.88,2.4151532353268914,1.940016664913545,1.1506483393628062,1.6622939050379812,1.8393064688625165,1.8028593495959466,1.8219637813063496,1.6807607590972005,1.8032961375232623,1.6885565442094366,1.6867331040829754,1.7780785689350216,1.7990670733506735,1.800114654720409,1.8023899037176556,1.8270212663795795,1.8167011044584025,1.6917558588107382,1.7963465637605551,1.9004925559359809,1.8369802046163277,1.5179926698148982,1.8447255118475292,1.828009068307575,1.8034779719899348,1.7488669157464347,1.7338146920344752,1.8357413681961363,1.8420328975617968,1.8026960649422161,1.802558066830464,1.7759923677229608,1.8349133802898614,1.8373230557167375,2.1271418878396338,1.8195896783084067
118,1.89,2.4440557366231985,1.9502577795648088,1.1656594437754983,1.677119587547116,1.852033311347894,1.817141021353676,1.8342304880944436,1.6951693534440415,1.816647130099717,1.7036585901467114,1.7008535998142265,1.7914631565358257,1.8129076124950756,1.814018008576579,1.815618808466545,1.8410047417650666,1.8291611216026844,1.705858501039163,1.8100585683229622,1.9204532820996263,1.8517343931437902,1.5329774496541124,1.8560350402990005,1.84219038870985,1.8167985566517457,1.762719378118884,1.7480031865753412,1.8473948962600562,1.8553588077762448,1.815880474151853,1.8161979936278418,1.7890662746340014,1.849066797557617,1.8519818702864108,2.1504201494884465,1.8334211358423311
119,1.8966666666666665,2.463324070820736,1.9570851893323176,1.1756668467172933,1.6870033758865395,1.8605178730048115,1.8266621358588289,1.8424082926198395,1.704775083008602,1.8255477918173535,1.7137266207715611,1.71026726363506,1.8003862149363614,1.8221346385913435,1.8232869111473586,1.8244380782991374,1.8503270586887242,1.8374677996988722,1.715260262524779,1.8191999046979002,1.9337604328753895,1.8615705188287643,1.542967302880255,1.8635747259333144,1.8516446023113668,1.8256789464262861,1.7719543530338497,1.7574621829359183,1.8551639149693357,1.8642427479192096,1.824670080291611,1.825291278159427,1.7977822125746947,1.8585024090694535,1.8617544133328592,2.165938990587655,1.842642107531614
120,1.903333333333333,2.4825924050182757,1.963912599099827,1.1856742496590882,1.6968871642259629,1.86900243466173,1.8361832503639821,1.8505860971452355,1.7143808125731628,1.8344484535349903,1.7237946513964113,1.7196809274558942,1.8093092733368976,1.8313616646876119,1.8325558137181388,1.8332573481317305,1.8596493756123822,1.84577447779506,1.7246620240103958,1.8283412410728384,1.947067583651154,1.8714066445137398,1.5529571561063982,1.8711144115676288,1.8610988159128838,1.834559336200827,1.7811893279488165,1.7669211792964956,1.8629329336786153,1.8731266880621755,1.8334596864313695,1.8343845626910125,1.8064981505153885,1.8679380205812908,1.8715269563793084,2.1814578316868647,1.851863079220897
121,1.91,2.5018607392158128,1.970740008867336,1.195681652600883,1.7067709525653862,1.8774869963186482,1.845704364869135,1.8587639016706312,1.7239865421377234,1.843349115252627,1.7338626820212615,1.729094591276728,1.8182323317374336,1.8405886907838798,1.8418247162889188,1.8420766179643233,1.8689716925360402,1.854081155891248,1.734063785496012,1.8374825774477763,1.9603747344269171,1.8812427701987144,1.562947009332541,1.878654097201943,1.8705530295144008,1.8434397259753676,1.7904243028637827,1.7763801756570725,1.8707019523878952,1.8820106282051408,1.8422492925711271,1.8434778472225977,1.8152140884560821,1.877373632093128,1.8812994994257575,2.196976672786073,1.8610840509101803
122,1.94,2.588568243104734,2.0014633528211268,1.24071496583896,1.751248000092791,1.9156675237747796,1.8885493801423232,1.895564022034913,1.7672123251782461,1.8834020929819915,1.7791688198330862,1.7714560784704805,1.8583860945398452,1.8821103082170862,1.8835347778574283,1.881763332210991,1.9109221186925014,1.8914612073240933,1.776371712181286,1.8786185911349973,2.020256912917853,1.9255053357811014,1.6079013488501837,1.9125826825563566,1.9130969907212263,1.8834014799608008,1.8319816899811303,1.81894565927967,1.9056625365796536,1.9219883588484845,1.8818025202000384,1.8843976276147312,1.854435809189203,1.9198338838963942,1.925275943134777,2.2668114577325116,1.9025784235119536
123,2.03,2.848690754771499,2.0936333846824997,1.3758149055531903,1.8846791426750058,2.030209106143174,2.017084425961888,2.0059643831277576,1.8968896742998143,2.0035610261700856,1.9150872332685598,1.8985405400517381,1.9788473829470805,2.0066751605167057,2.008664962562958,2.0008234749509937,2.036773397161884,2.0036013616226285,1.903295492237108,2.00202663219666,2.199903448390662,2.058293032528262,1.7427643674031117,2.0143684386195977,2.0407288743417036,2.0032867419170994,1.956653851333174,1.9466421101474625,2.010544289154929,2.041921550778516,2.000462203086772,2.007156968791132,1.9721009713885662,2.047214639306194,2.0572052742618365,2.4763158125718294,2.0270615413172743
124,2.05,2.9064957573641133,2.1141156139850263,1.405837114378575,1.9143305076932755,2.055662791113928,2.045647769477347,2.030497796703945,1.9257068629934966,2.0302630113229956,1.9452913251431092,1.9267815315142398,2.0056165581486884,2.03435623880551,2.036471670275297,2.027281284448772,2.064740347932857,2.0285213959111923,1.931500776693957,2.0294506413214743,2.2398249007179527,2.0878014095831863,1.77273392708154,2.03698749552254,2.069091515146254,2.029927911240722,1.9843587760780728,1.9750190992291938,2.0338513452827685,2.0685733712074117,2.026831021506046,2.0344368223858877,1.998248785210647,2.075521473841705,2.0865229034011827,2.5228723358694554,2.0547244563851232
125,1.86,2.357348232734277,1.919534435611018,1.120626130537422,1.6326425400197118,1.8138527838917624,1.7742960060804878,1.7974303677301624,1.6519435704035188,1.7765941523703526,1.6583524523348872,1.6584921126204741,1.751309393733414,1.7713859950618693,1.7723079470080692,1.7759320942198775,1.799054315608606,1.7917810701698396,1.6635505743538892,1.7689225546357414,1.86057110360869,1.8074718275614035,1.48802311013647,1.822106454944587,1.7996464275030246,1.7768368026663128,1.7211619910015363,1.7054377029527439,1.8124343120682975,1.8153810771329013,1.7763272465229423,1.7752782132357083,1.7498445539008802,1.8066065457543505,1.808005426577391,2.0805853645420074,1.791926763240558
126,1.91,2.5018607392158128,1.970740008867336,1.195681652600883,1.7067709525653862,1.8774869963186482,1.845704364869135,1.8587639016706312,1.7239865421377234,1.843349115252627,1.7338626820212615,1.729094591276728,1.8182323317374336,1.8405886907838798,1.8418247162889188,1.8420766179643233,1.8689716925360402,1.854081155891248,1.734063785496012,1.8374825774477763,1.9603747344269171,1.8812427701987144,1.562947009332541,1.878654097201943,1.8705530295144008,1.8434397259753676,1.7904243028637827,1.7763801756570725,1.8707019523878952,1.8820106282051408,1.8422492925711271,1.8434778472225977,1.8152140884560821,1.877373632093128,1.8812994994257575,2.196976672786073,1.8610840509101803
127,1.96,2.646373245697349,2.021945582123654,1.2707371746643448,1.7808993651110612,1.9411212087455336,1.9171127236577823,1.9200974356111007,1.796029513871928,1.9101040781349017,1.8093729117076358,1.7996970699329826,1.8851552697414533,1.9097913865058906,1.9113414855697684,1.9082211417087693,1.938889069463475,1.9163812416126567,1.8045769966381355,1.9060426002598114,2.0601783652451444,1.9550137128360259,1.6378709085286123,1.9352017394592993,1.941459631525777,1.910042649284423,1.8596866147260291,1.8473226483614018,1.9289695927074928,1.9486401792773806,1.9081713386193127,1.911677481209487,1.880583623011284,1.9481407184319053,1.954593572274124,2.313367981030139,1.930241338579803
128,2.01,2.790885752178884,2.073151155379972,1.345792696727806,1.8550277776567357,2.0047554211724194,1.9885210824464288,1.9814309695515697,1.8680724856061326,1.976859041017176,1.88488314139401,1.8702995485892364,1.9520782077454726,1.9789940822279013,1.980858254850618,1.974365665453215,2.0088064463909094,1.978681327334065,1.8750902077802585,1.9746026230718463,2.159981996063371,2.0287846554733373,1.7127948077246833,1.9917493817166552,2.0123662335371533,1.9766455725934777,1.9289489265882753,1.9182651210657304,1.9872372330270902,2.01526973034962,1.9740933846674977,1.979877115196376,1.9459531575664857,2.018907804770683,2.02788764512249,2.429759289274203,1.9993986262494252
129,2.01,2.790885752178884,2.073151155379972,1.345792696727806,1.8550277776567357,2.0047554211724194,1.9885210824464288,1.9814309695515697,1.8680724856061326,1.976859041017176,1.88488314139401,1.8702995485892364,1.9520782077454726,1.9789940822279013,1.980858254850618,1.974365665453215,2.0088064463909094,1.978681327334065,1.8750902077802585,1.9746026230718463,2.159981996063371,2.0287846554733373,1.7127948077246833,1.9917493817166552,2.0123662335371533,1.9766455725934777,1.9289489265882753,1.9182651210657304,1.9872372330270902,2.01526973034962,1.9740933846674977,1.979877115196376,1.9459531575664857,2.018907804770683,2.02788764512249,2.429759289274203,1.9993986262494252
130,2.01,2.790885752178884,2.073151155379972,1.345792696727806,1.8550277776567357,2.0047554211724194,1.9885210824464288,1.9814309695515697,1.8680724856061326,1.976859041017176,1.88488314139401,1.8702995485892364,1.9520782077454726,1.9789940822279013,1.980858254850618,1.974365665453215,2.0088064463909094,1.978681327334065,1.8750902077802585,1.9746026230718463,2.159981996063371,2.0287846554733373,1.7127948077246833,1.9917493817166552,2.0123662335371533,1.9766455725934777,1.9289489265882753,1.9182651210657304,1.9872372330270902,2.01526973034962,1.9740933846674977,1.979877115196376,1.9459531575664857,2.018907804770683,2.02788764512249,2.429759289274203,1.9993986262494252
131,2.01,2.790885752178884,2.073151155379972,1.345792696727806,1.8550277776567357,2.0047554211724194,1.9885210824464288,1.9814309695515697,1.8680724856061326,1.976859041017176,1.88488314139401,1.8702995485892364,1.9520782077454726,1.9789940822279013,1.980858254850618,1.974365665453215,2.0088064463909094,1.978681327334065,1.8750902077802585,1.9746026230718463,2.159981996063371,2.0287846554733373,1.7127948077246833,1.9917493817166552,2.0123662335371533,1.9766455725934777,1.9289489265882753,1.9182651210657304,1.9872372330270902,2.01526973034962,1.9740933846674977,1.979877115196376,1.9459531575664857,2.018907804770683,2.02788764512249,2.429759289274203,1.9993986262494252
132,1.96,2.646373245697349,2.021945582123654,1.2707371746643448,1.7808993651110612,1.9411212087455336,1.9171127236577823,1.9200974356111007,1.796029513871928,1.9101040781349017,1.8093729117076358,1.7996970699329826,1.8851552697414533,1.9097913865058906,1.9113414855697684,1.9082211417087693,1.938889069463475,1.9163812416126567,1.8045769966381355,1.9060426002598114,2.0601783652451444,1.9550137128360259,1.6378709085286123,1.9352017394592993,1.941459631525777,1.910042649284423,1.8596866147260291,1.8473226483614018,1.9289695927074928,1.9486401792773806,1.9081713386193127,1.911677481209487,1.880583623011284,1.9481407184319053,1.954593572274124,2.313367981030139,1.930241338579803
133,1.9433333333333331,2.598202410203504,2.0048770577048813,1.2457186673098577,1.756189894262503,1.9199098046032388,1.8933099373948998,1.8996529242976108,1.7720151899605265,1.88785242384081,1.784202835145511,1.7761629103808976,1.8628476237401133,1.8867238212652202,1.8881692291428185,1.8861729671272873,1.9155832771543304,1.8956145463721872,1.7810725929240945,1.8831892593224664,2.026910488305736,1.9304233986235888,1.6128962754632554,1.9163525253735136,1.9178240975219851,1.887841674848071,1.8365991774386137,1.823675157459959,1.9095470459342936,1.9264303289199673,1.8861973232699176,1.888944269880524,1.85879377815955,1.9245516896523127,1.9301622146580018,2.2745708782821166,1.9071889093565955
134,1.9266666666666663,2.5500315747096582,1.9878085332861084,1.2207001599553702,1.7314804234139443,1.898698400460943,1.8695071511320172,1.879208412984121,1.7480008660491246,1.8656007695467183,1.7590327585833858,1.7526287508288128,1.8405399777387732,1.86365625602455,1.8649969727158684,1.8641247925458049,1.8922774848451853,1.8748478511317175,1.757568189210053,1.860335918385121,1.993642611366326,1.9058330844111515,1.5879216423978977,1.897503311287728,1.8941885635181928,1.8656407004117193,1.8135117401511978,1.8000276665585155,1.890124499161094,1.9042204785625538,1.8642233079205222,1.8662110585515606,1.8370039333078156,1.9009626608727201,1.905730857041879,2.2357737755340947,1.8841364801333875
135,1.91,2.5018607392158128,1.970740008867336,1.195681652600883,1.7067709525653862,1.8774869963186482,1.845704364869135,1.8587639016706312,1.7239865421377234,1.843349115252627,1.7338626820212615,1.729094591276728,1.8182323317374336,1.8405886907838798,1.8418247162889188,1.8420766179643233,1.8689716925360402,1.854081155891248,1.734063785496012,1.8374825774477763,1.9603747344269171,1.8812427701987144,1.562947009332541,1.878654097201943,1.8705530295144008,1.8434397259753676,1.7904243028637827,1.7763801756570725,1.8707019523878952,1.8820106282051408,1.8422492925711271,1.8434778472225977,1.8152140884560821,1.877373632093128,1.8812994994257575,2.196976672786073,1.8610840509101803
136,1.97,2.6752757469936563,2.0321866967749176,1.285748279077037,1.7957250476201962,1.9538480512309109,1.9313943954155117,1.9323641423991946,1.810438108218769,1.9234550707113565,1.8244749576449106,1.8138175656642332,1.8985398573422572,1.9236319256502927,1.9252448394259383,1.9214500464576587,1.952872544848962,1.9288412587569383,1.81867963886656,1.9197546048222185,2.08013909140879,1.9697679013634886,1.6528556883678265,1.9465112679107706,1.9556409519280524,1.9233632339462337,1.8735390770984783,1.8615111429022677,1.9406231207714124,1.9619660894918285,1.9213557478289496,1.925317408006865,1.8936575299223244,1.962294135699661,1.969252386843797,2.336646242678951,1.9440727961137272
137,1.91,2.5018607392158128,1.970740008867336,1.195681652600883,1.7067709525653862,1.8774869963186482,1.845704364869135,1.8587639016706312,1.7239865421377234,1.843349115252627,1.7338626820212615,1.729094591276728,1.8182323317374336,1.8405886907838798,1.8418247162889188,1.8420766179643233,1.8689716925360402,1.854081155891248,1.734063785496012,1.8374825774477763,1.9603747344269171,1.8812427701987144,1.562947009332541,1.878654097201943,1.8705530295144008,1.8434397259753676,1.7904243028637827,1.7763801756570725,1.8707019523878952,1.8820106282051408,1.8422492925711271,1.8434778472225977,1.8152140884560821,1.877373632093128,1.8812994994257575,2.196976672786073,1.8610840509101803
138,1.83,2.270640728845356,1.8888110916572272,1.075592817299345,1.5881654924923065,1.775672256435631,1.7314509908072995,1.7606302473658808,1.6087177873629959,1.7365411746409878,1.6130463145230625,1.6161306254267214,1.7111556309310023,1.7298643776286626,1.7305978854395594,1.73624537997321,1.7571038894521451,1.7544010187369943,1.6212426476686153,1.7277865409485202,1.8006889251177542,1.7632092619790163,1.4430687706188272,1.7881778695901733,1.7571024662961987,1.7368750486808797,1.6796046038841883,1.6628722193301466,1.7774737278765391,1.7754033464895573,1.736774018894031,1.734358432843575,1.710622833167759,1.764146293951084,1.764028982868371,2.0107505795955687,1.750432390638784
139,1.81,2.2128357262527416,1.8683288623547,1.0455706084739602,1.5585141274740368,1.7502185714648766,1.7028876472918406,1.7360968337896932,1.5799005986693142,1.7098391894880782,1.5828422226485128,1.5878896339642197,1.6843864557293946,1.7021832993398585,1.7027911777272196,1.7097875704754315,1.7291369386811715,1.729480984448431,1.5930373632117658,1.7003625318237061,1.7607674727904634,1.733700884924092,1.4130992109403986,1.7655588126872308,1.7287398254916482,1.7102338793572578,1.6518996791392897,1.6344952302484148,1.7541666717487001,1.7487515260606616,1.710405200474757,1.707078579248819,1.6844750193456783,1.7358394594155728,1.7347113537290249,1.9641940562979423,1.7227694755709353
140,1.86,2.357348232734277,1.919534435611018,1.120626130537422,1.6326425400197118,1.8138527838917624,1.7742960060804878,1.7974303677301624,1.6519435704035188,1.7765941523703526,1.6583524523348872,1.6584921126204741,1.751309393733414,1.7713859950618693,1.7723079470080692,1.7759320942198775,1.799054315608606,1.7917810701698396,1.6635505743538892,1.7689225546357414,1.86057110360869,1.8074718275614035,1.48802311013647,1.822106454944587,1.7996464275030246,1.7768368026663128,1.7211619910015363,1.7054377029527439,1.8124343120682975,1.8153810771329013,1.7763272465229423,1.7752782132357083,1.7498445539008802,1.8066065457543505,1.808005426577391,2.0805853645420074,1.791926763240558
141,1.91,2.5018607392158128,1.970740008867336,1.195681652600883,1.7067709525653862,1.8774869963186482,1.845704364869135,1.8587639016706312,1.7239865421377234,1.843349115252627,1.7338626820212615,1.729094591276728,1.8182323317374336,1.8405886907838798,1.8418247162889188,1.8420766179643233,1.8689716925360402,1.854081155891248,1.734063785496012,1.8374825774477763,1.9603747344269171,1.8812427701987144,1.562947009332541,1.878654097201943,1.8705530295144008,1.8434397259753676,1.7904243028637827,1.7763801756570725,1.8707019523878952,1.8820106282051408,1.8422492925711271,1.8434778472225977,1.8152140884560821,1.877373632093128,1.8812994994257575,2.196976672786073,1.8610840509101803
142,1.96,2.646373245697349,2.021945582123654,1.2707371746643448,1.7808993651110612,1.9411212087455336,1.9171127236577823,1.9200974356111007,1.796029513871928,1.9101040781349017,1.8093729117076358,1.7996970699329826,1.8851552697414533,1.9097913865058906,1.9113414855697684,1.9082211417087693,1.938889069463475,1.9163812416126567,1.8045769966381355,1.9060426002598114,2.0601783652451444,1.9550137128360259,1.6378709085286123,1.9352017394592993,1.941459631525777,1.910042649284423,1.8596866147260291,1.8473226483614018,1.9289695927074928,1.9486401792773806,1.9081713386193127,1.911677481209487,1.880583623011284,1.9481407184319053,1.954593572274124,2.313367981030139,1.930241338579803
143,1.91,2.5018607392158128,1.970740008867336,1.195681652600883,1.7067709525653862,1.8774869963186482,1.845704364869135,1.8587639016706312,1.7239865421377234,1.843349115252627,1.7338626820212615,1.729094591276728,1.8182323317374336,1.8405886907838798,1.8418247162889188,1.8420766179643233,1.8689716925360402,1.854081155891248,1.734063785496012,1.8374825774477763,1.9603747344269171,1.8812427701987144,1.562947009332541,1.878654097201943,1.8705530295144008,1.8434397259753676,1.7904243028637827,1.7763801756570725,1.8707019523878952,1.8820106282051408,1.8422492925711271,1.8434778472225977,1.8152140884560821,1.877373632093128,1.8812994994257575,2.196976672786073,1.8610840509101803
144,1.77,2.097225721067513,1.8273644037496453,0.9855261908231912,1.499211397437497,1.699311201523368,1.645760960260923,1.6870300066373176,1.5222662212819502,1.6564352191822584,1.522434038899413,1.5314076510392165,1.6308481053261787,1.6468211427622497,1.6471777623025399,1.6568719514798746,1.6732030371392235,1.6796409158713037,1.5366267942980671,1.6455145135740783,1.680924568135882,1.6746841308142428,1.3531600915835418,1.7203206988813458,1.6720145438825473,1.656951540710014,1.5964898296494923,1.5777412520849516,1.7075525594930219,1.6954478852028698,1.6576675636362084,1.6525188720593076,1.6321793917015168,1.6792257903445504,1.6760760954503313,1.8710810097026904,1.6674436454352373
145,1.77,2.097225721067513,1.8273644037496453,0.9855261908231912,1.499211397437497,1.699311201523368,1.645760960260923,1.6870300066373176,1.5222662212819502,1.6564352191822584,1.522434038899413,1.5314076510392165,1.6308481053261787,1.6468211427622497,1.6471777623025399,1.6568719514798746,1.6732030371392235,1.6796409158713037,1.5366267942980671,1.6455145135740783,1.680924568135882,1.6746841308142428,1.3531600915835418,1.7203206988813458,1.6720145438825473,1.656951540710014,1.5964898296494923,1.5777412520849516,1.7075525594930219,1.6954478852028698,1.6576675636362084,1.6525188720593076,1.6321793917015168,1.6792257903445504,1.6760760954503313,1.8710810097026904,1.6674436454352373
146,1.77,2.097225721067513,1.8273644037496453,0.9855261908231912,1.499211397437497,1.699311201523368,1.645760960260923,1.6870300066373176,1.5222662212819502,1.6564352191822584,1.522434038899413,1.5314076510392165,1.6308481053261787,1.6468211427622497,1.6471777623025399,1.6568719514798746,1.6732030371392235,1.6796409158713037,1.5366267942980671,1.6455145135740783,1.680924568135882,1.6746841308142428,1.3531600915835418,1.7203206988813458,1.6720145438825473,1.656951540710014,1.5964898296494923,1.5777412520849516,1.7075525594930219,1.6954478852028698,1.6576675636362084,1.6525188720593076,1.6321793917015168,1.6792257903445504,1.6760760954503313,1.8710810097026904,1.6674436454352373
147,1.77,2.097225721067513,1.8273644037496453,0.9855261908231912,1.499211397437497,1.699311201523368,1.645760960260923,1.6870300066373176,1.5222662212819502,1.6564352191822584,1.522434038899413,1.5314076510392165,1.6308481053261787,1.6468211427622497,1.6471777623025399,1.6568719514798746,1.6732030371392235,1.6796409158713037,1.5366267942980671,1.6455145135740783,1.680924568135882,1.6746841308142428,1.3531600915835418,1.7203206988813458,1.6720145438825473,1.656951540710014,1.5964898296494923,1.5777412520849516,1.7075525594930219,1.6954478852028698,1.6576675636362084,1.6525188720593076,1.6321793917015168,1.6792257903445504,1.6760760954503313,1.8710810097026904,1.6674436454352373
148,1.77,2.097225721067513,1.8273644037496453,0.9855261908231912,1.499211397437497,1.699311201523368,1.645760960260923,1.6870300066373176,1.5222662212819502,1.6564352191822584,1.522434038899413,1.5314076510392165,1.6308481053261787,1.6468211427622497,1.6471777623025399,1.6568719514798746,1.6732030371392235,1.6796409158713037,1.5366267942980671,1.6455145135740783,1.680924568135882,1.6746841308142428,1.3531600915835418,1.7203206988813458,1.6720145438825473,1.656951540710014,1.5964898296494923,1.5777412520849516,1.7075525594930219,1.6954478852028698,1.6576675636362084,1.6525188720593076,1.6321793917015168,1.6792257903445504,1.6760760954503313,1.8710810097026904,1.6674436454352373
149,1.77,2.097225721067513,1.8273644037496453,0.9855261908231912,1.499211397437497,1.699311201523368,1.645760960260923,1.6870300066373176,1.5222662212819502,1.6564352191822584,1.522434038899413,1.5314076510392165,1.6308481053261787,1.6468211427622497,1.6471777623025399,1.6568719514798746,1.6732030371392235,1.6796409158713037,1.5366267942980671,1.6455145135740783,1.680924568135882,1.6746841308142428,1.3531600915835418,1.7203206988813458,1.6720145438825473,1.656951540710014,1.5964898296494923,1.5777412520849516,1.7075525594930219,1.6954478852028698,1.6576675636362084,1.6525188720593076,1.6321793917015168,1.6792257903445504,1.6760760954503313,1.8710810097026904,1.6674436454352373
150,2.12,3.108813266438264,2.185803416543872,1.5109148452674217,2.0181102852572206,2.1447506885115684,2.1456194717814534,2.1163647442206024,2.026567023421383,2.12371995935818,2.0510056467040343,2.025625001632996,2.099308671354316,2.1312400128163254,2.1337951472684873,2.1198836176909968,2.162624675631266,2.1157415159211648,2.03021927229293,2.125434673258324,2.379549983863471,2.191080729275422,1.8776273859560404,2.116154194682839,2.1683607579621813,2.1231720038733988,2.081326012685218,2.0743385610152547,2.1154260417302053,2.1618547427085475,2.1191218859735055,2.129916309967533,2.08976613358793,2.174595394715994,2.189134605388896,2.6858201674111477,2.151544659122595
151,2.25,3.4845457832902573,2.3189379070102984,1.7060592026324213,2.210844157875975,2.3101996408214713,2.331281204631936,2.2758319324658225,2.2138787499303154,2.297282862852094,2.247332243888607,2.2091914461392568,2.273308310164767,2.311167021693553,2.3145387473986965,2.2918593794265556,2.344409855642596,2.277721738796827,2.2135536212624505,2.3036907325696143,2.6390394239908614,2.382885180132432,2.0724295238658255,2.263178064551965,2.3527179231917597,2.296339604476942,2.261408023527059,2.25878899004651,2.266921906561159,2.335091575496371,2.2905192056987875,2.307235358333445,2.2597269234314545,2.3585898191968155,2.379699194794649,2.988437568845718,2.3313536070636136
152,2.3,3.629058289771792,2.3701434802666164,1.7811147246958825,2.2849725704216497,2.373833853248357,2.4026895634205827,2.337165466406291,2.2859217216645193,2.364037825734368,2.322842473574981,2.279793924795511,2.340231248168786,2.3803697174155634,2.3840555166795454,2.358003903171001,2.41432723257003,2.3400218245182356,2.2840668324045734,2.3722507553816494,2.7388430548090876,2.456656122769743,2.1473534230618965,2.319725706809321,2.4236245252031354,2.3629425277859966,2.3306703353893052,2.3297314627508388,2.3251895468807566,2.40172112656861,2.356441251746972,2.3754349923203346,2.3250964579866564,2.429356905535593,2.4529932676430146,3.104828877089782,2.400510894733236
153,2.31,3.6579607910681,2.38038459491788,1.796125829108575,2.299798252930785,2.386560695733735,2.4169712351783126,2.3494321731943852,2.300330316011361,2.377388818310823,2.3379445195122566,2.2939144205267623,2.3536158357695904,2.394210256559966,2.3979588705357155,2.371232807919891,2.4283107079555175,2.3524818416625175,2.2981694746329984,2.385962759944057,2.758803780972734,2.4714103112972055,2.1623382029011107,2.3310352352607926,2.437805845605411,2.3762631124478077,2.344522797761755,2.343919957291705,2.3368430749446762,2.4150470367830583,2.3696256609566095,2.3890749191177125,2.338170364897697,2.443510322803349,2.4676520822126884,3.1281071387385952,2.4143423522671608
154,2.313333333333333,3.6675949581668696,2.3837982998016347,1.8011295305794723,2.3047401471004965,2.3908029765621936,2.4217317924308888,2.353521075457083,2.305133180793641,2.3818391491696413,2.3429785348246814,2.298621252437179,2.358077364969858,2.3988237696081,2.4025933218211057,2.3756424428361873,2.4329718664173465,2.356635180710611,2.3028703553758065,2.3905334281315254,2.7654573563606153,2.476328374139693,2.1673331295141818,2.3348050780779492,2.4425329524061694,2.380703307335078,2.349140285219238,2.3486494554719934,2.340727584299316,2.419489006854541,2.3740204640264886,2.393621561383505,2.342528333868043,2.448228128559267,2.4725383537359127,3.1358665592882002,2.418952838111802
155,2.3166666666666664,3.6772291252656375,2.3872120046853893,1.8061332320503696,2.309682041270208,2.3950452573906524,2.426492349683465,2.3576099777197808,2.3099360455759212,2.3862894800284593,2.348012550137106,2.3033280843475956,2.362538894170126,2.403437282656234,2.4072277731064955,2.3800520777524836,2.437633024879175,2.360788519758705,2.3075712361186143,2.3951040963189945,2.7721109317484967,2.4812464369821803,2.1723280561272533,2.3385749208951063,2.4472600592069274,2.385143502222348,2.3537577726767207,2.353378953652282,2.3446120936539554,2.4239309769260236,2.3784152670963676,2.3981682036492975,2.3468863028383904,2.452945934315186,2.477424625259137,3.143625979837804,2.4235633239564436
156,2.32,3.686863292364407,2.390625709569144,1.8111369335212668,2.31462393543992,2.399287538219112,2.4312529069360416,2.361698879982479,2.3147389103582015,2.390739810887278,2.353046565449531,2.3080349162580127,2.3670004233703943,2.408050795704368,2.4118622243918857,2.38446171266878,2.4422941833410046,2.364941858806799,2.3122721168614224,2.3996747645064636,2.778764507136379,2.4861644998246675,2.1773229827403244,2.3423447637122634,2.451987166007686,2.3895836971096185,2.3583752601342036,2.35810845183257,2.3484966030085954,2.428372946997506,2.3828100701662462,2.4027148459150904,2.351244271808737,2.457663740071104,2.4823108967823613,3.1513854003874084,2.428173809801085
157,2.32,3.686863292364407,2.390625709569144,1.8111369335212668,2.31462393543992,2.399287538219112,2.4312529069360416,2.361698879982479,2.3147389103582015,2.390739810887278,2.353046565449531,2.3080349162580127,2.3670004233703943,2.408050795704368,2.4118622243918857,2.38446171266878,2.4422941833410046,2.364941858806799,2.3122721168614224,2.3996747645064636,2.778764507136379,2.4861644998246675,2.1773229827403244,2.3423447637122634,2.451987166007686,2.3895836971096185,2.3583752601342036,2.35810845183257,2.3484966030085954,2.428372946997506,2.3828100701662462,2.4027148459150904,2.351244271808737,2.457663740071104,2.4823108967823613,3.1513854003874084,2.428173809801085
158,2.36,3.802473297549636,2.431590168174198,1.8711813511720363,2.3739266654764597,2.4501949081606202,2.4883795939669593,2.4107657071348543,2.3723732877455657,2.4441437811930973,2.413454749198631,2.364516899183016,2.42053877377361,2.4634129522819768,2.4674756398165654,2.437377331664337,2.4982280848829523,2.414781927383926,2.3686826857751213,2.454522782756092,2.8586074117909606,2.545181253934517,2.2372621020971817,2.3875828775181485,2.5087124476167872,2.442866035756863,2.4137851096240013,2.4148624299960337,2.3951107152642734,2.481676587855298,2.435547707004795,2.457274553104602,2.4035398994528987,2.5142774091421263,2.5409461550610546,3.244498446982661,2.4834996399367832
159,2.34,3.744668294957021,2.411107938871671,1.841159142346652,2.34427530045819,2.4247412231898657,2.4598162504515004,2.386232293558667,2.3435560990518836,2.4174417960401877,2.383250657324081,2.3362759077205144,2.393769598572002,2.435731873993172,2.4396689321042255,2.4109195221665587,2.4702611341119782,2.389861893095363,2.340477401318272,2.4270987736312777,2.8186859594636697,2.5156728768795924,2.2072925424187533,2.364963820615206,2.480349806812237,2.4162248664332404,2.3860801848791025,2.386485440914302,2.371803659136434,2.455024767426402,2.4091788885855205,2.429994699509846,2.3773920856308175,2.4859705746066156,2.5116285259217084,3.1979419236850344,2.4558367248689343
160,2.46,4.091498310512708,2.5340013146868343,2.021292395298959,2.5221834905678095,2.5774633330143923,2.6311963115442536,2.5334327750157932,2.516459231213975,2.577653706957647,2.5644752085713796,2.5057218564955246,2.554384649781649,2.6018183437259985,2.606509178378265,2.5696663791532286,2.6380628387378215,2.5393820988267435,2.5097091080593676,2.591642828380162,3.0582146734274147,2.6927231392091397,2.387109900489324,2.5006781620328606,2.6505256516395397,2.576071882374973,2.552309733348494,2.556747375404692,2.5116459959034687,2.6149356899997773,2.5673917991011654,2.5936738210783803,2.5342789685633025,2.6558115818196817,2.687534300757787,3.4772810634707914,2.6218142152760286
161,2.49,4.178205814401628,2.564724658640625,2.066325708537036,2.5666605380952143,2.615643860470523,2.6740413268174423,2.570232895380075,2.559685014254497,2.617706684687011,2.609781346383204,2.548083343689277,2.5945384125840607,2.6433399611592048,2.6482192399467746,2.6093530933998963,2.6800132648942823,2.5767621502595888,2.5520170347446416,2.632778842067383,3.1180968519183505,2.7369857047915263,2.4320642400069667,2.534606747387275,2.6930696128463656,2.616033636360406,2.593867120465842,2.5993128590272887,2.5466065800952276,2.654913420643121,2.6069450267300764,2.634593601470514,2.5735006892964236,2.698271833622948,2.731510744466807,3.54711584841723,2.6633085878778022
162,2.52,4.26491331829055,2.595448002594416,2.111359021775113,2.611137585622619,2.6538243879266545,2.71688634209063,2.607033015744356,2.6029107972950207,2.6577596624163764,2.655087484195029,2.5904448308830297,2.6346921753864727,2.684861578592411,2.689929301515284,2.649039807646564,2.721963691050743,2.6141422016924336,2.5943249614299155,2.673914855754604,3.1779790304092863,2.781248270373913,2.47701857952461,2.568535332741688,2.7356135740531915,2.6559953903458386,2.63542450758319,2.6418783426498864,2.581567164286986,2.6948911512864653,2.6464982543589874,2.6755133818626478,2.6127224100295448,2.740732085426215,2.775487188175827,3.6169506333636696,2.704802960479576
163,2.55,4.351620822179472,2.626171346548207,2.156392335013189,2.6556146331500234,2.6920049153827863,2.7597313573638185,2.6438331361086376,2.6461365803355426,2.6978126401457403,2.7003936220068527,2.632806318076782,2.6748459381888843,2.726383196025617,2.731639363083794,2.6887265218932312,2.7639141172072037,2.651522253125279,2.636632888115189,2.715050869441825,3.237861208900223,2.8255108359563,2.5219729190422515,2.6024639180961016,2.7781575352600165,2.6959571443312713,2.6769818947005373,2.6844438262724832,2.6165277484787444,2.734868881929809,2.6860514819878984,2.7164331622547815,2.6519441307626654,2.783192337229481,2.8194636318848465,3.6867854183101088,2.746297333081349
164,2.55,4.351620822179472,2.626171346548207,2.156392335013189,2.6556146331500234,2.6920049153827863,2.7597313573638185,2.6438331361086376,2.6461365803355426,2.6978126401457403,2.7003936220068527,2.632806318076782,2.6748459381888843,2.726383196025617,2.731639363083794,2.6887265218932312,2.7639141172072037,2.651522253125279,2.636632888115189,2.715050869441825,3.237861208900223,2.8255108359563,2.5219729190422515,2.6024639180961016,2.7781575352600165,2.6959571443312713,2.6769818947005373,2.6844438262724832,2.6165277484787444,2.734868881929809,2.6860514819878984,2.7164331622547815,2.6519441307626654,2.783192337229481,2.8194636318848465,3.6867854183101088,2.746297333081349
165,2.62,4.553938331253622,2.6978591491070523,2.2614700659020364,2.759394410713969,2.7810928127804266,2.859703059667925,2.7297000836252945,2.74699674076343,2.791269588180925,2.8061079435677776,2.731649788195538,2.768538051394512,2.823266970036433,2.8289628400769837,2.781328855135456,2.8617984449056126,2.7387423731352514,2.7353513837141623,2.811034901378674,3.3775862920457413,2.928790155648536,2.6268663779167523,2.681630617256401,2.877426778075944,2.7892012369639487,2.773949131307683,2.7837632880585446,2.6981024449261817,2.8281502534309446,2.778342346455358,2.8119126498364264,2.743461479139948,2.88226625810377,2.92207533387256,3.8497332498518,2.8431175358188208
166,2.62,4.553938331253622,2.6978591491070523,2.2614700659020364,2.759394410713969,2.7810928127804266,2.859703059667925,2.7297000836252945,2.74699674076343,2.791269588180925,2.8061079435677776,2.731649788195538,2.768538051394512,2.823266970036433,2.8289628400769837,2.781328855135456,2.8617984449056126,2.7387423731352514,2.7353513837141623,2.811034901378674,3.3775862920457413,2.928790155648536,2.6268663779167523,2.681630617256401,2.877426778075944,2.7892012369639487,2.773949131307683,2.7837632880585446,2.6981024449261817,2.8281502534309446,2.778342346455358,2.8119126498364264,2.743461479139948,2.88226625810377,2.92207533387256,3.8497332498518,2.8431175358188208
167,2.59,4.4672308273647,2.667135805153261,2.216436752663959,2.7149173631865637,2.7429122853242944,2.8168580443947366,2.692899963261013,2.7037709577229068,2.75121661045156,2.7608018057559525,2.6892883010017856,2.7283842885920997,2.7817453526032256,2.7872527785084733,2.7416421408887883,2.819848018749151,2.7013623217024056,2.693043457028888,2.7698988876914528,3.3177041135548047,2.8845275900661487,2.581912038399109,2.6477020319019866,2.8348828168691176,2.749239482978515,2.732391744190335,2.741197804435947,2.6631418607344224,2.7881725227876,2.7387891188264466,2.7709928694442927,2.7042397584068274,2.839806006300503,2.87809889016354,3.7798984649053606,2.801623163217047
168,2.64,4.6117433338462375,2.71834137840958,2.2914922747274207,2.789045775732239,2.806546497751181,2.8882664031833842,2.7542334972014824,2.775813929457112,2.8179715733338355,2.8363120354423272,2.75989077965804,2.79530722659612,2.850948048325237,2.856769547789324,2.807786664633235,2.8897653956765863,2.7636624074238147,2.7635566681710118,2.8384589105034883,3.4175077443730326,2.958298532703461,2.6568359375951807,2.7042496741593434,2.9057894188804947,2.8158424062875707,2.801654056052582,2.8121402771402764,2.7214095010540205,2.8548020738598407,2.8047111648746323,2.8391925034311827,2.7696092929620293,2.9105730926392814,2.9513929630119065,3.896289773149427,2.87078045088667
169,2.69,4.756255840327772,2.7695469516658973,2.3665477967908823,2.8631741882779136,2.8701807101780665,2.959674761972031,2.8155670311419514,2.8478569011913164,2.8847265362161094,2.9118222651287016,2.830493258314294,2.862230164600139,2.9201507440472474,2.926286317070173,2.8739311883776804,2.9596827726040207,2.8259624931452234,2.8340698793131347,2.9070189333155234,3.517311375191259,3.032069475340772,2.7317598367912517,2.7607973164166992,2.976696020891871,2.8824453295966252,2.8709163679148277,2.883082749844605,2.7796771413736177,2.92143162493208,2.8706332109228176,2.9073921374180713,2.8349788275172307,2.981340178978059,3.024687035860272,4.0126810813934926,2.939937738556292
170,2.74,4.9007683468093095,2.820752524922216,2.441603318854344,2.937302600823589,2.933814922604953,3.0310831207606785,2.876900565082421,2.9198998729255217,2.9514814990983846,2.987332494815077,2.9010957369705492,2.9291531026041597,2.9893534397692587,2.995803086351023,2.940075712122127,3.029600149531456,2.8882625788666325,2.904583090455258,2.975578956127559,3.6171150060094868,3.105840417978084,2.806683735987323,2.817344958674056,3.047602622903248,2.949048252905681,2.940178679777075,2.9540252225489345,2.837944781693216,2.9880611760043205,2.9365552569710034,2.975591771404962,2.9003483620724335,3.0521072653168373,3.0979811087086397,4.1290723896375585,3.0090950262259155
171,2.79,5.045280853290845,2.871958098178533,2.516658840917805,3.0114310133692634,2.997449135031838,3.1024914795493252,2.93823409902289,2.9919428446597256,3.018236461980659,3.0628427245014502,2.9716982156268026,2.9960760406081786,3.058556135491269,3.0653198556318726,3.0062202358665724,3.09951752645889,2.950562664588041,2.9750963015973815,3.0441389789395936,3.7169186368277134,3.1796113606153944,2.881607635183394,2.873892600931412,3.1185092249146233,3.0156511762147353,3.0094409916393214,3.024967695253263,2.896212422012813,3.0546907270765593,3.002477303019188,3.04379140539185,2.9657178966276345,3.122874351655614,3.1712751815570055,4.245463697881623,3.078252313895538
172,2.82,5.1319883571797655,2.902681442132324,2.5616921541558813,3.0559080608966673,3.0356296624879695,3.145336494822513,2.9750342193871715,3.035168627700248,3.0582894397100224,3.108148862313275,3.014059702820555,3.03622980341059,3.1000777529244754,3.107029917200382,3.045906950113239,3.1414679526153506,2.9879427160208856,3.0174042282826545,3.085274992626814,3.7768008153186488,3.223873926197781,2.9265619747010367,2.907821186285825,3.161053186121449,3.0556129302001684,3.0509983787566686,3.06753317887586,2.9311730062045713,3.0946684577199033,3.0420305306480984,3.0847111857839833,3.0049396173607557,3.1653346034588803,3.2152516252660246,4.315298482828062,3.1197466864973107
173,2.69,4.756255840327772,2.7695469516658973,2.3665477967908823,2.8631741882779136,2.8701807101780665,2.959674761972031,2.8155670311419514,2.8478569011913164,2.8847265362161094,2.9118222651287016,2.830493258314294,2.862230164600139,2.9201507440472474,2.926286317070173,2.8739311883776804,2.9596827726040207,2.8259624931452234,2.8340698793131347,2.9070189333155234,3.517311375191259,3.032069475340772,2.7317598367912517,2.7607973164166992,2.976696020891871,2.8824453295966252,2.8709163679148277,2.883082749844605,2.7796771413736177,2.92143162493208,2.8706332109228176,2.9073921374180713,2.8349788275172307,2.981340178978059,3.024687035860272,4.0126810813934926,2.939937738556292
174,2.71,4.814060842920386,2.7900291809684243,2.3965700056162667,2.8928255532961833,2.8956343951488206,2.98823810548749,2.8401004447181393,2.8766740898849985,2.911428521369019,2.942026357003251,2.858734249776796,2.888999339801747,2.9478318223360516,2.954093024782513,2.9003889978754587,2.987649723374995,2.850882527433787,2.8622751637699837,2.934442942440337,3.5572328275185496,3.0615778523956965,2.76172939646968,2.7834163733196418,3.0050586616964208,2.9090864989202476,2.8986212926597266,2.911459738926337,2.802984197501457,2.948083445360976,2.8970020293420915,2.934671991012827,2.861126641339312,3.00964701351357,3.0540046649996193,4.059237604691118,2.9676006536241415
175,2.736666666666667,4.89113417971054,2.817338820038461,2.4365996173834463,2.9323607066538773,2.9295726417764936,3.026322563508102,2.872811662819723,2.915097008143241,2.947031168239566,2.9822984795026515,2.8963889050601317,2.924691573403891,2.9847399267211245,2.991168635065633,2.93566607720583,3.0249389910696265,2.8841092398185384,2.89988220971245,2.971008287940089,3.610461430621605,3.100922355135596,2.801688809374252,2.8135751158568985,3.0428755161024887,2.94460805801841,2.935561192319592,2.949295724368646,2.8340602723385757,2.983619205932837,2.932160453901124,2.9710451291391684,2.8959903931020863,3.047389459560918,3.0930948371854146,4.1213129690879535,3.0044845403812737
176,2.763333333333333,4.968207516500692,2.844648459108497,2.476629229150625,2.9718958600115695,2.963510888404165,3.0644070215287136,2.905522880921306,2.9535199264014826,2.9826338151101117,3.022570602002051,2.9340435603434667,2.9603838070060347,3.0216480311061966,3.028244245348753,2.970943156536201,3.062228258764258,2.917335952203289,2.9374892556549153,3.007573633439841,3.663690033724658,3.140266857875495,2.8416482222788226,2.843733858394155,3.0806923705085554,2.9801296171165728,2.972501091979456,2.9871317098109538,2.865136347175694,3.019154966504698,2.9673188784601554,3.007418267265509,2.93085414486486,3.085131905608266,3.1321850093712094,4.183388333484788,3.041368427138405
177,2.79,5.045280853290845,2.871958098178533,2.516658840917805,3.0114310133692634,2.997449135031838,3.1024914795493252,2.93823409902289,2.9919428446597256,3.018236461980659,3.0628427245014502,2.9716982156268026,2.9960760406081786,3.058556135491269,3.0653198556318726,3.0062202358665724,3.09951752645889,2.950562664588041,2.9750963015973815,3.0441389789395936,3.7169186368277134,3.1796113606153944,2.881607635183394,2.873892600931412,3.1185092249146233,3.0156511762147353,3.0094409916393214,3.024967695253263,2.896212422012813,3.0546907270765593,3.002477303019188,3.04379140539185,2.9657178966276345,3.122874351655614,3.1712751815570055,4.245463697881623,3.078252313895538
178,2.89,5.334305866253916,2.97436924469117,2.666769885044728,3.159687838460613,3.1247175598856103,3.24530819712662,3.060901166903829,3.1360287881281352,3.1517463877452077,3.2138631838741993,3.112903172939311,3.129921916616218,3.196961526935291,3.2043533941935722,3.1385092833554644,3.23935228031376,3.0751628360308585,3.116122723881628,3.1812590245636634,3.916525898464167,3.3271532458900177,3.0314554335755366,2.986987885446124,3.2603224289373762,3.1488570228328454,3.1479656153638143,3.1668526406619213,3.0127477026520086,3.187949829221039,3.134321395115559,3.1801906733656287,3.0964569657380387,3.2644085243331697,3.3178633272537383,4.478246314369754,3.2165668892347825
179,2.94,5.478818372735451,3.0255748179474877,2.741825407108189,3.233816251006287,3.1883517723124957,3.316716555915267,3.122234700844298,3.208071759862339,3.2185013506274815,3.2893734135605732,3.1835056515955653,3.1968448546202373,3.2661642226573013,3.273870163474421,3.20465380709991,3.309269657241194,3.1374629217522667,3.1866359350237508,3.249819047375698,4.016329529282394,3.4009241885273287,3.1063793327716076,3.0435355277034803,3.3312290309487516,3.2154599461419,3.2172279272260607,3.23779511336625,3.071015342971606,3.2545793802932783,3.2002434411637437,3.248390307352518,3.16182650029324,3.3351756106719463,3.3911574001021045,4.594637622613818,3.285724176904405
180,2.94,5.478818372735451,3.0255748179474877,2.741825407108189,3.233816251006287,3.1883517723124957,3.316716555915267,3.122234700844298,3.208071759862339,3.2185013506274815,3.2893734135605732,3.1835056515955653,3.1968448546202373,3.2661642226573013,3.273870163474421,3.20465380709991,3.309269657241194,3.1374629217522667,3.1866359350237508,3.249819047375698,4.016329529282394,3.4009241885273287,3.1063793327716076,3.0435355277034803,3.3312290309487516,3.2154599461419,3.2172279272260607,3.23779511336625,3.071015342971606,3.2545793802932783,3.2002434411637437,3.248390307352518,3.16182650029324,3.3351756106719463,3.3911574001021045,4.594637622613818,3.285724176904405
181,2.89,5.334305866253916,2.97436924469117,2.666769885044728,3.159687838460613,3.1247175598856103,3.24530819712662,3.060901166903829,3.1360287881281352,3.1517463877452077,3.2138631838741993,3.112903172939311,3.129921916616218,3.196961526935291,3.2043533941935722,3.1385092833554644,3.23935228031376,3.0751628360308585,3.116122723881628,3.1812590245636634,3.916525898464167,3.3271532458900177,3.0314554335755366,2.986987885446124,3.2603224289373762,3.1488570228328454,3.1479656153638143,3.1668526406619213,3.0127477026520086,3.187949829221039,3.134321395115559,3.1801906733656287,3.0964569657380387,3.2644085243331697,3.3178633272537383,4.478246314369754,3.2165668892347825
182,2.89,5.334305866253916,2.97436924469117,2.666769885044728,3.159687838460613,3.1247175598856103,3.24530819712662,3.060901166903829,3.1360287881281352,3.1517463877452077,3.2138631838741993,3.112903172939311,3.129921916616218,3.196961526935291,3.2043533941935722,3.1385092833554644,3.23935228031376,3.0751628360308585,3.116122723881628,3.1812590245636634,3.916525898464167,3.3271532458900177,3.0314554335755366,2.986987885446124,3.2603224289373762,3.1488570228328454,3.1479656153638143,3.1668526406619213,3.0127477026520086,3.187949829221039,3.134321395115559,3.1801906733656287,3.0964569657380387,3.2644085243331697,3.3178633272537383,4.478246314369754,3.2165668892347825
183,2.89,5.334305866253916,2.97436924469117,2.666769885044728,3.159687838460613,3.1247175598856103,3.24530819712662,3.060901166903829,3.1360287881281352,3.1517463877452077,3.2138631838741993,3.112903172939311,3.129921916616218,3.196961526935291,3.2043533941935722,3.1385092833554644,3.23935228031376,3.0751628360308585,3.116122723881628,3.1812590245636634,3.916525898464167,3.3271532458900177,3.0314554335755366,2.986987885446124,3.2603224289373762,3.1488570228328454,3.1479656153638143,3.1668526406619213,3.0127477026520086,3.187949829221039,3.134321395115559,3.1801906733656287,3.0964569657380387,3.2644085243331697,3.3178633272537383,4.478246314369754,3.2165668892347825
184,2.89,5.334305866253916,2.97436924469117,2.666769885044728,3.159687838460613,3.1247175598856103,3.24530819712662,3.060901166903829,3.1360287881281352,3.1517463877452077,3.2138631838741993,3.112903172939311,3.129921916616218,3.196961526935291,3.2043533941935722,3.1385092833554644,3.23935228031376,3.0751628360308585,3.116122723881628,3.1812590245636634,3.916525898464167,3.3271532458900177,3.0314554335755366,2.986987885446124,3.2603224289373762,3.1488570228328454,3.1479656153638143,3.1668526406619213,3.0127477026520086,3.187949829221039,3.134321395115559,3.1801906733656287,3.0964569657380387,3.2644085243331697,3.3178633272537383,4.478246314369754,3.2165668892347825
185,2.82,5.1319883571797655,2.902681442132324,2.5616921541558813,3.0559080608966673,3.0356296624879695,3.145336494822513,2.9750342193871715,3.035168627700248,3.0582894397100224,3.108148862313275,3.014059702820555,3.03622980341059,3.1000777529244754,3.107029917200382,3.045906950113239,3.1414679526153506,2.9879427160208856,3.0174042282826545,3.085274992626814,3.7768008153186488,3.223873926197781,2.9265619747010367,2.907821186285825,3.161053186121449,3.0556129302001684,3.0509983787566686,3.06753317887586,2.9311730062045713,3.0946684577199033,3.0420305306480984,3.0847111857839833,3.0049396173607557,3.1653346034588803,3.2152516252660246,4.315298482828062,3.1197466864973107
186,2.82,5.1319883571797655,2.902681442132324,2.5616921541558813,3.0559080608966673,3.0356296624879695,3.145336494822513,2.9750342193871715,3.035168627700248,3.0582894397100224,3.108148862313275,3.014059702820555,3.03622980341059,3.1000777529244754,3.107029917200382,3.045906950113239,3.1414679526153506,2.9879427160208856,3.0174042282826545,3.085274992626814,3.7768008153186488,3.223873926197781,2.9265619747010367,2.907821186285825,3.161053186121449,3.0556129302001684,3.0509983787566686,3.06753317887586,2.9311730062045713,3.0946684577199033,3.0420305306480984,3.0847111857839833,3.0049396173607557,3.1653346034588803,3.2152516252660246,4.315298482828062,3.1197466864973107
187,2.78,5.016378351994537,2.8617169835272698,2.5016477365051126,2.996605330860128,2.984722292546461,3.088209807791596,2.9259673922347957,2.9775342503128845,3.0048854694042033,3.0477406785641756,2.9575777198955517,2.9826914530073743,3.044715596346867,3.0514165017757025,2.992991331117683,3.0855340510734033,2.938102647443759,2.960993659368956,3.030426974377186,3.6969579106640675,3.1648571720879324,2.86662285534418,2.86258307247994,3.104327904512348,3.0023305915529246,2.995588529266872,3.0107792007123972,2.8845588939488933,3.041364816862112,2.989292893809551,3.0301514785944725,2.952643989716594,3.108720934387858,3.1566163669873317,4.2221854362328095,3.064420856361613
188,2.8,5.074183354587151,2.882199212829797,2.531669945330497,3.0262566958783976,3.0101759775172154,3.1167731513070547,2.9505008058109836,3.006351439006566,3.031587454557113,3.0779447704387253,2.9858187113580534,3.009460628208982,3.0723966746356712,3.079223209488042,3.0194491406154613,3.1135010018443765,2.9630226817323226,2.9891989438258055,3.057850983502,3.7368793629913584,3.1943655491428564,2.896592415022608,2.8852021293828827,3.132690545316898,3.028971760876547,3.02329345401177,3.039156189794129,2.907865950076732,3.0680166372910076,3.015661712228825,3.057431332189228,2.978791803538675,3.137027768923369,3.1859339961266784,4.268741959530436,3.092083771429462
189,2.8266666666666667,5.151256691377305,2.909508851899833,2.5716995570976766,3.0657918492360916,3.044114224144887,3.1548576093276672,2.983212023912568,3.044774357264809,3.06719010142766,3.1182168929381247,3.023473366641389,3.0451528618111263,3.1093047790207438,3.116298819771162,3.0547262199458327,3.1507902695390086,2.996249394117074,3.0268059897682713,3.0944163290017523,3.7901079660944132,3.2337100518827566,2.9365518279271794,2.91536087192014,3.170507399722966,3.0644933199747095,3.0602333536716353,3.0769921752364375,2.9389420249138514,3.1035523978628685,3.0508201367878574,3.093804470315569,3.0136555553014492,3.1747702149707173,3.2250241683124745,4.330817323927271,3.1289676581865944
190,2.853333333333333,5.228330028167455,2.9368184909698694,2.6117291688648554,3.1053270025937842,3.0780524707725596,3.192942067348278,3.015923242014151,3.083197275523051,3.1027927482982056,3.158489015437524,3.0611280219247234,3.0808450954132693,3.1462128834058154,3.1533744300542814,3.090003299276203,3.18807953723364,3.029476106501825,3.0644130357107366,3.1309816745015038,3.843336569197467,3.2730545546226546,2.97651124083175,2.9455196144573956,3.208324254129033,3.100014879072871,3.0971732533314995,3.114828160678746,2.9700180997509698,3.139088158434729,3.085978561346889,3.1301776084419095,3.048519307064223,3.212512661018065,3.264114340498269,4.392892688324104,3.1658515449437257
191,2.88,5.305403364957608,2.9641281300399056,2.651758780632035,3.1448621559514778,3.1119907174002326,3.2310265253688897,3.0486344601157347,3.1216201937812933,3.138395395168752,3.1987611379369234,3.0987826772080598,3.1165373290154137,3.183120987790888,3.190450040337401,3.1252803786065746,3.225368804928272,3.062702818886576,3.1020200816532024,3.167547020001256,3.8965651723005212,3.312399057362555,3.0164706537363215,2.9756783569946528,3.2461411085351006,3.1355364381710347,3.1341131529913646,3.1526641461210545,3.001094174588088,3.174623919006591,3.121136985905921,3.1665507465682508,3.083383058826998,3.250255107065414,3.303204512684064,4.454968052720939,3.202735431700858
192,2.88,5.305403364957608,2.9641281300399056,2.651758780632035,3.1448621559514778,3.1119907174002326,3.2310265253688897,3.0486344601157347,3.1216201937812933,3.138395395168752,3.1987611379369234,3.0987826772080598,3.1165373290154137,3.183120987790888,3.190450040337401,3.1252803786065746,3.225368804928272,3.062702818886576,3.1020200816532024,3.167547020001256,3.8965651723005212,3.312399057362555,3.0164706537363215,2.9756783569946528,3.2461411085351006,3.1355364381710347,3.1341131529913646,3.1526641461210545,3.001094174588088,3.174623919006591,3.121136985905921,3.1665507465682508,3.083383058826998,3.250255107065414,3.303204512684064,4.454968052720939,3.202735431700858
193,2.81,5.103085855883459,2.8924403274810606,2.54668104974319,3.0410823783875336,3.0229028200025927,3.1310548230647846,2.962767512599078,3.0207600333534077,3.0449384471335685,3.0930468163760003,2.9999392070893043,3.0228452158097863,3.0862372137800738,3.0931265633442124,3.0326780453643507,3.1274844772298644,2.9754826988766045,3.0033015860542305,3.0715629880644073,3.756840089155004,3.2091197376703193,2.911577194861823,2.8965116578343544,3.1468718657191745,3.0422923455383577,3.03714591638422,3.053344684334995,2.919519478140652,3.0813425475054554,3.0288461214384625,3.0710712589866063,2.9918657104497157,3.151181186191125,3.200592810696352,4.292020221179249,3.105915228963387
194,2.79,5.045280853290845,2.871958098178533,2.516658840917805,3.0114310133692634,2.997449135031838,3.1024914795493252,2.93823409902289,2.9919428446597256,3.018236461980659,3.0628427245014502,2.9716982156268026,2.9960760406081786,3.058556135491269,3.0653198556318726,3.0062202358665724,3.09951752645889,2.950562664588041,2.9750963015973815,3.0441389789395936,3.7169186368277134,3.1796113606153944,2.881607635183394,2.873892600931412,3.1185092249146233,3.0156511762147353,3.0094409916393214,3.024967695253263,2.896212422012813,3.0546907270765593,3.002477303019188,3.04379140539185,2.9657178966276345,3.122874351655614,3.1712751815570055,4.245463697881623,3.078252313895538
195,2.7,4.78515834162408,2.779788066317161,2.3815589012035745,2.8779998707870487,2.8829075526634442,2.9739564337297604,2.8278337379300456,2.8622654955381575,2.898077528792564,2.926924311065977,2.8446137540455454,2.8756147522009434,2.93399128319165,2.940189670926343,2.8871600931265697,2.9736662479895077,2.8384225102895053,2.848172521541559,2.9207309378779307,3.5372721013549047,3.0468236638682344,2.7467446166304663,2.772106844868171,2.9908773412941465,2.895765914258437,2.8847688302872774,2.897271244385471,2.7913306694375377,2.9347575351465283,2.8838176201324544,2.9210320642154497,2.8480527344282716,2.9954935962458147,3.039345850429946,4.035959343042306,2.953769196090217
196,2.7433333333333336,4.910402513908078,2.82416622980597,2.4466070203252417,2.9422444949933007,2.938057203433412,3.035843678013255,2.880989467345119,2.924702737707802,2.9559318299572026,2.9923665101275017,2.905802568880966,2.9336146318044274,2.993966952817393,3.000437537636413,2.944485347038423,3.034261307993285,2.8924159179147266,2.9092839711980663,2.9801496243150276,3.6237685813973686,3.110758480820571,2.8116786626003947,2.821114801491213,3.052329729704006,2.9534884477929513,2.944796167234558,2.9587547207292233,2.8418292910478558,2.992503146075803,2.940950060040882,2.980138413670754,2.90470633104278,3.056825071072755,3.102867380231864,4.136831810187162,3.0137055120705565
197,2.786666666666666,5.035646686192075,2.868544393294779,2.511655139446907,3.0064891191995513,2.993206854203379,3.0977309222967486,2.9341451967601917,2.987139979877445,3.0137861311218397,3.057808709189025,2.966991383716385,2.99161451140791,3.0539426224431345,3.060685404346482,3.001810600950275,3.094856367997061,2.946409325539946,2.9703954208545724,3.0395683107521236,3.710265061439831,3.1746932977729068,2.876612708570322,2.8701227581142543,3.113782118113865,3.011210981327465,3.0048235041818376,3.020238197072974,2.892327912658173,3.0502487570050762,2.9980824999493088,3.0392447631260575,2.9613599276572873,3.118156545899695,3.1663889100337808,4.237704277332018,3.0736418280508957
198,2.83,5.1608908584760735,2.912922556783588,2.5767032585685743,3.0707337434058033,3.048356504973347,3.1596181665802434,2.9873009261752657,3.0495772220470894,3.071640432286478,3.12325090825055,3.028180198551806,3.049614391011394,3.1139182920688775,3.1209332710565523,3.059135854862129,3.1554514280008386,3.000402733165168,3.03150687051108,3.0989869971892214,3.7967615414822955,3.238628114725244,2.9415467545402514,2.919130714737297,3.1752345065237244,3.0689335148619796,3.064850841129118,3.0817216734167268,2.942826534268491,3.107994367934351,3.055214939857736,3.098351112581362,3.0180135242717965,3.1794880207266365,3.229910439835699,4.338576744476875,3.133578144031236
199,2.83,5.1608908584760735,2.912922556783588,2.5767032585685743,3.0707337434058033,3.048356504973347,3.1596181665802434,2.9873009261752657,3.0495772220470894,3.071640432286478,3.12325090825055,3.028180198551806,3.049614391011394,3.1139182920688775,3.1209332710565523,3.059135854862129,3.1554514280008386,3.000402733165168,3.03150687051108,3.0989869971892214,3.7967615414822955,3.238628114725244,2.9415467545402514,2.919130714737297,3.1752345065237244,3.0689335148619796,3.064850841129118,3.0817216734167268,2.942826534268491,3.107994367934351,3.055214939857736,3.098351112581362,3.0180135242717965,3.1794880207266365,3.229910439835699,4.338576744476875,3.133578144031236
200,2.76,4.958573349401922,2.8412347542247423,2.4716255276797274,2.966953965841858,2.9592686075757064,3.059646464276137,2.9014339786586083,2.9487170616192024,2.9781834842512938,3.0175365866896255,2.9293367284330496,2.9559222778057666,3.017034518058062,3.023609794063362,2.9665335216199042,3.057567100302429,2.9131826131551954,2.932788374912107,3.0030029652523718,3.6570364583367763,3.1353487950330075,2.8366532956657506,2.8399640155769976,3.075965263707797,2.975689422229302,2.9678836045219725,2.9824022116306654,2.861251837821054,3.0147129964332153,2.9629240753902764,3.002871624999716,2.9264961758945134,3.080414099852347,3.127298737847985,4.175628912935183,3.0367579412937635
201,2.76,4.958573349401922,2.8412347542247423,2.4716255276797274,2.966953965841858,2.9592686075757064,3.059646464276137,2.9014339786586083,2.9487170616192024,2.9781834842512938,3.0175365866896255,2.9293367284330496,2.9559222778057666,3.017034518058062,3.023609794063362,2.9665335216199042,3.057567100302429,2.9131826131551954,2.932788374912107,3.0030029652523718,3.6570364583367763,3.1353487950330075,2.8366532956657506,2.8399640155769976,3.075965263707797,2.975689422229302,2.9678836045219725,2.9824022116306654,2.861251837821054,3.0147129964332153,2.9629240753902764,3.002871624999716,2.9264961758945134,3.080414099852347,3.127298737847985,4.175628912935183,3.0367579412937635
202,2.8,5.074183354587151,2.882199212829797,2.531669945330497,3.0262566958783976,3.0101759775172154,3.1167731513070547,2.9505008058109836,3.006351439006566,3.031587454557113,3.0779447704387253,2.9858187113580534,3.009460628208982,3.0723966746356712,3.079223209488042,3.0194491406154613,3.1135010018443765,2.9630226817323226,2.9891989438258055,3.057850983502,3.7368793629913584,3.1943655491428564,2.896592415022608,2.8852021293828827,3.132690545316898,3.028971760876547,3.02329345401177,3.039156189794129,2.907865950076732,3.0680166372910076,3.015661712228825,3.057431332189228,2.978791803538675,3.137027768923369,3.1859339961266784,4.268741959530436,3.092083771429462
203,2.8,5.074183354587151,2.882199212829797,2.531669945330497,3.0262566958783976,3.0101759775172154,3.1167731513070547,2.9505008058109836,3.006351439006566,3.031587454557113,3.0779447704387253,2.9858187113580534,3.009460628208982,3.0723966746356712,3.079223209488042,3.0194491406154613,3.1135010018443765,2.9630226817323226,2.9891989438258055,3.057850983502,3.7368793629913584,3.1943655491428564,2.896592415022608,2.8852021293828827,3.132690545316898,3.028971760876547,3.02329345401177,3.039156189794129,2.907865950076732,3.0680166372910076,3.015661712228825,3.057431332189228,2.978791803538675,3.137027768923369,3.1859339961266784,4.268741959530436,3.092083771429462
204,2.8,5.074183354587151,2.882199212829797,2.531669945330497,3.0262566958783976,3.0101759775172154,3.1167731513070547,2.9505008058109836,3.006351439006566,3.031587454557113,3.0779447704387253,2.9858187113580534,3.009460628208982,3.0723966746356712,3.079223209488042,3.0194491406154613,3.1135010018443765,2.9630226817323226,2.9891989438258055,3.057850983502,3.7368793629913584,3.1943655491428564,2.896592415022608,2.8852021293828827,3.132690545316898,3.028971760876547,3.02329345401177,3.039156189794129,2.907865950076732,3.0680166372910076,3.015661712228825,3.057431332189228,2.978791803538675,3.137027768923369,3.1859339961266784,4.268741959530436,3.092083771429462
205,2.8,5.074183354587151,2.882199212829797,2.531669945330497,3.0262566958783976,3.0101759775172154,3.1167731513070547,2.9505008058109836,3.006351439006566,3.031587454557113,3.0779447704387253,2.9858187113580534,3.009460628208982,3.0723966746356712,3.079223209488042,3.0194491406154613,3.1135010018443765,2.9630226817323226,2.9891989438258055,3.057850983502,3.7368793629913584,3.1943655491428564,2.896592415022608,2.8852021293828827,3.132690545316898,3.028971760876547,3.02329345401177,3.039156189794129,2.907865950076732,3.0680166372910076,3.015661712228825,3.057431332189228,2.978791803538675,3.137027768923369,3.1859339961266784,4.268741959530436,3.092083771429462
206,2.84,5.18979335977238,2.9231636714348515,2.5917143629812665,3.085559425914938,3.061083347458724,3.173899838337973,2.999567632963359,3.06398581639393,3.084991424862933,3.138352954187825,3.042300694283057,3.062998978612198,3.12775883121328,3.134836624912722,3.072364759611018,3.1694349033863247,3.0128627503094494,3.0456095127395044,3.1126990017516283,3.81672226764594,3.253382303252706,2.956531534379465,2.9304402431887677,3.189415826925999,3.0822540995237904,3.078703303501568,3.0959101679575918,2.9544800623324106,3.121320278148799,3.0683993490673727,3.1119910393787396,3.0310874311828364,3.193641437994392,3.2445692544053713,4.361855006125689,3.14740960156516
207,2.84,5.18979335977238,2.9231636714348515,2.5917143629812665,3.085559425914938,3.061083347458724,3.173899838337973,2.999567632963359,3.06398581639393,3.084991424862933,3.138352954187825,3.042300694283057,3.062998978612198,3.12775883121328,3.134836624912722,3.072364759611018,3.1694349033863247,3.0128627503094494,3.0456095127395044,3.1126990017516283,3.81672226764594,3.253382303252706,2.956531534379465,2.9304402431887677,3.189415826925999,3.0822540995237904,3.078703303501568,3.0959101679575918,2.9544800623324106,3.121320278148799,3.0683993490673727,3.1119910393787396,3.0310874311828364,3.193641437994392,3.2445692544053713,4.361855006125689,3.14740960156516
208,2.79,5.045280853290845,2.871958098178533,2.516658840917805,3.0114310133692634,2.997449135031838,3.1024914795493252,2.93823409902289,2.9919428446597256,3.018236461980659,3.0628427245014502,2.9716982156268026,2.9960760406081786,3.058556135491269,3.0653198556318726,3.0062202358665724,3.09951752645889,2.950562664588041,2.9750963015973815,3.0441389789395936,3.7169186368277134,3.1796113606153944,2.881607635183394,2.873892600931412,3.1185092249146233,3.0156511762147353,3.0094409916393214,3.024967695253263,2.896212422012813,3.0546907270765593,3.002477303019188,3.04379140539185,2.9657178966276345,3.122874351655614,3.1712751815570055,4.245463697881623,3.078252313895538
209,2.97,5.565525876624373,3.0562981619012786,2.7868587203462662,3.2782932985336926,3.226532299768627,3.359561571188455,3.1590348212085795,3.2512975429028628,3.2585543283568468,3.334679551372398,3.225867138789318,3.2369986174226493,3.3076858400905076,3.315580225042931,3.2443405213465777,3.351220083397655,3.174842973185112,3.2289438617090247,3.2909550610629195,4.07621170777333,3.4451867541097156,3.1513336722892507,3.077464113057894,3.373772992155578,3.2554217001273336,3.2587853143434087,3.2803605969888476,3.1059759271633647,3.2945571109366223,3.239796668792655,3.289310087744652,3.2010482210263613,3.377635862475213,3.4351338438111245,4.6644724075602575,3.327218549506179
210,2.97,5.565525876624373,3.0562981619012786,2.7868587203462662,3.2782932985336926,3.226532299768627,3.359561571188455,3.1590348212085795,3.2512975429028628,3.2585543283568468,3.334679551372398,3.225867138789318,3.2369986174226493,3.3076858400905076,3.315580225042931,3.2443405213465777,3.351220083397655,3.174842973185112,3.2289438617090247,3.2909550610629195,4.07621170777333,3.4451867541097156,3.1513336722892507,3.077464113057894,3.373772992155578,3.2554217001273336,3.2587853143434087,3.2803605969888476,3.1059759271633647,3.2945571109366223,3.239796668792655,3.289310087744652,3.2010482210263613,3.377635862475213,3.4351338438111245,4.6644724075602575,3.327218549506179
211,2.97,5.565525876624373,3.0562981619012786,2.7868587203462662,3.2782932985336926,3.226532299768627,3.359561571188455,3.1590348212085795,3.2512975429028628,3.2585543283568468,3.334679551372398,3.225867138789318,3.2369986174226493,3.3076858400905076,3.315580225042931,3.2443405213465777,3.351220083397655,3.174842973185112,3.2289438617090247,3.2909550610629195,4.07621170777333,3.4451867541097156,3.1513336722892507,3.077464113057894,3.373772992155578,3.2554217001273336,3.2587853143434087,3.2803605969888476,3.1059759271633647,3.2945571109366223,3.239796668792655,3.289310087744652,3.2010482210263613,3.377635862475213,3.4351338438111245,4.6644724075602575,3.327218549506179
212,2.97,5.565525876624373,3.0562981619012786,2.7868587203462662,3.2782932985336926,3.226532299768627,3.359561571188455,3.1590348212085795,3.2512975429028628,3.2585543283568468,3.334679551372398,3.225867138789318,3.2369986174226493,3.3076858400905076,3.315580225042931,3.2443405213465777,3.351220083397655,3.174842973185112,3.2289438617090247,3.2909550610629195,4.07621170777333,3.4451867541097156,3.1513336722892507,3.077464113057894,3.373772992155578,3.2554217001273336,3.2587853143434087,3.2803605969888476,3.1059759271633647,3.2945571109366223,3.239796668792655,3.289310087744652,3.2010482210263613,3.377635862475213,3.4351338438111245,4.6644724075602575,3.327218549506179
213,2.79,5.045280853290845,2.871958098178533,2.516658840917805,3.0114310133692634,2.997449135031838,3.1024914795493252,2.93823409902289,2.9919428446597256,3.018236461980659,3.0628427245014502,2.9716982156268026,2.9960760406081786,3.058556135491269,3.0653198556318726,3.0062202358665724,3.09951752645889,2.950562664588041,2.9750963015973815,3.0441389789395936,3.7169186368277134,3.1796113606153944,2.881607635183394,2.873892600931412,3.1185092249146233,3.0156511762147353,3.0094409916393214,3.024967695253263,2.896212422012813,3.0546907270765593,3.002477303019188,3.04379140539185,2.9657178966276345,3.122874351655614,3.1712751815570055,4.245463697881623,3.078252313895538
214,2.89,5.334305866253916,2.97436924469117,2.666769885044728,3.159687838460613,3.1247175598856103,3.24530819712662,3.060901166903829,3.1360287881281352,3.1517463877452077,3.2138631838741993,3.112903172939311,3.129921916616218,3.196961526935291,3.2043533941935722,3.1385092833554644,3.23935228031376,3.0751628360308585,3.116122723881628,3.1812590245636634,3.916525898464167,3.3271532458900177,3.0314554335755366,2.986987885446124,3.2603224289373762,3.1488570228328454,3.1479656153638143,3.1668526406619213,3.0127477026520086,3.187949829221039,3.134321395115559,3.1801906733656287,3.0964569657380387,3.2644085243331697,3.3178633272537383,4.478246314369754,3.2165668892347825
215,2.89,5.334305866253916,2.97436924469117,2.666769885044728,3.159687838460613,3.1247175598856103,3.24530819712662,3.060901166903829,3.1360287881281352,3.1517463877452077,3.2138631838741993,3.112903172939311,3.129921916616218,3.196961526935291,3.2043533941935722,3.1385092833554644,3.23935228031376,3.0751628360308585,3.116122723881628,3.1812590245636634,3.916525898464167,3.3271532458900177,3.0314554335755366,2.986987885446124,3.2603224289373762,3.1488570228328454,3.1479656153638143,3.1668526406619213,3.0127477026520086,3.187949829221039,3.134321395115559,3.1801906733656287,3.0964569657380387,3.2644085243331697,3.3178633272537383,4.478246314369754,3.2165668892347825
216,2.88,5.305403364957608,2.9641281300399056,2.651758780632035,3.1448621559514778,3.1119907174002326,3.2310265253688897,3.0486344601157347,3.1216201937812933,3.138395395168752,3.1987611379369234,3.0987826772080598,3.1165373290154137,3.183120987790888,3.190450040337401,3.1252803786065746,3.225368804928272,3.062702818886576,3.1020200816532024,3.167547020001256,3.8965651723005212,3.312399057362555,3.0164706537363215,2.9756783569946528,3.2461411085351006,3.1355364381710347,3.1341131529913646,3.1526641461210545,3.001094174588088,3.174623919006591,3.121136985905921,3.1665507465682508,3.083383058826998,3.250255107065414,3.303204512684064,4.454968052720939,3.202735431700858
217,2.87,5.276500863661302,2.9538870153886423,2.636747676219344,3.1300364734423427,3.0992638749148558,3.2167448536111607,3.036367753327641,3.1072115994344536,3.125044402592297,3.1836590919996492,3.08466218147681,3.10315274141461,3.1692804486464863,3.176546686481232,3.112051473857686,3.211385329542786,3.0502428017422947,3.087917439424779,3.1538350154388497,3.8766044461368767,3.2976448688350932,3.0014858738971086,2.964368828543182,3.2319597881328255,3.122215853509224,3.120260690618916,3.1384756515801895,2.9894406465241694,3.1612980087921434,3.1079525766962846,3.1529108197708733,3.070309151915958,3.2361016897976587,3.2885456981143917,4.431689791072127,3.188903974166934
218,2.86,5.247598362364994,2.9436459007373785,2.6217365718066508,3.115210790933208,3.086537032429478,3.2024631818534317,3.024101046539547,3.092803005087612,3.1116934100158424,3.168557046062374,3.0705416857455585,3.0897681538138055,3.1554399095020838,3.162643332625062,3.0988225691087967,3.1974018541572984,3.0377827845980128,3.0738147971963534,3.140123010876442,3.856643719973231,3.2828906803076303,2.9865010940578935,2.9530593000917102,3.21777846773055,3.1088952688474123,3.1064082282464662,3.1242871570393236,2.97778711846025,3.1479720985776947,3.094768167486647,3.139270892973495,3.057235245004917,3.2219482725299025,3.2738868835447184,4.408411529423313,3.1750725166330094
219,2.85,5.218695861068688,2.933404786086115,2.6067254673939586,3.100385108424073,3.0738101899441013,3.1881815100957023,3.011834339751453,3.0783944107407715,3.0983424174393877,3.1534550001251,3.0564211900143077,3.076383566213002,3.1415993703576817,3.1487399787688917,3.085593664359908,3.1834183787718118,3.0253227674537313,3.059712154967929,3.1264110063140356,3.836682993809586,3.2681364917801687,2.97151631421868,2.9417497716402394,3.203597147328275,3.0955746841856016,3.092555765874017,3.1100986624984577,2.96613359039633,3.1346461883632477,3.0815837582770103,3.125630966176118,3.0441613380938772,3.2077948552621476,3.2592280689750455,4.385133267774501,3.1612410590990847
220,2.85,5.218695861068688,2.933404786086115,2.6067254673939586,3.100385108424073,3.0738101899441013,3.1881815100957023,3.011834339751453,3.0783944107407715,3.0983424174393877,3.1534550001251,3.0564211900143077,3.076383566213002,3.1415993703576817,3.1487399787688917,3.085593664359908,3.1834183787718118,3.0253227674537313,3.059712154967929,3.1264110063140356,3.836682993809586,3.2681364917801687,2.97151631421868,2.9417497716402394,3.203597147328275,3.0955746841856016,3.092555765874017,3.1100986624984577,2.96613359039633,3.1346461883632477,3.0815837582770103,3.125630966176118,3.0441613380938772,3.2077948552621476,3.2592280689750455,4.385133267774501,3.1612410590990847
221,2.76,4.958573349401922,2.8412347542247423,2.4716255276797274,2.966953965841858,2.9592686075757064,3.059646464276137,2.9014339786586083,2.9487170616192024,2.9781834842512938,3.0175365866896255,2.9293367284330496,2.9559222778057666,3.017034518058062,3.023609794063362,2.9665335216199042,3.057567100302429,2.9131826131551954,2.932788374912107,3.0030029652523718,3.6570364583367763,3.1353487950330075,2.8366532956657506,2.8399640155769976,3.075965263707797,2.975689422229302,2.9678836045219725,2.9824022116306654,2.861251837821054,3.0147129964332153,2.9629240753902764,3.002871624999716,2.9264961758945134,3.080414099852347,3.127298737847985,4.175628912935183,3.0367579412937635
222,2.7,4.78515834162408,2.779788066317161,2.3815589012035745,2.8779998707870487,2.8829075526634442,2.9739564337297604,2.8278337379300456,2.8622654955381575,2.898077528792564,2.926924311065977,2.8446137540455454,2.8756147522009434,2.93399128319165,2.940189670926343,2.8871600931265697,2.9736662479895077,2.8384225102895053,2.848172521541559,2.9207309378779307,3.5372721013549047,3.0468236638682344,2.7467446166304663,2.772106844868171,2.9908773412941465,2.895765914258437,2.8847688302872774,2.897271244385471,2.7913306694375377,2.9347575351465283,2.8838176201324544,2.9210320642154497,2.8480527344282716,2.9954935962458147,3.039345850429946,4.035959343042306,2.953769196090217
223,2.7,4.78515834162408,2.779788066317161,2.3815589012035745,2.8779998707870487,2.8829075526634442,2.9739564337297604,2.8278337379300456,2.8622654955381575,2.898077528792564,2.926924311065977,2.8446137540455454,2.8756147522009434,2.93399128319165,2.940189670926343,2.8871600931265697,2.9736662479895077,2.8384225102895053,2.848172521541559,2.9207309378779307,3.5372721013549047,3.0468236638682344,2.7467446166304663,2.772106844868171,2.9908773412941465,2.895765914258437,2.8847688302872774,2.897271244385471,2.7913306694375377,2.9347575351465283,2.8838176201324544,2.9210320642154497,2.8480527344282716,2.9954935962458147,3.039345850429946,4.035959343042306,2.953769196090217
224,2.716666666666667,4.833329177117926,2.796856590735934,2.406577408558062,2.9027093416356076,2.904118956805739,2.997759219992643,2.8482782492435357,2.886279819449559,2.9203291830866562,2.952094387628102,2.86814791359763,2.8979223982022835,2.957058848432321,2.963361927353293,2.9092082677080517,2.996972040298653,2.859189205529975,2.871676925255601,2.9435842788152753,3.570539978294314,3.0714139780806713,2.771719249695823,2.7909560589539564,3.0145128752979384,2.9179668886947887,2.9078562675746933,2.9209187352869144,2.8107532162107365,2.9569673855039413,2.90579163548185,2.943765275544413,2.8698425792800055,3.0190826250254075,3.0637772080460683,4.074756445790327,2.9768216253134248
225,2.7333333333333334,4.88150001261177,2.8139251151547064,2.4315959159125486,2.9274188124841647,2.925330360948035,3.0215620062555253,2.8687227605570245,2.91029414336096,2.9425808373807474,2.977264464190226,2.891682073149714,2.920230044203623,2.9801264136729904,2.986534183780243,2.9312564422895333,3.0202778326077975,2.8799559007704443,2.8951813289696413,2.96643761975262,3.6038078552337223,3.096004292293108,2.79669388276118,2.8098052730397414,3.03814840930173,2.94016786313114,2.9309437048621083,2.944566226188357,2.8301757629839357,2.9791772358613544,2.927765650831245,2.966498486873376,2.891632424131739,3.0426716538049994,3.0882085656621907,4.1135535485383485,2.999874054536632
226,2.75,4.929670848105616,2.830993639573479,2.456614423267036,2.9521282833327236,2.9465417650903296,3.0453647925184075,2.8891672718705146,2.934308467272362,2.964832491674839,3.002434540752351,2.915216232701799,2.942537690204963,3.003193978913661,3.009706440207193,2.9533046168710158,3.0435836249169426,2.900722596010914,2.9186857326836826,2.9892909606899654,3.6370757321731317,3.1205946065055454,2.8216685158265373,2.828654487125527,3.0617839433055223,2.9623688375674915,2.954031142149524,2.9682137170898004,2.8495983097571354,3.0013870862187675,2.9497396661806397,2.989231698202339,2.9134222689834735,3.066260682584592,3.112639923278312,4.15235065128637,3.0229264837598397
227,2.75,4.929670848105616,2.830993639573479,2.456614423267036,2.9521282833327236,2.9465417650903296,3.0453647925184075,2.8891672718705146,2.934308467272362,2.964832491674839,3.002434540752351,2.915216232701799,2.942537690204963,3.003193978913661,3.009706440207193,2.9533046168710158,3.0435836249169426,2.900722596010914,2.9186857326836826,2.9892909606899654,3.6370757321731317,3.1205946065055454,2.8216685158265373,2.828654487125527,3.0617839433055223,2.9623688375674915,2.954031142149524,2.9682137170898004,2.8495983097571354,3.0013870862187675,2.9497396661806397,2.989231698202339,2.9134222689834735,3.066260682584592,3.112639923278312,4.15235065128637,3.0229264837598397
228,2.76,4.958573349401922,2.8412347542247423,2.4716255276797274,2.966953965841858,2.9592686075757064,3.059646464276137,2.9014339786586083,2.9487170616192024,2.9781834842512938,3.0175365866896255,2.9293367284330496,2.9559222778057666,3.017034518058062,3.023609794063362,2.9665335216199042,3.057567100302429,2.9131826131551954,2.932788374912107,3.0030029652523718,3.6570364583367763,3.1353487950330075,2.8366532956657506,2.8399640155769976,3.075965263707797,2.975689422229302,2.9678836045219725,2.9824022116306654,2.861251837821054,3.0147129964332153,2.9629240753902764,3.002871624999716,2.9264961758945134,3.080414099852347,3.127298737847985,4.175628912935183,3.0367579412937635
229,2.75,4.929670848105616,2.830993639573479,2.456614423267036,2.9521282833327236,2.9465417650903296,3.0453647925184075,2.8891672718705146,2.934308467272362,2.964832491674839,3.002434540752351,2.915216232701799,2.942537690204963,3.003193978913661,3.009706440207193,2.9533046168710158,3.0435836249169426,2.900722596010914,2.9186857326836826,2.9892909606899654,3.6370757321731317,3.1205946065055454,2.8216685158265373,2.828654487125527,3.0617839433055223,2.9623688375674915,2.954031142149524,2.9682137170898004,2.8495983097571354,3.0013870862187675,2.9497396661806397,2.989231698202339,2.9134222689834735,3.066260682584592,3.112639923278312,4.15235065128637,3.0229264837598397
230,2.67,4.698450837735158,2.74906472236337,2.336525587965497,2.8335228232596434,2.8447270252073125,2.931111418456572,2.7910336175657635,2.8190397124976343,2.8580245510631994,2.881618173254152,2.8022522668517924,2.8354609893985314,2.892469665758443,2.8984796093578327,2.8474733788799016,2.931715821833047,2.80104245885666,2.805864594856285,2.879594924190709,3.477389922863968,3.002561098285847,2.701790277112823,2.7381782595137567,2.9483333800873206,2.8558041602730033,2.8432114431699294,2.854705760762873,2.756370085245779,2.894779804503184,2.8442643925035433,2.8801122838233155,2.8088310136951504,2.953033344442548,2.995369406720926,3.9661245580958653,2.9122748234884432
231,2.6966666666666668,4.775524174525311,2.7763743614334064,2.376555199732677,2.8730579766173365,2.8786652718349846,2.969195876477184,2.8237448356673474,2.8574626307558773,2.8936271979337462,2.9218902957535517,2.8399069221351283,2.8711532230006753,2.9293777701435157,2.9355552196409533,2.882750458210273,2.9690050895276787,2.834269171241411,2.843471640798751,2.916160269690461,3.530618525967023,3.041905601025747,2.7417496900173948,2.768337002051014,2.9861502344933877,2.8913257193711663,2.8801513428297945,2.8925417462051826,2.7874461600828977,2.9303155650750456,2.8794228170625757,2.916485421949657,2.8436947654579248,2.990775790489896,3.0344595789067217,4.028199922492701,2.949158710245576
232,2.723333333333333,4.852597511315462,2.8036840005034427,2.4165848114998565,2.91259312997503,2.912603518462657,3.0072803344977954,2.8564560537689307,2.8958855490141193,2.929229844804292,2.962162418252951,2.8775615774184633,2.9068454566028192,2.966285874528588,2.9726308299240727,2.9180275375406444,3.00629435722231,2.8674958836261624,2.8810786867412173,2.952725615190213,3.583847129070077,3.0812501037656457,2.781709102921966,2.79849574458827,3.023967088899455,2.926847278469329,2.917091242489659,2.930377731647491,2.818522234920016,2.9658513256469066,2.9145812416216077,2.9528585600759976,2.878558517220699,3.0285182365372436,3.073549751092517,4.0902752868895345,2.986042597002707
233,2.75,4.929670848105616,2.830993639573479,2.456614423267036,2.9521282833327236,2.9465417650903296,3.0453647925184075,2.8891672718705146,2.934308467272362,2.964832491674839,3.002434540752351,2.915216232701799,2.942537690204963,3.003193978913661,3.009706440207193,2.9533046168710158,3.0435836249169426,2.900722596010914,2.9186857326836826,2.9892909606899654,3.6370757321731317,3.1205946065055454,2.8216685158265373,2.828654487125527,3.0617839433055223,2.9623688375674915,2.954031142149524,2.9682137170898004,2.8495983097571354,3.0013870862187675,2.9497396661806397,2.989231698202339,2.9134222689834735,3.066260682584592,3.112639923278312,4.15235065128637,3.0229264837598397
234,2.75,4.929670848105616,2.830993639573479,2.456614423267036,2.9521282833327236,2.9465417650903296,3.0453647925184075,2.8891672718705146,2.934308467272362,2.964832491674839,3.002434540752351,2.915216232701799,2.942537690204963,3.003193978913661,3.009706440207193,2.9533046168710158,3.0435836249169426,2.900722596010914,2.9186857326836826,2.9892909606899654,3.6370757321731317,3.1205946065055454,2.8216685158265373,2.828654487125527,3.0617839433055223,2.9623688375674915,2.954031142149524,2.9682137170898004,2.8495983097571354,3.0013870862187675,2.9497396661806397,2.989231698202339,2.9134222689834735,3.066260682584592,3.112639923278312,4.15235065128637,3.0229264837598397
235,2.82,5.1319883571797655,2.902681442132324,2.5616921541558813,3.0559080608966673,3.0356296624879695,3.145336494822513,2.9750342193871715,3.035168627700248,3.0582894397100224,3.108148862313275,3.014059702820555,3.03622980341059,3.1000777529244754,3.107029917200382,3.045906950113239,3.1414679526153506,2.9879427160208856,3.0174042282826545,3.085274992626814,3.7768008153186488,3.223873926197781,2.9265619747010367,2.907821186285825,3.161053186121449,3.0556129302001684,3.0509983787566686,3.06753317887586,2.9311730062045713,3.0946684577199033,3.0420305306480984,3.0847111857839833,3.0049396173607557,3.1653346034588803,3.2152516252660246,4.315298482828062,3.1197466864973107
236,2.89,5.334305866253916,2.97436924469117,2.666769885044728,3.159687838460613,3.1247175598856103,3.24530819712662,3.060901166903829,3.1360287881281352,3.1517463877452077,3.2138631838741993,3.112903172939311,3.129921916616218,3.196961526935291,3.2043533941935722,3.1385092833554644,3.23935228031376,3.0751628360308585,3.116122723881628,3.1812590245636634,3.916525898464167,3.3271532458900177,3.0314554335755366,2.986987885446124,3.2603224289373762,3.1488570228328454,3.1479656153638143,3.1668526406619213,3.0127477026520086,3.187949829221039,3.134321395115559,3.1801906733656287,3.0964569657380387,3.2644085243331697,3.3178633272537383,4.478246314369754,3.2165668892347825
237,2.91,5.3921108688465305,2.994851473993697,2.6967920938701124,3.189339203478883,3.1501712448563643,3.2738715406420784,3.0854345804800163,3.164845976821817,3.178448372898117,3.244067275748749,3.1411441644018128,3.1566910918178257,3.224642605224095,3.2321601019059116,3.1649670928532423,3.2673192310847337,3.100082870319422,3.1443280083384773,3.2086830336884775,3.9564473507914575,3.356661622944942,3.061424993253965,3.0096069423490666,3.288685069741926,3.175498192156468,3.1756705401087126,3.195229629743653,3.036054758779847,3.214601649649935,3.1606902135348327,3.2074705269603845,3.1226047795601195,3.292715358868681,3.3471809563930845,4.52480283766738,3.244229804302632
238,2.93,5.449915871439145,3.015333703296224,2.7268143026954976,3.218990568497153,3.1756249298271184,3.3024348841575377,3.1099679940562037,3.193663165515499,3.205150358051027,3.2742713676232986,3.1693851558643145,3.1834602670194334,3.2523236835128992,3.2599668096182515,3.191424902351021,3.2952861818557073,3.1250029046079852,3.1725332927953263,3.2361070428132916,3.996368803118749,3.3861699999998667,3.091394552932394,3.032225999252009,3.3170477105464773,3.2021393614800897,3.203375464853612,3.223606618825385,3.0593618149076867,3.2412534700788305,3.1870590319541066,3.2347503805551407,3.1487525933822003,3.3210221934041915,3.376498585532431,4.571359360965005,3.2718927193704808
239,2.95,5.507720874031759,3.0358159325987515,2.756836511520882,3.248641933515423,3.201078614797873,3.330998227672996,3.1345014076323916,3.2224803542091807,3.231852343203937,3.3044754594978483,3.1976261473268166,3.210229442221041,3.2800047618017034,3.2877735173305913,3.2178827118488,3.3232531326266814,3.149922938896549,3.2007385772521757,3.2635310519381058,4.0362902554460405,3.415678377054791,3.1213641126108223,3.0548450561549516,3.3454103513510276,3.2287805308037116,3.2310803895985103,3.2519836079071163,3.0826688710355254,3.2679052905077266,3.213427850373381,3.262030234149896,3.174900407204281,3.349329027939703,3.405816214671778,4.617915884262631,3.29955563443833
240,2.97,5.565525876624373,3.0562981619012786,2.7868587203462662,3.2782932985336926,3.226532299768627,3.359561571188455,3.1590348212085795,3.2512975429028628,3.2585543283568468,3.334679551372398,3.225867138789318,3.2369986174226493,3.3076858400905076,3.315580225042931,3.2443405213465777,3.351220083397655,3.174842973185112,3.2289438617090247,3.2909550610629195,4.07621170777333,3.4451867541097156,3.1513336722892507,3.077464113057894,3.373772992155578,3.2554217001273336,3.2587853143434087,3.2803605969888476,3.1059759271633647,3.2945571109366223,3.239796668792655,3.289310087744652,3.2010482210263613,3.377635862475213,3.4351338438111245,4.6644724075602575,3.327218549506179
241,2.95,5.507720874031759,3.0358159325987515,2.756836511520882,3.248641933515423,3.201078614797873,3.330998227672996,3.1345014076323916,3.2224803542091807,3.231852343203937,3.3044754594978483,3.1976261473268166,3.210229442221041,3.2800047618017034,3.2877735173305913,3.2178827118488,3.3232531326266814,3.149922938896549,3.2007385772521757,3.2635310519381058,4.0362902554460405,3.415678377054791,3.1213641126108223,3.0548450561549516,3.3454103513510276,3.2287805308037116,3.2310803895985103,3.2519836079071163,3.0826688710355254,3.2679052905077266,3.213427850373381,3.262030234149896,3.174900407204281,3.349329027939703,3.405816214671778,4.617915884262631,3.29955563443833
242,2.95,5.507720874031759,3.0358159325987515,2.756836511520882,3.248641933515423,3.201078614797873,3.330998227672996,3.1345014076323916,3.2224803542091807,3.231852343203937,3.3044754594978483,3.1976261473268166,3.210229442221041,3.2800047618017034,3.2877735173305913,3.2178827118488,3.3232531326266814,3.149922938896549,3.2007385772521757,3.2635310519381058,4.0362902554460405,3.415678377054791,3.1213641126108223,3.0548450561549516,3.3454103513510276,3.2287805308037116,3.2310803895985103,3.2519836079071163,3.0826688710355254,3.2679052905077266,3.213427850373381,3.262030234149896,3.174900407204281,3.349329027939703,3.405816214671778,4.617915884262631,3.29955563443833
243,2.95,5.507720874031759,3.0358159325987515,2.756836511520882,3.248641933515423,3.201078614797873,3.330998227672996,3.1345014076323916,3.2224803542091807,3.231852343203937,3.3044754594978483,3.1976261473268166,3.210229442221041,3.2800047618017034,3.2877735173305913,3.2178827118488,3.3232531326266814,3.149922938896549,3.2007385772521757,3.2635310519381058,4.0362902554460405,3.415678377054791,3.1213641126108223,3.0548450561549516,3.3454103513510276,3.2287805308037116,3.2310803895985103,3.2519836079071163,3.0826688710355254,3.2679052905077266,3.213427850373381,3.262030234149896,3.174900407204281,3.349329027939703,3.405816214671778,4.617915884262631,3.29955563443833
244,2.88,5.305403364957608,2.9641281300399056,2.651758780632035,3.1448621559514778,3.1119907174002326,3.2310265253688897,3.0486344601157347,3.1216201937812933,3.138395395168752,3.1987611379369234,3.0987826772080598,3.1165373290154137,3.183120987790888,3.190450040337401,3.1252803786065746,3.225368804928272,3.062702818886576,3.1020200816532024,3.167547020001256,3.8965651723005212,3.312399057362555,3.0164706537363215,2.9756783569946528,3.2461411085351006,3.1355364381710347,3.1341131529913646,3.1526641461210545,3.001094174588088,3.174623919006591,3.121136985905921,3.1665507465682508,3.083383058826998,3.250255107065414,3.303204512684064,4.454968052720939,3.202735431700858
245,2.88,5.305403364957608,2.9641281300399056,2.651758780632035,3.1448621559514778,3.1119907174002326,3.2310265253688897,3.0486344601157347,3.1216201937812933,3.138395395168752,3.1987611379369234,3.0987826772080598,3.1165373290154137,3.183120987790888,3.190450040337401,3.1252803786065746,3.225368804928272,3.062702818886576,3.1020200816532024,3.167547020001256,3.8965651723005212,3.312399057362555,3.0164706537363215,2.9756783569946528,3.2461411085351006,3.1355364381710347,3.1341131529913646,3.1526641461210545,3.001094174588088,3.174623919006591,3.121136985905921,3.1665507465682508,3.083383058826998,3.250255107065414,3.303204512684064,4.454968052720939,3.202735431700858
246,2.88,5.305403364957608,2.9641281300399056,2.651758780632035,3.1448621559514778,3.1119907174002326,3.2310265253688897,3.0486344601157347,3.1216201937812933,3.138395395168752,3.1987611379369234,3.0987826772080598,3.1165373290154137,3.183120987790888,3.190450040337401,3.1252803786065746,3.225368804928272,3.062702818886576,3.1020200816532024,3.167547020001256,3.8965651723005212,3.312399057362555,3.0164706537363215,2.9756783569946528,3.2461411085351006,3.1355364381710347,3.1341131529913646,3.1526641461210545,3.001094174588088,3.174623919006591,3.121136985905921,3.1665507465682508,3.083383058826998,3.250255107065414,3.303204512684064,4.454968052720939,3.202735431700858
247,2.88,5.305403364957608,2.9641281300399056,2.651758780632035,3.1448621559514778,3.1119907174002326,3.2310265253688897,3.0486344601157347,3.1216201937812933,3.138395395168752,3.1987611379369234,3.0987826772080598,3.1165373290154137,3.183120987790888,3.190450040337401,3.1252803786065746,3.225368804928272,3.062702818886576,3.1020200816532024,3.167547020001256,3.8965651723005212,3.312399057362555,3.0164706537363215,2.9756783569946528,3.2461411085351006,3.1355364381710347,3.1341131529913646,3.1526641461210545,3.001094174588088,3.174623919006591,3.121136985905921,3.1665507465682508,3.083383058826998,3.250255107065414,3.303204512684064,4.454968052720939,3.202735431700858
248,2.88,5.305403364957608,2.9641281300399056,2.651758780632035,3.1448621559514778,3.1119907174002326,3.2310265253688897,3.0486344601157347,3.1216201937812933,3.138395395168752,3.1987611379369234,3.0987826772080598,3.1165373290154137,3.183120987790888,3.190450040337401,3.1252803786065746,3.225368804928272,3.062702818886576,3.1020200816532024,3.167547020001256,3.8965651723005212,3.312399057362555,3.0164706537363215,2.9756783569946528,3.2461411085351006,3.1355364381710347,3.1341131529913646,3.1526641461210545,3.001094174588088,3.174623919006591,3.121136985905921,3.1665507465682508,3.083383058826998,3.250255107065414,3.303204512684064,4.454968052720939,3.202735431700858
249,2.77,4.987475850698231,2.851475868876006,2.4866366320924205,2.9817796483509937,2.971995450061084,3.0739281360338664,2.9137006854467025,2.963125655966044,2.9915344768277485,3.0326386326269006,2.943457224164301,2.969306865406571,3.030875057202465,3.0375131479195323,2.9797624263687936,3.0715505756879162,2.9256426302994774,2.946891017140532,3.016714969814779,3.676997184500423,3.15010298356047,2.8516380755049653,2.851273544028469,3.090146584110073,2.989010006891114,2.9817360668944226,2.996590706171532,2.872905365884974,3.028038906647663,2.976108484599914,3.0165115517970946,2.939570082805554,3.094567517120103,3.141957552417659,4.198907174583997,3.050589398827688
250,2.88,5.305403364957608,2.9641281300399056,2.651758780632035,3.1448621559514778,3.1119907174002326,3.2310265253688897,3.0486344601157347,3.1216201937812933,3.138395395168752,3.1987611379369234,3.0987826772080598,3.1165373290154137,3.183120987790888,3.190450040337401,3.1252803786065746,3.225368804928272,3.062702818886576,3.1020200816532024,3.167547020001256,3.8965651723005212,3.312399057362555,3.0164706537363215,2.9756783569946528,3.2461411085351006,3.1355364381710347,3.1341131529913646,3.1526641461210545,3.001094174588088,3.174623919006591,3.121136985905921,3.1665507465682508,3.083383058826998,3.250255107065414,3.303204512684064,4.454968052720939,3.202735431700858
251,2.93,5.449915871439145,3.015333703296224,2.7268143026954976,3.218990568497153,3.1756249298271184,3.3024348841575377,3.1099679940562037,3.193663165515499,3.205150358051027,3.2742713676232986,3.1693851558643145,3.1834602670194334,3.2523236835128992,3.2599668096182515,3.191424902351021,3.2952861818557073,3.1250029046079852,3.1725332927953263,3.2361070428132916,3.996368803118749,3.3861699999998667,3.091394552932394,3.032225999252009,3.3170477105464773,3.2021393614800897,3.203375464853612,3.223606618825385,3.0593618149076867,3.2412534700788305,3.1870590319541066,3.2347503805551407,3.1487525933822003,3.3210221934041915,3.376498585532431,4.571359360965005,3.2718927193704808
252,2.966666666666667,5.555891709525604,3.052884457017524,2.781855018875369,3.2733514043639813,3.2222900189401686,3.354801013935879,3.1549459189458817,3.246494678120582,3.2541039974980284,3.3296455360599735,3.221160306878901,3.232537088222381,3.303072327042374,3.310945773757541,3.2399308864302814,3.3465589249358256,3.1706896341370183,3.2242429809662165,3.2863843928754504,4.069558132385449,3.4402686912672285,3.146338745676179,3.073694270240737,3.3690458853548195,3.2509815052400635,3.2541678268859253,3.275631098808559,3.1020914178087247,3.29011514086514,3.235401865722776,3.284763445478859,3.1966902520560145,3.3729180567192953,3.4302475722879002,4.656712987010653,3.322608063661537
253,3.0033333333333334,5.661867547612064,3.090435210738824,2.8368957350552404,3.3277122402308095,3.268955108053218,3.40716714371422,3.199923843835559,3.2993261907256652,3.30305763694503,3.3850197044966475,3.272935457893487,3.2816139094253285,3.3538209705718485,3.361924737896831,3.2884368705095417,3.397831668015945,3.2163763636660514,3.275952669137107,3.3366617429376095,4.1427474616521485,3.49436738253459,3.2012829384199644,3.115162541229465,3.421044060163162,3.2998236490000368,3.3049601889182396,3.3276555787917332,3.144821020709763,3.3389768116514493,3.2837446994914457,3.334776510402578,3.2446279107298297,3.4248139200343988,3.4839965590433684,4.742066613056301,3.3733234079525936
254,3.04,5.767843385698524,3.127985964460124,2.891936451235112,3.3820730760976376,3.315620197166267,3.459533273492561,3.2449017687252364,3.3521577033307492,3.352011276392031,3.4403938729333223,3.324710608908074,3.3306907306282763,3.404569614101323,3.412903702036121,3.336942854588802,3.449104411096063,3.2620630931950845,3.327662357307997,3.3869390929997687,4.215936790918848,3.5484660738019516,3.2562271311637496,3.1566308122181925,3.473042234971505,3.3486657927600105,3.3557525509505535,3.379680058774908,3.187550623610801,3.3878384824377576,3.3320875332601143,3.384789575326297,3.292565569403644,3.4767097833495026,3.5377455457988374,4.827420239101949,3.424038752243651
255,3.04,5.767843385698524,3.127985964460124,2.891936451235112,3.3820730760976376,3.315620197166267,3.459533273492561,3.2449017687252364,3.3521577033307492,3.352011276392031,3.4403938729333223,3.324710608908074,3.3306907306282763,3.404569614101323,3.412903702036121,3.336942854588802,3.449104411096063,3.2620630931950845,3.327662357307997,3.3869390929997687,4.215936790918848,3.5484660738019516,3.2562271311637496,3.1566308122181925,3.473042234971505,3.3486657927600105,3.3557525509505535,3.379680058774908,3.187550623610801,3.3878384824377576,3.3320875332601143,3.384789575326297,3.292565569403644,3.4767097833495026,3.5377455457988374,4.827420239101949,3.424038752243651
256,3.07,5.854550889587444,3.1587093084139144,2.9369697644731887,3.4265501236250424,3.353800724622398,3.5023782887657493,3.2817018890895175,3.395383486371272,3.3920642541213955,3.4857000107451466,3.3670720961018263,3.370844493430688,3.4460912315345293,3.4546137636046303,3.3766295688354693,3.491054837252524,3.2994431446279293,3.369970283993271,3.4280751066869892,4.275818969409784,3.5927286393843376,3.3011814706813922,3.1905593975726063,3.5155861961783303,3.388627546745443,3.3973099380679015,3.422245542397505,3.222511207802559,3.427816213081102,3.3716407608890253,3.42570935571843,3.3317872901367647,3.5191700351527677,3.581721989507857,4.897255024048388,3.4655331248454235
257,2.98,5.594428377920681,3.066539276552542,2.8018698247589584,3.293118981042827,3.2392591422540047,3.373843242946185,3.171301527996673,3.2657061372497034,3.2719053209333016,3.349781597309673,3.2399876345205687,3.2503832050234527,3.32152637923491,3.329483578899101,3.2575694260954675,3.3652035587831417,3.187302990329394,3.2430465039374496,3.3046670656253267,4.096172433936976,3.4599409426371777,3.166318452128465,3.0887736415093654,3.387954312557853,3.2687422847891447,3.2726377767158574,3.294549091529713,3.1176294552272843,3.3078830211510706,3.252981078002292,3.30295001454203,3.2141221279374017,3.391789279742969,3.449792658380798,4.687750669209072,3.3410500070401037
258,2.97,5.565525876624373,3.0562981619012786,2.7868587203462662,3.2782932985336926,3.226532299768627,3.359561571188455,3.1590348212085795,3.2512975429028628,3.2585543283568468,3.334679551372398,3.225867138789318,3.2369986174226493,3.3076858400905076,3.315580225042931,3.2443405213465777,3.351220083397655,3.174842973185112,3.2289438617090247,3.2909550610629195,4.07621170777333,3.4451867541097156,3.1513336722892507,3.077464113057894,3.373772992155578,3.2554217001273336,3.2587853143434087,3.2803605969888476,3.1059759271633647,3.2945571109366223,3.239796668792655,3.289310087744652,3.2010482210263613,3.377635862475213,3.4351338438111245,4.6644724075602575,3.327218549506179
259,2.98,5.594428377920681,3.066539276552542,2.8018698247589584,3.293118981042827,3.2392591422540047,3.373843242946185,3.171301527996673,3.2657061372497034,3.2719053209333016,3.349781597309673,3.2399876345205687,3.2503832050234527,3.32152637923491,3.329483578899101,3.2575694260954675,3.3652035587831417,3.187302990329394,3.2430465039374496,3.3046670656253267,4.096172433936976,3.4599409426371777,3.166318452128465,3.0887736415093654,3.387954312557853,3.2687422847891447,3.2726377767158574,3.294549091529713,3.1176294552272843,3.3078830211510706,3.252981078002292,3.30295001454203,3.2141221279374017,3.391789279742969,3.449792658380798,4.687750669209072,3.3410500070401037
260,2.99,5.623330879216989,3.0767803912038056,2.8168809291716514,3.307944663551963,3.251985984739382,3.3881249147039147,3.1835682347847674,3.2801147315965453,3.2852563135097568,3.3648836432469484,3.25410813025182,3.2637677926242574,3.3353669183793127,3.343386932755271,3.2707983308443564,3.3791870341686288,3.199763007473676,3.2571491461658746,3.318379070187734,4.116133160100622,3.4746951311646406,3.1813032319676795,3.100083169960836,3.402135632960129,3.282062869450956,3.286490239088307,3.3087375860705794,3.129282983291204,3.3212089313655184,3.2661654872119295,3.316589941339408,3.2271960348484425,3.4059426970107247,3.464451472950471,4.711028930857885,3.3548814645740284
261,3.0,5.652233380513295,3.087021505855069,2.8318920335843427,3.3227703460610973,3.2647128272247583,3.4024065864616437,3.1958349415728606,3.294523325943385,3.298607306086211,3.379985689184222,3.2682286259830704,3.2771523802250604,3.349207457523714,3.3572902866114402,3.2840272355932454,3.393170509554115,3.2122230246179573,3.2712517883942986,3.3320910747501404,4.136093886264267,3.4894493196921026,3.196288011806893,3.1113926984123075,3.416316953362404,3.2953834541127662,3.3003427014607563,3.3229260806114445,3.1409365113551226,3.3345348415799663,3.279349896421566,3.3302298681367857,3.2402699417594825,3.4200961142784796,3.479110287520144,4.734307192506697,3.368712922107952
262,3.12,5.999063396068981,3.2099148816702328,3.0120252865366512,3.500678536170718,3.4174349370492845,3.573786647554397,3.343035423029987,3.467426458105477,3.4588192170036702,3.5612102404315213,3.4376745747580806,3.4377674314347075,3.5152939272565407,3.52413053288548,3.4427740925799157,3.5609722141799587,3.3617432303493384,3.440483495135395,3.496635129499025,4.375622600228011,3.6664995820216495,3.376105369877464,3.247107039829962,3.586492798189707,3.4552304700544987,3.4665722499301483,3.493188015101835,3.280778848122157,3.4944457641533417,3.437562806937211,3.49390898970532,3.397156824691967,3.5899371214915465,3.655016062356224,5.013646332292454,3.534690412515047
263,3.19,6.201380905143132,3.2816026842290777,3.1171030174254963,3.6044583137346615,3.506522834446925,3.6737583498585025,3.428902370546644,3.568286618533363,3.5522761650388546,3.6669245619924453,3.5365180448768365,3.531459544640335,3.612177701267355,3.6214540098786694,3.53537642582214,3.6588565418783667,3.4489633503593105,3.539201990734367,3.5926191614358736,4.5153476833735295,3.769778901713886,3.4809988287519635,3.3262737389902615,3.6857620410056335,3.5484745626871756,3.5635394865372936,3.592507476887895,3.362353544569594,3.5877271356544767,3.52985367140467,3.589388477286965,3.488674173069249,3.689011042365835,3.757627764343936,5.176594163834146,3.6315106152525183
264,3.18,6.172478403846825,3.2713615695778144,3.102091913012805,3.5896326312255273,3.493795991961548,3.6594766781007744,3.41663566375855,3.553878024186522,3.5389251724624,3.6518225160551707,3.5223975491455857,3.5180749570395315,3.598337162122953,3.6075506560225,3.5221475210732507,3.64487306649288,3.436503333215029,3.525099348505943,3.578907156873467,4.495386957209885,3.7550247131864234,3.4660140489127502,3.31496421053879,3.671580720603359,3.535153978025365,3.5496870241648444,3.5783189823470294,3.3507000165056744,3.5744012254400297,3.516669262195033,3.575748550489588,3.4756002661582097,3.67485762509808,3.7429689497742635,5.153315902185333,3.617679157718594
265,3.06,5.825648388291138,3.148468193762651,2.921958660060497,3.4117244411159073,3.3410738821370214,3.4880966170080203,3.269435182301424,3.3809748920244314,3.378713261544941,3.4705979648078724,3.3529516003705755,3.3574599058298844,3.4322506923901273,3.4407104097484607,3.3634006640865803,3.4770713618670372,3.286983127483648,3.3558676417648465,3.4143631021245824,4.255858243246139,3.5779744508568765,3.2861966908421785,3.179249869121135,3.501404875776055,3.3753069620836325,3.3834574756954523,3.40805704785664,3.21085767973864,3.4144903028666542,3.3584563516793886,3.412069428921053,3.3187133832257247,3.5050166178850133,3.567063174938184,4.873976762399575,3.4517016673114997
266,3.06,5.825648388291138,3.148468193762651,2.921958660060497,3.4117244411159073,3.3410738821370214,3.4880966170080203,3.269435182301424,3.3809748920244314,3.378713261544941,3.4705979648078724,3.3529516003705755,3.3574599058298844,3.4322506923901273,3.4407104097484607,3.3634006640865803,3.4770713618670372,3.286983127483648,3.3558676417648465,3.4143631021245824,4.255858243246139,3.5779744508568765,3.2861966908421785,3.179249869121135,3.501404875776055,3.3753069620836325,3.3834574756954523,3.40805704785664,3.21085767973864,3.4144903028666542,3.3584563516793886,3.412069428921053,3.3187133832257247,3.5050166178850133,3.567063174938184,4.873976762399575,3.4517016673114997
267,3.06,5.825648388291138,3.148468193762651,2.921958660060497,3.4117244411159073,3.3410738821370214,3.4880966170080203,3.269435182301424,3.3809748920244314,3.378713261544941,3.4705979648078724,3.3529516003705755,3.3574599058298844,3.4322506923901273,3.4407104097484607,3.3634006640865803,3.4770713618670372,3.286983127483648,3.3558676417648465,3.4143631021245824,4.255858243246139,3.5779744508568765,3.2861966908421785,3.179249869121135,3.501404875776055,3.3753069620836325,3.3834574756954523,3.40805704785664,3.21085767973864,3.4144903028666542,3.3584563516793886,3.412069428921053,3.3187133832257247,3.5050166178850133,3.567063174938184,4.873976762399575,3.4517016673114997
268,3.06,5.825648388291138,3.148468193762651,2.921958660060497,3.4117244411159073,3.3410738821370214,3.4880966170080203,3.269435182301424,3.3809748920244314,3.378713261544941,3.4705979648078724,3.3529516003705755,3.3574599058298844,3.4322506923901273,3.4407104097484607,3.3634006640865803,3.4770713618670372,3.286983127483648,3.3558676417648465,3.4143631021245824,4.255858243246139,3.5779744508568765,3.2861966908421785,3.179249869121135,3.501404875776055,3.3753069620836325,3.3834574756954523,3.40805704785664,3.21085767973864,3.4144903028666542,3.3584563516793886,3.412069428921053,3.3187133832257247,3.5050166178850133,3.567063174938184,4.873976762399575,3.4517016673114997
269,3.09,5.9123558921800585,3.179191537716441,2.966991973298574,3.456201488643312,3.3792544095931527,3.530941632281208,3.306235302665705,3.424200675064954,3.418766239274305,3.515904102619696,3.395313087564328,3.397613668632296,3.473772309823333,3.4824204713169697,3.4030873783332476,3.5190217880234975,3.3243631789164927,3.39817556845012,3.4554991158118034,4.3157404217370745,3.6222370164392625,3.3311510303598206,3.213178454475549,3.5439488369828807,3.415268716069065,3.4250148628128,3.4506225314792367,3.2458182639303983,3.454468033509997,3.398009579308299,3.452989209313186,3.3579351039588454,3.5474768696882792,3.611039618647203,4.943811547346014,3.4931960399132724
270,3.07,5.854550889587444,3.1587093084139144,2.9369697644731887,3.4265501236250424,3.353800724622398,3.5023782887657493,3.2817018890895175,3.395383486371272,3.3920642541213955,3.4857000107451466,3.3670720961018263,3.370844493430688,3.4460912315345293,3.4546137636046303,3.3766295688354693,3.491054837252524,3.2994431446279293,3.369970283993271,3.4280751066869892,4.275818969409784,3.5927286393843376,3.3011814706813922,3.1905593975726063,3.5155861961783303,3.388627546745443,3.3973099380679015,3.422245542397505,3.222511207802559,3.427816213081102,3.3716407608890253,3.42570935571843,3.3317872901367647,3.5191700351527677,3.581721989507857,4.897255024048388,3.4655331248454235
271,2.98,5.594428377920681,3.066539276552542,2.8018698247589584,3.293118981042827,3.2392591422540047,3.373843242946185,3.171301527996673,3.2657061372497034,3.2719053209333016,3.349781597309673,3.2399876345205687,3.2503832050234527,3.32152637923491,3.329483578899101,3.2575694260954675,3.3652035587831417,3.187302990329394,3.2430465039374496,3.3046670656253267,4.096172433936976,3.4599409426371777,3.166318452128465,3.0887736415093654,3.387954312557853,3.2687422847891447,3.2726377767158574,3.294549091529713,3.1176294552272843,3.3078830211510706,3.252981078002292,3.30295001454203,3.2141221279374017,3.391789279742969,3.449792658380798,4.687750669209072,3.3410500070401037
272,2.84,5.18979335977238,2.9231636714348515,2.5917143629812665,3.085559425914938,3.061083347458724,3.173899838337973,2.999567632963359,3.06398581639393,3.084991424862933,3.138352954187825,3.042300694283057,3.062998978612198,3.12775883121328,3.134836624912722,3.072364759611018,3.1694349033863247,3.0128627503094494,3.0456095127395044,3.1126990017516283,3.81672226764594,3.253382303252706,2.956531534379465,2.9304402431887677,3.189415826925999,3.0822540995237904,3.078703303501568,3.0959101679575918,2.9544800623324106,3.121320278148799,3.0683993490673727,3.1119910393787396,3.0310874311828364,3.193641437994392,3.2445692544053713,4.361855006125689,3.14740960156516
273,2.84,5.18979335977238,2.9231636714348515,2.5917143629812665,3.085559425914938,3.061083347458724,3.173899838337973,2.999567632963359,3.06398581639393,3.084991424862933,3.138352954187825,3.042300694283057,3.062998978612198,3.12775883121328,3.134836624912722,3.072364759611018,3.1694349033863247,3.0128627503094494,3.0456095127395044,3.1126990017516283,3.81672226764594,3.253382303252706,2.956531534379465,2.9304402431887677,3.189415826925999,3.0822540995237904,3.078703303501568,3.0959101679575918,2.9544800623324106,3.121320278148799,3.0683993490673727,3.1119910393787396,3.0310874311828364,3.193641437994392,3.2445692544053713,4.361855006125689,3.14740960156516
274,2.84,5.18979335977238,2.9231636714348515,2.5917143629812665,3.085559425914938,3.061083347458724,3.173899838337973,2.999567632963359,3.06398581639393,3.084991424862933,3.138352954187825,3.042300694283057,3.062998978612198,3.12775883121328,3.134836624912722,3.072364759611018,3.1694349033863247,3.0128627503094494,3.0456095127395044,3.1126990017516283,3.81672226764594,3.253382303252706,2.956531534379465,2.9304402431887677,3.189415826925999,3.0822540995237904,3.078703303501568,3.0959101679575918,2.9544800623324106,3.121320278148799,3.0683993490673727,3.1119910393787396,3.0310874311828364,3.193641437994392,3.2445692544053713,4.361855006125689,3.14740960156516
275,2.84,5.18979335977238,2.9231636714348515,2.5917143629812665,3.085559425914938,3.061083347458724,3.173899838337973,2.999567632963359,3.06398581639393,3.084991424862933,3.138352954187825,3.042300694283057,3.062998978612198,3.12775883121328,3.134836624912722,3.072364759611018,3.1694349033863247,3.0128627503094494,3.0456095127395044,3.1126990017516283,3.81672226764594,3.253382303252706,2.956531534379465,2.9304402431887677,3.189415826925999,3.0822540995237904,3.078703303501568,3.0959101679575918,2.9544800623324106,3.121320278148799,3.0683993490673727,3.1119910393787396,3.0310874311828364,3.193641437994392,3.2445692544053713,4.361855006125689,3.14740960156516
276,2.83,5.1608908584760735,2.912922556783588,2.5767032585685743,3.0707337434058033,3.048356504973347,3.1596181665802434,2.9873009261752657,3.0495772220470894,3.071640432286478,3.12325090825055,3.028180198551806,3.049614391011394,3.1139182920688775,3.1209332710565523,3.059135854862129,3.1554514280008386,3.000402733165168,3.03150687051108,3.0989869971892214,3.7967615414822955,3.238628114725244,2.9415467545402514,2.919130714737297,3.1752345065237244,3.0689335148619796,3.064850841129118,3.0817216734167268,2.942826534268491,3.107994367934351,3.055214939857736,3.098351112581362,3.0180135242717965,3.1794880207266365,3.229910439835699,4.338576744476875,3.133578144031236
277,2.83,5.1608908584760735,2.912922556783588,2.5767032585685743,3.0707337434058033,3.048356504973347,3.1596181665802434,2.9873009261752657,3.0495772220470894,3.071640432286478,3.12325090825055,3.028180198551806,3.049614391011394,3.1139182920688775,3.1209332710565523,3.059135854862129,3.1554514280008386,3.000402733165168,3.03150687051108,3.0989869971892214,3.7967615414822955,3.238628114725244,2.9415467545402514,2.919130714737297,3.1752345065237244,3.0689335148619796,3.064850841129118,3.0817216734167268,2.942826534268491,3.107994367934351,3.055214939857736,3.098351112581362,3.0180135242717965,3.1794880207266365,3.229910439835699,4.338576744476875,3.133578144031236
278,3.04,5.767843385698524,3.127985964460124,2.891936451235112,3.3820730760976376,3.315620197166267,3.459533273492561,3.2449017687252364,3.3521577033307492,3.352011276392031,3.4403938729333223,3.324710608908074,3.3306907306282763,3.404569614101323,3.412903702036121,3.336942854588802,3.449104411096063,3.2620630931950845,3.327662357307997,3.3869390929997687,4.215936790918848,3.5484660738019516,3.2562271311637496,3.1566308122181925,3.473042234971505,3.3486657927600105,3.3557525509505535,3.379680058774908,3.187550623610801,3.3878384824377576,3.3320875332601143,3.384789575326297,3.292565569403644,3.4767097833495026,3.5377455457988374,4.827420239101949,3.424038752243651
279,3.02,5.71003838310591,3.1075037351575965,2.861914242409728,3.352421711079368,3.290166512195513,3.4309699299771026,3.2203683551490485,3.323340514637067,3.3253092912391216,3.410189781058773,3.296469617445572,3.3039215554266685,3.3768885358125185,3.3850969943237805,3.3104850450910237,3.4211374603250895,3.237143058906521,3.2994570728511476,3.359515083874955,4.176015338591558,3.518957696747027,3.226257571485322,3.13401175531525,3.4446795941669546,3.3220246234363886,3.328047626205655,3.3513030696931763,3.164243567482962,3.361186662008862,3.30571871484084,3.3575097217315415,3.266417755581563,3.448402948813991,3.5084279166594907,4.7808637158043235,3.396375837175801
280,3.0733333333333333,5.864185056686215,3.162123013297669,2.9419734659440864,3.4314920177947537,3.358043005450858,3.507138846018326,3.2857907913522153,3.400186351153552,3.3965145849802143,3.4907340260575714,3.371778928012243,3.375306022630956,3.450704744582664,3.45924821489002,3.381039203751766,3.4957159957143524,3.3035964836760234,3.3746711647360796,3.4326457748744588,4.282472544797667,3.5976467022268253,3.306176397294464,3.194329240389763,3.520313302979089,3.3930677416327137,3.401927425525385,3.426975040577794,3.2263957171571995,3.4322581831525847,3.376035563958905,3.430255997984223,3.336145259107112,3.5238878409086873,3.586608261031081,4.9050144445979935,3.470143610690066
281,3.126666666666667,6.01833173026652,3.216742291437742,3.0220326894784457,3.5105623245101407,3.425919498706203,3.58330776205955,3.3512132275553834,3.477032187670037,3.467719878721307,3.571278271056372,3.4470882385789148,3.446690489835244,3.524520953352808,3.53339943545626,3.451593362412509,3.5702945311036167,3.3700499084455267,3.4498852566210116,3.5057764658739634,4.388929751003776,3.676335707706625,3.386095223103607,3.254646725464277,3.595947011791224,3.4641108598290398,3.4758072248451146,3.502647011462412,3.288547866831437,3.503329704296307,3.446352413076969,3.5030022742369056,3.405872762632661,3.5993727330033836,3.6647886054026726,5.029165173391663,3.5439113842043297
282,3.18,6.172478403846825,3.2713615695778144,3.102091913012805,3.5896326312255273,3.493795991961548,3.6594766781007744,3.41663566375855,3.553878024186522,3.5389251724624,3.6518225160551707,3.5223975491455857,3.5180749570395315,3.598337162122953,3.6075506560225,3.5221475210732507,3.64487306649288,3.436503333215029,3.525099348505943,3.578907156873467,4.495386957209885,3.7550247131864234,3.4660140489127502,3.31496421053879,3.671580720603359,3.535153978025365,3.5496870241648444,3.5783189823470294,3.3507000165056744,3.5744012254400297,3.516669262195033,3.575748550489588,3.4756002661582097,3.67485762509808,3.7429689497742635,5.153315902185333,3.617679157718594
283,3.17,6.143575902550517,3.2611204549265502,3.087080808600112,3.5748069487163923,3.4810691494761703,3.6451950063430436,3.4043689569704565,3.5394694298396807,3.5255741798859446,3.6367204701178952,3.508277053414335,3.5046903694387272,3.584496622978551,3.59364730216633,3.5089186163243618,3.6308895911073935,3.4240433160707466,3.5109967062775174,3.5651951523110594,4.475426231046239,3.7402705246589605,3.451029269073535,3.3036546820873185,3.6573994002010837,3.5218333933635533,3.5358345617923943,3.5641304878061635,3.339046488441755,3.5610753152255805,3.5034848529853955,3.5621086236922093,3.4625263592471685,3.6607042078303236,3.7283101352045898,5.13003764053652,3.6038477001846694
284,3.17,6.143575902550517,3.2611204549265502,3.087080808600112,3.5748069487163923,3.4810691494761703,3.6451950063430436,3.4043689569704565,3.5394694298396807,3.5255741798859446,3.6367204701178952,3.508277053414335,3.5046903694387272,3.584496622978551,3.59364730216633,3.5089186163243618,3.6308895911073935,3.4240433160707466,3.5109967062775174,3.5651951523110594,4.475426231046239,3.7402705246589605,3.451029269073535,3.3036546820873185,3.6573994002010837,3.5218333933635533,3.5358345617923943,3.5641304878061635,3.339046488441755,3.5610753152255805,3.5034848529853955,3.5621086236922093,3.4625263592471685,3.6607042078303236,3.7283101352045898,5.13003764053652,3.6038477001846694
285,3.16,6.114673401254211,3.250879340275287,3.07206970418742,3.559981266207257,3.4683423069907935,3.6309133345853146,3.3921022501823623,3.52506083549284,3.5122231873094902,3.621618424180621,3.494156557683084,3.491305781837924,3.5706560838341486,3.57974394831016,3.495689711575473,3.616906115721907,3.411583298926465,3.4968940640490933,3.5514831477486526,4.455465504882595,3.725516336131499,3.4360444892343214,3.2923451536358477,3.6432180797988076,3.5085128087017425,3.5219820994199456,3.5499419932652976,3.3273929603778356,3.547749405011133,3.4903004437757588,3.548468696894832,3.4494524523361285,3.6465507905625683,3.713651320634917,5.106759378887707,3.5900162426507443
286,3.18,6.172478403846825,3.2713615695778144,3.102091913012805,3.5896326312255273,3.493795991961548,3.6594766781007744,3.41663566375855,3.553878024186522,3.5389251724624,3.6518225160551707,3.5223975491455857,3.5180749570395315,3.598337162122953,3.6075506560225,3.5221475210732507,3.64487306649288,3.436503333215029,3.525099348505943,3.578907156873467,4.495386957209885,3.7550247131864234,3.4660140489127502,3.31496421053879,3.671580720603359,3.535153978025365,3.5496870241648444,3.5783189823470294,3.3507000165056744,3.5744012254400297,3.516669262195033,3.575748550489588,3.4756002661582097,3.67485762509808,3.7429689497742635,5.153315902185333,3.617679157718594
287,3.19,6.201380905143132,3.2816026842290777,3.1171030174254963,3.6044583137346615,3.506522834446925,3.6737583498585025,3.428902370546644,3.568286618533363,3.5522761650388546,3.6669245619924453,3.5365180448768365,3.531459544640335,3.612177701267355,3.6214540098786694,3.53537642582214,3.6588565418783667,3.4489633503593105,3.539201990734367,3.5926191614358736,4.5153476833735295,3.769778901713886,3.4809988287519635,3.3262737389902615,3.6857620410056335,3.5484745626871756,3.5635394865372936,3.592507476887895,3.362353544569594,3.5877271356544767,3.52985367140467,3.589388477286965,3.488674173069249,3.689011042365835,3.757627764343936,5.176594163834146,3.6315106152525183
288,3.2,6.23028340643944,3.291843798880341,3.1321141218381894,3.6192839962437975,3.5192496769323016,3.6880400216162323,3.441169077334738,3.5826952128802043,3.56562715761531,3.6820266079297204,3.550638540608088,3.5448441322411397,3.6260182404117574,3.6353573637348395,3.5486053305710294,3.6728400172638547,3.461423367503592,3.5533046329627918,3.606331165998281,4.535308409537176,3.7845330902413483,3.495983608591178,3.3375832674417327,3.699943361407909,3.5617951473489864,3.5773919489097423,3.6066959714287616,3.3740070726335136,3.6010530458689254,3.5430380806143074,3.603028404084343,3.50174807998029,3.703164459633591,3.7722865789136106,5.19987242548296,3.645342072786443
289,3.21,6.259185907735746,3.302084913531605,3.147125226250881,3.6341096787529317,3.531976519417679,3.7023216933739613,3.4534357841228314,3.597103807227045,3.578978150191764,3.697128653866995,3.5647590363393378,3.558228719841943,3.6398587795561594,3.6492607175910092,3.561834235319918,3.6868234926493413,3.473883384647874,3.567407275191216,3.6200431705606877,4.55526913570082,3.79928727876881,3.510968388430392,3.3488927958932035,3.7141246818101843,3.5751157320107976,3.5912444112821915,3.6208844659696267,3.385660600697433,3.614378956083373,3.556222489823944,3.616668330881721,3.51482198689133,3.7173178769013457,3.786945393483283,5.223150687131772,3.659173530320367
290,3.25,6.374795912920974,3.3430493721366594,3.20716964390165,3.6934124087894715,3.582883889359188,3.7594483804048795,3.502502611275207,3.6547381846144082,3.632382120497584,3.7575368376160947,3.6212410192643416,3.6117670702451585,3.695220936133768,3.704874133015689,3.614749854315475,3.7427573941912886,3.5237234532250006,3.6238178441049147,3.6748911888103155,4.635112040355402,3.8583040328786593,3.570907507787249,3.394130909699088,3.770849963419285,3.6283980706580414,3.6466542607719887,3.6776384441330894,3.432274712953111,3.667682596941165,3.6089601266624927,3.6712280380712325,3.567117614535492,3.773931545972368,3.845580651761976,5.316263733727023,3.7144993604560654
291,3.18,6.172478403846825,3.2713615695778144,3.102091913012805,3.5896326312255273,3.493795991961548,3.6594766781007744,3.41663566375855,3.553878024186522,3.5389251724624,3.6518225160551707,3.5223975491455857,3.5180749570395315,3.598337162122953,3.6075506560225,3.5221475210732507,3.64487306649288,3.436503333215029,3.525099348505943,3.578907156873467,4.495386957209885,3.7550247131864234,3.4660140489127502,3.31496421053879,3.671580720603359,3.535153978025365,3.5496870241648444,3.5783189823470294,3.3507000165056744,3.5744012254400297,3.516669262195033,3.575748550489588,3.4756002661582097,3.67485762509808,3.7429689497742635,5.153315902185333,3.617679157718594
292,3.12,5.999063396068981,3.2099148816702328,3.0120252865366512,3.500678536170718,3.4174349370492845,3.573786647554397,3.343035423029987,3.467426458105477,3.4588192170036702,3.5612102404315213,3.4376745747580806,3.4377674314347075,3.5152939272565407,3.52413053288548,3.4427740925799157,3.5609722141799587,3.3617432303493384,3.440483495135395,3.496635129499025,4.375622600228011,3.6664995820216495,3.376105369877464,3.247107039829962,3.586492798189707,3.4552304700544987,3.4665722499301483,3.493188015101835,3.280778848122157,3.4944457641533417,3.437562806937211,3.49390898970532,3.397156824691967,3.5899371214915465,3.655016062356224,5.013646332292454,3.534690412515047
293,2.92,5.421013370142837,3.00509258864496,2.7118031982828046,3.204164885988017,3.162898087341741,3.2881532123998074,3.0977012872681096,3.179254571168658,3.191799365474572,3.2591693216860236,3.1552646601330636,3.170075679418629,3.2384831443684967,3.246063455762081,3.1781959976021317,3.28130270647022,3.1125428874637033,3.1584306505669013,3.222395038250884,3.976408076955103,3.371415811472404,3.0764097730931788,3.0209164708005374,3.3028663901442012,3.1888187768182785,3.189523002481162,3.209418124284518,3.0477082868437666,3.2279275598643826,3.17387462274447,3.2211104537577624,3.1356786864711594,3.3068687761364357,3.3618397709627574,4.5480810993161915,3.258061261836556
294,2.873333333333333,5.286135030760071,2.9573007202723964,2.6417513776902406,3.134978367612054,3.1035061557433146,3.2215054108637373,3.0404566555903383,3.1120144642167333,3.1294947334511156,3.1886931073120737,3.089369013387226,3.107614270614878,3.1738939616946205,3.1811811377666217,3.116461108773982,3.216046488004614,3.0543961407903883,3.0926183201675865,3.1584056836263183,3.883258021524758,3.3025629316775804,3.0064808005101797,2.9681386713603386,3.2366868949335834,3.1266560483964936,3.124878178076399,3.143205149760478,2.9933251558788085,3.165739978863625,3.112347379766163,3.1574574620366658,3.0746671208863043,3.2408194955535765,3.293431969637616,4.4394492116217315,3.193514460011575
295,2.8266666666666667,5.151256691377305,2.909508851899833,2.5716995570976766,3.0657918492360916,3.044114224144887,3.1548576093276672,2.983212023912568,3.044774357264809,3.06719010142766,3.1182168929381247,3.023473366641389,3.0451528618111263,3.1093047790207438,3.116298819771162,3.0547262199458327,3.1507902695390086,2.996249394117074,3.0268059897682713,3.0944163290017523,3.7901079660944132,3.2337100518827566,2.9365518279271794,2.91536087192014,3.170507399722966,3.0644933199747095,3.0602333536716353,3.0769921752364375,2.9389420249138514,3.1035523978628685,3.0508201367878574,3.093804470315569,3.0136555553014492,3.1747702149707173,3.2250241683124745,4.330817323927271,3.1289676581865944
296,2.78,5.016378351994537,2.8617169835272698,2.5016477365051126,2.996605330860128,2.984722292546461,3.088209807791596,2.9259673922347957,2.9775342503128845,3.0048854694042033,3.0477406785641756,2.9575777198955517,2.9826914530073743,3.044715596346867,3.0514165017757025,2.992991331117683,3.0855340510734033,2.938102647443759,2.960993659368956,3.030426974377186,3.6969579106640675,3.1648571720879324,2.86662285534418,2.86258307247994,3.104327904512348,3.0023305915529246,2.995588529266872,3.0107792007123972,2.8845588939488933,3.041364816862112,2.989292893809551,3.0301514785944725,2.952643989716594,3.108720934387858,3.1566163669873317,4.2221854362328095,3.064420856361613
297,2.69,4.756255840327772,2.7695469516658973,2.3665477967908823,2.8631741882779136,2.8701807101780665,2.959674761972031,2.8155670311419514,2.8478569011913164,2.8847265362161094,2.9118222651287016,2.830493258314294,2.862230164600139,2.9201507440472474,2.926286317070173,2.8739311883776804,2.9596827726040207,2.8259624931452234,2.8340698793131347,2.9070189333155234,3.517311375191259,3.032069475340772,2.7317598367912517,2.7607973164166992,2.976696020891871,2.8824453295966252,2.8709163679148277,2.883082749844605,2.7796771413736177,2.92143162493208,2.8706332109228176,2.9073921374180713,2.8349788275172307,2.981340178978059,3.024687035860272,4.0126810813934926,2.939937738556292
298,2.69,4.756255840327772,2.7695469516658973,2.3665477967908823,2.8631741882779136,2.8701807101780665,2.959674761972031,2.8155670311419514,2.8478569011913164,2.8847265362161094,2.9118222651287016,2.830493258314294,2.862230164600139,2.9201507440472474,2.926286317070173,2.8739311883776804,2.9596827726040207,2.8259624931452234,2.8340698793131347,2.9070189333155234,3.517311375191259,3.032069475340772,2.7317598367912517,2.7607973164166992,2.976696020891871,2.8824453295966252,2.8709163679148277,2.883082749844605,2.7796771413736177,2.92143162493208,2.8706332109228176,2.9073921374180713,2.8349788275172307,2.981340178978059,3.024687035860272,4.0126810813934926,2.939937738556292
299,2.72,4.842963344216694,2.8002702956196885,2.411581110028959,2.907651235805319,2.908361237634198,3.0025197772452197,2.8523671515062334,2.891082684231839,2.924779513945474,2.9571284029405263,2.8728547455080466,2.902383927402551,2.9616723614804545,2.9679963786386834,2.913617902624348,3.0016331987604814,2.863342544578069,2.8763778059984086,2.9481549470027444,3.577193553682195,3.076332040923159,2.7767141763088943,2.7947259017711135,3.019239982098697,2.9224070835820584,2.912473755032176,2.9256482334672027,2.8146377255653765,2.961409355575424,2.9101864385517286,2.948311917810205,2.8742005482503528,3.0238004307813258,3.0686634795692926,4.082515866339931,2.981432111158066
300,2.72,4.842963344216694,2.8002702956196885,2.411581110028959,2.907651235805319,2.908361237634198,3.0025197772452197,2.8523671515062334,2.891082684231839,2.924779513945474,2.9571284029405263,2.8728547455080466,2.902383927402551,2.9616723614804545,2.9679963786386834,2.913617902624348,3.0016331987604814,2.863342544578069,2.8763778059984086,2.9481549470027444,3.577193553682195,3.076332040923159,2.7767141763088943,2.7947259017711135,3.019239982098697,2.9224070835820584,2.912473755032176,2.9256482334672027,2.8146377255653765,2.961409355575424,2.9101864385517286,2.948311917810205,2.8742005482503528,3.0238004307813258,3.0686634795692926,4.082515866339931,2.981432111158066
301,2.7633333333333336,4.9682075165006925,2.8446484591084973,2.476629229150626,2.9718958600115704,2.963510888404166,3.064407021528714,2.905522880921307,2.953519926401484,2.9826338151101126,3.0225706020020513,2.9340435603434676,2.9603838070060347,3.021648031106197,3.0282442453487532,2.970943156536201,3.062228258764258,2.91733595220329,2.9374892556549157,3.0075736334398417,3.663690033724659,3.1402668578754955,2.8416482222788235,2.8437338583941556,3.0806923705085563,2.9801296171165736,2.9725010919794568,2.9871317098109547,2.8651363471756945,3.019154966504698,2.967318878460156,3.0074182672655096,2.9308541448648606,3.0851319056082662,3.1321850093712102,4.183388333484788,3.041368427138406
302,2.806666666666666,5.093451688784689,2.889026622597306,2.5416773482722923,3.036140484217821,3.018660539174133,3.126294265812207,2.9586786103363796,3.015957168571127,3.0404881162747497,3.088012801063575,2.995232375178887,3.018383686609518,3.081623700731939,3.0884921120588222,3.028268410448054,3.1228233187680345,2.97132935982851,2.9986007053114223,3.066992319876938,3.750186513767122,3.204201674827832,2.9065822682487514,2.892741815017197,3.142144758918415,3.037852150651087,3.032528428926736,3.0486151861547057,2.9156349687860117,3.0769005774339724,3.0244513183685826,3.0665246167208133,2.9875077414793685,3.1464633804352062,3.1957065391731274,4.284260800629643,3.1013047431187446
303,2.85,5.218695861068688,2.933404786086115,2.6067254673939586,3.100385108424073,3.0738101899441013,3.1881815100957023,3.011834339751453,3.0783944107407715,3.0983424174393877,3.1534550001251,3.0564211900143077,3.076383566213002,3.1415993703576817,3.1487399787688917,3.085593664359908,3.1834183787718118,3.0253227674537313,3.059712154967929,3.1264110063140356,3.836682993809586,3.2681364917801687,2.97151631421868,2.9417497716402394,3.203597147328275,3.0955746841856016,3.092555765874017,3.1100986624984577,2.96613359039633,3.1346461883632477,3.0815837582770103,3.125630966176118,3.0441613380938772,3.2077948552621476,3.2592280689750455,4.385133267774501,3.1612410590990847
304,2.53,4.293815819586857,2.6056891172456798,2.126370126187805,2.625963268131754,2.6665512304120322,2.73116801384836,2.6192997225324497,2.6173193916418613,2.6711106549928307,2.6701895301323035,2.6045653266142805,2.6480767629872766,2.698702117736813,2.7038326553714542,2.662268712395453,2.7359471664362296,2.6266022188367155,2.60842760365834,2.6876268603170104,3.1979397565729326,2.796002458901375,2.4920033593638236,2.5798448611931595,2.7497948944554667,2.66931597500765,2.649276969955639,2.6560668371907523,2.593220692350905,2.708217061500913,2.659682663568625,2.6891533086600257,2.625796316940585,2.7548855026939707,2.7901460027455003,3.640228895012483,2.7186344180135
305,2.53,4.293815819586857,2.6056891172456798,2.126370126187805,2.625963268131754,2.6665512304120322,2.73116801384836,2.6192997225324497,2.6173193916418613,2.6711106549928307,2.6701895301323035,2.6045653266142805,2.6480767629872766,2.698702117736813,2.7038326553714542,2.662268712395453,2.7359471664362296,2.6266022188367155,2.60842760365834,2.6876268603170104,3.1979397565729326,2.796002458901375,2.4920033593638236,2.5798448611931595,2.7497948944554667,2.66931597500765,2.649276969955639,2.6560668371907523,2.593220692350905,2.708217061500913,2.659682663568625,2.6891533086600257,2.625796316940585,2.7548855026939707,2.7901460027455003,3.640228895012483,2.7186344180135
306,2.41,3.946985804031172,2.4827957414305164,1.946236873235498,2.4480550780221346,2.5138291205875065,2.559787952755607,2.472099241075324,2.4444162594797705,2.510898744075372,2.4889649788850052,2.4351193778392703,2.4874617117776294,2.5326156480039876,2.536992409097415,2.503521855408783,2.5681454618103867,2.477082013105335,2.4391958969172447,2.5230828055681274,2.9584110426091876,2.6189521965718283,2.312186001293253,2.4441305197755048,2.579619049628164,2.5094689590659174,2.4830474214862477,2.485804902700363,2.4533783555838715,2.548306138927538,2.50146975305298,2.5254741870914916,2.4689094340081006,2.585044495480904,2.6142402279094212,3.3608897552267267,2.552656927606406
307,2.2,3.3400332768087218,2.267732333753981,1.63100368056896,2.1367157453303007,2.246565428394586,2.259872845843289,2.214498398525353,2.141835778196111,2.2305278999698195,2.1718220142022333,2.138588967483003,2.2063853721607476,2.2419643259715425,2.2450219781178467,2.22571485568211,2.274492478715162,2.2154216530754187,2.143040410120327,2.2351307097575797,2.5392357931726344,2.309114237495121,1.9975056246697545,2.2066304222946087,2.281811321180384,2.229736681167887,2.1921457116648124,2.1878465173421815,2.2086542662415614,2.2684620244241316,2.2245971596506022,2.2390357243465564,2.194357388876253,2.2878227328580385,2.3064051219462827,2.8720462606016524,2.2621963193939916
308,2.256666666666667,3.503814117487796,2.325765316777808,1.7160666055742162,2.2207279462153986,2.3186842024783902,2.3408023191370892,2.2840097369912185,2.223484479494876,2.3061835245697306,2.2574002745134574,2.218605109960091,2.282231368565303,2.3203940477898213,2.3238076499694764,2.300678649259149,2.3537321725662546,2.286028416893015,2.222955382748067,2.312832068944553,2.6523465747666255,2.392721305817407,2.082419377091968,2.2707177501862796,2.3621721367932764,2.3052199942514826,2.2706429984420256,2.2682479864070877,2.2746909252704386,2.3439755156393365,2.2993088118385456,2.316328642865031,2.2684428613721486,2.368025430708653,2.389471737841098,3.0039564099449265,2.3405745787528973
309,2.313333333333333,3.6675949581668696,2.3837982998016347,1.8011295305794723,2.3047401471004965,2.3908029765621936,2.4217317924308888,2.353521075457083,2.305133180793641,2.3818391491696413,2.3429785348246814,2.298621252437179,2.358077364969858,2.3988237696081,2.4025933218211057,2.3756424428361873,2.4329718664173465,2.356635180710611,2.3028703553758065,2.3905334281315254,2.7654573563606153,2.476328374139693,2.1673331295141818,2.3348050780779492,2.4425329524061694,2.380703307335078,2.349140285219238,2.3486494554719934,2.340727584299316,2.419489006854541,2.3740204640264886,2.393621561383505,2.342528333868043,2.448228128559267,2.4725383537359127,3.1358665592882002,2.418952838111802
310,2.37,3.831375798845944,2.441831282825462,1.886192455584729,2.388752347985595,2.4629217506459975,2.502661265724689,2.4230324139229484,2.3867818820924067,2.457494773769553,2.428556795135906,2.3786373949142674,2.433923361374414,2.477253491426379,2.4813789936727355,2.4506062364132264,2.5122115602684394,2.427241944528208,2.3827853280035463,2.468234787318499,2.8785681379546064,2.5599354424619793,2.2522468819363963,2.39889240596962,2.522893768019063,2.456186620418674,2.427637571996451,2.4290509245369,2.4067642433281935,2.495002498069746,2.448732116214432,2.47091447990198,2.4166138063639395,2.528430826409882,2.555604969630728,3.2677767086314744,2.497331097470708
311,2.34,3.744668294957021,2.411107938871671,1.841159142346652,2.34427530045819,2.4247412231898657,2.4598162504515004,2.386232293558667,2.3435560990518836,2.4174417960401877,2.383250657324081,2.3362759077205144,2.393769598572002,2.435731873993172,2.4396689321042255,2.4109195221665587,2.4702611341119782,2.389861893095363,2.340477401318272,2.4270987736312777,2.8186859594636697,2.5156728768795924,2.2072925424187533,2.364963820615206,2.480349806812237,2.4162248664332404,2.3860801848791025,2.386485440914302,2.371803659136434,2.455024767426402,2.4091788885855205,2.429994699509846,2.3773920856308175,2.4859705746066156,2.5116285259217084,3.1979419236850344,2.4558367248689343
312,2.22,3.397838279401336,2.288214563056508,1.6610258893943444,2.1663671103485704,2.2720191133653405,2.2884361893587477,2.239031812101541,2.1706529668897927,2.2572298851227295,2.202026106076783,2.1668299589455047,2.2331545473623553,2.2696454042603467,2.272828685830187,2.2521726651798883,2.3024594294861354,2.240341687363982,2.1712456945771765,2.262554718882394,2.579157245499925,2.3386226145500455,2.027475184348183,2.2292494791975512,2.310173961984934,2.256377850491509,2.2198506364097113,2.216223506423913,2.2319613223694006,2.2951138448530273,2.250965978069876,2.2663155779413118,2.220505202698334,2.316129567393549,2.335722751085629,2.9186027838992783,2.2898592344618405
313,2.08,2.9932032612530355,2.144838957938817,1.4508704276166524,1.9588075552206807,2.09384331857006,2.0884927847505357,2.0672979170682266,1.9689326460340193,2.0703159890523604,1.9905974629549341,1.9691430187079928,2.0457703209511005,2.0758778562387166,2.0781817318438076,2.0669679986954397,2.1066907740893184,2.0659014473440376,1.9738087033792313,2.0705866550086958,2.29970707920889,2.132063975165573,1.8176882665991834,2.0709160808769544,2.1116354763530802,2.069889665226155,2.025916163195421,2.0175845828517915,2.0688119294745273,2.1085511018507557,2.0663842491349573,2.0753566027780215,2.0374705059437686,2.117981725644972,2.1304993471102027,2.5927071208158954,2.096218828986897
314,2.08,2.9932032612530355,2.144838957938817,1.4508704276166524,1.9588075552206807,2.09384331857006,2.0884927847505357,2.0672979170682266,1.9689326460340193,2.0703159890523604,1.9905974629549341,1.9691430187079928,2.0457703209511005,2.0758778562387166,2.0781817318438076,2.0669679986954397,2.1066907740893184,2.0659014473440376,1.9738087033792313,2.0705866550086958,2.29970707920889,2.132063975165573,1.8176882665991834,2.0709160808769544,2.1116354763530802,2.069889665226155,2.025916163195421,2.0175845828517915,2.0688119294745273,2.1085511018507557,2.0663842491349573,2.0753566027780215,2.0374705059437686,2.117981725644972,2.1304993471102027,2.5927071208158954,2.096218828986897
315,2.14,3.166618269030878,2.206285645846399,1.5409370540928062,2.0477616502754907,2.170204373482323,2.1741828152969123,2.14089815779679,2.055384212115065,2.1504219445110895,2.0812097385785835,2.053865993095498,2.1260778465559236,2.1589210911051295,2.161601854980827,2.1463414271887746,2.19059162640224,2.140661550209728,2.058424556749779,2.1528586823831377,2.419471436190762,2.220589106330347,1.9075969456344688,2.1387732515857816,2.1967233987667316,2.1498131731970207,2.1090309374301164,2.1027155500969865,2.1387330978580446,2.1885065631374436,2.1454907043927793,2.157196163562289,2.115913947410011,2.202902229251505,2.2184522345282427,2.732376690708773,2.179207574190444
316,2.2,3.34003327680872,2.26773233375398,1.6310036805689592,2.1367157453303,2.2465654283945855,2.2598728458432884,2.214498398525353,2.14183577819611,2.230527899969819,2.1718220142022324,2.1385889674830025,2.2063853721607467,2.2419643259715416,2.245021978117846,2.22571485568211,2.2744924787151612,2.2154216530754183,2.1430404101203266,2.2351307097575797,2.5392357931726335,2.3091142374951197,1.9975056246697536,2.2066304222946087,2.2818113211803825,2.2297366811678865,2.192145711664812,2.1878465173421806,2.2086542662415614,2.2684620244241307,2.2245971596506013,2.2390357243465555,2.194357388876252,2.2878227328580376,2.3064051219462818,2.8720462606016515,2.2621963193939907
317,2.26,3.513448284586564,2.329179021661562,1.721070307045113,2.22566984038511,2.3229264833068486,2.345562876389665,2.2880986392539158,2.228287344277156,2.310633855428548,2.262434289825882,2.2233119418705076,2.2866928977655707,2.325007560837955,2.3284421012548657,2.3050882841754445,2.3583933310280827,2.2901817559411084,2.227656263490875,2.3174027371320216,2.659000150154506,2.397639368659894,2.0874143037050388,2.2744875930034363,2.3668992435940344,2.3096601891387527,2.275260485899508,2.2729774845873756,2.278575434625078,2.348417485710818,2.3037036149084242,2.320875285130823,2.272800830342495,2.372743236464571,2.3943580093643213,3.01171583049453,2.3451850645975383
318,2.49,4.17820581440163,2.5647246586406256,2.066325708537037,2.566660538095215,2.615643860470524,2.674041326817443,2.570232895380075,2.559685014254498,2.617706684687012,2.6097813463832047,2.548083343689278,2.5945384125840616,2.6433399611592048,2.6482192399467754,2.609353093399897,2.6800132648942827,2.576762150259589,2.5520170347446425,2.6327788420673834,3.118096851918351,2.7369857047915267,2.432064240006967,2.534606747387275,2.6930696128463665,2.616033636360406,2.593867120465843,2.5993128590272896,2.5466065800952276,2.6549134206431213,2.606945026730077,2.634593601470515,2.573500689296424,2.698271833622949,2.731510744466808,3.5471158484172314,2.6633085878778027
319,2.49,4.17820581440163,2.5647246586406256,2.066325708537037,2.566660538095215,2.615643860470524,2.674041326817443,2.570232895380075,2.559685014254498,2.617706684687012,2.6097813463832047,2.548083343689278,2.5945384125840616,2.6433399611592048,2.6482192399467754,2.609353093399897,2.6800132648942827,2.576762150259589,2.5520170347446425,2.6327788420673834,3.118096851918351,2.7369857047915267,2.432064240006967,2.534606747387275,2.6930696128463665,2.616033636360406,2.593867120465843,2.5993128590272896,2.5466065800952276,2.6549134206431213,2.606945026730077,2.634593601470515,2.573500689296424,2.698271833622949,2.731510744466808,3.5471158484172314,2.6633085878778027
320,2.37,3.831375798845944,2.441831282825462,1.886192455584729,2.388752347985595,2.4629217506459975,2.502661265724689,2.4230324139229484,2.3867818820924067,2.457494773769553,2.428556795135906,2.3786373949142674,2.433923361374414,2.477253491426379,2.4813789936727355,2.4506062364132264,2.5122115602684394,2.427241944528208,2.3827853280035463,2.468234787318499,2.8785681379546064,2.5599354424619793,2.2522468819363963,2.39889240596962,2.522893768019063,2.456186620418674,2.427637571996451,2.4290509245369,2.4067642433281935,2.495002498069746,2.448732116214432,2.47091447990198,2.4166138063639395,2.528430826409882,2.555604969630728,3.2677767086314744,2.497331097470708
321,2.6,4.496133328661008,2.677376919804525,2.231447857076652,2.7297430456956993,2.7556391278096726,2.8311397161524665,2.705166670049107,2.7181795520697483,2.7645676030280155,2.775903851693228,2.703408796733037,2.7417688761929044,2.7955858917476286,2.801156132364644,2.754871045637678,2.8338314941346385,2.713822338846688,2.7071460992573133,2.7836108922538605,3.337664839718451,2.8992817785936116,2.596896818238324,2.6590115603534583,2.8490641372713936,2.762560067640327,2.7462442065627846,2.755386298976813,2.6747953887983424,2.801498433002049,2.751973528036084,2.784632796241671,2.717313665317868,2.8539594235682593,2.892757704733213,3.8031767265541743,2.8154546207509723
322,2.67,4.698450837735158,2.74906472236337,2.336525587965497,2.8335228232596434,2.8447270252073125,2.931111418456572,2.7910336175657635,2.8190397124976343,2.8580245510631994,2.881618173254152,2.8022522668517924,2.8354609893985314,2.892469665758443,2.8984796093578327,2.8474733788799016,2.931715821833047,2.80104245885666,2.805864594856285,2.879594924190709,3.477389922863968,3.002561098285847,2.701790277112823,2.7381782595137567,2.9483333800873206,2.8558041602730033,2.8432114431699294,2.854705760762873,2.756370085245779,2.894779804503184,2.8442643925035433,2.8801122838233155,2.8088310136951504,2.953033344442548,2.995369406720926,3.9661245580958653,2.9122748234884432
323,2.74,4.9007683468093095,2.820752524922216,2.441603318854344,2.937302600823589,2.933814922604953,3.0310831207606785,2.876900565082421,2.9198998729255217,2.9514814990983846,2.987332494815077,2.9010957369705492,2.9291531026041597,2.9893534397692587,2.995803086351023,2.940075712122127,3.029600149531456,2.8882625788666325,2.904583090455258,2.975578956127559,3.6171150060094868,3.105840417978084,2.806683735987323,2.817344958674056,3.047602622903248,2.949048252905681,2.940178679777075,2.9540252225489345,2.837944781693216,2.9880611760043205,2.9365552569710034,2.975591771404962,2.9003483620724335,3.0521072653168373,3.0979811087086397,4.1290723896375585,3.0090950262259155
324,2.81,5.103085855883459,2.8924403274810606,2.54668104974319,3.0410823783875336,3.0229028200025927,3.1310548230647846,2.962767512599078,3.0207600333534077,3.0449384471335685,3.0930468163760003,2.9999392070893043,3.0228452158097863,3.0862372137800738,3.0931265633442124,3.0326780453643507,3.1274844772298644,2.9754826988766045,3.0033015860542305,3.0715629880644073,3.756840089155004,3.2091197376703193,2.911577194861823,2.8965116578343544,3.1468718657191745,3.0422923455383577,3.03714591638422,3.053344684334995,2.919519478140652,3.0813425475054554,3.0288461214384625,3.0710712589866063,2.9918657104497157,3.151181186191125,3.200592810696352,4.292020221179249,3.105915228963387
325,2.73,4.8718658455130015,2.810511410270952,2.426592214441651,2.9224769183144534,2.921088080119575,3.0168014490029487,2.8646338582943267,2.90549127857868,2.938130506521929,2.972230448877801,2.8869752412392975,2.915768515003355,2.975512900624856,2.9818997324948526,2.926846807373237,3.0156166741459685,2.8758025617223506,2.890480448226833,2.9618669515651512,3.5971542798458405,3.091086229450621,2.7916989561481085,2.8060354302225843,3.0334213025009715,2.9357276682438695,2.9263262174046254,2.939836728008068,2.8262912536292957,2.974735265789872,2.9233708477613654,2.961951844607583,2.8872744551613927,3.0379538480490806,3.0833222941389655,4.105794127988744,2.995263568691991
326,2.76,4.958573349401922,2.8412347542247423,2.4716255276797274,2.966953965841858,2.9592686075757064,3.059646464276137,2.9014339786586083,2.9487170616192024,2.9781834842512938,3.0175365866896255,2.9293367284330496,2.9559222778057666,3.017034518058062,3.023609794063362,2.9665335216199042,3.057567100302429,2.9131826131551954,2.932788374912107,3.0030029652523718,3.6570364583367763,3.1353487950330075,2.8366532956657506,2.8399640155769976,3.075965263707797,2.975689422229302,2.9678836045219725,2.9824022116306654,2.861251837821054,3.0147129964332153,2.9629240753902764,3.002871624999716,2.9264961758945134,3.080414099852347,3.127298737847985,4.175628912935183,3.0367579412937635
327,2.76,4.958573349401922,2.8412347542247423,2.4716255276797274,2.966953965841858,2.9592686075757064,3.059646464276137,2.9014339786586083,2.9487170616192024,2.9781834842512938,3.0175365866896255,2.9293367284330496,2.9559222778057666,3.017034518058062,3.023609794063362,2.9665335216199042,3.057567100302429,2.9131826131551954,2.932788374912107,3.0030029652523718,3.6570364583367763,3.1353487950330075,2.8366532956657506,2.8399640155769976,3.075965263707797,2.975689422229302,2.9678836045219725,2.9824022116306654,2.861251837821054,3.0147129964332153,2.9629240753902764,3.002871624999716,2.9264961758945134,3.080414099852347,3.127298737847985,4.175628912935183,3.0367579412937635
328,2.76,4.958573349401922,2.8412347542247423,2.4716255276797274,2.966953965841858,2.9592686075757064,3.059646464276137,2.9014339786586083,2.9487170616192024,2.9781834842512938,3.0175365866896255,2.9293367284330496,2.9559222778057666,3.017034518058062,3.023609794063362,2.9665335216199042,3.057567100302429,2.9131826131551954,2.932788374912107,3.0030029652523718,3.6570364583367763,3.1353487950330075,2.8366532956657506,2.8399640155769976,3.075965263707797,2.975689422229302,2.9678836045219725,2.9824022116306654,2.861251837821054,3.0147129964332153,2.9629240753902764,3.002871624999716,2.9264961758945134,3.080414099852347,3.127298737847985,4.175628912935183,3.0367579412937635
329,2.8266666666666667,5.151256691377305,2.909508851899833,2.5716995570976766,3.0657918492360916,3.044114224144887,3.1548576093276672,2.983212023912568,3.044774357264809,3.06719010142766,3.1182168929381247,3.023473366641389,3.0451528618111263,3.1093047790207438,3.116298819771162,3.0547262199458327,3.1507902695390086,2.996249394117074,3.0268059897682713,3.0944163290017523,3.7901079660944132,3.2337100518827566,2.9365518279271794,2.91536087192014,3.170507399722966,3.0644933199747095,3.0602333536716353,3.0769921752364375,2.9389420249138514,3.1035523978628685,3.0508201367878574,3.093804470315569,3.0136555553014492,3.1747702149707173,3.2250241683124745,4.330817323927271,3.1289676581865944
330,2.893333333333333,5.343940033352685,2.977782949574924,2.671773586515625,3.164629732630324,3.128959840714069,3.250068754379196,3.064990069166526,3.140831652910415,3.1561967186040256,3.2188971991866233,3.1176100048497277,3.1343834458164856,3.2015750399834246,3.208987845478961,3.1429189182717603,3.244013438775588,3.0793161750789517,3.1208236046244355,3.185829692751132,3.9231794738520485,3.332071308732505,3.0364503601886073,2.990757728263281,3.265049535738134,3.153297217720116,3.1525831028212967,3.1715821388422096,3.0166322120066478,3.1923917992925213,3.1387161981854375,3.1847373156314216,3.100814934708385,3.269126330089088,3.322749598776962,4.486005734919358,3.2211773750794244
331,2.96,5.536623375328067,3.046057047250015,2.771847615933574,3.263467616024558,3.21380545728325,3.345279899430726,3.1467681144204853,3.2368889485560217,3.245203335780392,3.319577505435123,3.2117466430580675,3.2236140298218454,3.2938453009461055,3.3016768711867615,3.2311116165976888,3.337236608012168,3.1623829560408305,3.2148412194806,3.2772430565005126,4.0562509816096854,3.430432565582253,3.1363488924500365,3.066154584606423,3.359591671753303,3.242101115465523,3.2449328519709595,3.2661721024479817,3.094322399099445,3.2812312007221744,3.2266122595830176,3.275670160947274,3.187974314115321,3.363482445207458,3.420475029241451,4.641194145911445,3.313387091972254
332,3.02,5.71003838310591,3.1075037351575965,2.861914242409728,3.352421711079368,3.290166512195513,3.4309699299771026,3.2203683551490485,3.323340514637067,3.3253092912391216,3.410189781058773,3.296469617445572,3.3039215554266685,3.3768885358125185,3.3850969943237805,3.3104850450910237,3.4211374603250895,3.237143058906521,3.2994570728511476,3.359515083874955,4.176015338591558,3.518957696747027,3.226257571485322,3.13401175531525,3.4446795941669546,3.3220246234363886,3.328047626205655,3.3513030696931763,3.164243567482962,3.361186662008862,3.30571871484084,3.3575097217315415,3.266417755581563,3.448402948813991,3.5084279166594907,4.7808637158043235,3.396375837175801
333,3.32,6.577113421995125,3.4147371746955044,3.312247374790496,3.797192186353416,3.671971786756828,3.8594200827089855,3.5883695587918636,3.7555983450422947,3.7258390685327685,3.863251159177019,3.7200844893830975,3.7054591834507855,3.7921047101445833,3.8021976100088777,3.7073521875576994,3.840641721889697,3.6109435732349726,3.722536339703887,3.7708752207471647,4.77483712350092,3.9615833525708952,3.6758009666617486,3.473297608859387,3.870119206235212,3.7216421632907184,3.743621497379134,3.7769579059191507,3.5138494094005477,3.7609639684423,3.701250991129952,3.766707525652878,3.6586349629127737,3.8730054668466565,3.948192353749689,5.479211565268715,3.8113195631935364
334,3.32,6.577113421995125,3.4147371746955044,3.312247374790496,3.797192186353416,3.671971786756828,3.8594200827089855,3.5883695587918636,3.7555983450422947,3.7258390685327685,3.863251159177019,3.7200844893830975,3.7054591834507855,3.7921047101445833,3.8021976100088777,3.7073521875576994,3.840641721889697,3.6109435732349726,3.722536339703887,3.7708752207471647,4.77483712350092,3.9615833525708952,3.6758009666617486,3.473297608859387,3.870119206235212,3.7216421632907184,3.743621497379134,3.7769579059191507,3.5138494094005477,3.7609639684423,3.701250991129952,3.766707525652878,3.6586349629127737,3.8730054668466565,3.948192353749689,5.479211565268715,3.8113195631935364
335,3.44,6.92394343755081,3.537630550510668,3.492380627742804,3.9751003764630357,3.824693896581354,4.030800143801739,3.73557004024899,3.928501477204386,3.886050979450227,4.044475710424317,3.889530438158107,3.8660742346604335,3.958191179877409,3.9690378562829176,3.8660990445443697,4.00844342651554,3.760463778966354,3.8917680464449838,3.935419275496049,5.0143658374646645,4.138633614900442,3.85561832473232,3.609011950277042,4.040295051062515,3.8814891792324504,3.9098510458485256,3.9472198404095398,3.653691746167582,3.920874891015676,3.8594639016455963,3.930386647221411,3.815521845845259,4.042846474059723,4.124098128585769,5.758550705054472,3.977297053600631
336,3.44,6.92394343755081,3.537630550510668,3.492380627742804,3.9751003764630357,3.824693896581354,4.030800143801739,3.73557004024899,3.928501477204386,3.886050979450227,4.044475710424317,3.889530438158107,3.8660742346604335,3.958191179877409,3.9690378562829176,3.8660990445443697,4.00844342651554,3.760463778966354,3.8917680464449838,3.935419275496049,5.0143658374646645,4.138633614900442,3.85561832473232,3.609011950277042,4.040295051062515,3.8814891792324504,3.9098510458485256,3.9472198404095398,3.653691746167582,3.920874891015676,3.8594639016455963,3.930386647221411,3.815521845845259,4.042846474059723,4.124098128585769,5.758550705054472,3.977297053600631
337,3.44,6.92394343755081,3.537630550510668,3.492380627742804,3.9751003764630357,3.824693896581354,4.030800143801739,3.73557004024899,3.928501477204386,3.886050979450227,4.044475710424317,3.889530438158107,3.8660742346604335,3.958191179877409,3.9690378562829176,3.8660990445443697,4.00844342651554,3.760463778966354,3.8917680464449838,3.935419275496049,5.0143658374646645,4.138633614900442,3.85561832473232,3.609011950277042,4.040295051062515,3.8814891792324504,3.9098510458485256,3.9472198404095398,3.653691746167582,3.920874891015676,3.8594639016455963,3.930386647221411,3.815521845845259,4.042846474059723,4.124098128585769,5.758550705054472,3.977297053600631
338,3.44,6.92394343755081,3.537630550510668,3.492380627742804,3.9751003764630357,3.824693896581354,4.030800143801739,3.73557004024899,3.928501477204386,3.886050979450227,4.044475710424317,3.889530438158107,3.8660742346604335,3.958191179877409,3.9690378562829176,3.8660990445443697,4.00844342651554,3.760463778966354,3.8917680464449838,3.935419275496049,5.0143658374646645,4.138633614900442,3.85561832473232,3.609011950277042,4.040295051062515,3.8814891792324504,3.9098510458485256,3.9472198404095398,3.653691746167582,3.920874891015676,3.8594639016455963,3.930386647221411,3.815521845845259,4.042846474059723,4.124098128585769,5.758550705054472,3.977297053600631
339,3.75,7.819920977736333,3.85510510469984,3.957724864536265,4.4346965342462195,4.219226013628046,4.4735319682913515,4.115837950679899,4.3751679019564556,4.299931749320329,4.512639134479838,4.327265805826884,4.280996450285355,4.387247893353876,4.400041825824186,4.276195091759934,4.441931163465636,4.146724310439088,4.328949955526148,4.3604914169306666,5.633148348537673,4.596013459251774,4.3201464997479615,3.9596073322726504,4.479915983533048,4.294427303748591,4.339277379394455,4.387063171176379,4.014951116149087,4.333978107663562,4.268180587144345,4.353224377940125,4.22081296008751,4.4816024093601445,4.57852138024564,6.480176816167678,4.406072237152291
340,3.8,7.964433484217868,3.906310677956157,4.032780386599727,4.508824946791894,4.282860226054931,4.544940327079998,4.177171484620368,4.44721087369066,4.366686712202604,4.588149364166212,4.397868284483138,4.347919388289374,4.456450589075886,4.469558595105035,4.342339615504381,4.5118485403930695,4.209024396160496,4.39946316666827,4.4290514397427,5.732951979355899,4.669784401889084,4.395070398944032,4.016154974530006,4.550822585544424,4.361030227057647,4.4085396912567,4.458005643880709,4.073218756468684,4.400607658735801,4.334102633192529,4.421424011927015,4.286182494642712,4.552369495698922,4.651815453094005,6.596568124411742,4.475229524821913
341,3.68,7.617603468662183,3.7834173021409945,3.852647133647419,4.330916756682275,4.130138116230405,4.373560265987245,4.029971003163243,4.2743077415285695,4.206474801285145,4.4069248129189145,4.228422335708128,4.187304337079727,4.29036411934306,4.302718348830996,4.18359275851771,4.344046835767227,4.059504190429116,4.230231459927175,4.264507384993817,5.493423265392154,4.492734139559537,4.215253040873461,3.880440633112352,4.380646740717121,4.201183211115914,4.242310142787309,4.28774370939032,3.9333764197016503,4.240696736162426,4.175889722676885,4.257744890358481,4.129295611710227,4.382528488485856,4.475909678257926,6.317228984625985,4.309252034414819
342,3.75,7.819920977736333,3.85510510469984,3.957724864536265,4.4346965342462195,4.219226013628046,4.4735319682913515,4.115837950679899,4.3751679019564556,4.299931749320329,4.512639134479838,4.327265805826884,4.280996450285355,4.387247893353876,4.400041825824186,4.276195091759934,4.441931163465636,4.146724310439088,4.328949955526148,4.3604914169306666,5.633148348537673,4.596013459251774,4.3201464997479615,3.9596073322726504,4.479915983533048,4.294427303748591,4.339277379394455,4.387063171176379,4.014951116149087,4.333978107663562,4.268180587144345,4.353224377940125,4.22081296008751,4.4816024093601445,4.57852138024564,6.480176816167678,4.406072237152291
343,3.7,7.675408471254797,3.803899531443522,3.882669342472804,4.360568121700545,4.15559180120116,4.402123609502704,4.05450441673943,4.303124930222251,4.2331767864380545,4.437128904793464,4.25666332717063,4.2140735122813355,4.318045197631865,4.330525056543336,4.210050568015489,4.372013786538201,4.084424224717679,4.258436744384024,4.291931394118631,5.533344717719445,4.522242516614462,4.24522260055189,3.903059690015294,4.409009381521672,4.227824380439536,4.270015067532208,4.3161206984720515,3.9566834758294895,4.2673485565913225,4.2022585410961595,4.285024743953237,4.155443425532309,4.410835323021367,4.5052273073972735,6.363785507923612,4.336914949482669
344,3.65,7.5308959647732605,3.752693958187204,3.8076138204093417,4.28643970915487,4.0919575887742745,4.330715250714057,3.9931708827989607,4.231081958488046,4.16642182355578,4.361618675107089,4.186060848514375,4.147150574277315,4.248842501909854,4.261008287262486,4.143906044271043,4.3020964096107654,4.02212413899627,4.1879235332419,4.223371371306596,5.433541086901218,4.44847157397715,4.170298701355818,3.8465120477579378,4.3381027795102955,4.161221457130481,4.200752755669961,4.245178225767722,3.8984158355098915,4.200719005519082,4.136336495047974,4.216825109966347,4.090073890977107,4.340068236682589,4.431933234548906,6.247394199679546,4.267757661813046
345,3.6,7.386383458291726,3.7014883849308857,3.732558298345881,4.212311296609196,4.028323376347389,4.2593068919254105,3.9318373488584912,4.159038986753842,4.099666860673506,4.286108445420715,4.115458369858121,4.080227636273296,4.1796398061878435,4.191491517981636,4.077761520526597,4.232179032683332,3.9598240532748616,4.1174103220997775,4.154811348494562,5.333737456082991,4.374700631339839,4.095374802159748,3.789964405500582,4.26719617749892,4.094618533821427,4.131490443807715,4.174235753063393,3.8401481951902943,4.134089454446842,4.07041444899979,4.1486254759794585,4.024704356421905,4.269301150343812,4.358639161700541,6.131002891435482,4.198600374143423
346,3.65,7.5308959647732605,3.752693958187204,3.8076138204093417,4.28643970915487,4.0919575887742745,4.330715250714057,3.9931708827989607,4.231081958488046,4.16642182355578,4.361618675107089,4.186060848514375,4.147150574277315,4.248842501909854,4.261008287262486,4.143906044271043,4.3020964096107654,4.02212413899627,4.1879235332419,4.223371371306596,5.433541086901218,4.44847157397715,4.170298701355818,3.8465120477579378,4.3381027795102955,4.161221457130481,4.200752755669961,4.245178225767722,3.8984158355098915,4.200719005519082,4.136336495047974,4.216825109966347,4.090073890977107,4.340068236682589,4.431933234548906,6.247394199679546,4.267757661813046
347,3.55,7.241870951810189,3.650282811674568,3.6575027762824193,4.138182884063521,3.9646891639205024,4.187898533136763,3.870503814918022,4.086996015019637,4.032911897791231,4.210598215734342,4.044855891201867,4.013304698269276,4.110437110465833,4.1219747487007865,4.01161699678215,4.162261655755897,3.8975239675534525,4.046897110957655,4.086251325682526,5.2339338252647645,4.300929688702528,4.020450902963677,3.7334167632432256,4.196289575487542,4.028015610512371,4.062228131945468,4.103293280359064,3.7818805548706966,4.067459903374603,4.0044924029516045,4.080425841992568,3.959334821866703,4.198534064005034,4.285345088852174,6.0146115831914155,4.129443086473801
348,3.56,7.270773453106497,3.660523926325831,3.672513880695112,4.153008566572655,3.9774160064058797,4.202180204894492,3.8827705217061164,4.101404609366478,4.046262890367686,4.225700261671616,4.058976386933118,4.026689285870081,4.124277649610235,4.135878102556957,4.02484590153104,4.176245131141384,3.909983984697735,4.060999753186079,4.0999633302449325,5.25389455142841,4.31568387722999,4.03543568280289,3.744726291694697,4.210470895889818,4.041336195174183,4.076080594317918,4.117481774899931,3.793534082934616,4.080785813589052,4.017676812161241,4.094065768789947,3.9724087287777436,4.2126874812727895,4.300003903421848,6.03788984484023,4.143274544007726
349,3.51,7.126260946624961,3.6093183530695128,3.5974583586316498,4.07888015402698,3.9137817939789934,4.130771846105844,3.8214369877656464,4.029361637632273,3.979507927485411,4.1501900319852405,3.9883739082768637,3.95976634786606,4.055074953888224,4.066361333276107,3.9587013777865936,4.1063277542139485,3.8476838989763253,3.9904865420439553,4.031403307432898,5.154090920610182,4.241912934592678,3.960511783606819,3.68817864943734,4.139564293878442,3.974733271865127,4.00681828245567,4.0465393021956,3.7352664426150186,4.014156262516811,3.951754766113056,4.025866134803056,3.9070391942225413,4.1419203949340115,4.226709830573482,5.921498536596164,4.074117256338102
350,3.523333333333333,7.164797615020036,3.622973172604531,3.61747316451524,4.098647730705827,3.93075091729283,4.149814075116151,3.8377925968164384,4.048573096761394,3.9973092509206847,4.170326093234941,4.007201235918531,3.977612464667132,4.07352900608076,4.084899138417667,3.9763399174517793,4.1249723880612645,3.8642972551687014,4.009290065015188,4.049685980182773,5.180705222161709,4.261585185962628,3.980491490059105,3.703258020705969,4.158472721081475,3.9924940514142087,4.025288232285604,4.065457294916755,3.750804480033578,4.031924142802741,3.969333978392571,4.044052703866227,3.9244710701039285,4.160791617957685,4.246254916666379,5.952536218794579,4.092559199716669
351,3.536666666666666,7.203334283415113,3.6366279921395495,3.637487970398829,4.118415307384673,3.947720040606666,4.168856304126456,3.85414820586723,4.0677845558905155,4.015110574355957,4.19046215448464,4.026028563560199,3.9954585814682044,4.091983058273296,4.103436943559227,3.9939784571169645,4.14361702190858,3.8809106113610765,4.028093587986421,4.06796865293265,5.207319523713236,4.281257437332577,4.0004711965113895,3.718337391974597,4.17738114828451,4.01025483096329,4.0437581821155355,4.084375287637909,3.7663425174521366,4.049692023088673,3.9869131906720883,4.062239272929397,3.9419029459853157,4.17966284098136,4.265800002759276,5.983573900992998,4.111001143095234
352,3.55,7.241870951810189,3.650282811674568,3.6575027762824193,4.138182884063521,3.9646891639205024,4.187898533136763,3.870503814918022,4.086996015019637,4.032911897791231,4.210598215734342,4.044855891201867,4.013304698269276,4.110437110465833,4.1219747487007865,4.01161699678215,4.162261655755897,3.8975239675534525,4.046897110957655,4.086251325682526,5.2339338252647645,4.300929688702528,4.020450902963677,3.7334167632432256,4.196289575487542,4.028015610512371,4.062228131945468,4.103293280359064,3.7818805548706966,4.067459903374603,4.0044924029516045,4.080425841992568,3.959334821866703,4.198534064005034,4.285345088852174,6.0146115831914155,4.129443086473801
353,3.39,6.779430931069276,3.48642497725435,3.417325105679343,3.9009719639173612,3.7610596841544686,3.959391785013092,3.674236506308521,3.856458505470182,3.819296016567953,3.9689654807379435,3.8189279595018535,3.7991512966564134,3.8889884841553988,3.8995210870020687,3.7999545207999237,3.9385260495881056,3.6981636932449455,3.82125483530286,3.866859252684014,4.914562206646438,4.064862672263131,3.780694425536249,3.552464308019686,3.9693884490511393,3.814886255923396,3.8405887339862796,3.876277367705212,3.5954241058479846,3.8542453399434358,3.7935418555974114,3.8621870132345233,3.7501523112900568,3.972079387720946,4.0508040557374025,5.642159396810408,3.9081397659310086
354,3.5,7.097358445328653,3.599077238418249,3.5824472542189576,4.064054471517846,3.901054951493616,4.116490174348115,3.8091702809775527,4.0149530432854315,3.9661569349089563,4.1350879860479655,3.9742534125456124,3.946381760265256,4.041234414743822,4.052457979419937,3.9454724730377047,4.092344278828461,3.835223881832044,3.9763838998155308,4.017691302870491,5.134130194446536,4.227158746065216,3.9455270037676047,3.6768691209858693,4.1253829734761664,3.961412687203316,3.9929658200832208,4.032350807654735,3.723612914551099,4.000830352302362,3.9385703569034183,4.0122262080056785,3.8939652873115005,4.127766977666256,4.212051016003807,5.8982202749473505,4.060285798804178
355,3.5,7.097358445328653,3.599077238418249,3.5824472542189576,4.064054471517846,3.901054951493616,4.116490174348115,3.8091702809775527,4.0149530432854315,3.9661569349089563,4.1350879860479655,3.9742534125456124,3.946381760265256,4.041234414743822,4.052457979419937,3.9454724730377047,4.092344278828461,3.835223881832044,3.9763838998155308,4.017691302870491,5.134130194446536,4.227158746065216,3.9455270037676047,3.6768691209858693,4.1253829734761664,3.961412687203316,3.9929658200832208,4.032350807654735,3.723612914551099,4.000830352302362,3.9385703569034183,4.0122262080056785,3.8939652873115005,4.127766977666256,4.212051016003807,5.8982202749473505,4.060285798804178
356,3.6,7.386383458291726,3.7014883849308857,3.732558298345881,4.212311296609196,4.028323376347389,4.2593068919254105,3.9318373488584912,4.159038986753842,4.099666860673506,4.286108445420715,4.115458369858121,4.080227636273296,4.1796398061878435,4.191491517981636,4.077761520526597,4.232179032683332,3.9598240532748616,4.1174103220997775,4.154811348494562,5.333737456082991,4.374700631339839,4.095374802159748,3.789964405500582,4.26719617749892,4.094618533821427,4.131490443807715,4.174235753063393,3.8401481951902943,4.134089454446842,4.07041444899979,4.1486254759794585,4.024704356421905,4.269301150343812,4.358639161700541,6.131002891435482,4.198600374143423
357,3.6,7.386383458291726,3.7014883849308857,3.732558298345881,4.212311296609196,4.028323376347389,4.2593068919254105,3.9318373488584912,4.159038986753842,4.099666860673506,4.286108445420715,4.115458369858121,4.080227636273296,4.1796398061878435,4.191491517981636,4.077761520526597,4.232179032683332,3.9598240532748616,4.1174103220997775,4.154811348494562,5.333737456082991,4.374700631339839,4.095374802159748,3.789964405500582,4.26719617749892,4.094618533821427,4.131490443807715,4.174235753063393,3.8401481951902943,4.134089454446842,4.07041444899979,4.1486254759794585,4.024704356421905,4.269301150343812,4.358639161700541,6.131002891435482,4.198600374143423
358,3.6,7.386383458291726,3.7014883849308857,3.732558298345881,4.212311296609196,4.028323376347389,4.2593068919254105,3.9318373488584912,4.159038986753842,4.099666860673506,4.286108445420715,4.115458369858121,4.080227636273296,4.1796398061878435,4.191491517981636,4.077761520526597,4.232179032683332,3.9598240532748616,4.1174103220997775,4.154811348494562,5.333737456082991,4.374700631339839,4.095374802159748,3.789964405500582,4.26719617749892,4.094618533821427,4.131490443807715,4.174235753063393,3.8401481951902943,4.134089454446842,4.07041444899979,4.1486254759794585,4.024704356421905,4.269301150343812,4.358639161700541,6.131002891435482,4.198600374143423
359,3.6,7.386383458291726,3.7014883849308857,3.732558298345881,4.212311296609196,4.028323376347389,4.2593068919254105,3.9318373488584912,4.159038986753842,4.099666860673506,4.286108445420715,4.115458369858121,4.080227636273296,4.1796398061878435,4.191491517981636,4.077761520526597,4.232179032683332,3.9598240532748616,4.1174103220997775,4.154811348494562,5.333737456082991,4.374700631339839,4.095374802159748,3.789964405500582,4.26719617749892,4.094618533821427,4.131490443807715,4.174235753063393,3.8401481951902943,4.134089454446842,4.07041444899979,4.1486254759794585,4.024704356421905,4.269301150343812,4.358639161700541,6.131002891435482,4.198600374143423
360,3.7,7.675408471254797,3.803899531443522,3.882669342472804,4.360568121700545,4.15559180120116,4.402123609502704,4.05450441673943,4.303124930222251,4.2331767864380545,4.437128904793464,4.25666332717063,4.2140735122813355,4.318045197631865,4.330525056543336,4.210050568015489,4.372013786538201,4.084424224717679,4.258436744384024,4.291931394118631,5.533344717719445,4.522242516614462,4.24522260055189,3.903059690015294,4.409009381521672,4.227824380439536,4.270015067532208,4.3161206984720515,3.9566834758294895,4.2673485565913225,4.2022585410961595,4.285024743953237,4.155443425532309,4.410835323021367,4.5052273073972735,6.363785507923612,4.336914949482669
361,3.7,7.675408471254797,3.803899531443522,3.882669342472804,4.360568121700545,4.15559180120116,4.402123609502704,4.05450441673943,4.303124930222251,4.2331767864380545,4.437128904793464,4.25666332717063,4.2140735122813355,4.318045197631865,4.330525056543336,4.210050568015489,4.372013786538201,4.084424224717679,4.258436744384024,4.291931394118631,5.533344717719445,4.522242516614462,4.24522260055189,3.903059690015294,4.409009381521672,4.227824380439536,4.270015067532208,4.3161206984720515,3.9566834758294895,4.2673485565913225,4.2022585410961595,4.285024743953237,4.155443425532309,4.410835323021367,4.5052273073972735,6.363785507923612,4.336914949482669
362,3.71,7.704310972551103,3.814140646094785,3.897680446885496,4.37539380420968,4.168318643686536,4.416405281260434,4.0667711235275235,4.317533524569091,4.246527779014509,4.452230950730739,4.270783822901881,4.2274580998821385,4.331885736776266,4.344428410399505,4.2232794727643785,4.385997261923687,4.096884241861961,4.272539386612449,4.305643398681038,5.55330544388309,4.536996705141924,4.260207380391104,3.9143692184667653,4.4231907019239465,4.2411449651013475,4.283867529904657,4.3303091930129165,3.968337003893409,4.2806744668057695,4.215442950305796,4.298664670750615,4.168517332443349,4.4249887402891215,4.519886121966946,6.387063769572424,4.350746407016593
363,3.71,7.704310972551103,3.814140646094785,3.897680446885496,4.37539380420968,4.168318643686536,4.416405281260434,4.0667711235275235,4.317533524569091,4.246527779014509,4.452230950730739,4.270783822901881,4.2274580998821385,4.331885736776266,4.344428410399505,4.2232794727643785,4.385997261923687,4.096884241861961,4.272539386612449,4.305643398681038,5.55330544388309,4.536996705141924,4.260207380391104,3.9143692184667653,4.4231907019239465,4.2411449651013475,4.283867529904657,4.3303091930129165,3.968337003893409,4.2806744668057695,4.215442950305796,4.298664670750615,4.168517332443349,4.4249887402891215,4.519886121966946,6.387063769572424,4.350746407016593
364,3.71,7.704310972551103,3.814140646094785,3.897680446885496,4.37539380420968,4.168318643686536,4.416405281260434,4.0667711235275235,4.317533524569091,4.246527779014509,4.452230950730739,4.270783822901881,4.2274580998821385,4.331885736776266,4.344428410399505,4.2232794727643785,4.385997261923687,4.096884241861961,4.272539386612449,4.305643398681038,5.55330544388309,4.536996705141924,4.260207380391104,3.9143692184667653,4.4231907019239465,4.2411449651013475,4.283867529904657,4.3303091930129165,3.968337003893409,4.2806744668057695,4.215442950305796,4.298664670750615,4.168517332443349,4.4249887402891215,4.519886121966946,6.387063769572424,4.350746407016593
